ocel_id;ocel_type
place_o1;place order
pick_i3;pick item
pick_i2;pick item
pick_i1;pick item
ship_o1;ship order
place_o2;place order
pick_i6;pick item
pick_i5;pick item
pick_i4;pick item
pick_i7;pick item
ship_o2;ship order
place_o3;place order
pick_i8;pick item
pick_i10;pick item
pick_i9;pick item
pick_i13;pick item
pick_i11;pick item
pick_i12;pick item
ship_o3;ship order
place_o4;place order
pick_i14;pick item
pick_i15;pick item
ship_o4;ship order
place_o5;place order
pick_i16;pick item
pick_i18;pick item
pick_i17;pick item
ship_o5;ship order
place_o6;place order
pick_i20;pick item
pick_i19;pick item
pick_i21;pick item
ship_o6;ship order
place_o7;place order
pick_i24;pick item
pick_i22;pick item
pick_i23;pick item
ship_o7;ship order
place_o8;place order
pick_i27;pick item
pick_i25;pick item
pick_i26;pick item
ship_o8;ship order
place_o9;place order
pick_i28;pick item
pick_i29;pick item
ship_o9;ship order
place_o10;place order
pick_i31;pick item
pick_i32;pick item
pick_i30;pick item
ship_o10;ship order
place_o11;place order
pick_i33;pick item
pick_i34;pick item
ship_o11;ship order
place_o12;place order
pick_i35;pick item
pick_i36;pick item
ship_o12;ship order
place_o13;place order
pick_i38;pick item
pick_i37;pick item
ship_o13;ship order
place_o14;place order
pick_i40;pick item
pick_i39;pick item
place_o15;place order
ship_o14;ship order
pick_i42;pick item
pick_i43;pick item
pick_i41;pick item
ship_o15;ship order
place_o16;place order
pick_i45;pick item
pick_i44;pick item
pick_i46;pick item
pick_i47;pick item
ship_o16;ship order
place_o17;place order
pick_i48;pick item
ship_o17;ship order
place_o18;place order
pick_i49;pick item
pick_i50;pick item
ship_o18;ship order
place_o19;place order
pick_i51;pick item
pick_i52;pick item
ship_o19;ship order
place_o20;place order
pick_i54;pick item
pick_i53;pick item
pick_i55;pick item
ship_o20;ship order
place_o21;place order
pick_i57;pick item
pick_i56;pick item
ship_o21;ship order
place_o22;place order
pick_i59;pick item
pick_i58;pick item
pick_i61;pick item
pick_i60;pick item
ship_o22;ship order
place_o23;place order
pick_i64;pick item
pick_i62;pick item
pick_i63;pick item
ship_o23;ship order
place_o24;place order
pick_i66;pick item
pick_i65;pick item
pick_i67;pick item
place_o25;place order
ship_o24;ship order
pick_i68;pick item
pick_i69;pick item
pick_i70;pick item
pick_i71;pick item
ship_o25;ship order
place_o26;place order
pick_i73;pick item
pick_i74;pick item
pick_i75;pick item
pick_i72;pick item
ship_o26;ship order
place_o27;place order
pick_i76;pick item
pick_i79;pick item
pick_i78;pick item
pick_i77;pick item
ship_o27;ship order
place_o28;place order
pick_i81;pick item
place_o29;place order
pick_i80;pick item
pick_i84;pick item
pick_i82;pick item
pick_i83;pick item
ship_o28;ship order
pick_i89;pick item
pick_i87;pick item
pick_i85;pick item
pick_i86;pick item
pick_i88;pick item
ship_o29;ship order
place_o30;place order
pick_i91;pick item
pick_i90;pick item
ship_o30;ship order
place_o31;place order
pick_i95;pick item
pick_i93;pick item
pick_i92;pick item
place_o32;place order
pick_i97;pick item
pick_i98;pick item
pick_i96;pick item
ship_o32;ship order
pick_i94;pick item
ship_o31;ship order
place_o33;place order
pick_i103;pick item
pick_i102;pick item
pick_i99;pick item
pick_i100;pick item
pick_i101;pick item
ship_o33;ship order
place_o34;place order
pick_i104;pick item
ship_o34;ship order
place_o35;place order
pick_i107;pick item
pick_i105;pick item
place_o36;place order
pick_i106;pick item
ship_o35;ship order
pick_i108;pick item
pick_i109;pick item
pick_i111;pick item
pick_i110;pick item
pick_i112;pick item
ship_o36;ship order
place_o37;place order
pick_i113;pick item
ship_o37;ship order
place_o38;place order
pick_i114;pick item
ship_o38;ship order
place_o39;place order
pick_i116;pick item
pick_i119;pick item
pick_i117;pick item
pick_i115;pick item
pick_i118;pick item
ship_o39;ship order
place_o40;place order
pick_i121;pick item
pick_i120;pick item
ship_o40;ship order
place_o41;place order
pick_i122;pick item
pick_i124;pick item
pick_i123;pick item
ship_o41;ship order
place_o42;place order
pick_i126;pick item
pick_i127;pick item
pick_i125;pick item
ship_o42;ship order
place_o43;place order
pick_i129;pick item
pick_i128;pick item
pick_i130;pick item
ship_o43;ship order
place_o44;place order
pick_i133;pick item
pick_i134;pick item
pick_i131;pick item
pick_i132;pick item
ship_o44;ship order
place_o45;place order
pick_i135;pick item
pick_i136;pick item
ship_o45;ship order
place_o46;place order
pick_i139;pick item
pick_i140;pick item
pick_i138;pick item
pick_i137;pick item
ship_o46;ship order
place_o47;place order
pick_i143;pick item
pick_i142;pick item
pick_i141;pick item
ship_o47;ship order
place_o48;place order
pick_i146;pick item
pick_i145;pick item
pick_i144;pick item
pick_i147;pick item
ship_o48;ship order
place_o49;place order
pick_i148;pick item
ship_o49;ship order
place_o50;place order
pick_i150;pick item
pick_i151;pick item
pick_i149;pick item
ship_o50;ship order
place_o51;place order
pick_i152;pick item
ship_o51;ship order
place_o52;place order
pick_i155;pick item
pick_i154;pick item
pick_i153;pick item
ship_o52;ship order
place_o53;place order
pick_i158;pick item
pick_i161;pick item
pick_i159;pick item
pick_i157;pick item
place_o54;place order
pick_i156;pick item
pick_i160;pick item
pick_i162;pick item
ship_o53;ship order
pick_i163;pick item
ship_o54;ship order
place_o55;place order
pick_i166;pick item
pick_i164;pick item
pick_i167;pick item
pick_i165;pick item
ship_o55;ship order
place_o56;place order
pick_i168;pick item
pick_i169;pick item
pick_i170;pick item
place_o57;place order
ship_o56;ship order
pick_i172;pick item
pick_i173;pick item
pick_i177;pick item
pick_i176;pick item
pick_i174;pick item
pick_i175;pick item
pick_i171;pick item
place_o58;place order
ship_o57;ship order
pick_i178;pick item
pick_i179;pick item
ship_o58;ship order
place_o59;place order
pick_i180;pick item
pick_i182;pick item
pick_i181;pick item
ship_o59;ship order
place_o60;place order
pick_i185;pick item
pick_i183;pick item
pick_i186;pick item
pick_i184;pick item
ship_o60;ship order
place_o61;place order
pick_i189;pick item
pick_i187;pick item
pick_i188;pick item
place_o62;place order
pick_i191;pick item
ship_o61;ship order
pick_i192;pick item
pick_i190;pick item
place_o63;place order
ship_o62;ship order
pick_i193;pick item
pick_i195;pick item
pick_i194;pick item
ship_o63;ship order
place_o64;place order
pick_i197;pick item
pick_i196;pick item
ship_o64;ship order
place_o65;place order
pick_i199;pick item
pick_i198;pick item
place_o66;place order
ship_o65;ship order
pick_i201;pick item
pick_i202;pick item
pick_i204;pick item
pick_i200;pick item
pick_i205;pick item
pick_i203;pick item
ship_o66;ship order
place_o67;place order
pick_i206;pick item
pick_i209;pick item
pick_i207;pick item
pick_i208;pick item
ship_o67;ship order
place_o68;place order
pick_i211;pick item
pick_i210;pick item
ship_o68;ship order
place_o69;place order
pick_i212;pick item
pick_i213;pick item
pick_i215;pick item
pick_i214;pick item
ship_o69;ship order
place_o70;place order
pick_i216;pick item
pick_i217;pick item
pick_i218;pick item
pick_i219;pick item
ship_o70;ship order
place_o71;place order
pick_i221;pick item
pick_i224;pick item
pick_i222;pick item
pick_i223;pick item
pick_i220;pick item
ship_o71;ship order
place_o72;place order
pick_i228;pick item
pick_i227;pick item
pick_i226;pick item
pick_i225;pick item
ship_o72;ship order
place_o73;place order
pick_i230;pick item
pick_i229;pick item
ship_o73;ship order
place_o74;place order
pick_i232;pick item
pick_i231;pick item
pick_i235;pick item
pick_i233;pick item
pick_i234;pick item
place_o75;place order
ship_o74;ship order
pick_i237;pick item
pick_i239;pick item
pick_i236;pick item
pick_i238;pick item
ship_o75;ship order
place_o76;place order
pick_i242;pick item
pick_i241;pick item
pick_i243;pick item
pick_i244;pick item
pick_i240;pick item
ship_o76;ship order
place_o77;place order
pick_i245;pick item
pick_i247;pick item
pick_i246;pick item
ship_o77;ship order
place_o78;place order
pick_i252;pick item
pick_i250;pick item
pick_i248;pick item
pick_i249;pick item
pick_i251;pick item
ship_o78;ship order
place_o79;place order
pick_i255;pick item
pick_i254;pick item
pick_i256;pick item
place_o80;place order
pick_i253;pick item
ship_o79;ship order
pick_i257;pick item
pick_i258;pick item
pick_i259;pick item
ship_o80;ship order
place_o81;place order
pick_i260;pick item
pick_i261;pick item
ship_o81;ship order
place_o82;place order
pick_i262;pick item
pick_i263;pick item
ship_o82;ship order
place_o83;place order
pick_i265;pick item
pick_i264;pick item
ship_o83;ship order
place_o84;place order
pick_i268;pick item
pick_i267;pick item
pick_i266;pick item
pick_i270;pick item
place_o85;place order
pick_i269;pick item
ship_o84;ship order
pick_i272;pick item
pick_i273;pick item
pick_i271;pick item
ship_o85;ship order
place_o86;place order
pick_i277;pick item
pick_i275;pick item
pick_i278;pick item
pick_i274;pick item
pick_i276;pick item
ship_o86;ship order
place_o87;place order
pick_i280;pick item
pick_i279;pick item
ship_o87;ship order
place_o88;place order
pick_i282;pick item
place_o89;place order
pick_i281;pick item
pick_i283;pick item
pick_i285;pick item
pick_i284;pick item
ship_o88;ship order
pick_i289;pick item
pick_i286;pick item
pick_i288;pick item
pick_i287;pick item
ship_o89;ship order
place_o90;place order
pick_i292;pick item
pick_i291;pick item
pick_i290;pick item
pick_i293;pick item
ship_o90;ship order
place_o91;place order
pick_i294;pick item
pick_i295;pick item
ship_o91;ship order
place_o92;place order
pick_i299;pick item
pick_i296;pick item
pick_i297;pick item
pick_i298;pick item
ship_o92;ship order
place_o93;place order
pick_i300;pick item
ship_o93;ship order
place_o94;place order
pick_i302;pick item
pick_i303;pick item
pick_i304;pick item
pick_i301;pick item
ship_o94;ship order
place_o95;place order
pick_i307;pick item
pick_i309;pick item
place_o96;place order
pick_i305;pick item
pick_i315;pick item
pick_i312;pick item
pick_i311;pick item
pick_i310;pick item
pick_i314;pick item
pick_i308;pick item
pick_i313;pick item
ship_o96;ship order
pick_i306;pick item
ship_o95;ship order
place_o97;place order
pick_i319;pick item
pick_i321;pick item
pick_i318;pick item
pick_i320;pick item
pick_i317;pick item
pick_i316;pick item
ship_o97;ship order
place_o98;place order
pick_i323;pick item
pick_i322;pick item
pick_i324;pick item
ship_o98;ship order
place_o99;place order
pick_i329;pick item
pick_i326;pick item
pick_i330;pick item
pick_i327;pick item
pick_i328;pick item
pick_i325;pick item
ship_o99;ship order
place_o100;place order
pick_i332;pick item
pick_i331;pick item
ship_o100;ship order
place_o101;place order
pick_i334;pick item
pick_i333;pick item
ship_o101;ship order
place_o102;place order
pick_i336;pick item
pick_i338;pick item
pick_i337;pick item
pick_i335;pick item
ship_o102;ship order
place_o103;place order
pick_i340;pick item
pick_i339;pick item
pick_i341;pick item
pick_i342;pick item
ship_o103;ship order
place_o104;place order
pick_i347;pick item
pick_i348;pick item
pick_i346;pick item
pick_i343;pick item
pick_i345;pick item
pick_i344;pick item
ship_o104;ship order
place_o105;place order
pick_i351;pick item
pick_i349;pick item
pick_i350;pick item
ship_o105;ship order
place_o106;place order
pick_i352;pick item
pick_i353;pick item
ship_o106;ship order
place_o107;place order
pick_i354;pick item
pick_i355;pick item
ship_o107;ship order
place_o108;place order
pick_i357;pick item
pick_i358;pick item
pick_i360;pick item
pick_i359;pick item
pick_i356;pick item
ship_o108;ship order
place_o109;place order
pick_i365;pick item
pick_i367;pick item
place_o110;place order
pick_i361;pick item
pick_i363;pick item
pick_i362;pick item
pick_i366;pick item
pick_i364;pick item
pick_i370;pick item
ship_o109;ship order
pick_i369;pick item
pick_i371;pick item
place_o111;place order
pick_i375;pick item
pick_i374;pick item
pick_i376;pick item
pick_i373;pick item
pick_i368;pick item
ship_o110;ship order
pick_i372;pick item
ship_o111;ship order
place_o112;place order
pick_i379;pick item
pick_i380;pick item
pick_i378;pick item
pick_i377;pick item
ship_o112;ship order
place_o113;place order
pick_i382;pick item
pick_i384;pick item
pick_i383;pick item
pick_i381;pick item
pick_i385;pick item
pick_i386;pick item
ship_o113;ship order
place_o114;place order
pick_i390;pick item
pick_i389;pick item
pick_i387;pick item
pick_i388;pick item
place_o115;place order
pick_i392;pick item
pick_i391;pick item
ship_o114;ship order
pick_i393;pick item
pick_i394;pick item
ship_o115;ship order
place_o116;place order
pick_i399;pick item
pick_i397;pick item
pick_i400;pick item
place_o117;place order
pick_i405;pick item
pick_i398;pick item
pick_i402;pick item
pick_i403;pick item
pick_i404;pick item
ship_o117;ship order
pick_i395;pick item
pick_i401;pick item
pick_i396;pick item
ship_o116;ship order
place_o118;place order
pick_i408;pick item
pick_i409;pick item
pick_i411;pick item
place_o119;place order
pick_i410;pick item
pick_i415;pick item
pick_i407;pick item
pick_i414;pick item
pick_i416;pick item
pick_i412;pick item
pick_i406;pick item
pick_i413;pick item
ship_o118;ship order
pick_i417;pick item
ship_o119;ship order
place_o120;place order
pick_i418;pick item
pick_i420;pick item
pick_i419;pick item
pick_i421;pick item
ship_o120;ship order
place_o121;place order
pick_i425;pick item
pick_i426;pick item
pick_i422;pick item
pick_i423;pick item
pick_i424;pick item
ship_o121;ship order
place_o122;place order
pick_i429;pick item
pick_i427;pick item
pick_i428;pick item
ship_o122;ship order
place_o123;place order
pick_i431;pick item
pick_i433;pick item
pick_i434;pick item
pick_i430;pick item
pick_i432;pick item
ship_o123;ship order
place_o124;place order
pick_i435;pick item
pick_i436;pick item
ship_o124;ship order
place_o125;place order
pick_i437;pick item
pick_i439;pick item
pick_i438;pick item
pick_i440;pick item
ship_o125;ship order
place_o126;place order
pick_i442;pick item
pick_i441;pick item
pick_i443;pick item
ship_o126;ship order
place_o127;place order
pick_i444;pick item
pick_i445;pick item
ship_o127;ship order
place_o128;place order
pick_i446;pick item
pick_i449;pick item
pick_i447;pick item
pick_i448;pick item
ship_o128;ship order
place_o129;place order
pick_i452;pick item
pick_i451;pick item
pick_i450;pick item
ship_o129;ship order
place_o130;place order
pick_i456;pick item
pick_i455;pick item
place_o131;place order
pick_i454;pick item
pick_i453;pick item
ship_o130;ship order
pick_i459;pick item
pick_i457;pick item
pick_i458;pick item
place_o132;place order
pick_i460;pick item
ship_o131;ship order
pick_i462;pick item
pick_i461;pick item
ship_o132;ship order
place_o133;place order
pick_i468;pick item
pick_i465;pick item
pick_i463;pick item
pick_i464;pick item
pick_i466;pick item
pick_i467;pick item
ship_o133;ship order
place_o134;place order
pick_i471;pick item
pick_i470;pick item
pick_i469;pick item
pick_i472;pick item
ship_o134;ship order
place_o135;place order
pick_i474;pick item
pick_i475;pick item
pick_i473;pick item
ship_o135;ship order
place_o136;place order
pick_i479;pick item
pick_i477;pick item
pick_i480;pick item
pick_i476;pick item
pick_i478;pick item
pick_i481;pick item
ship_o136;ship order
place_o137;place order
pick_i484;pick item
pick_i482;pick item
pick_i483;pick item
ship_o137;ship order
place_o138;place order
pick_i486;pick item
pick_i489;pick item
pick_i487;pick item
pick_i485;pick item
pick_i488;pick item
ship_o138;ship order
place_o139;place order
pick_i490;pick item
pick_i496;pick item
pick_i494;pick item
place_o140;place order
pick_i492;pick item
pick_i499;pick item
pick_i491;pick item
pick_i497;pick item
pick_i495;pick item
pick_i493;pick item
pick_i498;pick item
ship_o139;ship order
ship_o140;ship order
place_o141;place order
pick_i501;pick item
pick_i503;pick item
pick_i500;pick item
pick_i502;pick item
ship_o141;ship order
place_o142;place order
pick_i505;pick item
pick_i504;pick item
ship_o142;ship order
place_o143;place order
pick_i509;pick item
pick_i513;pick item
pick_i507;pick item
pick_i508;pick item
pick_i511;pick item
pick_i506;pick item
pick_i512;pick item
pick_i510;pick item
place_o144;place order
ship_o143;ship order
pick_i517;pick item
pick_i515;pick item
pick_i514;pick item
pick_i516;pick item
place_o145;place order
pick_i519;pick item
ship_o144;ship order
pick_i518;pick item
ship_o145;ship order
place_o146;place order
pick_i521;pick item
pick_i520;pick item
pick_i522;pick item
ship_o146;ship order
place_o147;place order
pick_i526;pick item
pick_i525;pick item
pick_i524;pick item
pick_i523;pick item
ship_o147;ship order
place_o148;place order
pick_i529;pick item
pick_i527;pick item
place_o149;place order
pick_i528;pick item
pick_i530;pick item
ship_o148;ship order
pick_i531;pick item
pick_i532;pick item
ship_o149;ship order
place_o150;place order
pick_i533;pick item
pick_i534;pick item
ship_o150;ship order
place_o151;place order
pick_i535;pick item
pick_i536;pick item
pick_i537;pick item
ship_o151;ship order
place_o152;place order
pick_i539;pick item
pick_i538;pick item
ship_o152;ship order
place_o153;place order
pick_i546;pick item
pick_i541;pick item
pick_i543;pick item
pick_i547;pick item
pick_i545;pick item
pick_i542;pick item
pick_i544;pick item
pick_i540;pick item
ship_o153;ship order
place_o154;place order
pick_i551;pick item
pick_i548;pick item
pick_i550;pick item
pick_i549;pick item
pick_i552;pick item
ship_o154;ship order
place_o155;place order
pick_i554;pick item
pick_i557;pick item
pick_i555;pick item
pick_i561;pick item
place_o156;place order
pick_i565;pick item
pick_i562;pick item
pick_i564;pick item
pick_i568;pick item
pick_i569;pick item
pick_i559;pick item
pick_i566;pick item
pick_i556;pick item
pick_i567;pick item
pick_i558;pick item
pick_i560;pick item
pick_i563;pick item
ship_o156;ship order
pick_i553;pick item
ship_o155;ship order
place_o157;place order
pick_i571;pick item
pick_i570;pick item
pick_i572;pick item
ship_o157;ship order
place_o158;place order
pick_i574;pick item
pick_i573;pick item
ship_o158;ship order
place_o159;place order
pick_i580;pick item
pick_i578;pick item
pick_i576;pick item
pick_i582;pick item
pick_i581;pick item
pick_i577;pick item
pick_i579;pick item
pick_i575;pick item
place_o160;place order
ship_o159;ship order
pick_i584;pick item
pick_i583;pick item
ship_o160;ship order
place_o161;place order
pick_i585;pick item
pick_i586;pick item
ship_o161;ship order
place_o162;place order
pick_i589;pick item
pick_i591;pick item
pick_i590;pick item
pick_i587;pick item
pick_i588;pick item
ship_o162;ship order
place_o163;place order
pick_i592;pick item
pick_i593;pick item
pick_i595;pick item
pick_i594;pick item
ship_o163;ship order
place_o164;place order
pick_i598;pick item
pick_i597;pick item
pick_i596;pick item
ship_o164;ship order
place_o165;place order
pick_i600;pick item
pick_i602;pick item
pick_i601;pick item
place_o166;place order
pick_i603;pick item
pick_i605;pick item
pick_i604;pick item
pick_i606;pick item
ship_o166;ship order
pick_i599;pick item
ship_o165;ship order
place_o167;place order
pick_i613;pick item
pick_i608;pick item
pick_i609;pick item
pick_i607;pick item
pick_i610;pick item
pick_i612;pick item
pick_i611;pick item
pick_i614;pick item
ship_o167;ship order
place_o168;place order
pick_i618;pick item
pick_i616;pick item
pick_i615;pick item
pick_i617;pick item
ship_o168;ship order
place_o169;place order
pick_i619;pick item
pick_i621;pick item
pick_i620;pick item
pick_i622;pick item
place_o170;place order
ship_o169;ship order
pick_i624;pick item
pick_i626;pick item
pick_i625;pick item
pick_i623;pick item
pick_i627;pick item
ship_o170;ship order
place_o171;place order
pick_i629;pick item
pick_i628;pick item
ship_o171;ship order
place_o172;place order
pick_i631;pick item
pick_i630;pick item
pick_i634;pick item
pick_i633;pick item
pick_i632;pick item
ship_o172;ship order
place_o173;place order
pick_i638;pick item
pick_i637;pick item
pick_i635;pick item
pick_i636;pick item
pick_i639;pick item
ship_o173;ship order
place_o174;place order
pick_i648;pick item
pick_i645;pick item
place_o175;place order
pick_i644;pick item
pick_i647;pick item
pick_i652;pick item
pick_i641;pick item
pick_i651;pick item
pick_i650;pick item
pick_i643;pick item
pick_i640;pick item
pick_i642;pick item
pick_i646;pick item
ship_o174;ship order
pick_i649;pick item
ship_o175;ship order
place_o176;place order
pick_i653;pick item
pick_i657;pick item
pick_i656;pick item
pick_i655;pick item
pick_i658;pick item
pick_i654;pick item
place_o177;place order
pick_i659;pick item
pick_i660;pick item
ship_o176;ship order
pick_i662;pick item
pick_i663;pick item
pick_i664;pick item
pick_i661;pick item
ship_o177;ship order
place_o178;place order
pick_i670;pick item
pick_i666;pick item
pick_i665;pick item
place_o179;place order
pick_i667;pick item
pick_i669;pick item
pick_i668;pick item
ship_o178;ship order
pick_i672;pick item
pick_i671;pick item
ship_o179;ship order
place_o180;place order
pick_i675;pick item
pick_i673;pick item
pick_i676;pick item
pick_i677;pick item
pick_i674;pick item
ship_o180;ship order
place_o181;place order
pick_i678;pick item
pick_i680;pick item
pick_i681;pick item
pick_i683;pick item
pick_i682;pick item
place_o182;place order
pick_i679;pick item
ship_o181;ship order
pick_i685;pick item
pick_i684;pick item
pick_i686;pick item
pick_i687;pick item
ship_o182;ship order
place_o183;place order
pick_i688;pick item
pick_i690;pick item
pick_i691;pick item
pick_i689;pick item
ship_o183;ship order
place_o184;place order
pick_i692;pick item
pick_i695;pick item
pick_i696;pick item
pick_i693;pick item
pick_i694;pick item
ship_o184;ship order
place_o185;place order
pick_i700;pick item
pick_i699;pick item
pick_i701;pick item
pick_i697;pick item
pick_i698;pick item
ship_o185;ship order
place_o186;place order
pick_i706;pick item
place_o187;place order
pick_i708;pick item
pick_i704;pick item
pick_i703;pick item
pick_i705;pick item
pick_i709;pick item
pick_i710;pick item
ship_o187;ship order
pick_i702;pick item
place_o188;place order
pick_i707;pick item
ship_o186;ship order
pick_i714;pick item
pick_i713;pick item
pick_i711;pick item
pick_i712;pick item
ship_o188;ship order
place_o189;place order
pick_i716;pick item
pick_i717;pick item
pick_i718;pick item
pick_i715;pick item
ship_o189;ship order
place_o190;place order
pick_i721;pick item
pick_i719;pick item
pick_i722;pick item
pick_i720;pick item
ship_o190;ship order
place_o191;place order
pick_i723;pick item
pick_i724;pick item
place_o192;place order
ship_o191;ship order
pick_i727;pick item
pick_i725;pick item
pick_i726;pick item
ship_o192;ship order
place_o193;place order
pick_i729;pick item
pick_i731;pick item
pick_i730;pick item
pick_i728;pick item
ship_o193;ship order
place_o194;place order
pick_i735;pick item
pick_i732;pick item
pick_i734;pick item
pick_i736;pick item
pick_i733;pick item
ship_o194;ship order
place_o195;place order
pick_i739;pick item
pick_i740;pick item
pick_i737;pick item
pick_i741;pick item
pick_i738;pick item
pick_i742;pick item
ship_o195;ship order
place_o196;place order
pick_i750;pick item
pick_i743;pick item
pick_i745;pick item
place_o197;place order
pick_i751;pick item
pick_i748;pick item
pick_i747;pick item
pick_i746;pick item
pick_i744;pick item
pick_i749;pick item
pick_i752;pick item
ship_o196;ship order
ship_o197;ship order
place_o198;place order
pick_i756;pick item
pick_i755;pick item
pick_i754;pick item
pick_i753;pick item
pick_i758;pick item
pick_i757;pick item
ship_o198;ship order
place_o199;place order
pick_i761;pick item
pick_i759;pick item
pick_i760;pick item
ship_o199;ship order
place_o200;place order
pick_i763;pick item
pick_i762;pick item
pick_i764;pick item
place_o201;place order
ship_o200;ship order
pick_i765;pick item
pick_i766;pick item
ship_o201;ship order
place_o202;place order
pick_i768;pick item
pick_i767;pick item
ship_o202;ship order
place_o203;place order
pick_i772;pick item
pick_i770;pick item
pick_i769;pick item
pick_i771;pick item
ship_o203;ship order
place_o204;place order
pick_i773;pick item
pick_i775;pick item
pick_i774;pick item
pick_i776;pick item
ship_o204;ship order
place_o205;place order
pick_i780;pick item
place_o206;place order
pick_i777;pick item
pick_i784;pick item
pick_i783;pick item
pick_i781;pick item
pick_i778;pick item
pick_i785;pick item
place_o207;place order
pick_i779;pick item
ship_o206;ship order
pick_i782;pick item
pick_i786;pick item
ship_o205;ship order
pick_i788;pick item
pick_i789;pick item
pick_i787;pick item
ship_o207;ship order
place_o208;place order
pick_i792;pick item
pick_i791;pick item
pick_i790;pick item
ship_o208;ship order
place_o209;place order
pick_i794;pick item
pick_i793;pick item
pick_i796;pick item
pick_i795;pick item
ship_o209;ship order
place_o210;place order
pick_i798;pick item
pick_i797;pick item
pick_i799;pick item
place_o211;place order
pick_i802;pick item
ship_o210;ship order
pick_i805;pick item
pick_i801;pick item
pick_i807;pick item
pick_i803;pick item
pick_i804;pick item
pick_i800;pick item
pick_i806;pick item
ship_o211;ship order
place_o212;place order
pick_i810;pick item
pick_i812;pick item
pick_i809;pick item
pick_i808;pick item
pick_i811;pick item
ship_o212;ship order
place_o213;place order
pick_i814;pick item
pick_i815;pick item
pick_i813;pick item
pick_i818;pick item
pick_i816;pick item
pick_i817;pick item
ship_o213;ship order
place_o214;place order
pick_i826;pick item
pick_i825;pick item
pick_i821;pick item
pick_i823;pick item
pick_i827;pick item
pick_i824;pick item
pick_i822;pick item
pick_i819;pick item
pick_i820;pick item
ship_o214;ship order
place_o215;place order
pick_i831;pick item
pick_i830;pick item
pick_i828;pick item
pick_i832;pick item
pick_i833;pick item
pick_i829;pick item
ship_o215;ship order
place_o216;place order
pick_i838;pick item
pick_i839;pick item
pick_i837;pick item
pick_i835;pick item
pick_i842;pick item
pick_i841;pick item
pick_i836;pick item
pick_i840;pick item
pick_i834;pick item
ship_o216;ship order
place_o217;place order
pick_i844;pick item
pick_i846;pick item
pick_i848;pick item
place_o218;place order
pick_i851;pick item
pick_i849;pick item
pick_i847;pick item
pick_i850;pick item
pick_i843;pick item
ship_o218;ship order
pick_i845;pick item
ship_o217;ship order
place_o219;place order
pick_i858;pick item
pick_i859;pick item
pick_i856;pick item
pick_i855;pick item
pick_i857;pick item
pick_i854;pick item
pick_i853;pick item
pick_i852;pick item
ship_o219;ship order
place_o220;place order
pick_i864;pick item
pick_i860;pick item
pick_i866;pick item
pick_i865;pick item
pick_i862;pick item
place_o221;place order
pick_i863;pick item
pick_i873;pick item
pick_i871;pick item
pick_i861;pick item
ship_o220;ship order
pick_i870;pick item
pick_i867;pick item
pick_i872;pick item
pick_i869;pick item
place_o222;place order
pick_i868;pick item
pick_i877;pick item
ship_o221;ship order
place_o223;place order
pick_i875;pick item
pick_i878;pick item
pick_i882;pick item
pick_i879;pick item
pick_i883;pick item
pick_i880;pick item
pick_i874;pick item
pick_i876;pick item
place_o224;place order
pick_i881;pick item
ship_o222;ship order
pick_i884;pick item
ship_o223;ship order
pick_i886;pick item
pick_i885;pick item
ship_o224;ship order
place_o225;place order
pick_i888;pick item
pick_i893;pick item
pick_i887;pick item
pick_i890;pick item
pick_i889;pick item
pick_i891;pick item
pick_i892;pick item
ship_o225;ship order
place_o226;place order
pick_i896;pick item
pick_i895;pick item
pick_i897;pick item
pick_i894;pick item
ship_o226;ship order
place_o227;place order
pick_i899;pick item
pick_i901;pick item
pick_i898;pick item
pick_i900;pick item
pick_i902;pick item
ship_o227;ship order
place_o228;place order
pick_i906;pick item
pick_i904;pick item
pick_i907;pick item
pick_i903;pick item
pick_i905;pick item
place_o229;place order
ship_o228;ship order
pick_i908;pick item
pick_i910;pick item
pick_i911;pick item
pick_i909;pick item
ship_o229;ship order
place_o230;place order
pick_i912;pick item
pick_i915;pick item
pick_i914;pick item
pick_i917;pick item
pick_i913;pick item
pick_i916;pick item
pick_i918;pick item
pick_i919;pick item
place_o231;place order
ship_o230;ship order
pick_i923;pick item
pick_i921;pick item
place_o232;place order
pick_i920;pick item
pick_i925;pick item
pick_i924;pick item
pick_i929;pick item
place_o233;place order
pick_i934;pick item
pick_i935;pick item
pick_i922;pick item
pick_i927;pick item
pick_i928;pick item
pick_i930;pick item
ship_o232;ship order
pick_i932;pick item
pick_i926;pick item
ship_o231;ship order
pick_i931;pick item
pick_i933;pick item
place_o234;place order
ship_o233;ship order
pick_i936;pick item
ship_o234;ship order
place_o235;place order
pick_i938;pick item
pick_i937;pick item
pick_i939;pick item
ship_o235;ship order
place_o236;place order
pick_i940;pick item
pick_i942;pick item
pick_i941;pick item
place_o237;place order
pick_i943;pick item
pick_i948;pick item
ship_o236;ship order
pick_i946;pick item
place_o238;place order
pick_i945;pick item
pick_i947;pick item
pick_i944;pick item
ship_o237;ship order
pick_i954;pick item
pick_i951;pick item
pick_i955;pick item
pick_i952;pick item
pick_i950;pick item
pick_i949;pick item
pick_i953;pick item
ship_o238;ship order
place_o239;place order
pick_i959;pick item
pick_i962;pick item
pick_i956;pick item
pick_i960;pick item
pick_i961;pick item
pick_i957;pick item
place_o240;place order
pick_i958;pick item
ship_o239;ship order
pick_i963;pick item
pick_i968;pick item
place_o241;place order
pick_i967;pick item
pick_i966;pick item
pick_i969;pick item
pick_i970;pick item
pick_i972;pick item
pick_i971;pick item
pick_i965;pick item
pick_i964;pick item
place_o242;place order
pick_i973;pick item
ship_o240;ship order
ship_o241;ship order
pick_i975;pick item
pick_i974;pick item
pick_i977;pick item
pick_i976;pick item
ship_o242;ship order
place_o243;place order
pick_i978;pick item
pick_i982;pick item
pick_i979;pick item
place_o244;place order
pick_i984;pick item
pick_i985;pick item
pick_i983;pick item
ship_o244;ship order
pick_i980;pick item
pick_i981;pick item
place_o245;place order
ship_o243;ship order
pick_i986;pick item
pick_i989;pick item
pick_i988;pick item
pick_i987;pick item
ship_o245;ship order
place_o246;place order
pick_i993;pick item
pick_i996;pick item
pick_i992;pick item
pick_i994;pick item
pick_i995;pick item
pick_i991;pick item
pick_i990;pick item
ship_o246;ship order
place_o247;place order
pick_i998;pick item
pick_i997;pick item
place_o248;place order
pick_i1000;pick item
pick_i1007;pick item
pick_i1003;pick item
pick_i1006;pick item
pick_i1005;pick item
pick_i1009;pick item
pick_i999;pick item
pick_i1002;pick item
pick_i1004;pick item
pick_i1001;pick item
ship_o247;ship order
pick_i1008;pick item
ship_o248;ship order
place_o249;place order
pick_i1017;pick item
pick_i1014;pick item
pick_i1013;pick item
pick_i1010;pick item
pick_i1018;pick item
pick_i1015;pick item
pick_i1012;pick item
pick_i1016;pick item
pick_i1011;pick item
ship_o249;ship order
place_o250;place order
pick_i1021;pick item
pick_i1019;pick item
pick_i1020;pick item
ship_o250;ship order
place_o251;place order
pick_i1022;pick item
ship_o251;ship order
place_o252;place order
pick_i1024;pick item
pick_i1027;pick item
pick_i1025;pick item
pick_i1023;pick item
pick_i1026;pick item
pick_i1028;pick item
pick_i1029;pick item
ship_o252;ship order
place_o253;place order
pick_i1032;pick item
pick_i1031;pick item
pick_i1030;pick item
ship_o253;ship order
place_o254;place order
pick_i1035;pick item
pick_i1036;pick item
pick_i1033;pick item
pick_i1034;pick item
ship_o254;ship order
place_o255;place order
pick_i1040;pick item
pick_i1039;pick item
pick_i1041;pick item
pick_i1038;pick item
pick_i1037;pick item
ship_o255;ship order
place_o256;place order
pick_i1047;pick item
pick_i1043;pick item
pick_i1044;pick item
place_o257;place order
pick_i1046;pick item
pick_i1045;pick item
pick_i1042;pick item
pick_i1048;pick item
ship_o256;ship order
pick_i1050;pick item
pick_i1049;pick item
pick_i1051;pick item
pick_i1052;pick item
ship_o257;ship order
place_o258;place order
pick_i1057;pick item
pick_i1053;pick item
pick_i1055;pick item
pick_i1054;pick item
pick_i1056;pick item
ship_o258;ship order
place_o259;place order
pick_i1059;pick item
pick_i1061;pick item
pick_i1058;pick item
pick_i1060;pick item
ship_o259;ship order
place_o260;place order
pick_i1064;pick item
pick_i1063;pick item
pick_i1066;pick item
pick_i1067;pick item
pick_i1065;pick item
pick_i1062;pick item
ship_o260;ship order
place_o261;place order
pick_i1070;pick item
pick_i1069;pick item
pick_i1071;pick item
pick_i1068;pick item
ship_o261;ship order
place_o262;place order
pick_i1072;pick item
pick_i1077;pick item
pick_i1073;pick item
pick_i1074;pick item
pick_i1075;pick item
pick_i1076;pick item
ship_o262;ship order
place_o263;place order
pick_i1080;pick item
pick_i1083;pick item
pick_i1082;pick item
pick_i1084;pick item
pick_i1086;pick item
pick_i1079;pick item
place_o264;place order
pick_i1085;pick item
pick_i1087;pick item
place_o265;place order
pick_i1081;pick item
pick_i1078;pick item
pick_i1093;pick item
ship_o263;ship order
pick_i1089;pick item
pick_i1095;pick item
place_o266;place order
pick_i1088;pick item
ship_o264;ship order
pick_i1090;pick item
pick_i1091;pick item
pick_i1103;pick item
pick_i1098;pick item
place_o267;place order
pick_i1110;pick item
pick_i1105;pick item
pick_i1106;pick item
pick_i1097;pick item
pick_i1101;pick item
pick_i1102;pick item
pick_i1108;pick item
pick_i1099;pick item
pick_i1096;pick item
pick_i1094;pick item
pick_i1100;pick item
place_o268;place order
pick_i1107;pick item
pick_i1092;pick item
pick_i1109;pick item
ship_o265;ship order
ship_o267;ship order
pick_i1104;pick item
ship_o266;ship order
pick_i1111;pick item
pick_i1115;pick item
pick_i1116;pick item
pick_i1113;pick item
pick_i1112;pick item
pick_i1114;pick item
pick_i1117;pick item
ship_o268;ship order
place_o269;place order
pick_i1120;pick item
pick_i1119;pick item
pick_i1122;pick item
place_o270;place order
pick_i1118;pick item
pick_i1128;pick item
pick_i1127;pick item
pick_i1131;pick item
pick_i1125;pick item
place_o271;place order
pick_i1121;pick item
pick_i1126;pick item
pick_i1137;pick item
pick_i1123;pick item
ship_o269;ship order
pick_i1134;pick item
pick_i1124;pick item
pick_i1132;pick item
pick_i1130;pick item
place_o272;place order
pick_i1133;pick item
pick_i1140;pick item
pick_i1141;pick item
pick_i1129;pick item
ship_o270;ship order
pick_i1135;pick item
place_o273;place order
pick_i1145;pick item
pick_i1142;pick item
pick_i1136;pick item
place_o274;place order
pick_i1146;pick item
ship_o271;ship order
pick_i1138;pick item
pick_i1150;pick item
pick_i1139;pick item
pick_i1152;pick item
ship_o272;ship order
pick_i1154;pick item
pick_i1153;pick item
pick_i1151;pick item
pick_i1143;pick item
pick_i1148;pick item
pick_i1144;pick item
pick_i1147;pick item
pick_i1149;pick item
ship_o273;ship order
ship_o274;ship order
place_o275;place order
pick_i1156;pick item
pick_i1160;pick item
pick_i1155;pick item
pick_i1159;pick item
pick_i1157;pick item
pick_i1158;pick item
ship_o275;ship order
place_o276;place order
pick_i1161;pick item
pick_i1162;pick item
ship_o276;ship order
place_o277;place order
pick_i1167;pick item
pick_i1166;pick item
pick_i1164;pick item
pick_i1165;pick item
pick_i1163;pick item
ship_o277;ship order
place_o278;place order
pick_i1173;pick item
pick_i1175;pick item
pick_i1171;pick item
pick_i1169;pick item
pick_i1170;pick item
pick_i1172;pick item
pick_i1168;pick item
pick_i1174;pick item
ship_o278;ship order
place_o279;place order
pick_i1177;pick item
pick_i1180;pick item
pick_i1176;pick item
pick_i1184;pick item
pick_i1181;pick item
pick_i1182;pick item
pick_i1179;pick item
pick_i1183;pick item
pick_i1178;pick item
ship_o279;ship order
place_o280;place order
pick_i1187;pick item
pick_i1191;pick item
pick_i1185;pick item
pick_i1186;pick item
pick_i1190;pick item
place_o281;place order
pick_i1189;pick item
pick_i1188;pick item
ship_o280;ship order
pick_i1198;pick item
pick_i1193;pick item
pick_i1197;pick item
pick_i1195;pick item
pick_i1192;pick item
pick_i1194;pick item
place_o282;place order
pick_i1196;pick item
ship_o281;ship order
pick_i1199;pick item
pick_i1205;pick item
pick_i1200;pick item
pick_i1202;pick item
pick_i1204;pick item
pick_i1201;pick item
pick_i1203;pick item
ship_o282;ship order
place_o283;place order
pick_i1206;pick item
pick_i1207;pick item
ship_o283;ship order
place_o284;place order
pick_i1212;pick item
pick_i1208;pick item
pick_i1213;pick item
pick_i1209;pick item
pick_i1210;pick item
pick_i1214;pick item
pick_i1216;pick item
pick_i1215;pick item
pick_i1211;pick item
pick_i1217;pick item
ship_o284;ship order
place_o285;place order
pick_i1218;pick item
pick_i1221;pick item
pick_i1219;pick item
pick_i1220;pick item
pick_i1222;pick item
ship_o285;ship order
place_o286;place order
pick_i1227;pick item
pick_i1225;pick item
pick_i1223;pick item
place_o287;place order
pick_i1226;pick item
pick_i1228;pick item
pick_i1224;pick item
pick_i1234;pick item
ship_o286;ship order
pick_i1229;pick item
pick_i1231;pick item
pick_i1232;pick item
pick_i1233;pick item
pick_i1230;pick item
ship_o287;ship order
place_o288;place order
pick_i1238;pick item
pick_i1236;pick item
pick_i1237;pick item
pick_i1239;pick item
pick_i1235;pick item
ship_o288;ship order
place_o289;place order
pick_i1244;pick item
pick_i1246;pick item
pick_i1241;pick item
pick_i1240;pick item
pick_i1242;pick item
pick_i1243;pick item
pick_i1245;pick item
ship_o289;ship order
place_o290;place order
pick_i1255;pick item
pick_i1250;pick item
pick_i1249;pick item
pick_i1251;pick item
place_o291;place order
pick_i1248;pick item
pick_i1254;pick item
pick_i1256;pick item
pick_i1260;pick item
pick_i1263;pick item
pick_i1259;pick item
pick_i1252;pick item
pick_i1257;pick item
pick_i1262;pick item
pick_i1258;pick item
pick_i1261;pick item
ship_o291;ship order
pick_i1247;pick item
pick_i1253;pick item
ship_o290;ship order
place_o292;place order
pick_i1274;pick item
pick_i1270;pick item
pick_i1265;pick item
pick_i1268;pick item
pick_i1273;pick item
pick_i1264;pick item
pick_i1276;pick item
pick_i1269;pick item
pick_i1267;pick item
pick_i1271;pick item
pick_i1266;pick item
pick_i1272;pick item
pick_i1275;pick item
ship_o292;ship order
place_o293;place order
pick_i1279;pick item
pick_i1281;pick item
pick_i1283;pick item
pick_i1282;pick item
place_o294;place order
pick_i1287;pick item
pick_i1288;pick item
pick_i1277;pick item
pick_i1289;pick item
pick_i1278;pick item
pick_i1284;pick item
pick_i1280;pick item
ship_o293;ship order
pick_i1286;pick item
place_o295;place order
pick_i1285;pick item
pick_i1295;pick item
ship_o294;ship order
pick_i1291;pick item
pick_i1294;pick item
pick_i1292;pick item
place_o296;place order
pick_i1299;pick item
pick_i1297;pick item
pick_i1296;pick item
pick_i1298;pick item
pick_i1290;pick item
pick_i1293;pick item
pick_i1300;pick item
ship_o295;ship order
ship_o296;ship order
place_o297;place order
pick_i1306;pick item
pick_i1305;pick item
pick_i1304;pick item
pick_i1301;pick item
pick_i1307;pick item
pick_i1303;pick item
place_o298;place order
pick_i1311;pick item
pick_i1314;pick item
pick_i1313;pick item
pick_i1316;pick item
pick_i1309;pick item
pick_i1302;pick item
place_o299;place order
pick_i1321;pick item
ship_o297;ship order
pick_i1323;pick item
pick_i1320;pick item
place_o300;place order
pick_i1319;pick item
pick_i1317;pick item
pick_i1322;pick item
pick_i1312;pick item
pick_i1310;pick item
place_o301;place order
pick_i1328;pick item
pick_i1324;pick item
pick_i1326;pick item
pick_i1308;pick item
pick_i1330;pick item
pick_i1329;pick item
pick_i1325;pick item
pick_i1332;pick item
place_o302;place order
pick_i1318;pick item
ship_o299;ship order
pick_i1331;pick item
ship_o301;ship order
pick_i1335;pick item
pick_i1334;pick item
place_o303;place order
pick_i1327;pick item
pick_i1339;pick item
ship_o300;ship order
pick_i1333;pick item
place_o304;place order
pick_i1348;pick item
pick_i1351;pick item
pick_i1336;pick item
pick_i1340;pick item
pick_i1345;pick item
pick_i1344;pick item
pick_i1346;pick item
pick_i1341;pick item
pick_i1315;pick item
ship_o298;ship order
pick_i1342;pick item
pick_i1347;pick item
place_o305;place order
pick_i1349;pick item
pick_i1337;pick item
place_o306;place order
pick_i1338;pick item
pick_i1353;pick item
ship_o302;ship order
pick_i1350;pick item
ship_o304;ship order
pick_i1355;pick item
pick_i1343;pick item
pick_i1354;pick item
ship_o303;ship order
pick_i1362;pick item
pick_i1359;pick item
pick_i1357;pick item
place_o307;place order
pick_i1356;pick item
pick_i1361;pick item
pick_i1358;pick item
pick_i1365;pick item
pick_i1352;pick item
ship_o305;ship order
pick_i1364;pick item
pick_i1368;pick item
pick_i1366;pick item
pick_i1370;pick item
pick_i1363;pick item
pick_i1369;pick item
pick_i1372;pick item
pick_i1371;pick item
pick_i1367;pick item
ship_o307;ship order
pick_i1360;pick item
ship_o306;ship order
place_o308;place order
pick_i1376;pick item
pick_i1374;pick item
pick_i1375;pick item
pick_i1373;pick item
ship_o308;ship order
place_o309;place order
pick_i1384;pick item
pick_i1378;pick item
pick_i1377;pick item
pick_i1383;pick item
pick_i1379;pick item
pick_i1380;pick item
pick_i1381;pick item
pick_i1382;pick item
ship_o309;ship order
place_o310;place order
pick_i1385;pick item
pick_i1386;pick item
pick_i1387;pick item
pick_i1388;pick item
place_o311;place order
pick_i1389;pick item
ship_o310;ship order
pick_i1392;pick item
pick_i1390;pick item
pick_i1393;pick item
pick_i1391;pick item
pick_i1395;pick item
pick_i1394;pick item
ship_o311;ship order
place_o312;place order
pick_i1396;pick item
pick_i1400;pick item
pick_i1398;pick item
pick_i1399;pick item
pick_i1397;pick item
pick_i1401;pick item
ship_o312;ship order
place_o313;place order
pick_i1403;pick item
pick_i1402;pick item
pick_i1404;pick item
ship_o313;ship order
place_o314;place order
pick_i1405;pick item
pick_i1408;pick item
pick_i1407;pick item
pick_i1406;pick item
ship_o314;ship order
place_o315;place order
pick_i1409;pick item
pick_i1414;pick item
pick_i1416;pick item
pick_i1411;pick item
pick_i1410;pick item
pick_i1413;pick item
place_o316;place order
pick_i1415;pick item
pick_i1422;pick item
place_o317;place order
pick_i1425;pick item
pick_i1435;pick item
pick_i1430;pick item
pick_i1420;pick item
pick_i1434;pick item
pick_i1418;pick item
pick_i1437;pick item
pick_i1419;pick item
pick_i1421;pick item
pick_i1423;pick item
pick_i1431;pick item
pick_i1412;pick item
ship_o315;ship order
pick_i1429;pick item
pick_i1436;pick item
pick_i1417;pick item
pick_i1427;pick item
pick_i1428;pick item
pick_i1426;pick item
pick_i1433;pick item
pick_i1432;pick item
ship_o317;ship order
pick_i1424;pick item
ship_o316;ship order
place_o318;place order
pick_i1442;pick item
pick_i1441;pick item
pick_i1443;pick item
pick_i1438;pick item
pick_i1440;pick item
pick_i1439;pick item
ship_o318;ship order
place_o319;place order
pick_i1445;pick item
pick_i1448;pick item
pick_i1447;pick item
pick_i1444;pick item
pick_i1446;pick item
ship_o319;ship order
place_o320;place order
pick_i1449;pick item
pick_i1452;pick item
pick_i1451;pick item
pick_i1450;pick item
place_o321;place order
pick_i1454;pick item
ship_o320;ship order
pick_i1456;pick item
pick_i1457;pick item
pick_i1453;pick item
pick_i1458;pick item
pick_i1459;pick item
pick_i1455;pick item
ship_o321;ship order
place_o322;place order
pick_i1461;pick item
pick_i1460;pick item
ship_o322;ship order
place_o323;place order
pick_i1469;pick item
pick_i1463;pick item
pick_i1465;pick item
pick_i1468;pick item
pick_i1467;pick item
pick_i1462;pick item
pick_i1464;pick item
pick_i1466;pick item
ship_o323;ship order
place_o324;place order
pick_i1471;pick item
pick_i1472;pick item
pick_i1470;pick item
pick_i1474;pick item
pick_i1473;pick item
ship_o324;ship order
place_o325;place order
pick_i1476;pick item
pick_i1479;pick item
pick_i1475;pick item
pick_i1477;pick item
pick_i1478;pick item
pick_i1481;pick item
pick_i1480;pick item
pick_i1482;pick item
ship_o325;ship order
place_o326;place order
pick_i1487;pick item
pick_i1488;pick item
pick_i1483;pick item
place_o327;place order
pick_i1485;pick item
pick_i1486;pick item
pick_i1493;pick item
pick_i1492;pick item
pick_i1484;pick item
pick_i1490;pick item
ship_o326;ship order
pick_i1489;pick item
pick_i1491;pick item
ship_o327;ship order
place_o328;place order
pick_i1497;pick item
pick_i1494;pick item
pick_i1496;pick item
pick_i1495;pick item
ship_o328;ship order
place_o329;place order
pick_i1504;pick item
pick_i1499;pick item
pick_i1501;pick item
place_o330;place order
pick_i1502;pick item
pick_i1503;pick item
pick_i1506;pick item
pick_i1507;pick item
pick_i1498;pick item
pick_i1500;pick item
pick_i1508;pick item
pick_i1505;pick item
ship_o330;ship order
ship_o329;ship order
place_o331;place order
pick_i1511;pick item
pick_i1509;pick item
pick_i1512;pick item
pick_i1513;pick item
pick_i1510;pick item
ship_o331;ship order
place_o332;place order
pick_i1519;pick item
pick_i1515;pick item
pick_i1517;pick item
pick_i1514;pick item
pick_i1516;pick item
place_o333;place order
pick_i1518;pick item
pick_i1522;pick item
ship_o332;ship order
place_o334;place order
pick_i1521;pick item
pick_i1530;pick item
pick_i1528;pick item
pick_i1526;pick item
pick_i1524;pick item
pick_i1523;pick item
pick_i1527;pick item
pick_i1525;pick item
pick_i1529;pick item
pick_i1520;pick item
ship_o334;ship order
ship_o333;ship order
place_o335;place order
pick_i1533;pick item
pick_i1532;pick item
pick_i1536;pick item
pick_i1534;pick item
pick_i1531;pick item
pick_i1535;pick item
ship_o335;ship order
place_o336;place order
pick_i1541;pick item
pick_i1540;pick item
place_o337;place order
pick_i1538;pick item
pick_i1539;pick item
pick_i1537;pick item
ship_o336;ship order
pick_i1545;pick item
pick_i1550;pick item
pick_i1546;pick item
pick_i1547;pick item
pick_i1544;pick item
pick_i1542;pick item
pick_i1549;pick item
pick_i1543;pick item
pick_i1548;pick item
ship_o337;ship order
place_o338;place order
pick_i1552;pick item
pick_i1551;pick item
pick_i1553;pick item
ship_o338;ship order
place_o339;place order
pick_i1556;pick item
pick_i1554;pick item
pick_i1555;pick item
ship_o339;ship order
place_o340;place order
pick_i1559;pick item
pick_i1561;pick item
pick_i1557;pick item
pick_i1560;pick item
pick_i1558;pick item
ship_o340;ship order
place_o341;place order
pick_i1564;pick item
pick_i1562;pick item
pick_i1563;pick item
pick_i1565;pick item
ship_o341;ship order
place_o342;place order
pick_i1572;pick item
pick_i1570;pick item
pick_i1573;pick item
pick_i1569;pick item
pick_i1571;pick item
pick_i1568;pick item
pick_i1567;pick item
pick_i1566;pick item
ship_o342;ship order
place_o343;place order
pick_i1575;pick item
pick_i1584;pick item
pick_i1576;pick item
pick_i1582;pick item
pick_i1581;pick item
pick_i1580;pick item
pick_i1578;pick item
pick_i1574;pick item
pick_i1583;pick item
pick_i1579;pick item
pick_i1577;pick item
ship_o343;ship order
place_o344;place order
pick_i1586;pick item
pick_i1585;pick item
pick_i1587;pick item
pick_i1594;pick item
pick_i1595;pick item
pick_i1589;pick item
pick_i1593;pick item
pick_i1590;pick item
pick_i1588;pick item
pick_i1591;pick item
pick_i1592;pick item
ship_o344;ship order
place_o345;place order
pick_i1601;pick item
pick_i1602;pick item
pick_i1597;pick item
pick_i1604;pick item
pick_i1600;pick item
pick_i1603;pick item
place_o346;place order
pick_i1596;pick item
pick_i1599;pick item
pick_i1598;pick item
pick_i1613;pick item
ship_o345;ship order
pick_i1611;pick item
pick_i1605;pick item
pick_i1608;pick item
pick_i1607;pick item
pick_i1606;pick item
pick_i1610;pick item
pick_i1612;pick item
pick_i1609;pick item
ship_o346;ship order
place_o347;place order
pick_i1618;pick item
pick_i1617;pick item
pick_i1615;pick item
pick_i1616;pick item
pick_i1614;pick item
ship_o347;ship order
place_o348;place order
pick_i1620;pick item
pick_i1619;pick item
pick_i1621;pick item
ship_o348;ship order
place_o349;place order
pick_i1624;pick item
pick_i1626;pick item
pick_i1623;pick item
pick_i1622;pick item
pick_i1625;pick item
ship_o349;ship order
place_o350;place order
pick_i1628;pick item
pick_i1627;pick item
pick_i1630;pick item
place_o351;place order
pick_i1632;pick item
pick_i1629;pick item
pick_i1636;pick item
pick_i1631;pick item
ship_o350;ship order
pick_i1637;pick item
pick_i1640;pick item
pick_i1639;pick item
pick_i1635;pick item
pick_i1633;pick item
pick_i1634;pick item
pick_i1638;pick item
ship_o351;ship order
place_o352;place order
pick_i1642;pick item
pick_i1643;pick item
pick_i1646;pick item
pick_i1645;pick item
pick_i1641;pick item
pick_i1644;pick item
ship_o352;ship order
place_o353;place order
pick_i1647;pick item
pick_i1653;pick item
pick_i1654;pick item
pick_i1650;pick item
pick_i1652;pick item
pick_i1655;pick item
pick_i1649;pick item
pick_i1651;pick item
pick_i1656;pick item
pick_i1648;pick item
ship_o353;ship order
place_o354;place order
pick_i1659;pick item
pick_i1663;pick item
pick_i1665;pick item
pick_i1657;pick item
place_o355;place order
pick_i1662;pick item
pick_i1668;pick item
pick_i1664;pick item
pick_i1669;pick item
pick_i1661;pick item
pick_i1667;pick item
pick_i1666;pick item
pick_i1658;pick item
ship_o355;ship order
pick_i1660;pick item
place_o356;place order
pick_i1672;pick item
ship_o354;ship order
pick_i1671;pick item
pick_i1673;pick item
pick_i1670;pick item
ship_o356;ship order
place_o357;place order
pick_i1674;pick item
pick_i1675;pick item
pick_i1679;pick item
pick_i1680;pick item
pick_i1677;pick item
pick_i1678;pick item
pick_i1676;pick item
ship_o357;ship order
place_o358;place order
pick_i1682;pick item
pick_i1685;pick item
pick_i1684;pick item
pick_i1683;pick item
pick_i1681;pick item
place_o359;place order
ship_o358;ship order
pick_i1686;pick item
pick_i1688;pick item
pick_i1691;pick item
pick_i1689;pick item
place_o360;place order
pick_i1697;pick item
pick_i1690;pick item
pick_i1698;pick item
pick_i1692;pick item
pick_i1695;pick item
pick_i1687;pick item
ship_o359;ship order
pick_i1693;pick item
pick_i1699;pick item
pick_i1696;pick item
pick_i1703;pick item
pick_i1700;pick item
pick_i1702;pick item
place_o361;place order
pick_i1705;pick item
pick_i1706;pick item
pick_i1707;pick item
pick_i1704;pick item
pick_i1709;pick item
pick_i1708;pick item
pick_i1694;pick item
ship_o361;ship order
place_o362;place order
pick_i1701;pick item
pick_i1715;pick item
ship_o360;ship order
pick_i1711;pick item
pick_i1710;pick item
place_o363;place order
pick_i1724;pick item
pick_i1718;pick item
pick_i1720;pick item
pick_i1726;pick item
pick_i1717;pick item
pick_i1712;pick item
pick_i1725;pick item
pick_i1722;pick item
pick_i1723;pick item
pick_i1719;pick item
pick_i1721;pick item
place_o364;place order
pick_i1729;pick item
ship_o363;ship order
pick_i1713;pick item
pick_i1714;pick item
pick_i1728;pick item
pick_i1727;pick item
pick_i1716;pick item
ship_o364;ship order
ship_o362;ship order
place_o365;place order
pick_i1733;pick item
pick_i1731;pick item
pick_i1732;pick item
pick_i1730;pick item
ship_o365;ship order
place_o366;place order
pick_i1736;pick item
pick_i1735;pick item
pick_i1734;pick item
place_o367;place order
ship_o366;ship order
pick_i1742;pick item
pick_i1741;pick item
pick_i1743;pick item
place_o368;place order
pick_i1739;pick item
pick_i1737;pick item
pick_i1738;pick item
pick_i1740;pick item
ship_o367;ship order
pick_i1748;pick item
pick_i1746;pick item
pick_i1745;pick item
pick_i1747;pick item
pick_i1744;pick item
ship_o368;ship order
place_o369;place order
pick_i1749;pick item
pick_i1752;pick item
pick_i1750;pick item
pick_i1751;pick item
ship_o369;ship order
place_o370;place order
pick_i1761;pick item
pick_i1760;pick item
pick_i1763;pick item
pick_i1759;pick item
pick_i1755;pick item
pick_i1758;pick item
pick_i1754;pick item
pick_i1756;pick item
pick_i1757;pick item
place_o371;place order
pick_i1762;pick item
pick_i1753;pick item
ship_o370;ship order
pick_i1768;pick item
pick_i1764;pick item
pick_i1766;pick item
pick_i1767;pick item
pick_i1769;pick item
place_o372;place order
pick_i1773;pick item
pick_i1765;pick item
pick_i1770;pick item
ship_o371;ship order
pick_i1772;pick item
pick_i1771;pick item
ship_o372;ship order
place_o373;place order
pick_i1780;pick item
pick_i1778;pick item
pick_i1776;pick item
pick_i1777;pick item
pick_i1774;pick item
pick_i1775;pick item
pick_i1779;pick item
ship_o373;ship order
place_o374;place order
pick_i1781;pick item
pick_i1783;pick item
pick_i1782;pick item
place_o375;place order
pick_i1789;pick item
pick_i1785;pick item
pick_i1787;pick item
pick_i1791;pick item
place_o376;place order
pick_i1793;pick item
pick_i1786;pick item
pick_i1790;pick item
pick_i1788;pick item
place_o377;place order
pick_i1794;pick item
ship_o375;ship order
pick_i1795;pick item
pick_i1801;pick item
pick_i1784;pick item
ship_o374;ship order
pick_i1792;pick item
pick_i1797;pick item
ship_o376;ship order
pick_i1798;pick item
pick_i1796;pick item
pick_i1800;pick item
pick_i1799;pick item
ship_o377;ship order
place_o378;place order
pick_i1802;pick item
pick_i1804;pick item
pick_i1806;pick item
pick_i1803;pick item
place_o379;place order
pick_i1805;pick item
pick_i1809;pick item
pick_i1807;pick item
ship_o378;ship order
pick_i1808;pick item
place_o380;place order
ship_o379;ship order
pick_i1811;pick item
pick_i1819;pick item
place_o381;place order
pick_i1817;pick item
pick_i1820;pick item
pick_i1821;pick item
pick_i1815;pick item
pick_i1812;pick item
pick_i1824;pick item
pick_i1816;pick item
pick_i1814;pick item
pick_i1822;pick item
pick_i1823;pick item
pick_i1813;pick item
ship_o381;ship order
pick_i1818;pick item
pick_i1810;pick item
ship_o380;ship order
place_o382;place order
pick_i1831;pick item
pick_i1830;pick item
pick_i1835;pick item
pick_i1826;pick item
pick_i1832;pick item
pick_i1827;pick item
pick_i1829;pick item
pick_i1828;pick item
pick_i1833;pick item
pick_i1825;pick item
pick_i1834;pick item
ship_o382;ship order
place_o383;place order
pick_i1837;pick item
pick_i1836;pick item
ship_o383;ship order
place_o384;place order
pick_i1845;pick item
pick_i1844;pick item
pick_i1843;pick item
pick_i1846;pick item
pick_i1838;pick item
pick_i1839;pick item
pick_i1847;pick item
pick_i1848;pick item
pick_i1842;pick item
place_o385;place order
pick_i1840;pick item
pick_i1850;pick item
pick_i1856;pick item
pick_i1855;pick item
place_o386;place order
pick_i1851;pick item
pick_i1841;pick item
ship_o384;ship order
pick_i1852;pick item
pick_i1858;pick item
pick_i1854;pick item
pick_i1853;pick item
pick_i1849;pick item
pick_i1861;pick item
pick_i1859;pick item
pick_i1857;pick item
ship_o385;ship order
pick_i1862;pick item
pick_i1860;pick item
ship_o386;ship order
place_o387;place order
pick_i1865;pick item
pick_i1864;pick item
pick_i1863;pick item
pick_i1867;pick item
place_o388;place order
pick_i1870;pick item
pick_i1866;pick item
pick_i1875;pick item
ship_o387;ship order
pick_i1869;pick item
pick_i1874;pick item
pick_i1873;pick item
pick_i1871;pick item
pick_i1872;pick item
pick_i1868;pick item
ship_o388;ship order
place_o389;place order
pick_i1880;pick item
pick_i1876;pick item
pick_i1878;pick item
place_o390;place order
pick_i1879;pick item
pick_i1886;pick item
pick_i1884;pick item
pick_i1881;pick item
pick_i1883;pick item
pick_i1877;pick item
pick_i1889;pick item
ship_o389;ship order
pick_i1887;pick item
pick_i1885;pick item
pick_i1888;pick item
pick_i1882;pick item
place_o391;place order
ship_o390;ship order
pick_i1892;pick item
pick_i1893;pick item
pick_i1894;pick item
pick_i1890;pick item
pick_i1891;pick item
pick_i1895;pick item
ship_o391;ship order
place_o392;place order
pick_i1898;pick item
pick_i1896;pick item
pick_i1902;pick item
pick_i1900;pick item
pick_i1901;pick item
pick_i1897;pick item
place_o393;place order
pick_i1906;pick item
pick_i1899;pick item
pick_i1907;pick item
ship_o392;ship order
pick_i1905;pick item
place_o394;place order
pick_i1913;pick item
pick_i1911;pick item
pick_i1909;pick item
pick_i1904;pick item
pick_i1915;pick item
pick_i1912;pick item
pick_i1910;pick item
pick_i1916;pick item
pick_i1914;pick item
pick_i1903;pick item
ship_o394;ship order
pick_i1908;pick item
ship_o393;ship order
place_o395;place order
pick_i1921;pick item
pick_i1918;pick item
pick_i1919;pick item
pick_i1922;pick item
pick_i1917;pick item
pick_i1920;pick item
pick_i1923;pick item
ship_o395;ship order
place_o396;place order
pick_i1927;pick item
pick_i1925;pick item
pick_i1926;pick item
pick_i1924;pick item
place_o397;place order
pick_i1928;pick item
ship_o396;ship order
pick_i1932;pick item
pick_i1929;pick item
pick_i1931;pick item
pick_i1930;pick item
ship_o397;ship order
place_o398;place order
pick_i1934;pick item
pick_i1933;pick item
pick_i1936;pick item
pick_i1935;pick item
ship_o398;ship order
place_o399;place order
pick_i1944;pick item
pick_i1946;pick item
pick_i1945;pick item
pick_i1943;pick item
pick_i1939;pick item
place_o400;place order
pick_i1941;pick item
pick_i1947;pick item
pick_i1938;pick item
pick_i1950;pick item
pick_i1948;pick item
pick_i1949;pick item
pick_i1940;pick item
pick_i1937;pick item
pick_i1942;pick item
pick_i1951;pick item
ship_o399;ship order
ship_o400;ship order
place_o401;place order
pick_i1956;pick item
pick_i1955;pick item
place_o402;place order
pick_i1960;pick item
pick_i1958;pick item
pick_i1953;pick item
pick_i1952;pick item
place_o403;place order
pick_i1969;pick item
pick_i1954;pick item
ship_o401;ship order
pick_i1959;pick item
pick_i1971;pick item
pick_i1968;pick item
pick_i1965;pick item
pick_i1967;pick item
pick_i1961;pick item
pick_i1966;pick item
pick_i1962;pick item
pick_i1963;pick item
pick_i1970;pick item
pick_i1957;pick item
pick_i1964;pick item
ship_o402;ship order
place_o404;place order
ship_o403;ship order
pick_i1978;pick item
pick_i1972;pick item
pick_i1976;pick item
pick_i1977;pick item
pick_i1974;pick item
pick_i1975;pick item
pick_i1979;pick item
pick_i1973;pick item
ship_o404;ship order
place_o405;place order
pick_i1980;pick item
pick_i1982;pick item
pick_i1983;pick item
pick_i1981;pick item
ship_o405;ship order
place_o406;place order
pick_i1987;pick item
pick_i1985;pick item
pick_i1984;pick item
pick_i1986;pick item
ship_o406;ship order
place_o407;place order
pick_i1990;pick item
pick_i1991;pick item
pick_i1988;pick item
pick_i1989;pick item
ship_o407;ship order
place_o408;place order
pick_i1996;pick item
pick_i1999;pick item
pick_i1994;pick item
pick_i1993;pick item
pick_i1995;pick item
pick_i1998;pick item
pick_i1997;pick item
pick_i2000;pick item
pick_i1992;pick item
ship_o408;ship order
place_o409;place order
pick_i2001;pick item
pick_i2003;pick item
pick_i2002;pick item
ship_o409;ship order
place_o410;place order
pick_i2009;pick item
pick_i2005;pick item
place_o411;place order
pick_i2006;pick item
pick_i2008;pick item
pick_i2007;pick item
pick_i2004;pick item
ship_o410;ship order
pick_i2011;pick item
pick_i2016;pick item
pick_i2015;pick item
pick_i2013;pick item
pick_i2010;pick item
pick_i2012;pick item
pick_i2014;pick item
ship_o411;ship order
place_o412;place order
pick_i2021;pick item
pick_i2020;pick item
pick_i2019;pick item
pick_i2023;pick item
pick_i2018;pick item
pick_i2017;pick item
pick_i2022;pick item
ship_o412;ship order
place_o413;place order
pick_i2026;pick item
pick_i2028;pick item
pick_i2025;pick item
pick_i2027;pick item
pick_i2029;pick item
place_o414;place order
pick_i2031;pick item
pick_i2032;pick item
pick_i2030;pick item
pick_i2024;pick item
ship_o414;ship order
ship_o413;ship order
place_o415;place order
pick_i2038;pick item
place_o416;place order
pick_i2035;pick item
pick_i2036;pick item
pick_i2042;pick item
pick_i2034;pick item
pick_i2039;pick item
pick_i2043;pick item
pick_i2040;pick item
pick_i2037;pick item
pick_i2041;pick item
pick_i2046;pick item
pick_i2045;pick item
pick_i2044;pick item
place_o417;place order
pick_i2033;pick item
ship_o416;ship order
pick_i2050;pick item
ship_o415;ship order
pick_i2049;pick item
pick_i2048;pick item
pick_i2047;pick item
pick_i2051;pick item
ship_o417;ship order
place_o418;place order
pick_i2058;pick item
pick_i2054;pick item
pick_i2052;pick item
pick_i2057;pick item
pick_i2056;pick item
pick_i2055;pick item
pick_i2053;pick item
pick_i2059;pick item
ship_o418;ship order
place_o419;place order
pick_i2064;pick item
pick_i2062;pick item
pick_i2060;pick item
place_o420;place order
pick_i2063;pick item
pick_i2061;pick item
pick_i2068;pick item
pick_i2067;pick item
pick_i2065;pick item
ship_o419;ship order
pick_i2066;pick item
pick_i2069;pick item
ship_o420;ship order
place_o421;place order
pick_i2077;pick item
pick_i2070;pick item
pick_i2071;pick item
pick_i2075;pick item
pick_i2072;pick item
pick_i2074;pick item
pick_i2073;pick item
pick_i2076;pick item
ship_o421;ship order
place_o422;place order
pick_i2082;pick item
pick_i2081;pick item
pick_i2078;pick item
pick_i2083;pick item
place_o423;place order
pick_i2084;pick item
pick_i2080;pick item
pick_i2079;pick item
ship_o422;ship order
pick_i2092;pick item
pick_i2090;pick item
pick_i2085;pick item
pick_i2093;pick item
pick_i2089;pick item
pick_i2087;pick item
pick_i2091;pick item
pick_i2095;pick item
pick_i2088;pick item
pick_i2086;pick item
pick_i2094;pick item
ship_o423;ship order
place_o424;place order
pick_i2097;pick item
pick_i2103;pick item
pick_i2101;pick item
pick_i2100;pick item
pick_i2098;pick item
pick_i2104;pick item
pick_i2105;pick item
pick_i2102;pick item
pick_i2099;pick item
pick_i2096;pick item
ship_o424;ship order
place_o425;place order
pick_i2114;pick item
pick_i2109;pick item
pick_i2110;pick item
pick_i2113;pick item
pick_i2108;pick item
pick_i2111;pick item
pick_i2112;pick item
pick_i2107;pick item
pick_i2106;pick item
ship_o425;ship order
place_o426;place order
pick_i2118;pick item
pick_i2115;pick item
pick_i2123;pick item
pick_i2121;pick item
place_o427;place order
pick_i2116;pick item
pick_i2124;pick item
pick_i2129;pick item
place_o428;place order
pick_i2127;pick item
pick_i2132;pick item
pick_i2140;pick item
pick_i2135;pick item
pick_i2128;pick item
pick_i2131;pick item
pick_i2125;pick item
pick_i2134;pick item
pick_i2120;pick item
pick_i2119;pick item
pick_i2139;pick item
place_o429;place order
pick_i2137;pick item
pick_i2138;pick item
pick_i2146;pick item
pick_i2130;pick item
pick_i2133;pick item
pick_i2136;pick item
ship_o427;ship order
pick_i2117;pick item
pick_i2142;pick item
pick_i2144;pick item
pick_i2122;pick item
pick_i2143;pick item
pick_i2145;pick item
pick_i2126;pick item
ship_o429;ship order
ship_o426;ship order
pick_i2141;pick item
ship_o428;ship order
place_o430;place order
pick_i2148;pick item
pick_i2154;pick item
pick_i2147;pick item
pick_i2155;pick item
pick_i2150;pick item
pick_i2156;pick item
pick_i2151;pick item
pick_i2153;pick item
pick_i2149;pick item
place_o431;place order
pick_i2152;pick item
ship_o430;ship order
pick_i2163;pick item
pick_i2159;pick item
pick_i2160;pick item
pick_i2162;pick item
place_o432;place order
pick_i2157;pick item
pick_i2166;pick item
pick_i2172;pick item
pick_i2170;pick item
pick_i2165;pick item
pick_i2171;pick item
pick_i2173;pick item
pick_i2168;pick item
pick_i2164;pick item
pick_i2169;pick item
pick_i2158;pick item
pick_i2161;pick item
place_o433;place order
pick_i2177;pick item
ship_o431;ship order
pick_i2179;pick item
pick_i2176;pick item
place_o434;place order
pick_i2182;pick item
pick_i2189;pick item
pick_i2175;pick item
pick_i2184;pick item
pick_i2180;pick item
pick_i2185;pick item
pick_i2183;pick item
pick_i2186;pick item
pick_i2167;pick item
ship_o432;ship order
pick_i2174;pick item
pick_i2178;pick item
pick_i2187;pick item
ship_o433;ship order
pick_i2188;pick item
pick_i2181;pick item
ship_o434;ship order
place_o435;place order
pick_i2191;pick item
pick_i2190;pick item
pick_i2194;pick item
pick_i2193;pick item
place_o436;place order
pick_i2192;pick item
pick_i2201;pick item
ship_o435;ship order
pick_i2202;pick item
pick_i2200;pick item
place_o437;place order
pick_i2207;pick item
pick_i2199;pick item
pick_i2198;pick item
pick_i2208;pick item
pick_i2204;pick item
pick_i2197;pick item
pick_i2206;pick item
pick_i2209;pick item
pick_i2205;pick item
pick_i2196;pick item
pick_i2203;pick item
pick_i2195;pick item
ship_o437;ship order
ship_o436;ship order
place_o438;place order
pick_i2214;pick item
pick_i2212;pick item
pick_i2211;pick item
pick_i2216;pick item
pick_i2217;pick item
pick_i2210;pick item
pick_i2213;pick item
pick_i2215;pick item
ship_o438;ship order
place_o439;place order
pick_i2222;pick item
pick_i2223;pick item
pick_i2218;pick item
pick_i2224;pick item
pick_i2221;pick item
pick_i2219;pick item
pick_i2220;pick item
place_o440;place order
ship_o439;ship order
pick_i2230;pick item
pick_i2233;pick item
pick_i2225;pick item
pick_i2232;pick item
pick_i2227;pick item
pick_i2228;pick item
place_o441;place order
pick_i2239;pick item
pick_i2238;pick item
pick_i2241;pick item
pick_i2231;pick item
pick_i2236;pick item
pick_i2235;pick item
pick_i2229;pick item
pick_i2234;pick item
pick_i2240;pick item
pick_i2226;pick item
pick_i2237;pick item
ship_o440;ship order
ship_o441;ship order
place_o442;place order
pick_i2245;pick item
pick_i2244;pick item
pick_i2243;pick item
pick_i2246;pick item
pick_i2252;pick item
pick_i2249;pick item
pick_i2242;pick item
pick_i2251;pick item
pick_i2248;pick item
pick_i2250;pick item
pick_i2253;pick item
pick_i2247;pick item
ship_o442;ship order
place_o443;place order
pick_i2254;pick item
pick_i2257;pick item
pick_i2258;pick item
pick_i2256;pick item
pick_i2255;pick item
ship_o443;ship order
place_o444;place order
pick_i2260;pick item
pick_i2259;pick item
pick_i2262;pick item
place_o445;place order
pick_i2261;pick item
pick_i2264;pick item
pick_i2263;pick item
ship_o444;ship order
pick_i2269;pick item
pick_i2274;pick item
pick_i2270;pick item
pick_i2271;pick item
place_o446;place order
pick_i2267;pick item
pick_i2266;pick item
pick_i2268;pick item
pick_i2277;pick item
pick_i2279;pick item
pick_i2280;pick item
pick_i2273;pick item
pick_i2272;pick item
place_o447;place order
pick_i2278;pick item
pick_i2281;pick item
pick_i2275;pick item
pick_i2276;pick item
pick_i2289;pick item
ship_o446;ship order
pick_i2282;pick item
pick_i2284;pick item
pick_i2283;pick item
pick_i2288;pick item
pick_i2285;pick item
place_o448;place order
pick_i2294;pick item
pick_i2286;pick item
pick_i2292;pick item
pick_i2290;pick item
pick_i2296;pick item
pick_i2291;pick item
place_o449;place order
pick_i2265;pick item
ship_o445;ship order
pick_i2295;pick item
pick_i2299;pick item
pick_i2303;pick item
pick_i2293;pick item
ship_o448;ship order
pick_i2302;pick item
pick_i2298;pick item
pick_i2297;pick item
pick_i2301;pick item
pick_i2287;pick item
place_o450;place order
ship_o447;ship order
pick_i2300;pick item
ship_o449;ship order
pick_i2304;pick item
pick_i2307;pick item
pick_i2306;pick item
pick_i2305;pick item
pick_i2308;pick item
ship_o450;ship order
place_o451;place order
pick_i2312;pick item
pick_i2313;pick item
pick_i2311;pick item
pick_i2314;pick item
pick_i2315;pick item
pick_i2316;pick item
pick_i2309;pick item
place_o452;place order
pick_i2310;pick item
ship_o451;ship order
pick_i2324;pick item
pick_i2319;pick item
pick_i2320;pick item
pick_i2325;pick item
pick_i2322;pick item
pick_i2318;pick item
pick_i2321;pick item
pick_i2323;pick item
pick_i2317;pick item
ship_o452;ship order
place_o453;place order
pick_i2326;pick item
pick_i2327;pick item
pick_i2328;pick item
ship_o453;ship order
place_o454;place order
pick_i2334;pick item
pick_i2329;pick item
pick_i2337;pick item
pick_i2336;pick item
place_o455;place order
pick_i2338;pick item
pick_i2343;pick item
pick_i2342;pick item
pick_i2339;pick item
place_o456;place order
pick_i2333;pick item
pick_i2332;pick item
place_o457;place order
pick_i2346;pick item
pick_i2345;pick item
pick_i2331;pick item
pick_i2335;pick item
pick_i2340;pick item
pick_i2354;pick item
pick_i2344;pick item
pick_i2352;pick item
pick_i2355;pick item
place_o458;place order
pick_i2359;pick item
pick_i2350;pick item
pick_i2365;pick item
pick_i2363;pick item
pick_i2364;pick item
pick_i2347;pick item
pick_i2341;pick item
pick_i2330;pick item
ship_o455;ship order
pick_i2361;pick item
ship_o454;ship order
pick_i2368;pick item
place_o459;place order
pick_i2362;pick item
pick_i2353;pick item
pick_i2372;pick item
pick_i2371;pick item
pick_i2351;pick item
pick_i2370;pick item
pick_i2367;pick item
pick_i2360;pick item
pick_i2374;pick item
pick_i2369;pick item
pick_i2349;pick item
pick_i2366;pick item
pick_i2357;pick item
pick_i2373;pick item
pick_i2375;pick item
ship_o459;ship order
pick_i2356;pick item
ship_o457;ship order
pick_i2358;pick item
ship_o458;ship order
pick_i2348;pick item
ship_o456;ship order
place_o460;place order
pick_i2378;pick item
pick_i2379;pick item
pick_i2380;pick item
pick_i2376;pick item
pick_i2377;pick item
ship_o460;ship order
place_o461;place order
pick_i2382;pick item
pick_i2383;pick item
pick_i2385;pick item
pick_i2384;pick item
pick_i2381;pick item
ship_o461;ship order
place_o462;place order
pick_i2392;pick item
pick_i2388;pick item
pick_i2386;pick item
pick_i2390;pick item
pick_i2391;pick item
pick_i2387;pick item
pick_i2389;pick item
ship_o462;ship order
place_o463;place order
pick_i2393;pick item
pick_i2394;pick item
ship_o463;ship order
place_o464;place order
pick_i2395;pick item
pick_i2403;pick item
pick_i2400;pick item
pick_i2405;pick item
pick_i2397;pick item
pick_i2399;pick item
pick_i2401;pick item
pick_i2404;pick item
pick_i2398;pick item
pick_i2402;pick item
pick_i2396;pick item
ship_o464;ship order
place_o465;place order
pick_i2412;pick item
pick_i2413;pick item
pick_i2407;pick item
pick_i2406;pick item
pick_i2414;pick item
place_o466;place order
pick_i2416;pick item
pick_i2417;pick item
place_o467;place order
pick_i2431;pick item
pick_i2430;pick item
pick_i2427;pick item
pick_i2410;pick item
pick_i2408;pick item
pick_i2420;pick item
pick_i2422;pick item
pick_i2434;pick item
pick_i2425;pick item
pick_i2428;pick item
pick_i2429;pick item
pick_i2415;pick item
pick_i2423;pick item
pick_i2411;pick item
pick_i2424;pick item
pick_i2426;pick item
pick_i2433;pick item
pick_i2419;pick item
pick_i2435;pick item
pick_i2418;pick item
place_o468;place order
pick_i2421;pick item
pick_i2444;pick item
ship_o466;ship order
pick_i2440;pick item
pick_i2446;pick item
pick_i2445;pick item
pick_i2432;pick item
ship_o467;ship order
pick_i2436;pick item
pick_i2437;pick item
pick_i2409;pick item
pick_i2443;pick item
ship_o465;ship order
pick_i2442;pick item
pick_i2438;pick item
pick_i2439;pick item
pick_i2441;pick item
ship_o468;ship order
place_o469;place order
pick_i2453;pick item
pick_i2452;pick item
pick_i2454;pick item
pick_i2451;pick item
pick_i2450;pick item
pick_i2456;pick item
pick_i2448;pick item
pick_i2447;pick item
pick_i2449;pick item
pick_i2455;pick item
ship_o469;ship order
place_o470;place order
pick_i2458;pick item
pick_i2463;pick item
pick_i2464;pick item
place_o471;place order
pick_i2467;pick item
pick_i2457;pick item
pick_i2468;pick item
pick_i2466;pick item
place_o472;place order
pick_i2470;pick item
pick_i2462;pick item
pick_i2478;pick item
pick_i2471;pick item
pick_i2475;pick item
pick_i2461;pick item
pick_i2480;pick item
pick_i2459;pick item
pick_i2460;pick item
pick_i2469;pick item
ship_o470;ship order
pick_i2465;pick item
pick_i2473;pick item
ship_o471;ship order
pick_i2476;pick item
pick_i2481;pick item
pick_i2477;pick item
place_o473;place order
pick_i2472;pick item
pick_i2479;pick item
pick_i2483;pick item
pick_i2474;pick item
ship_o472;ship order
pick_i2482;pick item
pick_i2486;pick item
pick_i2484;pick item
pick_i2485;pick item
ship_o473;ship order
place_o474;place order
pick_i2488;pick item
pick_i2487;pick item
pick_i2489;pick item
pick_i2491;pick item
pick_i2490;pick item
ship_o474;ship order
place_o475;place order
pick_i2497;pick item
pick_i2495;pick item
pick_i2499;pick item
pick_i2492;pick item
pick_i2493;pick item
place_o476;place order
pick_i2498;pick item
pick_i2501;pick item
pick_i2502;pick item
place_o477;place order
pick_i2500;pick item
pick_i2494;pick item
pick_i2496;pick item
pick_i2507;pick item
ship_o475;ship order
pick_i2504;pick item
pick_i2506;pick item
pick_i2511;pick item
place_o478;place order
pick_i2516;pick item
pick_i2503;pick item
pick_i2508;pick item
ship_o476;ship order
pick_i2505;pick item
pick_i2513;pick item
pick_i2514;pick item
pick_i2509;pick item
pick_i2515;pick item
pick_i2517;pick item
pick_i2512;pick item
pick_i2510;pick item
ship_o478;ship order
place_o479;place order
ship_o477;ship order
pick_i2524;pick item
pick_i2522;pick item
pick_i2520;pick item
pick_i2526;pick item
place_o480;place order
pick_i2530;pick item
pick_i2529;pick item
pick_i2519;pick item
pick_i2525;pick item
pick_i2539;pick item
pick_i2533;pick item
pick_i2536;pick item
place_o481;place order
pick_i2518;pick item
pick_i2540;pick item
pick_i2531;pick item
pick_i2535;pick item
pick_i2542;pick item
pick_i2546;pick item
pick_i2538;pick item
pick_i2523;pick item
pick_i2548;pick item
pick_i2532;pick item
pick_i2534;pick item
place_o482;place order
pick_i2550;pick item
pick_i2545;pick item
pick_i2560;pick item
pick_i2528;pick item
place_o483;place order
pick_i2556;pick item
pick_i2537;pick item
ship_o480;ship order
pick_i2541;pick item
pick_i2552;pick item
pick_i2562;pick item
pick_i2547;pick item
pick_i2549;pick item
place_o484;place order
pick_i2579;pick item
pick_i2568;pick item
pick_i2567;pick item
pick_i2553;pick item
pick_i2573;pick item
pick_i2544;pick item
pick_i2543;pick item
ship_o481;ship order
pick_i2570;pick item
pick_i2557;pick item
pick_i2575;pick item
place_o485;place order
pick_i2551;pick item
pick_i2521;pick item
pick_i2586;pick item
pick_i2571;pick item
pick_i2574;pick item
pick_i2578;pick item
pick_i2569;pick item
pick_i2588;pick item
pick_i2583;pick item
pick_i2527;pick item
pick_i2558;pick item
ship_o479;ship order
place_o486;place order
pick_i2572;pick item
pick_i2559;pick item
pick_i2591;pick item
pick_i2590;pick item
pick_i2582;pick item
place_o487;place order
pick_i2595;pick item
pick_i2584;pick item
pick_i2566;pick item
pick_i2605;pick item
pick_i2598;pick item
pick_i2597;pick item
pick_i2604;pick item
pick_i2592;pick item
pick_i2563;pick item
pick_i2587;pick item
pick_i2593;pick item
pick_i2555;pick item
place_o488;place order
pick_i2602;pick item
pick_i2565;pick item
pick_i2612;pick item
pick_i2603;pick item
pick_i2577;pick item
pick_i2554;pick item
pick_i2581;pick item
pick_i2607;pick item
pick_i2609;pick item
pick_i2580;pick item
pick_i2613;pick item
pick_i2576;pick item
pick_i2561;pick item
ship_o484;ship order
pick_i2606;pick item
ship_o482;ship order
pick_i2585;pick item
ship_o485;ship order
pick_i2610;pick item
pick_i2599;pick item
pick_i2600;pick item
pick_i2564;pick item
ship_o483;ship order
pick_i2589;pick item
pick_i2594;pick item
pick_i2611;pick item
pick_i2601;pick item
ship_o487;ship order
pick_i2608;pick item
ship_o488;ship order
pick_i2596;pick item
place_o489;place order
pick_i2616;pick item
ship_o486;ship order
pick_i2614;pick item
pick_i2615;pick item
pick_i2618;pick item
pick_i2617;pick item
ship_o489;ship order
place_o490;place order
pick_i2621;pick item
pick_i2620;pick item
pick_i2619;pick item
pick_i2622;pick item
ship_o490;ship order
place_o491;place order
pick_i2625;pick item
pick_i2633;pick item
pick_i2629;pick item
place_o492;place order
pick_i2632;pick item
pick_i2643;pick item
pick_i2642;pick item
pick_i2628;pick item
pick_i2634;pick item
pick_i2636;pick item
pick_i2635;pick item
pick_i2638;pick item
pick_i2627;pick item
pick_i2639;pick item
pick_i2631;pick item
pick_i2637;pick item
pick_i2626;pick item
pick_i2624;pick item
pick_i2630;pick item
pick_i2623;pick item
ship_o491;ship order
pick_i2641;pick item
pick_i2640;pick item
ship_o492;ship order
place_o493;place order
pick_i2652;pick item
pick_i2648;pick item
pick_i2645;pick item
pick_i2654;pick item
pick_i2646;pick item
pick_i2650;pick item
pick_i2644;pick item
pick_i2647;pick item
pick_i2649;pick item
pick_i2653;pick item
pick_i2651;pick item
ship_o493;ship order
place_o494;place order
pick_i2660;pick item
pick_i2655;pick item
pick_i2658;pick item
place_o495;place order
pick_i2662;pick item
pick_i2656;pick item
pick_i2659;pick item
pick_i2657;pick item
pick_i2661;pick item
pick_i2664;pick item
ship_o494;ship order
pick_i2663;pick item
pick_i2665;pick item
place_o496;place order
ship_o495;ship order
pick_i2668;pick item
pick_i2672;pick item
pick_i2669;pick item
place_o497;place order
pick_i2667;pick item
pick_i2673;pick item
pick_i2670;pick item
pick_i2671;pick item
pick_i2666;pick item
ship_o496;ship order
pick_i2678;pick item
pick_i2675;pick item
pick_i2680;pick item
pick_i2676;pick item
pick_i2679;pick item
pick_i2677;pick item
pick_i2674;pick item
ship_o497;ship order
place_o498;place order
pick_i2683;pick item
pick_i2684;pick item
pick_i2682;pick item
pick_i2685;pick item
pick_i2681;pick item
ship_o498;ship order
place_o499;place order
pick_i2689;pick item
pick_i2687;pick item
pick_i2688;pick item
pick_i2686;pick item
ship_o499;ship order
place_o500;place order
pick_i2691;pick item
pick_i2695;pick item
pick_i2694;pick item
place_o501;place order
pick_i2693;pick item
pick_i2700;pick item
pick_i2692;pick item
pick_i2698;pick item
pick_i2697;pick item
pick_i2699;pick item
place_o502;place order
pick_i2696;pick item
pick_i2711;pick item
pick_i2714;pick item
place_o503;place order
pick_i2703;pick item
pick_i2690;pick item
ship_o500;ship order
pick_i2701;pick item
pick_i2702;pick item
pick_i2709;pick item
pick_i2706;pick item
pick_i2707;pick item
pick_i2712;pick item
pick_i2708;pick item
pick_i2710;pick item
pick_i2713;pick item
pick_i2704;pick item
pick_i2705;pick item
ship_o501;ship order
ship_o502;ship order
pick_i2723;pick item
pick_i2720;pick item
pick_i2719;pick item
pick_i2716;pick item
pick_i2717;pick item
pick_i2722;pick item
pick_i2718;pick item
pick_i2715;pick item
pick_i2721;pick item
ship_o503;ship order
place_o504;place order
pick_i2730;pick item
pick_i2728;pick item
pick_i2725;pick item
pick_i2729;pick item
pick_i2727;pick item
pick_i2726;pick item
pick_i2724;pick item
ship_o504;ship order
place_o505;place order
pick_i2736;pick item
pick_i2733;pick item
pick_i2732;pick item
pick_i2735;pick item
pick_i2734;pick item
place_o506;place order
pick_i2741;pick item
pick_i2739;pick item
pick_i2738;pick item
pick_i2731;pick item
pick_i2737;pick item
ship_o505;ship order
pick_i2742;pick item
pick_i2740;pick item
ship_o506;ship order
place_o507;place order
pick_i2745;pick item
pick_i2743;pick item
pick_i2744;pick item
place_o508;place order
pick_i2754;pick item
ship_o507;ship order
pick_i2748;pick item
place_o509;place order
pick_i2750;pick item
pick_i2755;pick item
pick_i2747;pick item
pick_i2757;pick item
pick_i2762;pick item
place_o510;place order
pick_i2753;pick item
pick_i2775;pick item
pick_i2774;pick item
pick_i2772;pick item
pick_i2756;pick item
pick_i2751;pick item
pick_i2773;pick item
pick_i2758;pick item
pick_i2767;pick item
place_o511;place order
pick_i2752;pick item
pick_i2778;pick item
pick_i2760;pick item
pick_i2749;pick item
pick_i2784;pick item
pick_i2766;pick item
pick_i2777;pick item
pick_i2763;pick item
pick_i2780;pick item
pick_i2769;pick item
place_o512;place order
pick_i2765;pick item
pick_i2764;pick item
pick_i2746;pick item
pick_i2761;pick item
ship_o508;ship order
pick_i2771;pick item
place_o513;place order
pick_i2791;pick item
pick_i2781;pick item
pick_i2759;pick item
pick_i2770;pick item
ship_o509;ship order
pick_i2787;pick item
pick_i2782;pick item
pick_i2792;pick item
pick_i2779;pick item
pick_i2768;pick item
place_o514;place order
pick_i2806;pick item
ship_o510;ship order
pick_i2790;pick item
pick_i2799;pick item
pick_i2803;pick item
pick_i2796;pick item
pick_i2805;pick item
place_o515;place order
pick_i2807;pick item
pick_i2785;pick item
pick_i2804;pick item
pick_i2814;pick item
pick_i2788;pick item
pick_i2802;pick item
pick_i2816;pick item
pick_i2783;pick item
pick_i2797;pick item
pick_i2794;pick item
pick_i2801;pick item
pick_i2798;pick item
pick_i2800;pick item
pick_i2810;pick item
pick_i2786;pick item
pick_i2812;pick item
pick_i2808;pick item
ship_o514;ship order
pick_i2811;pick item
pick_i2795;pick item
pick_i2813;pick item
pick_i2789;pick item
pick_i2776;pick item
ship_o512;ship order
pick_i2793;pick item
ship_o511;ship order
pick_i2815;pick item
ship_o513;ship order
pick_i2809;pick item
ship_o515;ship order
place_o516;place order
pick_i2825;pick item
pick_i2818;pick item
pick_i2827;pick item
pick_i2819;pick item
pick_i2828;pick item
pick_i2820;pick item
pick_i2823;pick item
pick_i2821;pick item
place_o517;place order
pick_i2824;pick item
pick_i2826;pick item
pick_i2831;pick item
place_o518;place order
pick_i2829;pick item
pick_i2836;pick item
pick_i2822;pick item
pick_i2840;pick item
pick_i2832;pick item
pick_i2838;pick item
pick_i2837;pick item
place_o519;place order
pick_i2843;pick item
pick_i2844;pick item
pick_i2841;pick item
pick_i2842;pick item
pick_i2834;pick item
pick_i2839;pick item
pick_i2830;pick item
pick_i2847;pick item
pick_i2848;pick item
pick_i2846;pick item
pick_i2833;pick item
place_o520;place order
pick_i2851;pick item
ship_o517;ship order
pick_i2859;pick item
pick_i2858;pick item
pick_i2835;pick item
pick_i2856;pick item
ship_o518;ship order
pick_i2845;pick item
ship_o519;ship order
pick_i2860;pick item
pick_i2817;pick item
pick_i2852;pick item
ship_o516;ship order
pick_i2850;pick item
pick_i2853;pick item
pick_i2857;pick item
pick_i2854;pick item
pick_i2849;pick item
pick_i2855;pick item
ship_o520;ship order
place_o521;place order
pick_i2861;pick item
pick_i2864;pick item
pick_i2862;pick item
pick_i2865;pick item
place_o522;place order
pick_i2863;pick item
ship_o521;ship order
pick_i2869;pick item
pick_i2871;pick item
pick_i2866;pick item
pick_i2870;pick item
pick_i2872;pick item
pick_i2867;pick item
pick_i2868;pick item
ship_o522;ship order
place_o523;place order
pick_i2874;pick item
pick_i2879;pick item
pick_i2880;pick item
pick_i2876;pick item
pick_i2875;pick item
pick_i2877;pick item
place_o524;place order
pick_i2878;pick item
pick_i2873;pick item
ship_o523;ship order
pick_i2887;pick item
pick_i2886;pick item
pick_i2883;pick item
pick_i2881;pick item
pick_i2885;pick item
pick_i2882;pick item
pick_i2884;pick item
ship_o524;ship order
place_o525;place order
pick_i2890;pick item
pick_i2888;pick item
pick_i2896;pick item
pick_i2891;pick item
pick_i2894;pick item
pick_i2892;pick item
pick_i2893;pick item
pick_i2889;pick item
pick_i2895;pick item
place_o526;place order
ship_o525;ship order
pick_i2899;pick item
pick_i2900;pick item
pick_i2898;pick item
pick_i2897;pick item
ship_o526;ship order
place_o527;place order
pick_i2902;pick item
pick_i2904;pick item
pick_i2905;pick item
pick_i2901;pick item
pick_i2903;pick item
ship_o527;ship order
place_o528;place order
pick_i2906;pick item
pick_i2910;pick item
pick_i2907;pick item
pick_i2909;pick item
pick_i2908;pick item
ship_o528;ship order
place_o529;place order
pick_i2917;pick item
pick_i2918;pick item
pick_i2914;pick item
pick_i2912;pick item
pick_i2911;pick item
pick_i2913;pick item
pick_i2916;pick item
pick_i2915;pick item
ship_o529;ship order
place_o530;place order
pick_i2922;pick item
pick_i2919;pick item
pick_i2921;pick item
pick_i2920;pick item
place_o531;place order
ship_o530;ship order
pick_i2924;pick item
pick_i2926;pick item
pick_i2925;pick item
pick_i2923;pick item
ship_o531;ship order
place_o532;place order
pick_i2932;pick item
pick_i2933;pick item
pick_i2927;pick item
pick_i2928;pick item
pick_i2929;pick item
pick_i2934;pick item
pick_i2930;pick item
pick_i2931;pick item
ship_o532;ship order
place_o533;place order
pick_i2935;pick item
pick_i2938;pick item
pick_i2941;pick item
pick_i2936;pick item
pick_i2943;pick item
pick_i2940;pick item
pick_i2939;pick item
pick_i2937;pick item
pick_i2942;pick item
ship_o533;ship order
place_o534;place order
pick_i2944;pick item
pick_i2949;pick item
pick_i2946;pick item
pick_i2945;pick item
pick_i2948;pick item
pick_i2947;pick item
ship_o534;ship order
place_o535;place order
pick_i2957;pick item
pick_i2956;pick item
place_o536;place order
pick_i2962;pick item
pick_i2967;pick item
pick_i2961;pick item
place_o537;place order
pick_i2950;pick item
pick_i2972;pick item
pick_i2969;pick item
pick_i2966;pick item
pick_i2958;pick item
pick_i2964;pick item
pick_i2952;pick item
place_o538;place order
pick_i2977;pick item
pick_i2965;pick item
pick_i2954;pick item
pick_i2978;pick item
pick_i2975;pick item
pick_i2971;pick item
pick_i2960;pick item
pick_i2953;pick item
pick_i2955;pick item
pick_i2973;pick item
pick_i2974;pick item
pick_i2963;pick item
place_o539;place order
pick_i2970;pick item
pick_i2968;pick item
pick_i2987;pick item
ship_o537;ship order
pick_i2980;pick item
pick_i2986;pick item
place_o540;place order
pick_i2983;pick item
pick_i2989;pick item
pick_i2982;pick item
pick_i2995;pick item
pick_i2979;pick item
place_o541;place order
pick_i2991;pick item
pick_i2992;pick item
pick_i2993;pick item
pick_i3001;pick item
pick_i2988;pick item
pick_i2984;pick item
pick_i2951;pick item
ship_o535;ship order
pick_i2985;pick item
pick_i2999;pick item
pick_i2981;pick item
pick_i2976;pick item
ship_o538;ship order
pick_i2996;pick item
pick_i2994;pick item
pick_i2990;pick item
ship_o540;ship order
pick_i2997;pick item
ship_o539;ship order
pick_i3002;pick item
pick_i2959;pick item
place_o542;place order
pick_i2998;pick item
ship_o536;ship order
pick_i3000;pick item
pick_i3005;pick item
ship_o541;ship order
pick_i3007;pick item
pick_i3003;pick item
pick_i3008;pick item
pick_i3009;pick item
pick_i3004;pick item
pick_i3006;pick item
ship_o542;ship order
place_o543;place order
pick_i3016;pick item
pick_i3015;pick item
pick_i3013;pick item
pick_i3014;pick item
pick_i3012;pick item
pick_i3010;pick item
place_o544;place order
pick_i3019;pick item
pick_i3020;pick item
pick_i3011;pick item
ship_o543;ship order
pick_i3018;pick item
pick_i3017;pick item
ship_o544;ship order
place_o545;place order
pick_i3026;pick item
pick_i3025;pick item
pick_i3023;pick item
pick_i3022;pick item
pick_i3021;pick item
pick_i3024;pick item
ship_o545;ship order
place_o546;place order
pick_i3028;pick item
pick_i3036;pick item
pick_i3033;pick item
pick_i3027;pick item
pick_i3034;pick item
pick_i3029;pick item
pick_i3035;pick item
pick_i3030;pick item
pick_i3031;pick item
pick_i3032;pick item
ship_o546;ship order
place_o547;place order
pick_i3041;pick item
place_o548;place order
pick_i3053;pick item
pick_i3049;pick item
pick_i3046;pick item
pick_i3051;pick item
pick_i3042;pick item
pick_i3050;pick item
pick_i3048;pick item
pick_i3040;pick item
pick_i3052;pick item
pick_i3055;pick item
pick_i3054;pick item
pick_i3044;pick item
pick_i3043;pick item
pick_i3056;pick item
place_o549;place order
pick_i3037;pick item
pick_i3047;pick item
pick_i3059;pick item
ship_o548;ship order
pick_i3060;pick item
pick_i3038;pick item
pick_i3061;pick item
pick_i3058;pick item
pick_i3063;pick item
pick_i3065;pick item
pick_i3057;pick item
pick_i3039;pick item
pick_i3064;pick item
pick_i3066;pick item
pick_i3062;pick item
pick_i3067;pick item
pick_i3045;pick item
ship_o549;ship order
ship_o547;ship order
place_o550;place order
pick_i3075;pick item
pick_i3071;pick item
pick_i3072;pick item
pick_i3074;pick item
pick_i3070;pick item
pick_i3078;pick item
pick_i3073;pick item
pick_i3077;pick item
pick_i3069;pick item
pick_i3068;pick item
pick_i3076;pick item
pick_i3079;pick item
ship_o550;ship order
place_o551;place order
pick_i3085;pick item
pick_i3086;pick item
pick_i3090;pick item
pick_i3080;pick item
pick_i3084;pick item
pick_i3089;pick item
pick_i3087;pick item
pick_i3088;pick item
pick_i3081;pick item
place_o552;place order
pick_i3083;pick item
pick_i3095;pick item
pick_i3092;pick item
pick_i3094;pick item
place_o553;place order
pick_i3096;pick item
pick_i3105;pick item
pick_i3104;pick item
pick_i3098;pick item
pick_i3100;pick item
pick_i3102;pick item
pick_i3099;pick item
pick_i3082;pick item
ship_o551;ship order
pick_i3106;pick item
pick_i3101;pick item
pick_i3091;pick item
pick_i3093;pick item
pick_i3103;pick item
pick_i3097;pick item
ship_o553;ship order
ship_o552;ship order
place_o554;place order
pick_i3112;pick item
pick_i3114;pick item
pick_i3109;pick item
pick_i3113;pick item
pick_i3107;pick item
pick_i3111;pick item
pick_i3110;pick item
place_o555;place order
pick_i3108;pick item
pick_i3115;pick item
ship_o554;ship order
pick_i3122;pick item
pick_i3116;pick item
pick_i3120;pick item
pick_i3118;pick item
pick_i3121;pick item
pick_i3119;pick item
pick_i3117;pick item
ship_o555;ship order
place_o556;place order
pick_i3128;pick item
pick_i3123;pick item
pick_i3126;pick item
pick_i3129;pick item
pick_i3130;pick item
pick_i3127;pick item
pick_i3124;pick item
place_o557;place order
pick_i3125;pick item
ship_o556;ship order
pick_i3133;pick item
pick_i3136;pick item
pick_i3134;pick item
pick_i3138;pick item
pick_i3132;pick item
place_o558;place order
pick_i3143;pick item
pick_i3131;pick item
pick_i3144;pick item
pick_i3141;pick item
pick_i3140;pick item
pick_i3142;pick item
pick_i3139;pick item
pick_i3137;pick item
pick_i3135;pick item
ship_o557;ship order
pick_i3145;pick item
ship_o558;ship order
place_o559;place order
pick_i3146;pick item
pick_i3149;pick item
pick_i3147;pick item
pick_i3148;pick item
ship_o559;ship order
place_o560;place order
pick_i3151;pick item
pick_i3153;pick item
pick_i3154;pick item
pick_i3159;pick item
place_o561;place order
pick_i3156;pick item
pick_i3157;pick item
pick_i3167;pick item
pick_i3164;pick item
place_o562;place order
pick_i3152;pick item
pick_i3169;pick item
pick_i3168;pick item
pick_i3150;pick item
pick_i3155;pick item
pick_i3163;pick item
pick_i3161;pick item
pick_i3160;pick item
pick_i3166;pick item
pick_i3177;pick item
pick_i3175;pick item
pick_i3158;pick item
pick_i3174;pick item
ship_o560;ship order
pick_i3172;pick item
pick_i3162;pick item
pick_i3165;pick item
pick_i3176;pick item
ship_o561;ship order
pick_i3173;pick item
pick_i3170;pick item
pick_i3171;pick item
ship_o562;ship order
place_o563;place order
pick_i3184;pick item
pick_i3179;pick item
pick_i3183;pick item
pick_i3181;pick item
pick_i3178;pick item
pick_i3182;pick item
pick_i3180;pick item
ship_o563;ship order
place_o564;place order
pick_i3185;pick item
pick_i3191;pick item
pick_i3189;pick item
place_o565;place order
pick_i3196;pick item
pick_i3195;pick item
pick_i3198;pick item
pick_i3190;pick item
pick_i3200;pick item
pick_i3193;pick item
pick_i3199;pick item
pick_i3197;pick item
place_o566;place order
pick_i3201;pick item
pick_i3203;pick item
pick_i3206;pick item
pick_i3192;pick item
pick_i3188;pick item
pick_i3194;pick item
ship_o565;ship order
pick_i3207;pick item
pick_i3187;pick item
place_o567;place order
pick_i3202;pick item
pick_i3208;pick item
pick_i3213;pick item
pick_i3211;pick item
pick_i3212;pick item
pick_i3204;pick item
pick_i3205;pick item
pick_i3215;pick item
ship_o566;ship order
pick_i3209;pick item
pick_i3210;pick item
pick_i3214;pick item
ship_o567;ship order
pick_i3186;pick item
ship_o564;ship order
place_o568;place order
pick_i3218;pick item
pick_i3217;pick item
pick_i3222;pick item
pick_i3219;pick item
place_o569;place order
pick_i3227;pick item
pick_i3221;pick item
pick_i3228;pick item
place_o570;place order
pick_i3223;pick item
pick_i3225;pick item
pick_i3220;pick item
place_o571;place order
pick_i3232;pick item
pick_i3229;pick item
pick_i3216;pick item
pick_i3224;pick item
ship_o568;ship order
pick_i3245;pick item
pick_i3243;pick item
pick_i3244;pick item
pick_i3240;pick item
pick_i3231;pick item
place_o572;place order
pick_i3235;pick item
pick_i3236;pick item
pick_i3237;pick item
pick_i3234;pick item
pick_i3242;pick item
pick_i3247;pick item
pick_i3250;pick item
pick_i3233;pick item
place_o573;place order
pick_i3241;pick item
pick_i3246;pick item
pick_i3226;pick item
pick_i3251;pick item
ship_o569;ship order
pick_i3248;pick item
pick_i3257;pick item
pick_i3255;pick item
pick_i3254;pick item
pick_i3239;pick item
pick_i3249;pick item
place_o574;place order
ship_o572;ship order
pick_i3253;pick item
pick_i3256;pick item
pick_i3260;pick item
pick_i3259;pick item
place_o575;place order
pick_i3263;pick item
pick_i3261;pick item
pick_i3269;pick item
pick_i3267;pick item
pick_i3230;pick item
pick_i3266;pick item
ship_o570;ship order
pick_i3238;pick item
ship_o571;ship order
pick_i3268;pick item
pick_i3264;pick item
pick_i3258;pick item
ship_o574;ship order
pick_i3252;pick item
pick_i3262;pick item
ship_o573;ship order
pick_i3265;pick item
ship_o575;ship order
place_o576;place order
pick_i3273;pick item
pick_i3270;pick item
pick_i3276;pick item
pick_i3272;pick item
pick_i3274;pick item
pick_i3275;pick item
pick_i3271;pick item
ship_o576;ship order
place_o577;place order
pick_i3283;pick item
pick_i3282;pick item
pick_i3277;pick item
place_o578;place order
pick_i3278;pick item
pick_i3279;pick item
pick_i3281;pick item
pick_i3280;pick item
pick_i3292;pick item
ship_o577;ship order
pick_i3294;pick item
pick_i3289;pick item
pick_i3290;pick item
pick_i3284;pick item
pick_i3293;pick item
place_o579;place order
pick_i3286;pick item
pick_i3301;pick item
place_o580;place order
pick_i3309;pick item
pick_i3285;pick item
pick_i3300;pick item
pick_i3305;pick item
pick_i3287;pick item
pick_i3291;pick item
pick_i3299;pick item
pick_i3307;pick item
pick_i3304;pick item
pick_i3312;pick item
pick_i3288;pick item
ship_o578;ship order
pick_i3298;pick item
pick_i3311;pick item
pick_i3306;pick item
pick_i3313;pick item
pick_i3303;pick item
pick_i3296;pick item
pick_i3297;pick item
pick_i3308;pick item
pick_i3302;pick item
pick_i3310;pick item
ship_o580;ship order
pick_i3295;pick item
place_o581;place order
pick_i3316;pick item
ship_o579;ship order
pick_i3318;pick item
pick_i3315;pick item
place_o582;place order
pick_i3317;pick item
pick_i3320;pick item
place_o583;place order
pick_i3321;pick item
pick_i3342;pick item
pick_i3314;pick item
ship_o581;ship order
pick_i3340;pick item
pick_i3332;pick item
pick_i3325;pick item
pick_i3337;pick item
pick_i3341;pick item
pick_i3323;pick item
pick_i3328;pick item
pick_i3331;pick item
pick_i3336;pick item
pick_i3322;pick item
pick_i3324;pick item
pick_i3338;pick item
pick_i3326;pick item
pick_i3335;pick item
pick_i3333;pick item
pick_i3319;pick item
pick_i3327;pick item
pick_i3343;pick item
pick_i3330;pick item
pick_i3329;pick item
ship_o582;ship order
pick_i3339;pick item
pick_i3334;pick item
ship_o583;ship order
place_o584;place order
pick_i3348;pick item
pick_i3349;pick item
pick_i3344;pick item
pick_i3351;pick item
pick_i3346;pick item
pick_i3350;pick item
pick_i3352;pick item
pick_i3345;pick item
pick_i3347;pick item
ship_o584;ship order
place_o585;place order
pick_i3362;pick item
pick_i3357;pick item
pick_i3355;pick item
pick_i3361;pick item
pick_i3353;pick item
pick_i3360;pick item
pick_i3359;pick item
pick_i3356;pick item
pick_i3354;pick item
pick_i3358;pick item
ship_o585;ship order
place_o586;place order
pick_i3368;pick item
pick_i3370;pick item
pick_i3364;pick item
pick_i3369;pick item
pick_i3367;pick item
pick_i3366;pick item
pick_i3365;pick item
place_o587;place order
pick_i3363;pick item
ship_o586;ship order
pick_i3373;pick item
place_o588;place order
pick_i3381;pick item
pick_i3382;pick item
pick_i3371;pick item
pick_i3384;pick item
pick_i3375;pick item
pick_i3380;pick item
pick_i3378;pick item
pick_i3377;pick item
pick_i3376;pick item
pick_i3374;pick item
pick_i3372;pick item
pick_i3383;pick item
pick_i3379;pick item
ship_o588;ship order
ship_o587;ship order
place_o589;place order
pick_i3386;pick item
pick_i3389;pick item
pick_i3391;pick item
pick_i3390;pick item
pick_i3385;pick item
pick_i3388;pick item
pick_i3387;pick item
pick_i3392;pick item
ship_o589;ship order
place_o590;place order
pick_i3393;pick item
pick_i3394;pick item
pick_i3398;pick item
pick_i3399;pick item
pick_i3397;pick item
pick_i3396;pick item
pick_i3395;pick item
ship_o590;ship order
place_o591;place order
pick_i3402;pick item
pick_i3401;pick item
pick_i3403;pick item
pick_i3400;pick item
ship_o591;ship order
place_o592;place order
pick_i3406;pick item
pick_i3404;pick item
pick_i3408;pick item
pick_i3407;pick item
pick_i3409;pick item
pick_i3405;pick item
ship_o592;ship order
place_o593;place order
pick_i3411;pick item
pick_i3413;pick item
pick_i3415;pick item
pick_i3416;pick item
pick_i3417;pick item
pick_i3414;pick item
pick_i3419;pick item
pick_i3412;pick item
pick_i3418;pick item
pick_i3410;pick item
ship_o593;ship order
place_o594;place order
pick_i3427;pick item
pick_i3422;pick item
pick_i3420;pick item
pick_i3423;pick item
place_o595;place order
pick_i3435;pick item
pick_i3426;pick item
pick_i3436;pick item
pick_i3433;pick item
place_o596;place order
pick_i3429;pick item
pick_i3425;pick item
pick_i3421;pick item
place_o597;place order
pick_i3434;pick item
pick_i3439;pick item
pick_i3452;pick item
pick_i3451;pick item
pick_i3432;pick item
pick_i3440;pick item
place_o598;place order
pick_i3441;pick item
pick_i3428;pick item
pick_i3456;pick item
pick_i3446;pick item
pick_i3447;pick item
pick_i3450;pick item
place_o599;place order
pick_i3461;pick item
pick_i3459;pick item
pick_i3457;pick item
pick_i3438;pick item
pick_i3468;pick item
pick_i3467;pick item
pick_i3465;pick item
pick_i3455;pick item
pick_i3462;pick item
pick_i3424;pick item
pick_i3431;pick item
ship_o594;ship order
pick_i3464;pick item
place_o600;place order
pick_i3472;pick item
pick_i3430;pick item
ship_o595;ship order
pick_i3448;pick item
pick_i3471;pick item
place_o601;place order
pick_i3466;pick item
pick_i3453;pick item
pick_i3478;pick item
pick_i3483;pick item
pick_i3437;pick item
pick_i3480;pick item
pick_i3479;pick item
place_o602;place order
pick_i3475;pick item
pick_i3486;pick item
pick_i3442;pick item
ship_o596;ship order
pick_i3449;pick item
pick_i3489;pick item
pick_i3485;pick item
pick_i3476;pick item
pick_i3443;pick item
pick_i3481;pick item
pick_i3469;pick item
pick_i3488;pick item
pick_i3445;pick item
pick_i3454;pick item
pick_i3473;pick item
pick_i3484;pick item
pick_i3477;pick item
pick_i3463;pick item
place_o603;place order
pick_i3497;pick item
pick_i3495;pick item
pick_i3482;pick item
ship_o601;ship order
pick_i3491;pick item
pick_i3490;pick item
pick_i3493;pick item
place_o604;place order
pick_i3444;pick item
pick_i3500;pick item
ship_o597;ship order
pick_i3492;pick item
place_o605;place order
pick_i3512;pick item
pick_i3511;pick item
pick_i3514;pick item
pick_i3503;pick item
pick_i3510;pick item
pick_i3508;pick item
pick_i3505;pick item
pick_i3460;pick item
ship_o599;ship order
pick_i3487;pick item
pick_i3496;pick item
ship_o602;ship order
pick_i3470;pick item
pick_i3501;pick item
pick_i3458;pick item
ship_o598;ship order
pick_i3502;pick item
pick_i3474;pick item
ship_o600;ship order
pick_i3494;pick item
pick_i3504;pick item
ship_o603;ship order
pick_i3499;pick item
place_o606;place order
pick_i3509;pick item
pick_i3520;pick item
pick_i3523;pick item
pick_i3519;pick item
pick_i3525;pick item
pick_i3516;pick item
pick_i3524;pick item
pick_i3522;pick item
pick_i3515;pick item
pick_i3507;pick item
pick_i3521;pick item
place_o607;place order
pick_i3513;pick item
pick_i3517;pick item
pick_i3529;pick item
pick_i3528;pick item
pick_i3518;pick item
ship_o606;ship order
pick_i3506;pick item
ship_o605;ship order
pick_i3527;pick item
pick_i3526;pick item
pick_i3533;pick item
pick_i3532;pick item
pick_i3530;pick item
place_o608;place order
pick_i3531;pick item
ship_o607;ship order
pick_i3498;pick item
pick_i3535;pick item
ship_o604;ship order
place_o609;place order
pick_i3536;pick item
pick_i3548;pick item
pick_i3540;pick item
pick_i3546;pick item
pick_i3542;pick item
pick_i3555;pick item
pick_i3552;pick item
place_o610;place order
pick_i3567;pick item
pick_i3541;pick item
pick_i3562;pick item
pick_i3563;pick item
pick_i3561;pick item
pick_i3553;pick item
pick_i3566;pick item
pick_i3537;pick item
pick_i3557;pick item
pick_i3544;pick item
pick_i3564;pick item
place_o611;place order
pick_i3578;pick item
pick_i3571;pick item
pick_i3570;pick item
pick_i3539;pick item
pick_i3569;pick item
pick_i3556;pick item
pick_i3538;pick item
pick_i3575;pick item
pick_i3572;pick item
pick_i3580;pick item
pick_i3545;pick item
pick_i3577;pick item
pick_i3581;pick item
pick_i3550;pick item
pick_i3558;pick item
pick_i3559;pick item
pick_i3534;pick item
pick_i3576;pick item
pick_i3579;pick item
pick_i3549;pick item
pick_i3543;pick item
pick_i3582;pick item
pick_i3551;pick item
pick_i3547;pick item
ship_o608;ship order
pick_i3560;pick item
pick_i3573;pick item
pick_i3568;pick item
pick_i3565;pick item
pick_i3574;pick item
ship_o610;ship order
pick_i3554;pick item
ship_o611;ship order
place_o612;place order
ship_o609;ship order
pick_i3598;pick item
pick_i3599;pick item
pick_i3591;pick item
pick_i3584;pick item
place_o613;place order
pick_i3592;pick item
pick_i3594;pick item
pick_i3583;pick item
pick_i3597;pick item
pick_i3586;pick item
pick_i3600;pick item
pick_i3606;pick item
pick_i3587;pick item
place_o614;place order
pick_i3610;pick item
pick_i3608;pick item
pick_i3590;pick item
pick_i3615;pick item
pick_i3616;pick item
pick_i3593;pick item
pick_i3614;pick item
pick_i3603;pick item
pick_i3611;pick item
pick_i3601;pick item
pick_i3613;pick item
place_o615;place order
pick_i3619;pick item
pick_i3622;pick item
pick_i3605;pick item
pick_i3620;pick item
pick_i3623;pick item
pick_i3595;pick item
pick_i3617;pick item
pick_i3621;pick item
pick_i3589;pick item
place_o616;place order
pick_i3604;pick item
pick_i3625;pick item
pick_i3630;pick item
pick_i3612;pick item
pick_i3609;pick item
ship_o614;ship order
pick_i3638;pick item
pick_i3631;pick item
pick_i3628;pick item
pick_i3636;pick item
pick_i3596;pick item
pick_i3607;pick item
pick_i3635;pick item
pick_i3602;pick item
pick_i3626;pick item
ship_o613;ship order
pick_i3624;pick item
pick_i3634;pick item
pick_i3585;pick item
pick_i3629;pick item
pick_i3632;pick item
pick_i3627;pick item
place_o617;place order
pick_i3618;pick item
pick_i3642;pick item
ship_o615;ship order
pick_i3641;pick item
place_o618;place order
pick_i3643;pick item
pick_i3637;pick item
pick_i3645;pick item
pick_i3639;pick item
pick_i3650;pick item
pick_i3647;pick item
pick_i3646;pick item
pick_i3651;pick item
pick_i3652;pick item
pick_i3640;pick item
pick_i3644;pick item
pick_i3588;pick item
ship_o617;ship order
ship_o612;ship order
pick_i3649;pick item
pick_i3633;pick item
ship_o616;ship order
pick_i3653;pick item
pick_i3648;pick item
place_o619;place order
ship_o618;ship order
pick_i3656;pick item
pick_i3663;pick item
pick_i3662;pick item
pick_i3655;pick item
pick_i3658;pick item
pick_i3657;pick item
pick_i3660;pick item
pick_i3661;pick item
pick_i3659;pick item
pick_i3654;pick item
ship_o619;ship order
place_o620;place order
pick_i3667;pick item
pick_i3666;pick item
pick_i3665;pick item
pick_i3669;pick item
pick_i3670;pick item
pick_i3668;pick item
pick_i3664;pick item
ship_o620;ship order
place_o621;place order
pick_i3672;pick item
pick_i3671;pick item
pick_i3679;pick item
pick_i3676;pick item
pick_i3674;pick item
pick_i3675;pick item
pick_i3678;pick item
pick_i3677;pick item
place_o622;place order
pick_i3689;pick item
pick_i3694;pick item
pick_i3682;pick item
pick_i3681;pick item
pick_i3688;pick item
pick_i3685;pick item
place_o623;place order
pick_i3695;pick item
pick_i3700;pick item
pick_i3692;pick item
pick_i3693;pick item
pick_i3709;pick item
pick_i3703;pick item
pick_i3712;pick item
pick_i3710;pick item
pick_i3705;pick item
pick_i3702;pick item
pick_i3708;pick item
pick_i3696;pick item
pick_i3684;pick item
pick_i3701;pick item
pick_i3706;pick item
place_o624;place order
pick_i3698;pick item
pick_i3711;pick item
pick_i3691;pick item
pick_i3686;pick item
pick_i3718;pick item
pick_i3673;pick item
pick_i3690;pick item
pick_i3717;pick item
pick_i3713;pick item
pick_i3683;pick item
pick_i3714;pick item
pick_i3707;pick item
pick_i3680;pick item
pick_i3699;pick item
ship_o621;ship order
pick_i3716;pick item
place_o625;place order
pick_i3687;pick item
pick_i3704;pick item
ship_o622;ship order
pick_i3715;pick item
pick_i3697;pick item
ship_o624;ship order
ship_o623;ship order
pick_i3729;pick item
pick_i3719;pick item
pick_i3728;pick item
pick_i3726;pick item
pick_i3720;pick item
pick_i3723;pick item
pick_i3721;pick item
pick_i3725;pick item
pick_i3727;pick item
pick_i3722;pick item
place_o626;place order
pick_i3734;pick item
pick_i3731;pick item
pick_i3738;pick item
pick_i3724;pick item
place_o627;place order
ship_o625;ship order
pick_i3736;pick item
pick_i3739;pick item
pick_i3730;pick item
pick_i3737;pick item
pick_i3735;pick item
place_o628;place order
pick_i3740;pick item
pick_i3742;pick item
pick_i3743;pick item
pick_i3733;pick item
pick_i3744;pick item
pick_i3749;pick item
place_o629;place order
pick_i3746;pick item
pick_i3755;pick item
pick_i3751;pick item
pick_i3741;pick item
pick_i3747;pick item
ship_o627;ship order
place_o630;place order
pick_i3757;pick item
pick_i3732;pick item
ship_o626;ship order
pick_i3759;pick item
pick_i3761;pick item
pick_i3748;pick item
pick_i3764;pick item
pick_i3765;pick item
pick_i3756;pick item
pick_i3760;pick item
place_o631;place order
pick_i3762;pick item
pick_i3754;pick item
pick_i3778;pick item
place_o632;place order
pick_i3774;pick item
pick_i3777;pick item
pick_i3750;pick item
pick_i3768;pick item
pick_i3787;pick item
pick_i3770;pick item
pick_i3786;pick item
pick_i3776;pick item
pick_i3788;pick item
pick_i3780;pick item
pick_i3785;pick item
pick_i3766;pick item
pick_i3771;pick item
pick_i3779;pick item
place_o633;place order
pick_i3775;pick item
pick_i3782;pick item
pick_i3796;pick item
pick_i3784;pick item
pick_i3794;pick item
pick_i3745;pick item
ship_o628;ship order
pick_i3791;pick item
pick_i3773;pick item
pick_i3793;pick item
pick_i3802;pick item
pick_i3795;pick item
pick_i3797;pick item
pick_i3763;pick item
place_o634;place order
pick_i3758;pick item
pick_i3803;pick item
ship_o630;ship order
pick_i3792;pick item
pick_i3808;pick item
pick_i3810;pick item
pick_i3799;pick item
pick_i3814;pick item
place_o635;place order
pick_i3815;pick item
pick_i3752;pick item
pick_i3807;pick item
pick_i3801;pick item
pick_i3790;pick item
pick_i3806;pick item
pick_i3817;pick item
pick_i3813;pick item
pick_i3781;pick item
pick_i3822;pick item
pick_i3753;pick item
pick_i3772;pick item
ship_o629;ship order
pick_i3811;pick item
pick_i3804;pick item
pick_i3819;pick item
pick_i3767;pick item
pick_i3783;pick item
pick_i3821;pick item
pick_i3769;pick item
pick_i3805;pick item
ship_o631;ship order
pick_i3820;pick item
place_o636;place order
pick_i3812;pick item
pick_i3798;pick item
pick_i3809;pick item
ship_o634;ship order
pick_i3800;pick item
pick_i3789;pick item
ship_o633;ship order
ship_o632;ship order
pick_i3818;pick item
pick_i3816;pick item
ship_o635;ship order
pick_i3825;pick item
pick_i3829;pick item
pick_i3823;pick item
pick_i3826;pick item
pick_i3824;pick item
pick_i3828;pick item
pick_i3827;pick item
ship_o636;ship order
place_o637;place order
pick_i3834;pick item
pick_i3831;pick item
pick_i3835;pick item
pick_i3832;pick item
pick_i3833;pick item
pick_i3830;pick item
ship_o637;ship order
place_o638;place order
pick_i3840;pick item
pick_i3839;pick item
pick_i3837;pick item
place_o639;place order
pick_i3836;pick item
pick_i3838;pick item
ship_o638;ship order
pick_i3848;pick item
pick_i3847;pick item
pick_i3841;pick item
pick_i3846;pick item
pick_i3842;pick item
pick_i3843;pick item
pick_i3845;pick item
pick_i3849;pick item
pick_i3844;pick item
ship_o639;ship order
place_o640;place order
pick_i3851;pick item
pick_i3854;pick item
pick_i3853;pick item
pick_i3850;pick item
pick_i3857;pick item
pick_i3856;pick item
pick_i3855;pick item
pick_i3852;pick item
pick_i3859;pick item
pick_i3858;pick item
ship_o640;ship order
place_o641;place order
pick_i3871;pick item
pick_i3868;pick item
pick_i3860;pick item
pick_i3866;pick item
pick_i3865;pick item
pick_i3870;pick item
pick_i3867;pick item
pick_i3861;pick item
pick_i3863;pick item
pick_i3869;pick item
pick_i3864;pick item
pick_i3862;pick item
ship_o641;ship order
place_o642;place order
pick_i3880;pick item
pick_i3875;pick item
pick_i3876;pick item
pick_i3878;pick item
pick_i3874;pick item
pick_i3873;pick item
pick_i3881;pick item
pick_i3882;pick item
pick_i3872;pick item
pick_i3879;pick item
pick_i3877;pick item
ship_o642;ship order
place_o643;place order
pick_i3890;pick item
pick_i3889;pick item
pick_i3888;pick item
place_o644;place order
pick_i3887;pick item
pick_i3885;pick item
pick_i3891;pick item
pick_i3900;pick item
place_o645;place order
pick_i3903;pick item
pick_i3895;pick item
pick_i3909;pick item
pick_i3899;pick item
pick_i3912;pick item
pick_i3894;pick item
pick_i3910;pick item
pick_i3907;pick item
pick_i3902;pick item
pick_i3915;pick item
pick_i3898;pick item
pick_i3914;pick item
pick_i3913;pick item
pick_i3883;pick item
pick_i3917;pick item
pick_i3908;pick item
pick_i3884;pick item
pick_i3916;pick item
pick_i3904;pick item
pick_i3911;pick item
place_o646;place order
pick_i3922;pick item
pick_i3901;pick item
pick_i3919;pick item
pick_i3920;pick item
pick_i3921;pick item
pick_i3924;pick item
pick_i3892;pick item
pick_i3905;pick item
pick_i3897;pick item
pick_i3893;pick item
place_o647;place order
pick_i3896;pick item
ship_o644;ship order
pick_i3928;pick item
pick_i3923;pick item
pick_i3930;pick item
pick_i3886;pick item
place_o648;place order
pick_i3918;pick item
ship_o643;ship order
pick_i3927;pick item
ship_o646;ship order
pick_i3925;pick item
pick_i3906;pick item
ship_o645;ship order
pick_i3929;pick item
pick_i3940;pick item
pick_i3933;pick item
pick_i3941;pick item
pick_i3932;pick item
pick_i3938;pick item
pick_i3935;pick item
pick_i3942;pick item
pick_i3931;pick item
pick_i3943;pick item
pick_i3945;pick item
place_o649;place order
pick_i3936;pick item
pick_i3926;pick item
pick_i3948;pick item
ship_o647;ship order
pick_i3947;pick item
pick_i3953;pick item
pick_i3934;pick item
pick_i3950;pick item
pick_i3939;pick item
pick_i3954;pick item
pick_i3951;pick item
pick_i3949;pick item
pick_i3937;pick item
pick_i3955;pick item
pick_i3944;pick item
pick_i3952;pick item
pick_i3946;pick item
ship_o649;ship order
place_o650;place order
ship_o648;ship order
pick_i3961;pick item
pick_i3960;pick item
pick_i3959;pick item
pick_i3956;pick item
pick_i3958;pick item
pick_i3957;pick item
pick_i3962;pick item
pick_i3963;pick item
ship_o650;ship order
place_o651;place order
pick_i3973;pick item
pick_i3967;pick item
pick_i3971;pick item
pick_i3972;pick item
pick_i3970;pick item
pick_i3964;pick item
pick_i3966;pick item
pick_i3965;pick item
pick_i3969;pick item
pick_i3968;pick item
ship_o651;ship order
place_o652;place order
pick_i3978;pick item
pick_i3976;pick item
pick_i3974;pick item
place_o653;place order
pick_i3975;pick item
pick_i3977;pick item
ship_o652;ship order
pick_i3987;pick item
pick_i3986;pick item
pick_i3982;pick item
pick_i3984;pick item
pick_i3981;pick item
pick_i3988;pick item
place_o654;place order
pick_i3991;pick item
pick_i4005;pick item
pick_i3980;pick item
pick_i3983;pick item
pick_i3989;pick item
pick_i4003;pick item
pick_i4008;pick item
pick_i3979;pick item
pick_i3993;pick item
pick_i4004;pick item
place_o655;place order
pick_i4007;pick item
pick_i4013;pick item
pick_i3985;pick item
pick_i4015;pick item
pick_i3998;pick item
place_o656;place order
pick_i4000;pick item
pick_i4014;pick item
pick_i4017;pick item
pick_i3995;pick item
pick_i4011;pick item
pick_i3996;pick item
pick_i4010;pick item
place_o657;place order
pick_i4028;pick item
pick_i4018;pick item
pick_i4036;pick item
pick_i4009;pick item
place_o658;place order
pick_i4012;pick item
pick_i4030;pick item
pick_i4023;pick item
pick_i4032;pick item
place_o659;place order
pick_i4019;pick item
pick_i4029;pick item
pick_i4059;pick item
pick_i4034;pick item
pick_i4016;pick item
place_o660;place order
ship_o655;ship order
pick_i4027;pick item
pick_i4041;pick item
pick_i4002;pick item
pick_i3997;pick item
pick_i4065;pick item
pick_i4062;pick item
pick_i4040;pick item
pick_i4057;pick item
pick_i4054;pick item
pick_i4006;pick item
pick_i4046;pick item
place_o661;place order
pick_i4063;pick item
pick_i4052;pick item
pick_i4001;pick item
pick_i4044;pick item
place_o662;place order
pick_i4039;pick item
pick_i4069;pick item
pick_i4071;pick item
pick_i4078;pick item
pick_i4068;pick item
pick_i4037;pick item
pick_i4053;pick item
pick_i4080;pick item
pick_i4061;pick item
pick_i4058;pick item
pick_i4075;pick item
place_o663;place order
pick_i4073;pick item
pick_i4092;pick item
pick_i4049;pick item
pick_i4070;pick item
pick_i4021;pick item
pick_i4022;pick item
pick_i4086;pick item
pick_i4091;pick item
pick_i4026;pick item
pick_i4047;pick item
pick_i4031;pick item
pick_i4024;pick item
pick_i3994;pick item
pick_i3990;pick item
place_o664;place order
pick_i4064;pick item
pick_i4079;pick item
pick_i4089;pick item
place_o665;place order
pick_i4067;pick item
pick_i4048;pick item
pick_i4042;pick item
pick_i4081;pick item
pick_i3999;pick item
pick_i4076;pick item
ship_o654;ship order
pick_i4072;pick item
pick_i4104;pick item
pick_i4035;pick item
pick_i4084;pick item
pick_i4060;pick item
pick_i4051;pick item
pick_i4105;pick item
pick_i4082;pick item
pick_i4096;pick item
pick_i4098;pick item
pick_i4093;pick item
pick_i4100;pick item
place_o666;place order
pick_i4066;pick item
pick_i4116;pick item
ship_o660;ship order
pick_i4109;pick item
pick_i4090;pick item
pick_i4102;pick item
pick_i4114;pick item
pick_i4099;pick item
pick_i4043;pick item
pick_i4025;pick item
pick_i4112;pick item
pick_i4097;pick item
pick_i4108;pick item
pick_i4107;pick item
pick_i4117;pick item
pick_i4111;pick item
pick_i4094;pick item
pick_i4113;pick item
pick_i4101;pick item
pick_i4050;pick item
pick_i4074;pick item
place_o667;place order
ship_o661;ship order
pick_i4103;pick item
ship_o665;ship order
pick_i4124;pick item
place_o668;place order
pick_i4132;pick item
pick_i4055;pick item
pick_i4110;pick item
pick_i4129;pick item
place_o669;place order
pick_i4126;pick item
pick_i4134;pick item
pick_i4088;pick item
pick_i4115;pick item
pick_i4106;pick item
pick_i4120;pick item
pick_i4143;pick item
pick_i4131;pick item
pick_i4056;pick item
ship_o659;ship order
pick_i4095;pick item
place_o670;place order
pick_i4144;pick item
ship_o664;ship order
pick_i4020;pick item
ship_o656;ship order
pick_i4141;pick item
pick_i4045;pick item
pick_i4137;pick item
pick_i4136;pick item
pick_i4128;pick item
pick_i4118;pick item
pick_i4142;pick item
ship_o666;ship order
pick_i4033;pick item
place_o671;place order
pick_i4135;pick item
ship_o657;ship order
pick_i4138;pick item
pick_i4160;pick item
pick_i4119;pick item
pick_i4152;pick item
pick_i4085;pick item
pick_i4121;pick item
pick_i4077;pick item
ship_o662;ship order
pick_i4159;pick item
pick_i4133;pick item
pick_i4157;pick item
pick_i4158;pick item
pick_i4146;pick item
pick_i4155;pick item
pick_i3992;pick item
pick_i4140;pick item
ship_o653;ship order
pick_i4127;pick item
pick_i4125;pick item
pick_i4151;pick item
pick_i4154;pick item
pick_i4130;pick item
ship_o668;ship order
pick_i4087;pick item
pick_i4148;pick item
place_o672;place order
pick_i4149;pick item
pick_i4168;pick item
pick_i4163;pick item
pick_i4083;pick item
ship_o663;ship order
pick_i4038;pick item
pick_i4139;pick item
ship_o658;ship order
ship_o669;ship order
pick_i4122;pick item
pick_i4162;pick item
pick_i4167;pick item
pick_i4150;pick item
pick_i4169;pick item
pick_i4145;pick item
pick_i4156;pick item
place_o673;place order
pick_i4164;pick item
pick_i4177;pick item
pick_i4173;pick item
place_o674;place order
pick_i4170;pick item
pick_i4178;pick item
pick_i4179;pick item
pick_i4187;pick item
pick_i4182;pick item
pick_i4165;pick item
pick_i4175;pick item
pick_i4161;pick item
pick_i4166;pick item
ship_o672;ship order
pick_i4171;pick item
pick_i4176;pick item
pick_i4188;pick item
pick_i4181;pick item
pick_i4123;pick item
pick_i4147;pick item
ship_o667;ship order
pick_i4180;pick item
ship_o670;ship order
place_o675;place order
pick_i4186;pick item
pick_i4184;pick item
pick_i4153;pick item
pick_i4190;pick item
ship_o671;ship order
pick_i4191;pick item
pick_i4172;pick item
pick_i4196;pick item
place_o676;place order
pick_i4194;pick item
pick_i4193;pick item
pick_i4185;pick item
pick_i4183;pick item
pick_i4174;pick item
ship_o674;ship order
pick_i4192;pick item
ship_o673;ship order
pick_i4195;pick item
pick_i4189;pick item
ship_o675;ship order
pick_i4197;pick item
pick_i4201;pick item
pick_i4202;pick item
pick_i4199;pick item
pick_i4198;pick item
pick_i4200;pick item
pick_i4204;pick item
pick_i4205;pick item
pick_i4203;pick item
ship_o676;ship order
place_o677;place order
pick_i4212;pick item
pick_i4211;pick item
pick_i4209;pick item
pick_i4215;pick item
pick_i4214;pick item
pick_i4206;pick item
pick_i4216;pick item
pick_i4210;pick item
place_o678;place order
pick_i4207;pick item
pick_i4219;pick item
pick_i4213;pick item
pick_i4217;pick item
pick_i4220;pick item
pick_i4208;pick item
ship_o677;ship order
pick_i4218;pick item
place_o679;place order
ship_o678;ship order
pick_i4232;pick item
pick_i4233;pick item
pick_i4234;pick item
pick_i4231;pick item
pick_i4228;pick item
pick_i4229;pick item
pick_i4222;pick item
pick_i4226;pick item
pick_i4235;pick item
pick_i4224;pick item
pick_i4223;pick item
pick_i4227;pick item
pick_i4230;pick item
place_o680;place order
pick_i4240;pick item
pick_i4236;pick item
pick_i4237;pick item
pick_i4242;pick item
pick_i4225;pick item
pick_i4238;pick item
pick_i4221;pick item
pick_i4241;pick item
ship_o679;ship order
pick_i4239;pick item
ship_o680;ship order
place_o681;place order
pick_i4248;pick item
pick_i4243;pick item
pick_i4252;pick item
pick_i4245;pick item
pick_i4244;pick item
pick_i4249;pick item
pick_i4251;pick item
pick_i4250;pick item
pick_i4246;pick item
pick_i4247;pick item
ship_o681;ship order
place_o682;place order
pick_i4256;pick item
pick_i4260;pick item
pick_i4262;pick item
pick_i4253;pick item
pick_i4255;pick item
pick_i4254;pick item
place_o683;place order
pick_i4267;pick item
pick_i4259;pick item
pick_i4261;pick item
pick_i4258;pick item
pick_i4264;pick item
pick_i4265;pick item
place_o684;place order
pick_i4257;pick item
pick_i4273;pick item
ship_o682;ship order
pick_i4279;pick item
pick_i4270;pick item
pick_i4280;pick item
pick_i4271;pick item
pick_i4277;pick item
pick_i4278;pick item
pick_i4272;pick item
pick_i4266;pick item
pick_i4276;pick item
pick_i4268;pick item
pick_i4274;pick item
pick_i4269;pick item
pick_i4263;pick item
ship_o683;ship order
pick_i4275;pick item
ship_o684;ship order
place_o685;place order
pick_i4283;pick item
pick_i4286;pick item
pick_i4284;pick item
pick_i4289;pick item
pick_i4288;pick item
pick_i4285;pick item
pick_i4287;pick item
pick_i4281;pick item
pick_i4282;pick item
ship_o685;ship order
place_o686;place order
pick_i4290;pick item
pick_i4299;pick item
pick_i4298;pick item
pick_i4296;pick item
pick_i4301;pick item
pick_i4302;pick item
pick_i4295;pick item
pick_i4293;pick item
pick_i4300;pick item
pick_i4297;pick item
pick_i4291;pick item
pick_i4292;pick item
pick_i4294;pick item
ship_o686;ship order
place_o687;place order
pick_i4304;pick item
pick_i4306;pick item
pick_i4308;pick item
pick_i4307;pick item
place_o688;place order
pick_i4314;pick item
pick_i4315;pick item
pick_i4313;pick item
pick_i4305;pick item
pick_i4318;pick item
pick_i4317;pick item
pick_i4310;pick item
pick_i4303;pick item
pick_i4311;pick item
pick_i4319;pick item
pick_i4309;pick item
place_o689;place order
pick_i4324;pick item
ship_o687;ship order
pick_i4312;pick item
pick_i4320;pick item
pick_i4322;pick item
pick_i4323;pick item
pick_i4321;pick item
pick_i4325;pick item
pick_i4326;pick item
ship_o689;ship order
pick_i4316;pick item
ship_o688;ship order
place_o690;place order
pick_i4328;pick item
pick_i4332;pick item
pick_i4334;pick item
pick_i4330;pick item
pick_i4336;pick item
pick_i4335;pick item
pick_i4329;pick item
pick_i4337;pick item
pick_i4333;pick item
pick_i4331;pick item
pick_i4327;pick item
ship_o690;ship order
place_o691;place order
pick_i4339;pick item
pick_i4338;pick item
ship_o691;ship order
place_o692;place order
pick_i4347;pick item
pick_i4348;pick item
pick_i4342;pick item
place_o693;place order
pick_i4345;pick item
pick_i4344;pick item
pick_i4346;pick item
pick_i4357;pick item
pick_i4356;pick item
pick_i4349;pick item
pick_i4353;pick item
pick_i4358;pick item
place_o694;place order
pick_i4361;pick item
pick_i4351;pick item
pick_i4354;pick item
pick_i4341;pick item
pick_i4340;pick item
pick_i4350;pick item
pick_i4365;pick item
pick_i4375;pick item
pick_i4343;pick item
pick_i4359;pick item
ship_o692;ship order
pick_i4373;pick item
pick_i4370;pick item
place_o695;place order
pick_i4371;pick item
pick_i4377;pick item
pick_i4376;pick item
place_o696;place order
pick_i4384;pick item
pick_i4368;pick item
pick_i4387;pick item
pick_i4364;pick item
pick_i4372;pick item
place_o697;place order
pick_i4392;pick item
pick_i4366;pick item
pick_i4398;pick item
pick_i4379;pick item
pick_i4399;pick item
pick_i4402;pick item
pick_i4401;pick item
pick_i4378;pick item
place_o698;place order
pick_i4393;pick item
pick_i4388;pick item
pick_i4409;pick item
pick_i4395;pick item
pick_i4381;pick item
pick_i4411;pick item
pick_i4414;pick item
pick_i4391;pick item
pick_i4352;pick item
pick_i4396;pick item
place_o699;place order
pick_i4386;pick item
pick_i4390;pick item
pick_i4421;pick item
place_o700;place order
pick_i4418;pick item
pick_i4362;pick item
pick_i4404;pick item
pick_i4407;pick item
pick_i4426;pick item
pick_i4434;pick item
pick_i4363;pick item
pick_i4417;pick item
pick_i4430;pick item
pick_i4408;pick item
pick_i4406;pick item
pick_i4385;pick item
pick_i4432;pick item
pick_i4380;pick item
pick_i4397;pick item
pick_i4400;pick item
pick_i4424;pick item
pick_i4431;pick item
pick_i4437;pick item
pick_i4419;pick item
pick_i4405;pick item
place_o701;place order
pick_i4440;pick item
pick_i4415;pick item
pick_i4435;pick item
pick_i4429;pick item
pick_i4355;pick item
pick_i4438;pick item
pick_i4442;pick item
pick_i4427;pick item
pick_i4428;pick item
pick_i4410;pick item
pick_i4420;pick item
pick_i4369;pick item
place_o702;place order
pick_i4367;pick item
pick_i4389;pick item
pick_i4413;pick item
ship_o696;ship order
pick_i4360;pick item
ship_o693;ship order
pick_i4382;pick item
pick_i4446;pick item
pick_i4383;pick item
ship_o695;ship order
pick_i4443;pick item
pick_i4453;pick item
pick_i4449;pick item
pick_i4441;pick item
pick_i4451;pick item
pick_i4452;pick item
pick_i4448;pick item
pick_i4422;pick item
pick_i4403;pick item
place_o703;place order
pick_i4425;pick item
pick_i4394;pick item
ship_o697;ship order
pick_i4461;pick item
pick_i4433;pick item
pick_i4458;pick item
pick_i4447;pick item
pick_i4459;pick item
pick_i4455;pick item
pick_i4460;pick item
place_o704;place order
pick_i4412;pick item
pick_i4456;pick item
pick_i4444;pick item
pick_i4436;pick item
pick_i4374;pick item
ship_o700;ship order
pick_i4416;pick item
ship_o694;ship order
pick_i4470;pick item
ship_o698;ship order
pick_i4445;pick item
pick_i4472;pick item
pick_i4467;pick item
place_o705;place order
pick_i4474;pick item
pick_i4463;pick item
pick_i4475;pick item
pick_i4477;pick item
pick_i4479;pick item
pick_i4454;pick item
pick_i4469;pick item
pick_i4464;pick item
pick_i4439;pick item
ship_o701;ship order
pick_i4457;pick item
pick_i4478;pick item
pick_i4483;pick item
pick_i4480;pick item
pick_i4468;pick item
pick_i4471;pick item
pick_i4466;pick item
pick_i4476;pick item
pick_i4462;pick item
pick_i4481;pick item
ship_o703;ship order
pick_i4450;pick item
ship_o702;ship order
pick_i4473;pick item
pick_i4465;pick item
ship_o704;ship order
pick_i4482;pick item
place_o706;place order
pick_i4488;pick item
ship_o705;ship order
pick_i4485;pick item
pick_i4487;pick item
pick_i4491;pick item
pick_i4423;pick item
pick_i4486;pick item
ship_o699;ship order
pick_i4490;pick item
pick_i4484;pick item
pick_i4489;pick item
ship_o706;ship order
place_o707;place order
pick_i4498;pick item
pick_i4494;pick item
pick_i4500;pick item
pick_i4495;pick item
pick_i4497;pick item
pick_i4496;pick item
pick_i4493;pick item
pick_i4499;pick item
pick_i4492;pick item
ship_o707;ship order
place_o708;place order
pick_i4504;pick item
pick_i4501;pick item
pick_i4502;pick item
pick_i4513;pick item
place_o709;place order
pick_i4514;pick item
pick_i4509;pick item
pick_i4515;pick item
pick_i4519;pick item
place_o710;place order
pick_i4503;pick item
pick_i4517;pick item
pick_i4520;pick item
pick_i4508;pick item
pick_i4510;pick item
pick_i4528;pick item
pick_i4518;pick item
pick_i4525;pick item
pick_i4524;pick item
pick_i4523;pick item
pick_i4516;pick item
ship_o709;ship order
pick_i4505;pick item
pick_i4521;pick item
pick_i4522;pick item
pick_i4506;pick item
pick_i4507;pick item
pick_i4511;pick item
pick_i4526;pick item
pick_i4512;pick item
ship_o708;ship order
pick_i4527;pick item
ship_o710;ship order
place_o711;place order
pick_i4529;pick item
pick_i4531;pick item
pick_i4536;pick item
pick_i4533;pick item
pick_i4530;pick item
pick_i4535;pick item
pick_i4534;pick item
pick_i4532;pick item
ship_o711;ship order
place_o712;place order
pick_i4543;pick item
pick_i4542;pick item
pick_i4538;pick item
pick_i4544;pick item
pick_i4546;pick item
pick_i4537;pick item
pick_i4545;pick item
place_o713;place order
pick_i4540;pick item
pick_i4541;pick item
pick_i4555;pick item
pick_i4552;pick item
pick_i4553;pick item
pick_i4549;pick item
pick_i4548;pick item
pick_i4547;pick item
pick_i4554;pick item
pick_i4550;pick item
place_o714;place order
pick_i4551;pick item
ship_o713;ship order
pick_i4539;pick item
pick_i4564;pick item
ship_o712;ship order
pick_i4565;pick item
pick_i4558;pick item
pick_i4563;pick item
pick_i4559;pick item
pick_i4562;pick item
pick_i4567;pick item
pick_i4556;pick item
pick_i4560;pick item
place_o715;place order
pick_i4571;pick item
pick_i4574;pick item
pick_i4568;pick item
pick_i4561;pick item
pick_i4573;pick item
pick_i4577;pick item
pick_i4578;pick item
pick_i4575;pick item
pick_i4557;pick item
pick_i4566;pick item
pick_i4576;pick item
ship_o714;ship order
place_o716;place order
pick_i4582;pick item
pick_i4570;pick item
pick_i4569;pick item
pick_i4588;pick item
pick_i4589;pick item
pick_i4572;pick item
pick_i4579;pick item
ship_o715;ship order
pick_i4586;pick item
pick_i4584;pick item
pick_i4581;pick item
pick_i4580;pick item
pick_i4587;pick item
pick_i4583;pick item
pick_i4585;pick item
ship_o716;ship order
place_o717;place order
pick_i4596;pick item
pick_i4594;pick item
pick_i4597;pick item
pick_i4590;pick item
pick_i4591;pick item
pick_i4593;pick item
place_o718;place order
pick_i4608;pick item
pick_i4610;pick item
pick_i4605;pick item
place_o719;place order
pick_i4623;pick item
pick_i4600;pick item
pick_i4624;pick item
pick_i4612;pick item
pick_i4604;pick item
pick_i4603;pick item
pick_i4622;pick item
pick_i4614;pick item
pick_i4617;pick item
pick_i4599;pick item
pick_i4621;pick item
place_o720;place order
pick_i4602;pick item
pick_i4598;pick item
pick_i4592;pick item
pick_i4618;pick item
pick_i4634;pick item
pick_i4636;pick item
pick_i4606;pick item
pick_i4615;pick item
pick_i4628;pick item
pick_i4626;pick item
pick_i4609;pick item
pick_i4625;pick item
pick_i4630;pick item
pick_i4611;pick item
pick_i4620;pick item
place_o721;place order
pick_i4631;pick item
pick_i4629;pick item
pick_i4616;pick item
pick_i4601;pick item
pick_i4639;pick item
pick_i4645;pick item
pick_i4613;pick item
pick_i4643;pick item
pick_i4619;pick item
place_o722;place order
pick_i4638;pick item
ship_o719;ship order
pick_i4653;pick item
pick_i4607;pick item
place_o723;place order
pick_i4650;pick item
ship_o718;ship order
pick_i4660;pick item
pick_i4648;pick item
pick_i4646;pick item
pick_i4649;pick item
pick_i4655;pick item
pick_i4656;pick item
pick_i4661;pick item
pick_i4659;pick item
pick_i4657;pick item
pick_i4641;pick item
pick_i4647;pick item
pick_i4633;pick item
place_o724;place order
pick_i4595;pick item
ship_o717;ship order
pick_i4654;pick item
pick_i4673;pick item
pick_i4658;pick item
pick_i4669;pick item
pick_i4663;pick item
pick_i4627;pick item
place_o725;place order
pick_i4675;pick item
pick_i4662;pick item
pick_i4651;pick item
ship_o723;ship order
pick_i4666;pick item
pick_i4640;pick item
pick_i4670;pick item
pick_i4667;pick item
pick_i4632;pick item
pick_i4685;pick item
pick_i4680;pick item
pick_i4683;pick item
pick_i4682;pick item
pick_i4674;pick item
pick_i4664;pick item
pick_i4671;pick item
pick_i4635;pick item
pick_i4679;pick item
ship_o720;ship order
place_o726;place order
pick_i4652;pick item
ship_o722;ship order
pick_i4637;pick item
pick_i4695;pick item
pick_i4688;pick item
pick_i4686;pick item
pick_i4691;pick item
pick_i4694;pick item
pick_i4678;pick item
pick_i4690;pick item
pick_i4642;pick item
pick_i4677;pick item
pick_i4672;pick item
pick_i4681;pick item
pick_i4693;pick item
pick_i4687;pick item
pick_i4684;pick item
pick_i4676;pick item
ship_o725;ship order
pick_i4644;pick item
pick_i4665;pick item
ship_o721;ship order
pick_i4689;pick item
place_o727;place order
pick_i4699;pick item
pick_i4692;pick item
ship_o726;ship order
pick_i4703;pick item
pick_i4697;pick item
pick_i4700;pick item
pick_i4702;pick item
pick_i4698;pick item
place_o728;place order
pick_i4696;pick item
pick_i4668;pick item
ship_o724;ship order
pick_i4706;pick item
pick_i4705;pick item
pick_i4708;pick item
pick_i4710;pick item
pick_i4704;pick item
pick_i4707;pick item
pick_i4701;pick item
ship_o727;ship order
pick_i4711;pick item
pick_i4709;pick item
ship_o728;ship order
place_o729;place order
pick_i4716;pick item
pick_i4722;pick item
place_o730;place order
pick_i4715;pick item
pick_i4723;pick item
pick_i4719;pick item
pick_i4724;pick item
pick_i4725;pick item
pick_i4721;pick item
pick_i4720;pick item
pick_i4712;pick item
pick_i4714;pick item
pick_i4717;pick item
pick_i4726;pick item
place_o731;place order
pick_i4713;pick item
pick_i4734;pick item
pick_i4730;pick item
pick_i4733;pick item
pick_i4735;pick item
pick_i4732;pick item
pick_i4741;pick item
pick_i4738;pick item
pick_i4731;pick item
pick_i4727;pick item
pick_i4728;pick item
pick_i4718;pick item
pick_i4736;pick item
ship_o729;ship order
pick_i4729;pick item
ship_o730;ship order
pick_i4740;pick item
pick_i4737;pick item
pick_i4739;pick item
ship_o731;ship order
place_o732;place order
pick_i4743;pick item
pick_i4742;pick item
pick_i4746;pick item
pick_i4747;pick item
pick_i4748;pick item
pick_i4745;pick item
pick_i4744;pick item
ship_o732;ship order
place_o733;place order
pick_i4754;pick item
pick_i4757;pick item
pick_i4759;pick item
pick_i4749;pick item
pick_i4755;pick item
place_o734;place order
pick_i4751;pick item
pick_i4761;pick item
pick_i4758;pick item
pick_i4770;pick item
pick_i4753;pick item
pick_i4775;pick item
place_o735;place order
pick_i4766;pick item
pick_i4764;pick item
pick_i4786;pick item
place_o736;place order
pick_i4793;pick item
pick_i4768;pick item
pick_i4781;pick item
pick_i4792;pick item
pick_i4789;pick item
pick_i4752;pick item
pick_i4791;pick item
pick_i4763;pick item
pick_i4784;pick item
pick_i4778;pick item
pick_i4777;pick item
pick_i4765;pick item
pick_i4790;pick item
pick_i4773;pick item
pick_i4769;pick item
pick_i4782;pick item
pick_i4788;pick item
pick_i4776;pick item
pick_i4787;pick item
pick_i4762;pick item
pick_i4760;pick item
pick_i4795;pick item
pick_i4771;pick item
pick_i4780;pick item
pick_i4767;pick item
pick_i4756;pick item
pick_i4785;pick item
place_o737;place order
pick_i4783;pick item
pick_i4750;pick item
ship_o733;ship order
pick_i4794;pick item
pick_i4807;pick item
pick_i4796;pick item
ship_o736;ship order
pick_i4797;pick item
pick_i4799;pick item
pick_i4772;pick item
pick_i4804;pick item
pick_i4779;pick item
ship_o735;ship order
pick_i4800;pick item
pick_i4774;pick item
ship_o734;ship order
pick_i4798;pick item
pick_i4806;pick item
pick_i4803;pick item
pick_i4802;pick item
pick_i4801;pick item
pick_i4805;pick item
ship_o737;ship order
place_o738;place order
pick_i4813;pick item
pick_i4808;pick item
pick_i4812;pick item
place_o739;place order
pick_i4811;pick item
pick_i4809;pick item
pick_i4810;pick item
pick_i4814;pick item
ship_o738;ship order
pick_i4820;pick item
pick_i4815;pick item
pick_i4816;pick item
pick_i4821;pick item
pick_i4817;pick item
pick_i4824;pick item
pick_i4818;pick item
pick_i4823;pick item
pick_i4819;pick item
pick_i4825;pick item
pick_i4822;pick item
ship_o739;ship order
place_o740;place order
pick_i4826;pick item
pick_i4829;pick item
pick_i4828;pick item
pick_i4830;pick item
pick_i4831;pick item
pick_i4827;pick item
ship_o740;ship order
place_o741;place order
pick_i4839;pick item
pick_i4836;pick item
pick_i4840;pick item
pick_i4838;pick item
pick_i4834;pick item
pick_i4833;pick item
pick_i4837;pick item
pick_i4835;pick item
pick_i4832;pick item
ship_o741;ship order
place_o742;place order
pick_i4847;pick item
pick_i4844;pick item
pick_i4843;pick item
pick_i4841;pick item
pick_i4846;pick item
pick_i4842;pick item
place_o743;place order
pick_i4845;pick item
ship_o742;ship order
pick_i4858;pick item
pick_i4857;pick item
pick_i4855;pick item
pick_i4854;pick item
place_o744;place order
pick_i4849;pick item
pick_i4848;pick item
pick_i4864;pick item
pick_i4851;pick item
pick_i4862;pick item
pick_i4863;pick item
pick_i4859;pick item
pick_i4860;pick item
pick_i4861;pick item
pick_i4856;pick item
ship_o744;ship order
pick_i4853;pick item
place_o745;place order
pick_i4875;pick item
pick_i4852;pick item
pick_i4865;pick item
pick_i4872;pick item
pick_i4873;pick item
pick_i4866;pick item
pick_i4869;pick item
pick_i4870;pick item
pick_i4867;pick item
pick_i4871;pick item
pick_i4868;pick item
pick_i4850;pick item
pick_i4874;pick item
ship_o743;ship order
ship_o745;ship order
place_o746;place order
pick_i4878;pick item
pick_i4877;pick item
pick_i4881;pick item
pick_i4880;pick item
pick_i4882;pick item
pick_i4879;pick item
pick_i4876;pick item
pick_i4883;pick item
ship_o746;ship order
place_o747;place order
pick_i4891;pick item
pick_i4894;pick item
place_o748;place order
pick_i4886;pick item
pick_i4907;pick item
pick_i4898;pick item
pick_i4887;pick item
pick_i4913;pick item
pick_i4905;pick item
pick_i4914;pick item
pick_i4885;pick item
pick_i4908;pick item
pick_i4910;pick item
pick_i4892;pick item
pick_i4903;pick item
place_o749;place order
pick_i4904;pick item
pick_i4900;pick item
place_o750;place order
pick_i4909;pick item
pick_i4918;pick item
pick_i4920;pick item
pick_i4888;pick item
pick_i4896;pick item
pick_i4922;pick item
pick_i4916;pick item
pick_i4890;pick item
pick_i4930;pick item
pick_i4895;pick item
pick_i4921;pick item
pick_i4901;pick item
pick_i4911;pick item
pick_i4915;pick item
pick_i4932;pick item
pick_i4917;pick item
place_o751;place order
pick_i4923;pick item
pick_i4919;pick item
pick_i4942;pick item
pick_i4947;pick item
pick_i4935;pick item
pick_i4949;pick item
pick_i4893;pick item
place_o752;place order
pick_i4889;pick item
pick_i4912;pick item
pick_i4906;pick item
pick_i4927;pick item
pick_i4958;pick item
pick_i4884;pick item
pick_i4933;pick item
place_o753;place order
pick_i4902;pick item
pick_i4965;pick item
pick_i4956;pick item
pick_i4944;pick item
pick_i4939;pick item
pick_i4951;pick item
pick_i4938;pick item
pick_i4966;pick item
pick_i4959;pick item
pick_i4961;pick item
pick_i4945;pick item
pick_i4924;pick item
ship_o749;ship order
pick_i4950;pick item
place_o754;place order
pick_i4940;pick item
pick_i4972;pick item
pick_i4964;pick item
pick_i4957;pick item
pick_i4963;pick item
pick_i4975;pick item
pick_i4955;pick item
pick_i4979;pick item
pick_i4974;pick item
pick_i4962;pick item
pick_i4929;pick item
pick_i4941;pick item
pick_i4967;pick item
place_o755;place order
pick_i4943;pick item
pick_i4970;pick item
pick_i4978;pick item
pick_i4960;pick item
pick_i4948;pick item
pick_i4937;pick item
pick_i4946;pick item
pick_i4926;pick item
ship_o751;ship order
pick_i4936;pick item
pick_i4931;pick item
pick_i4981;pick item
pick_i4952;pick item
pick_i4973;pick item
pick_i4976;pick item
pick_i4897;pick item
ship_o747;ship order
pick_i4977;pick item
ship_o754;ship order
pick_i4925;pick item
pick_i4934;pick item
pick_i4899;pick item
ship_o748;ship order
pick_i4969;pick item
pick_i4968;pick item
place_o756;place order
pick_i4982;pick item
pick_i4994;pick item
pick_i4971;pick item
pick_i4992;pick item
ship_o753;ship order
pick_i4995;pick item
pick_i4954;pick item
pick_i4983;pick item
pick_i4990;pick item
pick_i4984;pick item
pick_i4980;pick item
place_o757;place order
ship_o755;ship order
pick_i4988;pick item
pick_i4989;pick item
pick_i4985;pick item
pick_i4999;pick item
pick_i4986;pick item
pick_i4991;pick item
pick_i5004;pick item
pick_i4987;pick item
pick_i5007;pick item
pick_i4953;pick item
pick_i5002;pick item
ship_o752;ship order
pick_i5003;pick item
pick_i5000;pick item
pick_i4998;pick item
pick_i5006;pick item
pick_i4997;pick item
pick_i4928;pick item
ship_o750;ship order
pick_i5005;pick item
place_o758;place order
pick_i5014;pick item
pick_i5008;pick item
pick_i5012;pick item
pick_i4996;pick item
pick_i5015;pick item
pick_i5010;pick item
pick_i4993;pick item
pick_i5016;pick item
ship_o756;ship order
pick_i5011;pick item
pick_i5001;pick item
place_o759;place order
ship_o757;ship order
pick_i5013;pick item
pick_i5009;pick item
ship_o758;ship order
pick_i5023;pick item
place_o760;place order
pick_i5018;pick item
pick_i5020;pick item
pick_i5017;pick item
pick_i5019;pick item
pick_i5022;pick item
pick_i5024;pick item
pick_i5038;pick item
pick_i5029;pick item
pick_i5033;pick item
pick_i5021;pick item
pick_i5030;pick item
ship_o759;ship order
pick_i5028;pick item
pick_i5037;pick item
pick_i5027;pick item
pick_i5026;pick item
pick_i5034;pick item
pick_i5035;pick item
pick_i5032;pick item
pick_i5031;pick item
pick_i5025;pick item
pick_i5039;pick item
pick_i5036;pick item
ship_o760;ship order
place_o761;place order
pick_i5046;pick item
pick_i5043;pick item
pick_i5048;pick item
pick_i5050;pick item
pick_i5045;pick item
pick_i5041;pick item
pick_i5049;pick item
pick_i5044;pick item
pick_i5040;pick item
pick_i5042;pick item
pick_i5047;pick item
ship_o761;ship order
place_o762;place order
pick_i5052;pick item
pick_i5055;pick item
pick_i5053;pick item
pick_i5064;pick item
pick_i5056;pick item
pick_i5054;pick item
pick_i5058;pick item
pick_i5060;pick item
pick_i5063;pick item
pick_i5051;pick item
pick_i5057;pick item
pick_i5062;pick item
pick_i5059;pick item
pick_i5061;pick item
ship_o762;ship order
place_o763;place order
pick_i5072;pick item
pick_i5068;pick item
pick_i5069;pick item
pick_i5067;pick item
pick_i5065;pick item
pick_i5071;pick item
pick_i5070;pick item
pick_i5066;pick item
ship_o763;ship order
place_o764;place order
pick_i5078;pick item
pick_i5079;pick item
place_o765;place order
pick_i5080;pick item
pick_i5087;pick item
pick_i5091;pick item
pick_i5098;pick item
pick_i5075;pick item
pick_i5097;pick item
pick_i5090;pick item
pick_i5086;pick item
pick_i5085;pick item
pick_i5083;pick item
pick_i5088;pick item
pick_i5081;pick item
pick_i5082;pick item
pick_i5096;pick item
pick_i5094;pick item
pick_i5074;pick item
pick_i5073;pick item
pick_i5077;pick item
pick_i5084;pick item
pick_i5092;pick item
pick_i5089;pick item
pick_i5076;pick item
ship_o764;ship order
pick_i5095;pick item
pick_i5093;pick item
ship_o765;ship order
place_o766;place order
pick_i5109;pick item
pick_i5101;pick item
pick_i5108;pick item
pick_i5100;pick item
pick_i5106;pick item
pick_i5107;pick item
pick_i5102;pick item
pick_i5104;pick item
pick_i5105;pick item
pick_i5099;pick item
pick_i5103;pick item
ship_o766;ship order
place_o767;place order
pick_i5112;pick item
pick_i5115;pick item
pick_i5114;pick item
pick_i5110;pick item
pick_i5113;pick item
pick_i5111;pick item
ship_o767;ship order
place_o768;place order
pick_i5117;pick item
pick_i5124;pick item
pick_i5118;pick item
pick_i5125;pick item
pick_i5120;pick item
pick_i5122;pick item
place_o769;place order
pick_i5121;pick item
pick_i5134;pick item
pick_i5127;pick item
pick_i5131;pick item
place_o770;place order
pick_i5129;pick item
pick_i5135;pick item
pick_i5142;pick item
pick_i5143;pick item
pick_i5116;pick item
pick_i5146;pick item
pick_i5138;pick item
pick_i5123;pick item
pick_i5148;pick item
pick_i5128;pick item
pick_i5139;pick item
pick_i5140;pick item
pick_i5133;pick item
pick_i5137;pick item
pick_i5145;pick item
pick_i5147;pick item
pick_i5132;pick item
pick_i5119;pick item
pick_i5130;pick item
pick_i5126;pick item
ship_o769;ship order
place_o771;place order
ship_o768;ship order
pick_i5141;pick item
pick_i5153;pick item
pick_i5154;pick item
pick_i5149;pick item
pick_i5151;pick item
pick_i5156;pick item
pick_i5150;pick item
pick_i5152;pick item
pick_i5155;pick item
pick_i5157;pick item
ship_o771;ship order
pick_i5144;pick item
pick_i5136;pick item
ship_o770;ship order
place_o772;place order
pick_i5164;pick item
pick_i5161;pick item
pick_i5159;pick item
pick_i5163;pick item
pick_i5162;pick item
pick_i5166;pick item
pick_i5158;pick item
pick_i5165;pick item
pick_i5167;pick item
pick_i5168;pick item
pick_i5160;pick item
pick_i5169;pick item
ship_o772;ship order
place_o773;place order
pick_i5179;pick item
pick_i5171;pick item
place_o774;place order
pick_i5172;pick item
pick_i5173;pick item
pick_i5178;pick item
pick_i5170;pick item
pick_i5180;pick item
pick_i5175;pick item
pick_i5174;pick item
pick_i5185;pick item
pick_i5177;pick item
pick_i5184;pick item
pick_i5176;pick item
pick_i5186;pick item
ship_o773;ship order
pick_i5181;pick item
pick_i5182;pick item
pick_i5183;pick item
place_o775;place order
ship_o774;ship order
pick_i5189;pick item
pick_i5190;pick item
pick_i5193;pick item
pick_i5192;pick item
pick_i5191;pick item
pick_i5188;pick item
pick_i5196;pick item
pick_i5195;pick item
pick_i5194;pick item
pick_i5197;pick item
pick_i5187;pick item
ship_o775;ship order
place_o776;place order
pick_i5202;pick item
pick_i5203;pick item
pick_i5201;pick item
pick_i5199;pick item
pick_i5207;pick item
pick_i5206;pick item
pick_i5204;pick item
pick_i5198;pick item
pick_i5200;pick item
pick_i5205;pick item
ship_o776;ship order
place_o777;place order
pick_i5211;pick item
pick_i5216;pick item
pick_i5212;pick item
pick_i5214;pick item
pick_i5213;pick item
pick_i5210;pick item
pick_i5215;pick item
pick_i5208;pick item
place_o778;place order
pick_i5209;pick item
pick_i5229;pick item
pick_i5225;pick item
pick_i5220;pick item
pick_i5234;pick item
place_o779;place order
pick_i5219;pick item
pick_i5226;pick item
pick_i5217;pick item
pick_i5221;pick item
ship_o777;ship order
pick_i5228;pick item
pick_i5240;pick item
pick_i5227;pick item
pick_i5239;pick item
pick_i5230;pick item
pick_i5231;pick item
pick_i5232;pick item
pick_i5224;pick item
place_o780;place order
pick_i5246;pick item
pick_i5242;pick item
pick_i5251;pick item
pick_i5241;pick item
pick_i5252;pick item
pick_i5237;pick item
pick_i5233;pick item
pick_i5218;pick item
pick_i5245;pick item
pick_i5235;pick item
pick_i5247;pick item
pick_i5238;pick item
pick_i5243;pick item
place_o781;place order
pick_i5236;pick item
pick_i5249;pick item
pick_i5259;pick item
pick_i5254;pick item
pick_i5244;pick item
pick_i5223;pick item
ship_o779;ship order
pick_i5222;pick item
ship_o778;ship order
pick_i5263;pick item
pick_i5253;pick item
pick_i5250;pick item
pick_i5260;pick item
place_o782;place order
pick_i5248;pick item
ship_o780;ship order
pick_i5262;pick item
place_o783;place order
pick_i5268;pick item
pick_i5267;pick item
pick_i5261;pick item
pick_i5256;pick item
pick_i5274;pick item
pick_i5258;pick item
pick_i5281;pick item
pick_i5277;pick item
pick_i5270;pick item
pick_i5265;pick item
pick_i5264;pick item
pick_i5283;pick item
pick_i5279;pick item
pick_i5282;pick item
pick_i5280;pick item
pick_i5273;pick item
pick_i5269;pick item
place_o784;place order
pick_i5285;pick item
pick_i5255;pick item
pick_i5288;pick item
pick_i5293;pick item
pick_i5266;pick item
pick_i5284;pick item
ship_o782;ship order
pick_i5271;pick item
pick_i5287;pick item
pick_i5289;pick item
pick_i5272;pick item
pick_i5292;pick item
pick_i5290;pick item
place_o785;place order
pick_i5291;pick item
pick_i5286;pick item
pick_i5296;pick item
ship_o784;ship order
pick_i5275;pick item
pick_i5294;pick item
pick_i5257;pick item
place_o786;place order
pick_i5299;pick item
ship_o781;ship order
pick_i5305;pick item
pick_i5301;pick item
pick_i5311;pick item
pick_i5309;pick item
pick_i5307;pick item
pick_i5276;pick item
pick_i5304;pick item
pick_i5308;pick item
pick_i5278;pick item
ship_o783;ship order
pick_i5302;pick item
place_o787;place order
pick_i5298;pick item
pick_i5320;pick item
pick_i5297;pick item
pick_i5300;pick item
place_o788;place order
pick_i5318;pick item
pick_i5331;pick item
pick_i5306;pick item
pick_i5312;pick item
pick_i5319;pick item
pick_i5330;pick item
pick_i5332;pick item
place_o789;place order
pick_i5321;pick item
pick_i5325;pick item
pick_i5317;pick item
place_o790;place order
pick_i5337;pick item
pick_i5326;pick item
pick_i5316;pick item
pick_i5333;pick item
pick_i5295;pick item
pick_i5357;pick item
pick_i5349;pick item
pick_i5338;pick item
place_o791;place order
pick_i5348;pick item
pick_i5346;pick item
pick_i5351;pick item
pick_i5313;pick item
pick_i5315;pick item
pick_i5340;pick item
pick_i5347;pick item
pick_i5362;pick item
pick_i5365;pick item
pick_i5323;pick item
pick_i5367;pick item
place_o792;place order
pick_i5341;pick item
pick_i5373;pick item
pick_i5375;pick item
place_o793;place order
pick_i5335;pick item
pick_i5358;pick item
pick_i5310;pick item
pick_i5395;pick item
ship_o786;ship order
pick_i5382;pick item
pick_i5343;pick item
pick_i5390;pick item
pick_i5303;pick item
ship_o785;ship order
pick_i5394;pick item
place_o794;place order
pick_i5327;pick item
pick_i5385;pick item
pick_i5376;pick item
pick_i5372;pick item
pick_i5396;pick item
pick_i5334;pick item
place_o795;place order
pick_i5406;pick item
pick_i5384;pick item
pick_i5381;pick item
place_o796;place order
pick_i5429;pick item
pick_i5421;pick item
pick_i5378;pick item
pick_i5342;pick item
pick_i5364;pick item
pick_i5391;pick item
pick_i5403;pick item
pick_i5402;pick item
pick_i5426;pick item
pick_i5377;pick item
pick_i5425;pick item
pick_i5387;pick item
pick_i5324;pick item
pick_i5397;pick item
pick_i5354;pick item
pick_i5380;pick item
pick_i5328;pick item
pick_i5374;pick item
pick_i5360;pick item
pick_i5420;pick item
pick_i5356;pick item
place_o797;place order
pick_i5411;pick item
pick_i5428;pick item
pick_i5398;pick item
pick_i5352;pick item
pick_i5329;pick item
pick_i5371;pick item
pick_i5355;pick item
pick_i5405;pick item
pick_i5432;pick item
pick_i5441;pick item
pick_i5404;pick item
place_o798;place order
pick_i5345;pick item
pick_i5416;pick item
pick_i5419;pick item
pick_i5386;pick item
pick_i5433;pick item
pick_i5452;pick item
pick_i5414;pick item
pick_i5437;pick item
place_o799;place order
pick_i5439;pick item
pick_i5400;pick item
pick_i5448;pick item
pick_i5370;pick item
pick_i5379;pick item
pick_i5359;pick item
place_o800;place order
pick_i5389;pick item
pick_i5409;pick item
pick_i5469;pick item
pick_i5471;pick item
pick_i5446;pick item
pick_i5383;pick item
pick_i5447;pick item
ship_o792;ship order
pick_i5443;pick item
pick_i5363;pick item
pick_i5438;pick item
pick_i5436;pick item
place_o801;place order
pick_i5353;pick item
pick_i5361;pick item
pick_i5476;pick item
pick_i5440;pick item
pick_i5483;pick item
pick_i5479;pick item
pick_i5393;pick item
pick_i5408;pick item
pick_i5484;pick item
pick_i5431;pick item
pick_i5475;pick item
pick_i5454;pick item
pick_i5427;pick item
pick_i5445;pick item
pick_i5449;pick item
pick_i5442;pick item
pick_i5481;pick item
pick_i5366;pick item
pick_i5485;pick item
pick_i5336;pick item
pick_i5453;pick item
place_o802;place order
pick_i5413;pick item
pick_i5500;pick item
pick_i5495;pick item
pick_i5350;pick item
pick_i5498;pick item
pick_i5472;pick item
pick_i5417;pick item
pick_i5458;pick item
pick_i5492;pick item
place_o803;place order
pick_i5462;pick item
pick_i5392;pick item
pick_i5507;pick item
pick_i5456;pick item
place_o804;place order
pick_i5524;pick item
pick_i5499;pick item
pick_i5430;pick item
pick_i5509;pick item
pick_i5493;pick item
pick_i5412;pick item
pick_i5465;pick item
pick_i5486;pick item
pick_i5522;pick item
pick_i5521;pick item
place_o805;place order
pick_i5368;pick item
pick_i5491;pick item
pick_i5511;pick item
pick_i5532;pick item
pick_i5518;pick item
pick_i5487;pick item
pick_i5533;pick item
pick_i5407;pick item
pick_i5526;pick item
pick_i5537;pick item
pick_i5461;pick item
pick_i5478;pick item
pick_i5460;pick item
pick_i5519;pick item
pick_i5529;pick item
pick_i5415;pick item
pick_i5423;pick item
pick_i5435;pick item
pick_i5482;pick item
place_o806;place order
pick_i5322;pick item
pick_i5552;pick item
ship_o788;ship order
pick_i5544;pick item
pick_i5503;pick item
pick_i5369;pick item
ship_o791;ship order
pick_i5517;pick item
pick_i5418;pick item
place_o807;place order
pick_i5539;pick item
pick_i5410;pick item
place_o808;place order
ship_o795;ship order
pick_i5542;pick item
pick_i5510;pick item
pick_i5496;pick item
pick_i5451;pick item
pick_i5541;pick item
pick_i5530;pick item
pick_i5344;pick item
ship_o790;ship order
pick_i5516;pick item
pick_i5561;pick item
pick_i5501;pick item
pick_i5560;pick item
place_o809;place order
pick_i5540;pick item
pick_i5480;pick item
pick_i5572;pick item
pick_i5477;pick item
pick_i5525;pick item
pick_i5459;pick item
pick_i5559;pick item
pick_i5527;pick item
pick_i5494;pick item
place_o810;place order
pick_i5523;pick item
pick_i5505;pick item
pick_i5457;pick item
pick_i5502;pick item
pick_i5534;pick item
pick_i5339;pick item
pick_i5546;pick item
ship_o789;ship order
pick_i5543;pick item
pick_i5512;pick item
pick_i5580;pick item
place_o811;place order
pick_i5566;pick item
pick_i5444;pick item
pick_i5577;pick item
place_o812;place order
pick_i5497;pick item
ship_o802;ship order
pick_i5558;pick item
pick_i5399;pick item
pick_i5600;pick item
pick_i5606;pick item
pick_i5601;pick item
pick_i5597;pick item
pick_i5550;pick item
place_o813;place order
pick_i5568;pick item
pick_i5614;pick item
pick_i5596;pick item
pick_i5468;pick item
pick_i5564;pick item
pick_i5613;pick item
pick_i5528;pick item
pick_i5625;pick item
pick_i5604;pick item
pick_i5463;pick item
pick_i5624;pick item
place_o814;place order
pick_i5616;pick item
pick_i5506;pick item
pick_i5473;pick item
pick_i5549;pick item
pick_i5531;pick item
pick_i5611;pick item
pick_i5515;pick item
pick_i5535;pick item
pick_i5504;pick item
pick_i5569;pick item
pick_i5619;pick item
pick_i5464;pick item
pick_i5590;pick item
place_o815;place order
pick_i5570;pick item
pick_i5608;pick item
pick_i5593;pick item
pick_i5583;pick item
pick_i5455;pick item
pick_i5585;pick item
pick_i5633;pick item
pick_i5562;pick item
pick_i5567;pick item
pick_i5631;pick item
pick_i5623;pick item
pick_i5547;pick item
pick_i5592;pick item
pick_i5314;pick item
ship_o787;ship order
pick_i5591;pick item
pick_i5594;pick item
pick_i5555;pick item
pick_i5634;pick item
pick_i5595;pick item
pick_i5573;pick item
pick_i5565;pick item
pick_i5563;pick item
ship_o807;ship order
pick_i5632;pick item
place_o816;place order
pick_i5642;pick item
pick_i5578;pick item
pick_i5641;pick item
pick_i5598;pick item
pick_i5646;pick item
pick_i5620;pick item
pick_i5627;pick item
pick_i5630;pick item
pick_i5638;pick item
pick_i5470;pick item
pick_i5648;pick item
place_o817;place order
pick_i5589;pick item
pick_i5656;pick item
pick_i5553;pick item
pick_i5654;pick item
pick_i5434;pick item
ship_o797;ship order
pick_i5652;pick item
pick_i5658;pick item
pick_i5588;pick item
pick_i5643;pick item
pick_i5586;pick item
pick_i5536;pick item
pick_i5660;pick item
pick_i5650;pick item
pick_i5622;pick item
pick_i5489;pick item
pick_i5615;pick item
pick_i5626;pick item
pick_i5538;pick item
pick_i5474;pick item
pick_i5661;pick item
ship_o800;ship order
place_o818;place order
pick_i5467;pick item
pick_i5640;pick item
pick_i5655;pick item
place_o819;place order
pick_i5662;pick item
pick_i5587;pick item
ship_o810;ship order
pick_i5669;pick item
pick_i5651;pick item
pick_i5618;pick item
pick_i5674;pick item
pick_i5645;pick item
place_o820;place order
pick_i5621;pick item
pick_i5545;pick item
pick_i5574;pick item
ship_o805;ship order
pick_i5488;pick item
pick_i5584;pick item
pick_i5679;pick item
pick_i5677;pick item
pick_i5554;pick item
pick_i5663;pick item
pick_i5673;pick item
pick_i5687;pick item
pick_i5666;pick item
pick_i5688;pick item
pick_i5680;pick item
pick_i5582;pick item
pick_i5610;pick item
pick_i5678;pick item
pick_i5520;pick item
ship_o804;ship order
pick_i5684;pick item
pick_i5466;pick item
ship_o799;ship order
pick_i5422;pick item
pick_i5548;pick item
pick_i5681;pick item
pick_i5514;pick item
pick_i5689;pick item
place_o821;place order
pick_i5551;pick item
pick_i5628;pick item
pick_i5575;pick item
pick_i5693;pick item
pick_i5635;pick item
pick_i5617;pick item
pick_i5691;pick item
ship_o813;ship order
pick_i5490;pick item
ship_o801;ship order
pick_i5667;pick item
pick_i5557;pick item
pick_i5603;pick item
pick_i5571;pick item
pick_i5682;pick item
ship_o808;ship order
pick_i5672;pick item
pick_i5513;pick item
pick_i5686;pick item
pick_i5605;pick item
pick_i5665;pick item
pick_i5668;pick item
pick_i5612;pick item
pick_i5675;pick item
pick_i5649;pick item
pick_i5692;pick item
pick_i5401;pick item
pick_i5508;pick item
ship_o794;ship order
ship_o803;ship order
pick_i5639;pick item
pick_i5671;pick item
place_o822;place order
pick_i5695;pick item
pick_i5699;pick item
pick_i5388;pick item
pick_i5705;pick item
ship_o793;ship order
pick_i5450;pick item
ship_o798;ship order
pick_i5700;pick item
place_o823;place order
pick_i5702;pick item
pick_i5576;pick item
pick_i5637;pick item
pick_i5714;pick item
place_o824;place order
pick_i5683;pick item
pick_i5710;pick item
pick_i5602;pick item
pick_i5724;pick item
pick_i5728;pick item
pick_i5703;pick item
pick_i5707;pick item
pick_i5713;pick item
pick_i5730;pick item
pick_i5715;pick item
pick_i5657;pick item
pick_i5556;pick item
ship_o806;ship order
pick_i5731;pick item
pick_i5690;pick item
pick_i5653;pick item
pick_i5701;pick item
pick_i5708;pick item
pick_i5659;pick item
ship_o817;ship order
pick_i5704;pick item
pick_i5722;pick item
pick_i5697;pick item
place_o825;place order
pick_i5636;pick item
pick_i5694;pick item
ship_o815;ship order
pick_i5424;pick item
place_o826;place order
ship_o796;ship order
pick_i5581;pick item
pick_i5734;pick item
pick_i5718;pick item
pick_i5735;pick item
pick_i5712;pick item
pick_i5754;pick item
pick_i5719;pick item
pick_i5738;pick item
pick_i5753;pick item
pick_i5711;pick item
pick_i5742;pick item
pick_i5670;pick item
pick_i5647;pick item
pick_i5744;pick item
pick_i5664;pick item
pick_i5739;pick item
ship_o818;ship order
pick_i5748;pick item
pick_i5727;pick item
pick_i5726;pick item
pick_i5720;pick item
pick_i5696;pick item
ship_o821;ship order
pick_i5745;pick item
pick_i5743;pick item
pick_i5740;pick item
pick_i5750;pick item
pick_i5706;pick item
pick_i5644;pick item
ship_o816;ship order
pick_i5723;pick item
pick_i5716;pick item
pick_i5717;pick item
pick_i5747;pick item
pick_i5746;pick item
place_o827;place order
pick_i5732;pick item
pick_i5698;pick item
ship_o822;ship order
pick_i5757;pick item
pick_i5758;pick item
pick_i5609;pick item
pick_i5749;pick item
pick_i5733;pick item
pick_i5761;pick item
pick_i5721;pick item
pick_i5685;pick item
ship_o820;ship order
pick_i5762;pick item
pick_i5676;pick item
pick_i5736;pick item
ship_o819;ship order
pick_i5599;pick item
place_o828;place order
ship_o811;ship order
pick_i5756;pick item
pick_i5579;pick item
pick_i5763;pick item
ship_o809;ship order
pick_i5760;pick item
place_o829;place order
pick_i5768;pick item
pick_i5607;pick item
pick_i5770;pick item
ship_o812;ship order
pick_i5729;pick item
pick_i5776;pick item
pick_i5751;pick item
pick_i5737;pick item
ship_o825;ship order
pick_i5755;pick item
pick_i5741;pick item
pick_i5777;pick item
pick_i5772;pick item
pick_i5629;pick item
ship_o814;ship order
pick_i5778;pick item
pick_i5752;pick item
pick_i5771;pick item
ship_o826;ship order
pick_i5773;pick item
pick_i5709;pick item
pick_i5779;pick item
ship_o823;ship order
pick_i5766;pick item
pick_i5765;pick item
pick_i5780;pick item
pick_i5769;pick item
pick_i5725;pick item
ship_o824;ship order
pick_i5764;pick item
pick_i5767;pick item
ship_o828;ship order
pick_i5759;pick item
place_o830;place order
ship_o827;ship order
pick_i5774;pick item
pick_i5775;pick item
pick_i5782;pick item
ship_o829;ship order
pick_i5789;pick item
pick_i5785;pick item
pick_i5787;pick item
pick_i5791;pick item
pick_i5783;pick item
pick_i5784;pick item
place_o831;place order
pick_i5786;pick item
pick_i5794;pick item
pick_i5803;pick item
pick_i5781;pick item
pick_i5790;pick item
pick_i5793;pick item
pick_i5799;pick item
pick_i5797;pick item
pick_i5792;pick item
pick_i5788;pick item
pick_i5795;pick item
ship_o830;ship order
pick_i5796;pick item
pick_i5800;pick item
pick_i5801;pick item
pick_i5802;pick item
pick_i5798;pick item
ship_o831;ship order
place_o832;place order
pick_i5812;pick item
pick_i5805;pick item
pick_i5809;pick item
pick_i5811;pick item
place_o833;place order
pick_i5807;pick item
pick_i5804;pick item
pick_i5806;pick item
pick_i5810;pick item
pick_i5808;pick item
ship_o832;ship order
pick_i5815;pick item
pick_i5819;pick item
pick_i5823;pick item
place_o834;place order
pick_i5821;pick item
pick_i5816;pick item
pick_i5825;pick item
pick_i5828;pick item
pick_i5818;pick item
pick_i5826;pick item
place_o835;place order
pick_i5813;pick item
pick_i5814;pick item
pick_i5817;pick item
pick_i5827;pick item
pick_i5843;pick item
pick_i5831;pick item
pick_i5833;pick item
place_o836;place order
pick_i5820;pick item
pick_i5846;pick item
pick_i5829;pick item
pick_i5844;pick item
pick_i5830;pick item
pick_i5835;pick item
pick_i5836;pick item
pick_i5848;pick item
pick_i5832;pick item
pick_i5834;pick item
place_o837;place order
pick_i5849;pick item
pick_i5847;pick item
pick_i5838;pick item
place_o838;place order
pick_i5840;pick item
pick_i5857;pick item
pick_i5865;pick item
pick_i5824;pick item
ship_o834;ship order
pick_i5837;pick item
pick_i5845;pick item
ship_o836;ship order
pick_i5841;pick item
pick_i5850;pick item
pick_i5854;pick item
pick_i5866;pick item
pick_i5853;pick item
pick_i5861;pick item
place_o839;place order
pick_i5856;pick item
pick_i5860;pick item
pick_i5851;pick item
pick_i5870;pick item
pick_i5822;pick item
pick_i5852;pick item
ship_o833;ship order
pick_i5871;pick item
pick_i5842;pick item
pick_i5859;pick item
pick_i5868;pick item
pick_i5867;pick item
pick_i5863;pick item
pick_i5855;pick item
place_o840;place order
pick_i5874;pick item
pick_i5839;pick item
ship_o835;ship order
pick_i5880;pick item
pick_i5878;pick item
pick_i5884;pick item
pick_i5869;pick item
pick_i5876;pick item
pick_i5882;pick item
pick_i5881;pick item
pick_i5875;pick item
pick_i5883;pick item
pick_i5879;pick item
place_o841;place order
pick_i5889;pick item
pick_i5891;pick item
pick_i5864;pick item
pick_i5888;pick item
place_o842;place order
pick_i5862;pick item
ship_o838;ship order
pick_i5873;pick item
pick_i5903;pick item
pick_i5885;pick item
pick_i5897;pick item
place_o843;place order
pick_i5892;pick item
pick_i5909;pick item
pick_i5858;pick item
pick_i5920;pick item
ship_o837;ship order
pick_i5902;pick item
pick_i5917;pick item
pick_i5907;pick item
pick_i5895;pick item
pick_i5886;pick item
pick_i5915;pick item
pick_i5904;pick item
pick_i5905;pick item
pick_i5899;pick item
pick_i5894;pick item
pick_i5877;pick item
ship_o840;ship order
pick_i5896;pick item
pick_i5919;pick item
place_o844;place order
pick_i5914;pick item
pick_i5887;pick item
pick_i5929;pick item
pick_i5872;pick item
pick_i5927;pick item
ship_o839;ship order
pick_i5908;pick item
place_o845;place order
pick_i5900;pick item
pick_i5924;pick item
pick_i5922;pick item
pick_i5898;pick item
pick_i5939;pick item
pick_i5947;pick item
pick_i5925;pick item
pick_i5912;pick item
pick_i5933;pick item
pick_i5934;pick item
pick_i5916;pick item
place_o846;place order
pick_i5911;pick item
pick_i5921;pick item
pick_i5931;pick item
pick_i5913;pick item
pick_i5948;pick item
pick_i5937;pick item
pick_i5942;pick item
pick_i5955;pick item
pick_i5928;pick item
pick_i5893;pick item
place_o847;place order
pick_i5940;pick item
pick_i5926;pick item
pick_i5910;pick item
pick_i5963;pick item
pick_i5969;pick item
pick_i5959;pick item
pick_i5962;pick item
place_o848;place order
pick_i5932;pick item
pick_i5906;pick item
pick_i5960;pick item
pick_i5966;pick item
pick_i5976;pick item
pick_i5951;pick item
pick_i5968;pick item
pick_i5985;pick item
pick_i5918;pick item
place_o849;place order
pick_i5973;pick item
ship_o843;ship order
pick_i5956;pick item
place_o850;place order
pick_i6002;pick item
pick_i5890;pick item
ship_o841;ship order
pick_i5961;pick item
pick_i5946;pick item
pick_i5993;pick item
pick_i5988;pick item
pick_i5950;pick item
pick_i5901;pick item
pick_i5970;pick item
ship_o842;ship order
pick_i5952;pick item
pick_i5949;pick item
pick_i5989;pick item
pick_i5986;pick item
pick_i5981;pick item
pick_i5997;pick item
pick_i5941;pick item
pick_i5938;pick item
pick_i5930;pick item
pick_i5945;pick item
pick_i6000;pick item
pick_i5943;pick item
place_o851;place order
pick_i5991;pick item
pick_i5977;pick item
pick_i5965;pick item
pick_i5974;pick item
pick_i5964;pick item
pick_i5979;pick item
pick_i5987;pick item
pick_i5984;pick item
pick_i5983;pick item
pick_i5994;pick item
pick_i5936;pick item
pick_i5995;pick item
pick_i5980;pick item
place_o852;place order
pick_i5944;pick item
ship_o845;ship order
pick_i5935;pick item
pick_i6001;pick item
pick_i6020;pick item
pick_i6006;pick item
pick_i5957;pick item
pick_i5999;pick item
place_o853;place order
pick_i6004;pick item
pick_i6029;pick item
pick_i5971;pick item
place_o854;place order
pick_i6003;pick item
pick_i5992;pick item
pick_i6007;pick item
pick_i5954;pick item
pick_i5953;pick item
pick_i6044;pick item
pick_i6040;pick item
pick_i6026;pick item
pick_i6028;pick item
pick_i5958;pick item
ship_o846;ship order
pick_i6041;pick item
pick_i5975;pick item
pick_i6037;pick item
pick_i6013;pick item
pick_i5972;pick item
pick_i6014;pick item
pick_i6034;pick item
pick_i5923;pick item
pick_i6039;pick item
ship_o844;ship order
pick_i5982;pick item
pick_i6005;pick item
ship_o851;ship order
pick_i6017;pick item
pick_i6030;pick item
pick_i5967;pick item
ship_o847;ship order
pick_i6043;pick item
pick_i6022;pick item
place_o855;place order
pick_i6008;pick item
pick_i6047;pick item
pick_i6031;pick item
pick_i6021;pick item
pick_i6018;pick item
pick_i6010;pick item
pick_i6015;pick item
pick_i6035;pick item
pick_i6012;pick item
pick_i6009;pick item
pick_i5990;pick item
pick_i6023;pick item
pick_i6033;pick item
pick_i6045;pick item
place_o856;place order
pick_i6048;pick item
pick_i6025;pick item
pick_i6052;pick item
pick_i5998;pick item
pick_i6053;pick item
ship_o850;ship order
pick_i6016;pick item
pick_i6058;pick item
pick_i6032;pick item
pick_i6050;pick item
pick_i6057;pick item
pick_i6036;pick item
pick_i6049;pick item
pick_i6051;pick item
pick_i6027;pick item
pick_i6011;pick item
pick_i6046;pick item
pick_i6038;pick item
ship_o855;ship order
place_o857;place order
pick_i6042;pick item
ship_o854;ship order
pick_i5996;pick item
pick_i6059;pick item
ship_o849;ship order
pick_i6054;pick item
pick_i6019;pick item
pick_i6055;pick item
ship_o852;ship order
pick_i6056;pick item
pick_i6024;pick item
ship_o856;ship order
pick_i5978;pick item
ship_o853;ship order
ship_o848;ship order
pick_i6060;pick item
pick_i6068;pick item
pick_i6066;pick item
pick_i6062;pick item
place_o858;place order
pick_i6061;pick item
pick_i6065;pick item
place_o859;place order
pick_i6073;pick item
pick_i6070;pick item
pick_i6085;pick item
pick_i6078;pick item
pick_i6067;pick item
pick_i6083;pick item
pick_i6063;pick item
pick_i6088;pick item
pick_i6075;pick item
pick_i6076;pick item
pick_i6072;pick item
pick_i6077;pick item
pick_i6071;pick item
pick_i6087;pick item
pick_i6064;pick item
ship_o857;ship order
pick_i6086;pick item
pick_i6080;pick item
pick_i6079;pick item
pick_i6084;pick item
pick_i6081;pick item
pick_i6069;pick item
pick_i6082;pick item
ship_o859;ship order
pick_i6074;pick item
ship_o858;ship order
place_o860;place order
pick_i6091;pick item
pick_i6101;pick item
pick_i6092;pick item
pick_i6099;pick item
pick_i6095;pick item
pick_i6100;pick item
pick_i6089;pick item
pick_i6090;pick item
pick_i6096;pick item
pick_i6094;pick item
pick_i6093;pick item
pick_i6097;pick item
pick_i6098;pick item
ship_o860;ship order
place_o861;place order
pick_i6104;pick item
pick_i6107;pick item
pick_i6116;pick item
pick_i6117;pick item
pick_i6112;pick item
pick_i6108;pick item
pick_i6109;pick item
pick_i6115;pick item
pick_i6106;pick item
pick_i6105;pick item
pick_i6111;pick item
pick_i6113;pick item
pick_i6110;pick item
pick_i6102;pick item
pick_i6114;pick item
pick_i6103;pick item
ship_o861;ship order
place_o862;place order
pick_i6120;pick item
pick_i6125;pick item
pick_i6126;pick item
place_o863;place order
pick_i6135;pick item
pick_i6132;pick item
pick_i6140;pick item
pick_i6133;pick item
pick_i6129;pick item
pick_i6128;pick item
pick_i6121;pick item
pick_i6119;pick item
pick_i6139;pick item
pick_i6122;pick item
pick_i6127;pick item
pick_i6141;pick item
pick_i6123;pick item
pick_i6138;pick item
pick_i6130;pick item
pick_i6136;pick item
pick_i6131;pick item
pick_i6137;pick item
pick_i6118;pick item
pick_i6134;pick item
pick_i6124;pick item
ship_o863;ship order
place_o864;place order
pick_i6148;pick item
ship_o862;ship order
pick_i6153;pick item
pick_i6147;pick item
pick_i6142;pick item
pick_i6151;pick item
pick_i6150;pick item
pick_i6154;pick item
pick_i6143;pick item
pick_i6156;pick item
place_o865;place order
pick_i6158;pick item
pick_i6144;pick item
pick_i6152;pick item
place_o866;place order
pick_i6184;pick item
pick_i6166;pick item
pick_i6161;pick item
pick_i6175;pick item
pick_i6179;pick item
pick_i6171;pick item
pick_i6159;pick item
pick_i6165;pick item
pick_i6163;pick item
pick_i6170;pick item
pick_i6177;pick item
pick_i6167;pick item
place_o867;place order
pick_i6162;pick item
pick_i6190;pick item
pick_i6168;pick item
place_o868;place order
pick_i6146;pick item
pick_i6169;pick item
pick_i6201;pick item
pick_i6194;pick item
pick_i6199;pick item
place_o869;place order
pick_i6212;pick item
pick_i6218;pick item
pick_i6221;pick item
pick_i6191;pick item
pick_i6219;pick item
pick_i6192;pick item
pick_i6185;pick item
pick_i6200;pick item
pick_i6198;pick item
pick_i6213;pick item
place_o870;place order
pick_i6173;pick item
pick_i6227;pick item
pick_i6225;pick item
pick_i6207;pick item
pick_i6208;pick item
pick_i6205;pick item
pick_i6229;pick item
pick_i6202;pick item
pick_i6181;pick item
pick_i6209;pick item
pick_i6233;pick item
pick_i6228;pick item
place_o871;place order
pick_i6226;pick item
pick_i6244;pick item
pick_i6236;pick item
place_o872;place order
pick_i6216;pick item
pick_i6241;pick item
pick_i6196;pick item
pick_i6247;pick item
pick_i6240;pick item
pick_i6193;pick item
pick_i6182;pick item
pick_i6157;pick item
pick_i6204;pick item
pick_i6248;pick item
place_o873;place order
pick_i6243;pick item
pick_i6217;pick item
pick_i6242;pick item
pick_i6176;pick item
pick_i6256;pick item
pick_i6257;pick item
pick_i6253;pick item
pick_i6206;pick item
pick_i6249;pick item
pick_i6149;pick item
pick_i6265;pick item
pick_i6186;pick item
pick_i6263;pick item
pick_i6155;pick item
place_o874;place order
pick_i6238;pick item
pick_i6172;pick item
pick_i6180;pick item
pick_i6276;pick item
place_o875;place order
pick_i6235;pick item
pick_i6273;pick item
pick_i6215;pick item
pick_i6262;pick item
pick_i6189;pick item
pick_i6239;pick item
pick_i6294;pick item
pick_i6259;pick item
pick_i6287;pick item
pick_i6270;pick item
pick_i6252;pick item
pick_i6291;pick item
pick_i6160;pick item
pick_i6197;pick item
pick_i6210;pick item
pick_i6203;pick item
pick_i6164;pick item
ship_o865;ship order
pick_i6267;pick item
pick_i6174;pick item
pick_i6296;pick item
place_o876;place order
pick_i6258;pick item
pick_i6220;pick item
pick_i6283;pick item
pick_i6278;pick item
pick_i6234;pick item
pick_i6288;pick item
pick_i6279;pick item
pick_i6231;pick item
pick_i6224;pick item
pick_i6305;pick item
pick_i6269;pick item
pick_i6211;pick item
pick_i6274;pick item
pick_i6255;pick item
pick_i6230;pick item
pick_i6298;pick item
pick_i6237;pick item
pick_i6282;pick item
place_o877;place order
pick_i6300;pick item
pick_i6223;pick item
pick_i6245;pick item
pick_i6195;pick item
pick_i6306;pick item
pick_i6254;pick item
pick_i6214;pick item
ship_o868;ship order
pick_i6320;pick item
place_o878;place order
pick_i6317;pick item
pick_i6187;pick item
place_o879;place order
pick_i6314;pick item
pick_i6339;pick item
pick_i6222;pick item
pick_i6319;pick item
ship_o869;ship order
pick_i6299;pick item
pick_i6338;pick item
pick_i6349;pick item
pick_i6332;pick item
pick_i6301;pick item
pick_i6284;pick item
pick_i6335;pick item
pick_i6246;pick item
pick_i6303;pick item
ship_o871;ship order
pick_i6346;pick item
pick_i6275;pick item
pick_i6344;pick item
pick_i6285;pick item
pick_i6308;pick item
pick_i6341;pick item
pick_i6264;pick item
pick_i6145;pick item
ship_o864;ship order
pick_i6329;pick item
pick_i6271;pick item
pick_i6325;pick item
pick_i6326;pick item
pick_i6333;pick item
pick_i6315;pick item
place_o880;place order
pick_i6304;pick item
pick_i6295;pick item
pick_i6328;pick item
pick_i6361;pick item
pick_i6322;pick item
pick_i6289;pick item
pick_i6351;pick item
pick_i6292;pick item
pick_i6183;pick item
pick_i6358;pick item
pick_i6364;pick item
pick_i6355;pick item
place_o881;place order
pick_i6309;pick item
pick_i6356;pick item
pick_i6342;pick item
pick_i6297;pick item
pick_i6357;pick item
pick_i6334;pick item
pick_i6324;pick item
pick_i6251;pick item
pick_i6373;pick item
pick_i6261;pick item
pick_i6316;pick item
pick_i6310;pick item
pick_i6250;pick item
pick_i6281;pick item
ship_o872;ship order
pick_i6370;pick item
pick_i6368;pick item
pick_i6286;pick item
pick_i6290;pick item
pick_i6337;pick item
place_o882;place order
pick_i6268;pick item
pick_i6277;pick item
pick_i6362;pick item
pick_i6188;pick item
ship_o867;ship order
pick_i6343;pick item
pick_i6266;pick item
pick_i6372;pick item
pick_i6348;pick item
pick_i6359;pick item
pick_i6386;pick item
pick_i6312;pick item
pick_i6377;pick item
pick_i6389;pick item
place_o883;place order
pick_i6388;pick item
pick_i6365;pick item
pick_i6369;pick item
pick_i6331;pick item
place_o884;place order
pick_i6366;pick item
pick_i6293;pick item
ship_o875;ship order
pick_i6336;pick item
pick_i6260;pick item
ship_o873;ship order
pick_i6360;pick item
pick_i6411;pick item
pick_i6353;pick item
pick_i6321;pick item
pick_i6385;pick item
pick_i6302;pick item
pick_i6382;pick item
pick_i6391;pick item
pick_i6384;pick item
pick_i6363;pick item
pick_i6307;pick item
ship_o876;ship order
pick_i6403;pick item
pick_i6406;pick item
pick_i6313;pick item
pick_i6414;pick item
pick_i6393;pick item
pick_i6413;pick item
pick_i6400;pick item
pick_i6383;pick item
pick_i6387;pick item
pick_i6408;pick item
pick_i6390;pick item
pick_i6340;pick item
pick_i6378;pick item
pick_i6399;pick item
pick_i6178;pick item
pick_i6354;pick item
ship_o866;ship order
pick_i6347;pick item
pick_i6375;pick item
place_o885;place order
pick_i6232;pick item
pick_i6379;pick item
ship_o870;ship order
pick_i6427;pick item
pick_i6405;pick item
pick_i6420;pick item
pick_i6430;pick item
pick_i6352;pick item
pick_i6418;pick item
ship_o880;ship order
pick_i6409;pick item
pick_i6374;pick item
pick_i6424;pick item
pick_i6428;pick item
pick_i6417;pick item
pick_i6345;pick item
pick_i6371;pick item
pick_i6412;pick item
pick_i6397;pick item
place_o886;place order
pick_i6404;pick item
pick_i6380;pick item
pick_i6402;pick item
pick_i6435;pick item
pick_i6434;pick item
pick_i6437;pick item
pick_i6433;pick item
pick_i6376;pick item
pick_i6395;pick item
pick_i6398;pick item
pick_i6327;pick item
pick_i6311;pick item
pick_i6394;pick item
pick_i6423;pick item
pick_i6330;pick item
ship_o878;ship order
pick_i6421;pick item
pick_i6425;pick item
pick_i6410;pick item
pick_i6426;pick item
pick_i6407;pick item
pick_i6392;pick item
pick_i6429;pick item
pick_i6350;pick item
place_o887;place order
pick_i6396;pick item
ship_o879;ship order
pick_i6381;pick item
ship_o883;ship order
pick_i6323;pick item
ship_o882;ship order
pick_i6440;pick item
pick_i6439;pick item
pick_i6280;pick item
pick_i6401;pick item
pick_i6318;pick item
ship_o884;ship order
place_o888;place order
pick_i6422;pick item
ship_o877;ship order
pick_i6454;pick item
pick_i6453;pick item
pick_i6419;pick item
pick_i6436;pick item
pick_i6451;pick item
place_o889;place order
pick_i6455;pick item
pick_i6416;pick item
pick_i6447;pick item
pick_i6445;pick item
pick_i6452;pick item
pick_i6415;pick item
pick_i6444;pick item
pick_i6446;pick item
pick_i6441;pick item
pick_i6456;pick item
pick_i6450;pick item
pick_i6272;pick item
ship_o874;ship order
pick_i6431;pick item
ship_o885;ship order
pick_i6443;pick item
pick_i6449;pick item
pick_i6438;pick item
pick_i6442;pick item
pick_i6448;pick item
ship_o887;ship order
pick_i6457;pick item
pick_i6432;pick item
ship_o888;ship order
ship_o886;ship order
pick_i6367;pick item
pick_i6468;pick item
ship_o881;ship order
pick_i6471;pick item
pick_i6465;pick item
pick_i6459;pick item
pick_i6466;pick item
pick_i6463;pick item
pick_i6467;pick item
pick_i6461;pick item
pick_i6473;pick item
pick_i6458;pick item
place_o890;place order
pick_i6470;pick item
pick_i6464;pick item
pick_i6478;pick item
place_o891;place order
pick_i6474;pick item
pick_i6475;pick item
pick_i6488;pick item
pick_i6477;pick item
pick_i6460;pick item
pick_i6484;pick item
pick_i6483;pick item
place_o892;place order
pick_i6476;pick item
pick_i6480;pick item
pick_i6496;pick item
place_o893;place order
pick_i6469;pick item
pick_i6506;pick item
pick_i6502;pick item
pick_i6500;pick item
pick_i6492;pick item
pick_i6490;pick item
place_o894;place order
pick_i6489;pick item
pick_i6507;pick item
pick_i6510;pick item
pick_i6516;pick item
pick_i6498;pick item
pick_i6511;pick item
pick_i6491;pick item
pick_i6513;pick item
pick_i6494;pick item
pick_i6486;pick item
place_o895;place order
pick_i6462;pick item
pick_i6504;pick item
pick_i6514;pick item
pick_i6527;pick item
pick_i6526;pick item
pick_i6524;pick item
pick_i6508;pick item
pick_i6517;pick item
pick_i6515;pick item
pick_i6523;pick item
pick_i6497;pick item
pick_i6518;pick item
pick_i6509;pick item
pick_i6531;pick item
pick_i6495;pick item
pick_i6493;pick item
pick_i6481;pick item
ship_o892;ship order
pick_i6499;pick item
pick_i6487;pick item
pick_i6479;pick item
pick_i6521;pick item
ship_o890;ship order
pick_i6512;pick item
pick_i6529;pick item
ship_o894;ship order
pick_i6525;pick item
pick_i6520;pick item
pick_i6482;pick item
pick_i6519;pick item
pick_i6503;pick item
pick_i6530;pick item
place_o896;place order
pick_i6528;pick item
pick_i6537;pick item
pick_i6505;pick item
pick_i6522;pick item
pick_i6535;pick item
pick_i6532;pick item
pick_i6485;pick item
ship_o895;ship order
place_o897;place order
ship_o891;ship order
pick_i6501;pick item
ship_o893;ship order
pick_i6546;pick item
pick_i6533;pick item
place_o898;place order
pick_i6538;pick item
pick_i6550;pick item
pick_i6547;pick item
place_o899;place order
pick_i6557;pick item
pick_i6551;pick item
pick_i6472;pick item
pick_i6552;pick item
ship_o889;ship order
pick_i6545;pick item
pick_i6567;pick item
pick_i6562;pick item
pick_i6549;pick item
place_o900;place order
pick_i6534;pick item
pick_i6541;pick item
pick_i6573;pick item
pick_i6559;pick item
place_o901;place order
pick_i6579;pick item
pick_i6543;pick item
pick_i6563;pick item
pick_i6564;pick item
pick_i6566;pick item
pick_i6553;pick item
place_o902;place order
pick_i6582;pick item
pick_i6536;pick item
pick_i6588;pick item
pick_i6578;pick item
pick_i6587;pick item
pick_i6569;pick item
pick_i6539;pick item
pick_i6592;pick item
pick_i6575;pick item
pick_i6581;pick item
pick_i6593;pick item
pick_i6590;pick item
pick_i6560;pick item
place_o903;place order
pick_i6594;pick item
pick_i6555;pick item
pick_i6574;pick item
pick_i6596;pick item
pick_i6558;pick item
pick_i6572;pick item
pick_i6603;pick item
pick_i6571;pick item
place_o904;place order
pick_i6565;pick item
pick_i6583;pick item
pick_i6584;pick item
pick_i6600;pick item
pick_i6605;pick item
pick_i6540;pick item
ship_o896;ship order
pick_i6548;pick item
pick_i6570;pick item
pick_i6597;pick item
pick_i6614;pick item
pick_i6607;pick item
place_o905;place order
pick_i6609;pick item
pick_i6602;pick item
pick_i6632;pick item
pick_i6585;pick item
pick_i6604;pick item
pick_i6591;pick item
place_o906;place order
pick_i6542;pick item
pick_i6599;pick item
pick_i6554;pick item
pick_i6577;pick item
pick_i6580;pick item
pick_i6601;pick item
pick_i6568;pick item
place_o907;place order
pick_i6617;pick item
pick_i6625;pick item
pick_i6544;pick item
ship_o897;ship order
pick_i6624;pick item
pick_i6618;pick item
pick_i6615;pick item
pick_i6598;pick item
place_o908;place order
pick_i6644;pick item
pick_i6650;pick item
pick_i6635;pick item
place_o909;place order
pick_i6622;pick item
pick_i6639;pick item
pick_i6633;pick item
pick_i6640;pick item
pick_i6638;pick item
pick_i6646;pick item
pick_i6656;pick item
pick_i6655;pick item
pick_i6651;pick item
pick_i6659;pick item
pick_i6620;pick item
pick_i6667;pick item
pick_i6613;pick item
pick_i6576;pick item
pick_i6669;pick item
ship_o900;ship order
pick_i6645;pick item
pick_i6643;pick item
pick_i6612;pick item
pick_i6660;pick item
pick_i6623;pick item
pick_i6629;pick item
pick_i6647;pick item
pick_i6666;pick item
pick_i6665;pick item
pick_i6626;pick item
pick_i6671;pick item
place_o910;place order
pick_i6611;pick item
pick_i6619;pick item
pick_i6649;pick item
pick_i6672;pick item
pick_i6636;pick item
pick_i6661;pick item
pick_i6670;pick item
pick_i6663;pick item
pick_i6677;pick item
pick_i6630;pick item
pick_i6561;pick item
place_o911;place order
pick_i6668;pick item
ship_o899;ship order
pick_i6689;pick item
pick_i6690;pick item
pick_i6628;pick item
pick_i6606;pick item
ship_o903;ship order
pick_i6641;pick item
pick_i6627;pick item
pick_i6678;pick item
pick_i6621;pick item
pick_i6691;pick item
pick_i6679;pick item
pick_i6682;pick item
pick_i6556;pick item
ship_o898;ship order
pick_i6589;pick item
pick_i6642;pick item
pick_i6637;pick item
pick_i6648;pick item
pick_i6653;pick item
ship_o907;ship order
pick_i6681;pick item
pick_i6664;pick item
pick_i6662;pick item
ship_o909;ship order
pick_i6652;pick item
pick_i6680;pick item
pick_i6692;pick item
place_o912;place order
pick_i6631;pick item
ship_o905;ship order
pick_i6616;pick item
pick_i6700;pick item
pick_i6705;pick item
pick_i6595;pick item
ship_o902;ship order
pick_i6634;pick item
pick_i6688;pick item
ship_o906;ship order
pick_i6608;pick item
place_o913;place order
pick_i6686;pick item
pick_i6704;pick item
pick_i6711;pick item
pick_i6654;pick item
pick_i6687;pick item
pick_i6709;pick item
pick_i6715;pick item
pick_i6712;pick item
pick_i6710;pick item
pick_i6657;pick item
place_o914;place order
pick_i6698;pick item
pick_i6610;pick item
ship_o904;ship order
pick_i6685;pick item
pick_i6701;pick item
pick_i6699;pick item
pick_i6675;pick item
pick_i6713;pick item
pick_i6725;pick item
pick_i6728;pick item
pick_i6693;pick item
pick_i6723;pick item
pick_i6718;pick item
pick_i6694;pick item
pick_i6727;pick item
pick_i6658;pick item
ship_o908;ship order
pick_i6720;pick item
pick_i6703;pick item
pick_i6707;pick item
pick_i6683;pick item
pick_i6673;pick item
pick_i6586;pick item
pick_i6726;pick item
ship_o901;ship order
pick_i6721;pick item
pick_i6676;pick item
pick_i6684;pick item
ship_o911;ship order
pick_i6719;pick item
place_o915;place order
pick_i6674;pick item
pick_i6722;pick item
ship_o910;ship order
pick_i6714;pick item
pick_i6730;pick item
pick_i6696;pick item
pick_i6702;pick item
pick_i6724;pick item
ship_o914;ship order
pick_i6735;pick item
pick_i6733;pick item
pick_i6737;pick item
pick_i6717;pick item
pick_i6739;pick item
pick_i6734;pick item
pick_i6736;pick item
pick_i6729;pick item
pick_i6731;pick item
pick_i6695;pick item
pick_i6738;pick item
pick_i6708;pick item
pick_i6732;pick item
pick_i6697;pick item
place_o916;place order
pick_i6754;pick item
pick_i6750;pick item
pick_i6745;pick item
pick_i6756;pick item
pick_i6747;pick item
pick_i6744;pick item
pick_i6740;pick item
pick_i6746;pick item
pick_i6752;pick item
pick_i6741;pick item
pick_i6753;pick item
pick_i6748;pick item
place_o917;place order
pick_i6743;pick item
pick_i6706;pick item
ship_o912;ship order
pick_i6766;pick item
place_o918;place order
pick_i6764;pick item
pick_i6776;pick item
pick_i6765;pick item
pick_i6749;pick item
pick_i6761;pick item
pick_i6775;pick item
pick_i6782;pick item
pick_i6768;pick item
pick_i6779;pick item
pick_i6769;pick item
pick_i6770;pick item
pick_i6758;pick item
pick_i6772;pick item
pick_i6760;pick item
pick_i6771;pick item
pick_i6780;pick item
pick_i6755;pick item
pick_i6751;pick item
ship_o916;ship order
pick_i6781;pick item
pick_i6778;pick item
pick_i6767;pick item
pick_i6777;pick item
place_o919;place order
pick_i6791;pick item
pick_i6759;pick item
pick_i6802;pick item
pick_i6742;pick item
pick_i6787;pick item
ship_o915;ship order
pick_i6785;pick item
pick_i6786;pick item
pick_i6716;pick item
ship_o913;ship order
pick_i6799;pick item
pick_i6773;pick item
pick_i6774;pick item
place_o920;place order
pick_i6795;pick item
pick_i6801;pick item
pick_i6788;pick item
place_o921;place order
pick_i6783;pick item
ship_o918;ship order
pick_i6811;pick item
pick_i6790;pick item
pick_i6784;pick item
pick_i6812;pick item
pick_i6793;pick item
pick_i6809;pick item
pick_i6804;pick item
pick_i6798;pick item
pick_i6797;pick item
pick_i6757;pick item
pick_i6814;pick item
pick_i6817;pick item
pick_i6823;pick item
place_o922;place order
pick_i6822;pick item
pick_i6803;pick item
pick_i6841;pick item
pick_i6789;pick item
pick_i6800;pick item
pick_i6816;pick item
pick_i6832;pick item
pick_i6810;pick item
pick_i6825;pick item
place_o923;place order
pick_i6815;pick item
pick_i6821;pick item
pick_i6808;pick item
pick_i6847;pick item
pick_i6834;pick item
pick_i6836;pick item
pick_i6830;pick item
pick_i6851;pick item
pick_i6824;pick item
pick_i6835;pick item
pick_i6792;pick item
pick_i6843;pick item
place_o924;place order
pick_i6852;pick item
pick_i6762;pick item
pick_i6807;pick item
pick_i6796;pick item
pick_i6855;pick item
pick_i6838;pick item
pick_i6820;pick item
pick_i6806;pick item
pick_i6818;pick item
pick_i6844;pick item
pick_i6828;pick item
pick_i6856;pick item
pick_i6813;pick item
pick_i6858;pick item
pick_i6846;pick item
pick_i6853;pick item
pick_i6845;pick item
pick_i6829;pick item
pick_i6837;pick item
pick_i6827;pick item
pick_i6842;pick item
pick_i6850;pick item
pick_i6794;pick item
place_o925;place order
pick_i6839;pick item
ship_o919;ship order
pick_i6857;pick item
pick_i6859;pick item
pick_i6849;pick item
pick_i6871;pick item
pick_i6862;pick item
pick_i6848;pick item
pick_i6863;pick item
pick_i6867;pick item
pick_i6870;pick item
pick_i6865;pick item
pick_i6840;pick item
pick_i6826;pick item
pick_i6872;pick item
pick_i6831;pick item
pick_i6869;pick item
pick_i6763;pick item
pick_i6866;pick item
ship_o917;ship order
pick_i6861;pick item
place_o926;place order
pick_i6883;pick item
pick_i6833;pick item
pick_i6882;pick item
ship_o922;ship order
place_o927;place order
pick_i6889;pick item
pick_i6887;pick item
pick_i6886;pick item
pick_i6885;pick item
pick_i6873;pick item
pick_i6876;pick item
pick_i6819;pick item
ship_o921;ship order
pick_i6894;pick item
pick_i6890;pick item
pick_i6877;pick item
place_o928;place order
pick_i6881;pick item
pick_i6879;pick item
pick_i6899;pick item
pick_i6878;pick item
pick_i6860;pick item
pick_i6893;pick item
ship_o924;ship order
pick_i6906;pick item
pick_i6901;pick item
pick_i6868;pick item
place_o929;place order
pick_i6875;pick item
pick_i6919;pick item
pick_i6805;pick item
ship_o920;ship order
pick_i6925;pick item
pick_i6854;pick item
ship_o923;ship order
pick_i6903;pick item
pick_i6917;pick item
pick_i6926;pick item
pick_i6923;pick item
pick_i6895;pick item
pick_i6921;pick item
place_o930;place order
pick_i6927;pick item
pick_i6888;pick item
pick_i6930;pick item
pick_i6916;pick item
pick_i6897;pick item
place_o931;place order
pick_i6904;pick item
pick_i6922;pick item
pick_i6874;pick item
pick_i6929;pick item
pick_i6924;pick item
pick_i6905;pick item
pick_i6864;pick item
pick_i6947;pick item
ship_o925;ship order
pick_i6912;pick item
place_o932;place order
pick_i6931;pick item
pick_i6942;pick item
pick_i6953;pick item
pick_i6954;pick item
pick_i6891;pick item
pick_i6913;pick item
pick_i6937;pick item
pick_i6932;pick item
pick_i6909;pick item
pick_i6908;pick item
pick_i6936;pick item
pick_i6951;pick item
pick_i6907;pick item
pick_i6884;pick item
pick_i6910;pick item
pick_i6880;pick item
place_o933;place order
ship_o926;ship order
pick_i6934;pick item
pick_i6900;pick item
pick_i6961;pick item
pick_i6962;pick item
pick_i6958;pick item
pick_i6915;pick item
pick_i6933;pick item
pick_i6943;pick item
pick_i6960;pick item
place_o934;place order
pick_i6959;pick item
pick_i6918;pick item
pick_i6935;pick item
pick_i6973;pick item
pick_i6914;pick item
pick_i6902;pick item
pick_i6983;pick item
pick_i6968;pick item
pick_i6978;pick item
place_o935;place order
pick_i6911;pick item
pick_i6949;pick item
pick_i6987;pick item
pick_i6967;pick item
pick_i7000;pick item
pick_i6971;pick item
pick_i6986;pick item
pick_i6980;pick item
pick_i6970;pick item
pick_i6988;pick item
pick_i6990;pick item
pick_i6979;pick item
pick_i6969;pick item
pick_i6995;pick item
pick_i6996;pick item
pick_i6994;pick item
pick_i6984;pick item
pick_i6975;pick item
pick_i6928;pick item
place_o936;place order
pick_i7012;pick item
ship_o930;ship order
pick_i6985;pick item
pick_i6991;pick item
pick_i6992;pick item
pick_i6977;pick item
pick_i6957;pick item
pick_i6955;pick item
pick_i6898;pick item
ship_o928;ship order
pick_i6941;pick item
pick_i7002;pick item
pick_i7010;pick item
pick_i6976;pick item
pick_i6948;pick item
pick_i6966;pick item
pick_i7003;pick item
pick_i7007;pick item
pick_i6945;pick item
pick_i6963;pick item
pick_i7014;pick item
pick_i6952;pick item
pick_i6896;pick item
place_o937;place order
pick_i6972;pick item
pick_i6997;pick item
pick_i7016;pick item
pick_i6965;pick item
pick_i7004;pick item
pick_i7020;pick item
pick_i7027;pick item
pick_i6964;pick item
ship_o933;ship order
pick_i6993;pick item
pick_i7024;pick item
pick_i7019;pick item
pick_i7025;pick item
pick_i6938;pick item
pick_i7021;pick item
pick_i6998;pick item
pick_i7008;pick item
pick_i6940;pick item
pick_i7018;pick item
pick_i6982;pick item
pick_i7017;pick item
place_o938;place order
pick_i7006;pick item
pick_i7005;pick item
pick_i6999;pick item
pick_i7030;pick item
place_o939;place order
pick_i7044;pick item
pick_i7009;pick item
pick_i7049;pick item
pick_i7045;pick item
pick_i7031;pick item
pick_i7041;pick item
pick_i6950;pick item
pick_i7036;pick item
pick_i6981;pick item
pick_i7042;pick item
pick_i6939;pick item
pick_i7001;pick item
pick_i6892;pick item
pick_i7026;pick item
ship_o927;ship order
pick_i7039;pick item
pick_i7035;pick item
pick_i7015;pick item
pick_i7013;pick item
place_o940;place order
pick_i7032;pick item
pick_i7029;pick item
pick_i7011;pick item
ship_o936;ship order
pick_i7068;pick item
pick_i7054;pick item
pick_i7064;pick item
pick_i7037;pick item
pick_i6989;pick item
pick_i7058;pick item
ship_o935;ship order
pick_i7059;pick item
pick_i7023;pick item
pick_i7038;pick item
place_o941;place order
pick_i7072;pick item
pick_i7033;pick item
pick_i7022;pick item
ship_o937;ship order
pick_i7070;pick item
pick_i7074;pick item
pick_i7051;pick item
pick_i7043;pick item
pick_i7066;pick item
pick_i7050;pick item
pick_i7063;pick item
pick_i7047;pick item
pick_i7062;pick item
pick_i7053;pick item
pick_i7065;pick item
pick_i7067;pick item
pick_i7040;pick item
pick_i7076;pick item
pick_i6974;pick item
ship_o934;ship order
pick_i7060;pick item
pick_i7055;pick item
pick_i7075;pick item
pick_i6920;pick item
pick_i6946;pick item
ship_o929;ship order
pick_i7069;pick item
pick_i7034;pick item
pick_i6944;pick item
pick_i7052;pick item
ship_o931;ship order
pick_i7073;pick item
pick_i7028;pick item
ship_o938;ship order
pick_i6956;pick item
place_o942;place order
ship_o932;ship order
pick_i7071;pick item
ship_o941;ship order
pick_i7061;pick item
pick_i7090;pick item
pick_i7079;pick item
pick_i7056;pick item
pick_i7078;pick item
pick_i7077;pick item
pick_i7080;pick item
pick_i7046;pick item
pick_i7082;pick item
pick_i7086;pick item
pick_i7083;pick item
pick_i7089;pick item
pick_i7085;pick item
pick_i7057;pick item
ship_o940;ship order
pick_i7084;pick item
pick_i7081;pick item
place_o943;place order
pick_i7088;pick item
pick_i7048;pick item
ship_o939;ship order
pick_i7096;pick item
place_o944;place order
pick_i7099;pick item
pick_i7116;pick item
pick_i7110;pick item
pick_i7114;pick item
pick_i7111;pick item
pick_i7092;pick item
pick_i7103;pick item
place_o945;place order
pick_i7112;pick item
pick_i7107;pick item
pick_i7123;pick item
pick_i7115;pick item
pick_i7094;pick item
pick_i7101;pick item
pick_i7104;pick item
pick_i7098;pick item
pick_i7126;pick item
pick_i7105;pick item
pick_i7102;pick item
place_o946;place order
pick_i7125;pick item
pick_i7133;pick item
pick_i7136;pick item
pick_i7122;pick item
pick_i7150;pick item
pick_i7117;pick item
pick_i7097;pick item
pick_i7128;pick item
pick_i7141;pick item
pick_i7145;pick item
pick_i7144;pick item
pick_i7127;pick item
pick_i7113;pick item
pick_i7134;pick item
pick_i7132;pick item
pick_i7149;pick item
pick_i7095;pick item
pick_i7106;pick item
pick_i7148;pick item
pick_i7109;pick item
place_o947;place order
pick_i7159;pick item
pick_i7156;pick item
pick_i7153;pick item
pick_i7162;pick item
place_o948;place order
pick_i7087;pick item
pick_i7172;pick item
pick_i7140;pick item
place_o949;place order
pick_i7146;pick item
pick_i7139;pick item
pick_i7143;pick item
pick_i7120;pick item
pick_i7121;pick item
pick_i7179;pick item
place_o950;place order
pick_i7203;pick item
pick_i7091;pick item
ship_o942;ship order
pick_i7154;pick item
pick_i7169;pick item
pick_i7193;pick item
pick_i7130;pick item
pick_i7166;pick item
pick_i7175;pick item
pick_i7174;pick item
pick_i7161;pick item
pick_i7152;pick item
place_o951;place order
pick_i7202;pick item
pick_i7137;pick item
pick_i7157;pick item
pick_i7165;pick item
pick_i7206;pick item
pick_i7204;pick item
pick_i7131;pick item
pick_i7199;pick item
pick_i7118;pick item
pick_i7171;pick item
pick_i7147;pick item
pick_i7185;pick item
pick_i7119;pick item
pick_i7183;pick item
pick_i7177;pick item
pick_i7196;pick item
pick_i7135;pick item
place_o952;place order
pick_i7210;pick item
pick_i7173;pick item
pick_i7167;pick item
pick_i7198;pick item
pick_i7181;pick item
pick_i7158;pick item
pick_i7093;pick item
place_o953;place order
pick_i7223;pick item
pick_i7205;pick item
pick_i7160;pick item
pick_i7142;pick item
pick_i7180;pick item
pick_i7212;pick item
pick_i7217;pick item
pick_i7221;pick item
pick_i7188;pick item
pick_i7138;pick item
ship_o946;ship order
pick_i7220;pick item
place_o954;place order
pick_i7230;pick item
pick_i7236;pick item
pick_i7243;pick item
place_o955;place order
pick_i7208;pick item
pick_i7209;pick item
pick_i7240;pick item
pick_i7249;pick item
pick_i7176;pick item
pick_i7237;pick item
pick_i7164;pick item
pick_i7170;pick item
pick_i7194;pick item
pick_i7155;pick item
pick_i7248;pick item
pick_i7124;pick item
pick_i7187;pick item
pick_i7235;pick item
pick_i7234;pick item
pick_i7226;pick item
pick_i7219;pick item
pick_i7247;pick item
pick_i7211;pick item
place_o956;place order
pick_i7266;pick item
pick_i7129;pick item
ship_o945;ship order
pick_i7264;pick item
pick_i7201;pick item
pick_i7261;pick item
pick_i7191;pick item
place_o957;place order
pick_i7192;pick item
pick_i7265;pick item
pick_i7178;pick item
pick_i7239;pick item
place_o958;place order
pick_i7168;pick item
pick_i7300;pick item
ship_o948;ship order
pick_i7296;pick item
pick_i7277;pick item
pick_i7260;pick item
pick_i7298;pick item
pick_i7251;pick item
pick_i7225;pick item
pick_i7289;pick item
pick_i7207;pick item
place_o959;place order
pick_i7232;pick item
pick_i7151;pick item
pick_i7100;pick item
pick_i7279;pick item
ship_o943;ship order
pick_i7184;pick item
pick_i7267;pick item
pick_i7222;pick item
pick_i7303;pick item
pick_i7291;pick item
place_o960;place order
pick_i7246;pick item
pick_i7284;pick item
pick_i7233;pick item
pick_i7318;pick item
pick_i7314;pick item
pick_i7108;pick item
ship_o944;ship order
pick_i7182;pick item
pick_i7224;pick item
pick_i7216;pick item
pick_i7319;pick item
pick_i7321;pick item
place_o961;place order
pick_i7228;pick item
pick_i7293;pick item
pick_i7285;pick item
pick_i7186;pick item
place_o962;place order
pick_i7271;pick item
pick_i7229;pick item
pick_i7347;pick item
pick_i7190;pick item
pick_i7320;pick item
place_o963;place order
pick_i7297;pick item
pick_i7290;pick item
pick_i7274;pick item
pick_i7244;pick item
pick_i7324;pick item
pick_i7337;pick item
pick_i7307;pick item
pick_i7340;pick item
pick_i7214;pick item
pick_i7218;pick item
pick_i7346;pick item
pick_i7263;pick item
pick_i7336;pick item
place_o964;place order
pick_i7313;pick item
pick_i7213;pick item
ship_o951;ship order
pick_i7310;pick item
pick_i7255;pick item
pick_i7283;pick item
place_o965;place order
pick_i7379;pick item
pick_i7381;pick item
pick_i7299;pick item
pick_i7364;pick item
place_o966;place order
pick_i7334;pick item
pick_i7325;pick item
pick_i7351;pick item
pick_i7406;pick item
pick_i7403;pick item
pick_i7377;pick item
pick_i7306;pick item
pick_i7327;pick item
pick_i7378;pick item
pick_i7333;pick item
pick_i7353;pick item
pick_i7369;pick item
place_o967;place order
pick_i7422;pick item
pick_i7368;pick item
pick_i7242;pick item
pick_i7382;pick item
pick_i7200;pick item
pick_i7253;pick item
pick_i7383;pick item
pick_i7355;pick item
pick_i7332;pick item
pick_i7294;pick item
pick_i7273;pick item
pick_i7410;pick item
pick_i7326;pick item
pick_i7331;pick item
pick_i7400;pick item
pick_i7408;pick item
pick_i7419;pick item
pick_i7323;pick item
pick_i7401;pick item
place_o968;place order
pick_i7360;pick item
pick_i7391;pick item
pick_i7189;pick item
ship_o949;ship order
pick_i7365;pick item
pick_i7376;pick item
pick_i7195;pick item
pick_i7356;pick item
place_o969;place order
pick_i7404;pick item
pick_i7328;pick item
pick_i7301;pick item
pick_i7281;pick item
pick_i7441;pick item
pick_i7393;pick item
pick_i7238;pick item
place_o970;place order
pick_i7447;pick item
pick_i7409;pick item
pick_i7430;pick item
pick_i7357;pick item
pick_i7341;pick item
pick_i7402;pick item
place_o971;place order
pick_i7395;pick item
pick_i7394;pick item
pick_i7309;pick item
pick_i7339;pick item
pick_i7384;pick item
pick_i7438;pick item
pick_i7256;pick item
pick_i7366;pick item
pick_i7465;pick item
pick_i7444;pick item
place_o972;place order
pick_i7361;pick item
pick_i7476;pick item
pick_i7412;pick item
pick_i7445;pick item
pick_i7241;pick item
pick_i7282;pick item
pick_i7423;pick item
pick_i7254;pick item
pick_i7442;pick item
pick_i7461;pick item
pick_i7466;pick item
pick_i7227;pick item
pick_i7459;pick item
pick_i7385;pick item
pick_i7490;pick item
pick_i7478;pick item
pick_i7371;pick item
pick_i7426;pick item
pick_i7348;pick item
pick_i7427;pick item
pick_i7434;pick item
pick_i7302;pick item
pick_i7338;pick item
pick_i7397;pick item
pick_i7367;pick item
pick_i7373;pick item
pick_i7370;pick item
pick_i7470;pick item
pick_i7343;pick item
pick_i7276;pick item
pick_i7250;pick item
place_o973;place order
pick_i7437;pick item
pick_i7493;pick item
pick_i7497;pick item
pick_i7322;pick item
place_o974;place order
ship_o960;ship order
pick_i7506;pick item
pick_i7511;pick item
pick_i7436;pick item
pick_i7286;pick item
pick_i7481;pick item
pick_i7417;pick item
pick_i7492;pick item
pick_i7215;pick item
pick_i7446;pick item
ship_o952;ship order
pick_i7386;pick item
pick_i7258;pick item
pick_i7399;pick item
pick_i7390;pick item
pick_i7443;pick item
pick_i7405;pick item
pick_i7495;pick item
pick_i7456;pick item
pick_i7479;pick item
pick_i7480;pick item
pick_i7488;pick item
pick_i7514;pick item
place_o975;place order
pick_i7435;pick item
pick_i7455;pick item
pick_i7510;pick item
pick_i7420;pick item
pick_i7305;pick item
pick_i7329;pick item
pick_i7288;pick item
pick_i7429;pick item
pick_i7270;pick item
pick_i7411;pick item
pick_i7349;pick item
pick_i7483;pick item
pick_i7433;pick item
pick_i7523;pick item
pick_i7257;pick item
pick_i7482;pick item
pick_i7485;pick item
pick_i7259;pick item
pick_i7312;pick item
pick_i7317;pick item
pick_i7292;pick item
pick_i7275;pick item
pick_i7269;pick item
pick_i7525;pick item
pick_i7311;pick item
pick_i7500;pick item
pick_i7473;pick item
place_o976;place order
pick_i7431;pick item
pick_i7342;pick item
pick_i7496;pick item
pick_i7521;pick item
pick_i7372;pick item
pick_i7278;pick item
pick_i7543;pick item
pick_i7398;pick item
pick_i7262;pick item
pick_i7358;pick item
pick_i7287;pick item
pick_i7389;pick item
pick_i7295;pick item
pick_i7494;pick item
ship_o958;ship order
pick_i7540;pick item
pick_i7380;pick item
pick_i7428;pick item
pick_i7520;pick item
pick_i7354;pick item
pick_i7387;pick item
pick_i7524;pick item
place_o977;place order
pick_i7507;pick item
pick_i7471;pick item
pick_i7449;pick item
pick_i7448;pick item
pick_i7362;pick item
pick_i7556;pick item
pick_i7517;pick item
pick_i7515;pick item
pick_i7509;pick item
pick_i7457;pick item
pick_i7548;pick item
place_o978;place order
pick_i7546;pick item
pick_i7560;pick item
pick_i7549;pick item
pick_i7498;pick item
place_o979;place order
pick_i7487;pick item
pick_i7245;pick item
ship_o954;ship order
pick_i7569;pick item
pick_i7518;pick item
pick_i7584;pick item
pick_i7352;pick item
pick_i7565;pick item
pick_i7477;pick item
place_o980;place order
pick_i7545;pick item
pick_i7502;pick item
pick_i7561;pick item
pick_i7605;pick item
pick_i7454;pick item
pick_i7452;pick item
pick_i7231;pick item
pick_i7197;pick item
ship_o953;ship order
ship_o950;ship order
pick_i7581;pick item
pick_i7559;pick item
pick_i7344;pick item
pick_i7595;pick item
pick_i7350;pick item
pick_i7359;pick item
pick_i7553;pick item
pick_i7504;pick item
pick_i7606;pick item
pick_i7566;pick item
pick_i7268;pick item
pick_i7555;pick item
pick_i7505;pick item
pick_i7568;pick item
pick_i7590;pick item
pick_i7407;pick item
pick_i7589;pick item
pick_i7330;pick item
place_o981;place order
pick_i7529;pick item
pick_i7501;pick item
place_o982;place order
pick_i7486;pick item
pick_i7462;pick item
pick_i7458;pick item
pick_i7421;pick item
pick_i7570;pick item
pick_i7440;pick item
pick_i7451;pick item
pick_i7577;pick item
pick_i7468;pick item
pick_i7575;pick item
place_o983;place order
pick_i7633;pick item
pick_i7586;pick item
pick_i7610;pick item
pick_i7629;pick item
pick_i7418;pick item
pick_i7602;pick item
pick_i7363;pick item
pick_i7572;pick item
pick_i7655;pick item
pick_i7614;pick item
pick_i7554;pick item
pick_i7592;pick item
pick_i7163;pick item
place_o984;place order
ship_o947;ship order
pick_i7552;pick item
pick_i7634;pick item
pick_i7463;pick item
pick_i7663;pick item
pick_i7467;pick item
pick_i7624;pick item
pick_i7567;pick item
pick_i7530;pick item
pick_i7641;pick item
pick_i7591;pick item
pick_i7615;pick item
pick_i7593;pick item
pick_i7558;pick item
pick_i7474;pick item
pick_i7640;pick item
pick_i7588;pick item
pick_i7414;pick item
pick_i7643;pick item
pick_i7563;pick item
pick_i7612;pick item
pick_i7601;pick item
place_o985;place order
pick_i7651;pick item
pick_i7576;pick item
place_o986;place order
pick_i7573;pick item
pick_i7647;pick item
pick_i7547;pick item
pick_i7617;pick item
pick_i7677;pick item
pick_i7396;pick item
pick_i7678;pick item
pick_i7649;pick item
pick_i7616;pick item
pick_i7503;pick item
pick_i7513;pick item
place_o987;place order
pick_i7653;pick item
pick_i7621;pick item
pick_i7686;pick item
place_o988;place order
pick_i7664;pick item
pick_i7413;pick item
ship_o966;ship order
pick_i7489;pick item
pick_i7623;pick item
pick_i7648;pick item
pick_i7708;pick item
pick_i7516;pick item
place_o989;place order
pick_i7656;pick item
pick_i7571;pick item
pick_i7658;pick item
pick_i7533;pick item
pick_i7632;pick item
pick_i7415;pick item
pick_i7583;pick item
place_o990;place order
pick_i7308;pick item
pick_i7628;pick item
pick_i7537;pick item
pick_i7527;pick item
pick_i7532;pick item
pick_i7579;pick item
pick_i7636;pick item
pick_i7609;pick item
pick_i7638;pick item
pick_i7644;pick item
pick_i7528;pick item
pick_i7491;pick item
pick_i7690;pick item
pick_i7711;pick item
pick_i7662;pick item
place_o991;place order
pick_i7704;pick item
pick_i7722;pick item
pick_i7464;pick item
place_o992;place order
pick_i7539;pick item
pick_i7661;pick item
pick_i7280;pick item
ship_o957;ship order
pick_i7315;pick item
pick_i7578;pick item
pick_i7755;pick item
pick_i7630;pick item
place_o993;place order
pick_i7674;pick item
pick_i7702;pick item
pick_i7746;pick item
pick_i7425;pick item
pick_i7706;pick item
pick_i7695;pick item
pick_i7597;pick item
pick_i7698;pick item
pick_i7720;pick item
pick_i7388;pick item
place_o994;place order
pick_i7765;pick item
pick_i7748;pick item
pick_i7676;pick item
pick_i7745;pick item
place_o995;place order
pick_i7754;pick item
pick_i7460;pick item
pick_i7531;pick item
ship_o970;ship order
pick_i7775;pick item
pick_i7580;pick item
pick_i7721;pick item
pick_i7723;pick item
pick_i7716;pick item
pick_i7779;pick item
pick_i7668;pick item
pick_i7654;pick item
pick_i7424;pick item
pick_i7522;pick item
pick_i7783;pick item
pick_i7557;pick item
pick_i7767;pick item
pick_i7735;pick item
pick_i7768;pick item
pick_i7738;pick item
pick_i7574;pick item
ship_o978;ship order
pick_i7619;pick item
pick_i7562;pick item
place_o996;place order
pick_i7776;pick item
pick_i7798;pick item
place_o997;place order
pick_i7701;pick item
pick_i7770;pick item
pick_i7786;pick item
pick_i7335;pick item
pick_i7551;pick item
ship_o961;ship order
pick_i7544;pick item
pick_i7691;pick item
pick_i7750;pick item
pick_i7744;pick item
pick_i7751;pick item
pick_i7582;pick item
pick_i7763;pick item
pick_i7669;pick item
pick_i7801;pick item
pick_i7672;pick item
pick_i7797;pick item
pick_i7784;pick item
pick_i7693;pick item
pick_i7252;pick item
ship_o955;ship order
pick_i7739;pick item
pick_i7781;pick item
pick_i7707;pick item
pick_i7766;pick item
pick_i7724;pick item
pick_i7787;pick item
pick_i7627;pick item
pick_i7719;pick item
pick_i7740;pick item
pick_i7736;pick item
pick_i7760;pick item
pick_i7726;pick item
pick_i7802;pick item
pick_i7696;pick item
pick_i7608;pick item
pick_i7806;pick item
pick_i7603;pick item
pick_i7635;pick item
place_o998;place order
pick_i7795;pick item
pick_i7759;pick item
pick_i7392;pick item
place_o999;place order
ship_o965;ship order
pick_i7304;pick item
pick_i7697;pick item
pick_i7818;pick item
pick_i7728;pick item
pick_i7773;pick item
pick_i7734;pick item
pick_i7747;pick item
pick_i7774;pick item
place_o1000;place order
pick_i7836;pick item
pick_i7752;pick item
pick_i7756;pick item
pick_i7650;pick item
pick_i7484;pick item
ship_o972;ship order
pick_i7450;pick item
pick_i7710;pick item
pick_i7637;pick item
pick_i7639;pick item
pick_i7727;pick item
pick_i7841;pick item
pick_i7725;pick item
pick_i7625;pick item
pick_i7771;pick item
pick_i7626;pick item
pick_i7778;pick item
pick_i7534;pick item
pick_i7829;pick item
pick_i7753;pick item
pick_i7729;pick item
place_o1001;place order
pick_i7611;pick item
pick_i7600;pick item
pick_i7694;pick item
pick_i7620;pick item
pick_i7814;pick item
pick_i7550;pick item
pick_i7689;pick item
pick_i7472;pick item
pick_i7564;pick item
ship_o977;ship order
pick_i7703;pick item
pick_i7652;pick item
pick_i7788;pick item
pick_i7596;pick item
pick_i7839;pick item
pick_i7772;pick item
pick_i7439;pick item
pick_i7499;pick item
pick_i7741;pick item
pick_i7850;pick item
pick_i7834;pick item
pick_i7810;pick item
place_o1002;place order
pick_i7673;pick item
pick_i7508;pick item
ship_o973;ship order
pick_i7871;pick item
pick_i7432;pick item
pick_i7685;pick item
ship_o968;ship order
pick_i7645;pick item
pick_i7316;pick item
pick_i7843;pick item
ship_o959;ship order
pick_i7840;pick item
pick_i7769;pick item
pick_i7687;pick item
pick_i7790;pick item
pick_i7875;pick item
pick_i7803;pick item
place_o1003;place order
pick_i7469;pick item
pick_i7622;pick item
pick_i7646;pick item
pick_i7837;pick item
pick_i7879;pick item
pick_i7345;pick item
place_o1004;place order
pick_i7842;pick item
ship_o962;ship order
pick_i7599;pick item
pick_i7852;pick item
pick_i7657;pick item
pick_i7901;pick item
pick_i7894;pick item
pick_i7821;pick item
pick_i7699;pick item
pick_i7808;pick item
pick_i7659;pick item
pick_i7453;pick item
pick_i7838;pick item
ship_o969;ship order
pick_i7791;pick item
pick_i7642;pick item
ship_o983;ship order
pick_i7862;pick item
pick_i7830;pick item
pick_i7761;pick item
pick_i7886;pick item
pick_i7715;pick item
pick_i7512;pick item
pick_i7905;pick item
place_o1005;place order
pick_i7897;pick item
pick_i7883;pick item
pick_i7800;pick item
pick_i7682;pick item
pick_i7864;pick item
pick_i7904;pick item
pick_i7873;pick item
pick_i7900;pick item
pick_i7817;pick item
pick_i7854;pick item
pick_i7594;pick item
pick_i7898;pick item
pick_i7876;pick item
pick_i7816;pick item
pick_i7874;pick item
pick_i7860;pick item
pick_i7631;pick item
pick_i7907;pick item
ship_o982;ship order
pick_i7700;pick item
pick_i7863;pick item
pick_i7587;pick item
pick_i7542;pick item
pick_i7859;pick item
pick_i7598;pick item
place_o1006;place order
pick_i7541;pick item
pick_i7777;pick item
pick_i7896;pick item
pick_i7780;pick item
pick_i7607;pick item
pick_i7835;pick item
pick_i7665;pick item
pick_i7911;pick item
pick_i7683;pick item
pick_i7887;pick item
pick_i7670;pick item
pick_i7915;pick item
pick_i7849;pick item
pick_i7908;pick item
place_o1007;place order
pick_i7804;pick item
pick_i7893;pick item
pick_i7848;pick item
pick_i7743;pick item
pick_i7794;pick item
pick_i7888;pick item
pick_i7916;pick item
pick_i7944;pick item
pick_i7813;pick item
pick_i7892;pick item
pick_i7891;pick item
pick_i7832;pick item
pick_i7946;pick item
pick_i7937;pick item
pick_i7880;pick item
pick_i7692;pick item
ship_o987;ship order
pick_i7926;pick item
pick_i7375;pick item
pick_i7910;pick item
ship_o964;ship order
pick_i7861;pick item
pick_i7917;pick item
place_o1008;place order
pick_i7902;pick item
pick_i7935;pick item
pick_i7949;pick item
place_o1009;place order
pick_i7789;pick item
pick_i7972;pick item
pick_i7947;pick item
pick_i7824;pick item
pick_i7881;pick item
pick_i7903;pick item
pick_i7758;pick item
pick_i7856;pick item
pick_i7679;pick item
pick_i7922;pick item
pick_i7957;pick item
pick_i7526;pick item
ship_o975;ship order
pick_i7966;pick item
pick_i7712;pick item
pick_i7809;pick item
pick_i7867;pick item
pick_i7939;pick item
pick_i7964;pick item
pick_i7737;pick item
pick_i7865;pick item
ship_o991;ship order
pick_i7796;pick item
pick_i7924;pick item
pick_i7827;pick item
pick_i7930;pick item
pick_i7925;pick item
pick_i7936;pick item
pick_i7882;pick item
pick_i7684;pick item
pick_i7951;pick item
pick_i7933;pick item
pick_i7973;pick item
place_o1010;place order
pick_i7928;pick item
pick_i7857;pick item
pick_i7909;pick item
pick_i7923;pick item
pick_i7845;pick item
pick_i7820;pick item
pick_i7855;pick item
pick_i7921;pick item
pick_i7519;pick item
pick_i7961;pick item
ship_o974;ship order
pick_i7870;pick item
pick_i7847;pick item
pick_i7714;pick item
pick_i7872;pick item
pick_i7945;pick item
pick_i7929;pick item
pick_i7618;pick item
pick_i7792;pick item
pick_i7958;pick item
pick_i7980;pick item
pick_i7932;pick item
place_o1011;place order
pick_i7272;pick item
ship_o956;ship order
pick_i7954;pick item
pick_i7799;pick item
pick_i7858;pick item
pick_i7996;pick item
ship_o1001;ship order
pick_i7912;pick item
pick_i7978;pick item
pick_i7986;pick item
pick_i7826;pick item
pick_i7416;pick item
pick_i7878;pick item
ship_o967;ship order
pick_i7895;pick item
pick_i7998;pick item
pick_i7812;pick item
pick_i7981;pick item
pick_i7731;pick item
pick_i7942;pick item
pick_i7675;pick item
pick_i7999;pick item
pick_i7989;pick item
pick_i7988;pick item
pick_i7833;pick item
pick_i7960;pick item
pick_i7782;pick item
ship_o994;ship order
pick_i7984;pick item
pick_i7732;pick item
pick_i7938;pick item
pick_i7969;pick item
pick_i7994;pick item
place_o1012;place order
pick_i7934;pick item
pick_i7899;pick item
pick_i7927;pick item
ship_o1004;ship order
pick_i7877;pick item
pick_i8009;pick item
pick_i7805;pick item
pick_i7906;pick item
pick_i8013;pick item
pick_i7868;pick item
place_o1013;place order
pick_i7613;pick item
ship_o981;ship order
pick_i7950;pick item
pick_i7853;pick item
pick_i7749;pick item
pick_i7604;pick item
ship_o980;ship order
pick_i7815;pick item
place_o1014;place order
pick_i8024;pick item
pick_i7974;pick item
pick_i7983;pick item
pick_i7807;pick item
ship_o996;ship order
pick_i8016;pick item
pick_i7941;pick item
pick_i7538;pick item
pick_i7869;pick item
pick_i7709;pick item
place_o1015;place order
pick_i7819;pick item
pick_i8026;pick item
pick_i8040;pick item
pick_i8000;pick item
pick_i8027;pick item
pick_i7585;pick item
pick_i7918;pick item
ship_o979;ship order
pick_i8043;pick item
pick_i8042;pick item
pick_i7831;pick item
pick_i7688;pick item
pick_i8023;pick item
pick_i7681;pick item
pick_i8008;pick item
pick_i7985;pick item
pick_i8028;pick item
pick_i7967;pick item
pick_i7757;pick item
pick_i7828;pick item
pick_i8021;pick item
pick_i7995;pick item
place_o1016;place order
pick_i8014;pick item
pick_i7977;pick item
pick_i7993;pick item
pick_i7940;pick item
pick_i7660;pick item
pick_i8041;pick item
pick_i7962;pick item
pick_i8034;pick item
pick_i8056;pick item
pick_i8055;pick item
pick_i8053;pick item
place_o1017;place order
pick_i7705;pick item
pick_i8064;pick item
pick_i7866;pick item
place_o1018;place order
pick_i7666;pick item
ship_o1002;ship order
pick_i8065;pick item
pick_i8086;pick item
pick_i7823;pick item
pick_i7992;pick item
place_o1019;place order
pick_i7914;pick item
pick_i7919;pick item
pick_i7920;pick item
pick_i7475;pick item
pick_i7982;pick item
ship_o971;ship order
pick_i7997;pick item
place_o1020;place order
pick_i7536;pick item
pick_i7953;pick item
pick_i8076;pick item
pick_i8104;pick item
pick_i8109;pick item
pick_i7680;pick item
pick_i8087;pick item
ship_o986;ship order
pick_i7931;pick item
ship_o1006;ship order
pick_i7970;pick item
pick_i8100;pick item
pick_i8111;pick item
pick_i8120;pick item
place_o1021;place order
pick_i8033;pick item
pick_i8035;pick item
pick_i8130;pick item
place_o1022;place order
pick_i7764;pick item
pick_i7811;pick item
ship_o997;ship order
pick_i8140;pick item
pick_i8066;pick item
pick_i8122;pick item
pick_i7959;pick item
pick_i8082;pick item
pick_i7851;pick item
pick_i8153;pick item
pick_i7742;pick item
ship_o992;ship order
pick_i8069;pick item
pick_i8002;pick item
pick_i8132;pick item
pick_i8127;pick item
pick_i8077;pick item
place_o1023;place order
pick_i8060;pick item
pick_i7991;pick item
pick_i8102;pick item
pick_i8159;pick item
pick_i8022;pick item
pick_i8090;pick item
pick_i8105;pick item
pick_i7718;pick item
place_o1024;place order
pick_i8154;pick item
pick_i7822;pick item
pick_i8118;pick item
pick_i8103;pick item
pick_i8045;pick item
pick_i8011;pick item
pick_i7913;pick item
pick_i8144;pick item
ship_o1005;ship order
pick_i8025;pick item
pick_i8007;pick item
pick_i8012;pick item
pick_i8051;pick item
place_o1025;place order
pick_i8049;pick item
pick_i7671;pick item
pick_i8017;pick item
ship_o985;ship order
pick_i8097;pick item
pick_i8126;pick item
pick_i8036;pick item
pick_i7943;pick item
pick_i8072;pick item
pick_i8083;pick item
pick_i8067;pick item
pick_i7976;pick item
pick_i8172;pick item
pick_i8112;pick item
pick_i8175;pick item
pick_i8184;pick item
pick_i7844;pick item
ship_o999;ship order
pick_i8110;pick item
pick_i8046;pick item
pick_i7968;pick item
place_o1026;place order
pick_i7963;pick item
pick_i8148;pick item
pick_i8063;pick item
pick_i8194;pick item
pick_i8092;pick item
pick_i8106;pick item
pick_i8179;pick item
pick_i8167;pick item
pick_i8015;pick item
pick_i8098;pick item
pick_i8121;pick item
pick_i8192;pick item
pick_i7971;pick item
pick_i7846;pick item
ship_o1000;ship order
pick_i8073;pick item
pick_i8190;pick item
pick_i8205;pick item
pick_i8202;pick item
pick_i8094;pick item
pick_i8048;pick item
pick_i8003;pick item
pick_i8058;pick item
pick_i8115;pick item
pick_i8145;pick item
pick_i8131;pick item
pick_i7884;pick item
pick_i8113;pick item
pick_i8189;pick item
place_o1027;place order
pick_i8195;pick item
pick_i8091;pick item
pick_i7979;pick item
pick_i8180;pick item
place_o1028;place order
pick_i8050;pick item
pick_i8173;pick item
pick_i8166;pick item
pick_i8099;pick item
pick_i8182;pick item
pick_i8037;pick item
place_o1029;place order
pick_i8143;pick item
pick_i8054;pick item
pick_i8018;pick item
pick_i8187;pick item
pick_i8114;pick item
pick_i8246;pick item
place_o1030;place order
pick_i8117;pick item
pick_i7730;pick item
pick_i8124;pick item
pick_i8084;pick item
pick_i8019;pick item
pick_i8125;pick item
pick_i8116;pick item
pick_i8233;pick item
pick_i8207;pick item
pick_i8214;pick item
pick_i8075;pick item
pick_i8074;pick item
pick_i8168;pick item
pick_i8217;pick item
pick_i8138;pick item
pick_i8183;pick item
pick_i8258;pick item
pick_i8236;pick item
pick_i8119;pick item
pick_i8044;pick item
pick_i8242;pick item
place_o1031;place order
pick_i8070;pick item
pick_i8181;pick item
pick_i8080;pick item
pick_i8224;pick item
pick_i8208;pick item
pick_i7785;pick item
pick_i8211;pick item
pick_i8230;pick item
pick_i8176;pick item
pick_i8232;pick item
pick_i8020;pick item
pick_i8213;pick item
ship_o1013;ship order
pick_i8059;pick item
pick_i8203;pick item
pick_i8155;pick item
pick_i8081;pick item
pick_i8197;pick item
pick_i8062;pick item
pick_i8078;pick item
pick_i8005;pick item
pick_i8128;pick item
pick_i8241;pick item
pick_i8257;pick item
pick_i8209;pick item
pick_i8161;pick item
pick_i8004;pick item
pick_i8188;pick item
pick_i7889;pick item
pick_i8146;pick item
pick_i8250;pick item
pick_i7890;pick item
pick_i8261;pick item
pick_i8235;pick item
pick_i8265;pick item
pick_i8152;pick item
pick_i8079;pick item
pick_i8198;pick item
pick_i8156;pick item
pick_i8255;pick item
pick_i8237;pick item
place_o1032;place order
pick_i8283;pick item
pick_i8259;pick item
pick_i8210;pick item
pick_i7713;pick item
place_o1033;place order
pick_i8239;pick item
ship_o988;ship order
pick_i8029;pick item
pick_i8030;pick item
pick_i8010;pick item
pick_i8297;pick item
pick_i8281;pick item
place_o1034;place order
pick_i8089;pick item
pick_i8108;pick item
pick_i8295;pick item
pick_i8226;pick item
pick_i8093;pick item
pick_i8228;pick item
pick_i8052;pick item
pick_i8285;pick item
pick_i8286;pick item
pick_i8244;pick item
pick_i8270;pick item
pick_i8243;pick item
pick_i8200;pick item
pick_i8186;pick item
pick_i8135;pick item
pick_i8282;pick item
pick_i8301;pick item
pick_i8266;pick item
pick_i8274;pick item
pick_i8308;pick item
pick_i8313;pick item
pick_i8272;pick item
pick_i7733;pick item
place_o1035;place order
ship_o990;ship order
pick_i8303;pick item
pick_i8137;pick item
pick_i8298;pick item
pick_i8263;pick item
pick_i8193;pick item
pick_i8294;pick item
pick_i8292;pick item
pick_i8329;pick item
pick_i8169;pick item
pick_i7667;pick item
place_o1036;place order
pick_i7955;pick item
ship_o984;ship order
pick_i8068;pick item
pick_i7717;pick item
pick_i8315;pick item
ship_o989;ship order
pick_i8300;pick item
pick_i8249;pick item
pick_i8248;pick item
pick_i8071;pick item
ship_o1017;ship order
pick_i8164;pick item
pick_i8275;pick item
pick_i8296;pick item
pick_i8147;pick item
pick_i8247;pick item
pick_i8227;pick item
pick_i8288;pick item
pick_i8201;pick item
pick_i8039;pick item
pick_i8178;pick item
pick_i8204;pick item
pick_i8260;pick item
pick_i8216;pick item
pick_i8268;pick item
pick_i8338;pick item
pick_i8336;pick item
pick_i8038;pick item
pick_i8269;pick item
pick_i8206;pick item
place_o1037;place order
pick_i8171;pick item
pick_i8157;pick item
pick_i8277;pick item
place_o1038;place order
pick_i8149;pick item
pick_i8158;pick item
pick_i8031;pick item
pick_i8345;pick item
pick_i8322;pick item
pick_i8346;pick item
pick_i8354;pick item
pick_i8328;pick item
pick_i8262;pick item
pick_i8222;pick item
pick_i8350;pick item
pick_i8316;pick item
pick_i8223;pick item
pick_i8123;pick item
ship_o1020;ship order
pick_i8279;pick item
pick_i8309;pick item
pick_i7374;pick item
pick_i8032;pick item
ship_o963;ship order
ship_o1014;ship order
pick_i8317;pick item
pick_i8306;pick item
pick_i8160;pick item
pick_i8344;pick item
pick_i8319;pick item
pick_i8360;pick item
pick_i8280;pick item
pick_i8278;pick item
pick_i8096;pick item
place_o1039;place order
pick_i7885;pick item
ship_o1003;ship order
pick_i8363;pick item
pick_i8196;pick item
pick_i8342;pick item
pick_i8162;pick item
pick_i8343;pick item
pick_i7948;pick item
ship_o1007;ship order
pick_i8305;pick item
pick_i8375;pick item
pick_i8330;pick item
pick_i8141;pick item
pick_i8377;pick item
pick_i8253;pick item
pick_i8163;pick item
pick_i8320;pick item
pick_i8369;pick item
pick_i8299;pick item
pick_i8088;pick item
pick_i8251;pick item
pick_i8057;pick item
pick_i8006;pick item
ship_o1012;ship order
pick_i8220;pick item
pick_i8276;pick item
pick_i8340;pick item
pick_i8234;pick item
pick_i8245;pick item
pick_i8371;pick item
pick_i8304;pick item
pick_i8284;pick item
pick_i8273;pick item
ship_o1032;ship order
place_o1040;place order
pick_i8318;pick item
pick_i8252;pick item
place_o1041;place order
pick_i8383;pick item
pick_i7965;pick item
pick_i8085;pick item
pick_i8331;pick item
ship_o1018;ship order
pick_i8225;pick item
pick_i8134;pick item
pick_i8215;pick item
pick_i8271;pick item
place_o1042;place order
pick_i8212;pick item
ship_o1027;ship order
pick_i8399;pick item
pick_i8307;pick item
pick_i8349;pick item
pick_i8406;pick item
pick_i8404;pick item
pick_i8231;pick item
pick_i7952;pick item
pick_i8339;pick item
pick_i8139;pick item
pick_i8411;pick item
pick_i8384;pick item
pick_i7956;pick item
ship_o1008;ship order
pick_i7990;pick item
pick_i8170;pick item
pick_i8101;pick item
pick_i8174;pick item
pick_i8326;pick item
pick_i7987;pick item
pick_i8395;pick item
ship_o1010;ship order
place_o1043;place order
pick_i7535;pick item
ship_o976;ship order
pick_i8185;pick item
pick_i8177;pick item
ship_o1025;ship order
pick_i8332;pick item
ship_o1024;ship order
pick_i8365;pick item
pick_i8382;pick item
pick_i8136;pick item
pick_i8381;pick item
pick_i8373;pick item
pick_i8337;pick item
pick_i8095;pick item
pick_i8379;pick item
pick_i8107;pick item
ship_o1019;ship order
pick_i8409;pick item
pick_i8398;pick item
pick_i8367;pick item
pick_i8401;pick item
pick_i8415;pick item
pick_i8221;pick item
pick_i8310;pick item
place_o1044;place order
pick_i8312;pick item
pick_i8428;pick item
pick_i8434;pick item
pick_i8423;pick item
pick_i8400;pick item
pick_i8219;pick item
pick_i8408;pick item
pick_i8418;pick item
pick_i8388;pick item
pick_i8380;pick item
pick_i8334;pick item
pick_i8410;pick item
pick_i8355;pick item
pick_i8439;pick item
pick_i8426;pick item
pick_i8396;pick item
pick_i8391;pick item
pick_i8432;pick item
pick_i8386;pick item
pick_i8376;pick item
pick_i8353;pick item
place_o1045;place order
pick_i8413;pick item
pick_i8165;pick item
pick_i8412;pick item
ship_o1023;ship order
pick_i8142;pick item
pick_i8289;pick item
pick_i8416;pick item
pick_i8414;pick item
pick_i8460;pick item
pick_i8389;pick item
pick_i8453;pick item
pick_i8450;pick item
place_o1046;place order
pick_i8364;pick item
pick_i8442;pick item
pick_i8417;pick item
pick_i8457;pick item
place_o1047;place order
pick_i8385;pick item
pick_i8465;pick item
pick_i8458;pick item
pick_i8335;pick item
pick_i8366;pick item
pick_i8424;pick item
pick_i8471;pick item
pick_i8448;pick item
pick_i8359;pick item
pick_i8347;pick item
pick_i8474;pick item
pick_i8433;pick item
pick_i8333;pick item
place_o1048;place order
pick_i8441;pick item
pick_i8421;pick item
pick_i8462;pick item
pick_i8480;pick item
pick_i8505;pick item
pick_i8437;pick item
pick_i8431;pick item
place_o1049;place order
pick_i8291;pick item
pick_i8357;pick item
pick_i8061;pick item
ship_o1016;ship order
pick_i8218;pick item
pick_i7975;pick item
pick_i8449;pick item
ship_o1009;ship order
pick_i8351;pick item
pick_i8444;pick item
pick_i8521;pick item
pick_i8519;pick item
pick_i8348;pick item
pick_i8151;pick item
place_o1050;place order
pick_i8477;pick item
pick_i8510;pick item
pick_i8530;pick item
pick_i8473;pick item
place_o1051;place order
pick_i8486;pick item
pick_i8425;pick item
pick_i8485;pick item
pick_i8356;pick item
place_o1052;place order
pick_i8240;pick item
pick_i8532;pick item
pick_i8522;pick item
pick_i8454;pick item
pick_i8490;pick item
pick_i8311;pick item
pick_i8498;pick item
pick_i8455;pick item
pick_i8199;pick item
pick_i8468;pick item
pick_i8503;pick item
pick_i8358;pick item
pick_i8461;pick item
pick_i8548;pick item
pick_i8440;pick item
pick_i8393;pick item
pick_i8452;pick item
pick_i8546;pick item
pick_i8539;pick item
pick_i8256;pick item
pick_i8429;pick item
place_o1053;place order
pick_i8287;pick item
pick_i8492;pick item
pick_i8341;pick item
ship_o1036;ship order
pick_i8238;pick item
pick_i8436;pick item
ship_o1029;ship order
pick_i8314;pick item
pick_i8508;pick item
place_o1054;place order
pick_i8569;pick item
pick_i8390;pick item
pick_i8402;pick item
pick_i8543;pick item
pick_i8370;pick item
pick_i8446;pick item
pick_i8504;pick item
pick_i8553;pick item
pick_i8526;pick item
pick_i8494;pick item
pick_i8290;pick item
pick_i8534;pick item
place_o1055;place order
pick_i8575;pick item
pick_i8580;pick item
pick_i8556;pick item
pick_i7825;pick item
pick_i8361;pick item
ship_o998;ship order
pick_i8578;pick item
pick_i8264;pick item
pick_i8545;pick item
pick_i8451;pick item
pick_i8472;pick item
pick_i8362;pick item
pick_i8566;pick item
ship_o1038;ship order
pick_i8585;pick item
pick_i8523;pick item
pick_i8487;pick item
pick_i8150;pick item
pick_i8387;pick item
ship_o1022;ship order
place_o1056;place order
pick_i8368;pick item
ship_o1040;ship order
pick_i8537;pick item
pick_i8435;pick item
pick_i8560;pick item
pick_i8481;pick item
pick_i8489;pick item
pick_i8597;pick item
pick_i8527;pick item
pick_i8544;pick item
pick_i8394;pick item
pick_i8514;pick item
pick_i8564;pick item
pick_i8511;pick item
pick_i8601;pick item
pick_i8594;pick item
pick_i8502;pick item
pick_i8593;pick item
pick_i8552;pick item
place_o1057;place order
pick_i8447;pick item
pick_i8571;pick item
pick_i8133;pick item
pick_i8392;pick item
pick_i8558;pick item
pick_i8531;pick item
pick_i8612;pick item
pick_i8559;pick item
place_o1058;place order
pick_i8001;pick item
ship_o1011;ship order
pick_i8506;pick item
pick_i8577;pick item
pick_i8321;pick item
pick_i8513;pick item
pick_i8378;pick item
pick_i8582;pick item
pick_i8600;pick item
pick_i8352;pick item
pick_i8622;pick item
ship_o1037;ship order
pick_i8607;pick item
pick_i8616;pick item
place_o1059;place order
pick_i8568;pick item
pick_i8525;pick item
pick_i8422;pick item
pick_i8641;pick item
pick_i8645;pick item
pick_i8644;pick item
pick_i8495;pick item
pick_i8628;pick item
pick_i8595;pick item
pick_i7762;pick item
pick_i8478;pick item
ship_o993;ship order
pick_i8524;pick item
pick_i8528;pick item
pick_i8325;pick item
pick_i8570;pick item
pick_i8592;pick item
pick_i8638;pick item
pick_i8443;pick item
pick_i8374;pick item
pick_i8542;pick item
pick_i8584;pick item
place_o1060;place order
pick_i8572;pick item
pick_i8536;pick item
pick_i8599;pick item
pick_i8608;pick item
pick_i8483;pick item
pick_i8606;pick item
pick_i8598;pick item
pick_i8586;pick item
pick_i8470;pick item
pick_i8550;pick item
pick_i8573;pick item
pick_i8267;pick item
pick_i8639;pick item
ship_o1031;ship order
pick_i8619;pick item
pick_i8509;pick item
pick_i8541;pick item
pick_i8551;pick item
pick_i8538;pick item
pick_i8602;pick item
pick_i8625;pick item
pick_i8615;pick item
pick_i8654;pick item
pick_i8323;pick item
pick_i8438;pick item
pick_i8643;pick item
pick_i8614;pick item
pick_i8635;pick item
pick_i8626;pick item
pick_i8047;pick item
place_o1061;place order
pick_i8512;pick item
ship_o1015;ship order
pick_i8191;pick item
pick_i8420;pick item
ship_o1026;ship order
pick_i8642;pick item
pick_i8666;pick item
place_o1062;place order
pick_i8499;pick item
pick_i8661;pick item
pick_i8567;pick item
place_o1063;place order
pick_i8549;pick item
pick_i8630;pick item
pick_i8618;pick item
place_o1064;place order
pick_i8533;pick item
pick_i8547;pick item
pick_i8493;pick item
pick_i8720;pick item
pick_i8611;pick item
pick_i8620;pick item
pick_i8692;pick item
pick_i8721;pick item
pick_i8497;pick item
pick_i8723;pick item
pick_i8686;pick item
place_o1065;place order
pick_i8613;pick item
pick_i8679;pick item
pick_i8633;pick item
pick_i8557;pick item
pick_i8706;pick item
pick_i8624;pick item
pick_i8739;pick item
pick_i8587;pick item
pick_i8629;pick item
pick_i8596;pick item
pick_i8724;pick item
pick_i8703;pick item
pick_i8540;pick item
pick_i8745;pick item
pick_i8576;pick item
pick_i8554;pick item
pick_i8672;pick item
pick_i8491;pick item
pick_i8561;pick item
pick_i8707;pick item
pick_i8617;pick item
pick_i8704;pick item
place_o1066;place order
pick_i8516;pick item
pick_i8758;pick item
pick_i8621;pick item
pick_i8627;pick item
pick_i8324;pick item
pick_i8456;pick item
pick_i8732;pick item
pick_i8663;pick item
place_o1067;place order
pick_i8756;pick item
pick_i8427;pick item
pick_i8683;pick item
pick_i8469;pick item
pick_i8733;pick item
place_o1068;place order
pick_i8574;pick item
pick_i8604;pick item
pick_i8673;pick item
pick_i8691;pick item
pick_i8750;pick item
pick_i8696;pick item
place_o1069;place order
pick_i8773;pick item
pick_i8647;pick item
pick_i8479;pick item
pick_i8445;pick item
pick_i8798;pick item
pick_i8776;pick item
pick_i8700;pick item
pick_i8677;pick item
place_o1070;place order
pick_i8764;pick item
pick_i8668;pick item
pick_i8722;pick item
pick_i8742;pick item
pick_i8817;pick item
pick_i8699;pick item
pick_i8792;pick item
pick_i8581;pick item
pick_i8583;pick item
pick_i8407;pick item
place_o1071;place order
pick_i8669;pick item
pick_i8293;pick item
ship_o1033;ship order
pick_i8781;pick item
pick_i8759;pick item
pick_i8734;pick item
pick_i8729;pick item
place_o1072;place order
pick_i8842;pick item
pick_i8797;pick item
pick_i8684;pick item
pick_i8715;pick item
pick_i8488;pick item
pick_i8464;pick item
pick_i8636;pick item
pick_i8753;pick item
pick_i8829;pick item
pick_i8656;pick item
place_o1073;place order
pick_i8562;pick item
pick_i8794;pick item
pick_i8711;pick item
pick_i8823;pick item
pick_i7793;pick item
pick_i8664;pick item
ship_o995;ship order
pick_i8579;pick item
pick_i8849;pick item
ship_o1054;ship order
pick_i8737;pick item
pick_i8771;pick item
place_o1074;place order
pick_i8623;pick item
pick_i8861;pick item
place_o1075;place order
pick_i8660;pick item
pick_i8591;pick item
pick_i8678;pick item
pick_i8840;pick item
pick_i8783;pick item
pick_i8648;pick item
pick_i8780;pick item
pick_i8463;pick item
pick_i8698;pick item
pick_i8640;pick item
pick_i8893;pick item
pick_i8881;pick item
pick_i8761;pick item
pick_i8731;pick item
pick_i8811;pick item
pick_i8772;pick item
pick_i8674;pick item
pick_i8658;pick item
pick_i8419;pick item
place_o1076;place order
pick_i8695;pick item
ship_o1043;ship order
pick_i8765;pick item
pick_i8824;pick item
pick_i8763;pick item
place_o1077;place order
pick_i8507;pick item
pick_i8866;pick item
pick_i8868;pick item
pick_i8807;pick item
pick_i8787;pick item
pick_i8372;pick item
ship_o1039;ship order
pick_i8847;pick item
pick_i8746;pick item
pick_i8796;pick item
pick_i8766;pick item
pick_i8857;pick item
pick_i8793;pick item
pick_i8229;pick item
place_o1078;place order
ship_o1028;ship order
pick_i8922;pick item
pick_i8921;pick item
pick_i8899;pick item
pick_i8872;pick item
pick_i8894;pick item
place_o1079;place order
pick_i8820;pick item
pick_i8874;pick item
pick_i8653;pick item
pick_i8929;pick item
place_o1080;place order
pick_i8518;pick item
pick_i8879;pick item
pick_i8928;pick item
pick_i8914;pick item
pick_i8588;pick item
pick_i8603;pick item
pick_i8873;pick item
place_o1081;place order
pick_i8806;pick item
pick_i8682;pick item
pick_i8819;pick item
pick_i8871;pick item
pick_i8751;pick item
pick_i8719;pick item
place_o1082;place order
pick_i8768;pick item
pick_i8670;pick item
pick_i8953;pick item
pick_i8690;pick item
pick_i8726;pick item
pick_i8918;pick item
pick_i8789;pick item
place_o1083;place order
pick_i8934;pick item
pick_i8736;pick item
pick_i8484;pick item
pick_i8688;pick item
pick_i8825;pick item
pick_i8887;pick item
place_o1084;place order
pick_i8947;pick item
pick_i8890;pick item
pick_i8520;pick item
pick_i8757;pick item
pick_i9005;pick item
pick_i8476;pick item
pick_i8966;pick item
place_o1085;place order
pick_i8846;pick item
pick_i8800;pick item
pick_i8555;pick item
ship_o1052;ship order
pick_i8976;pick item
pick_i8952;pick item
pick_i8738;pick item
pick_i8782;pick item
pick_i8961;pick item
pick_i8926;pick item
pick_i8496;pick item
pick_i8760;pick item
pick_i9003;pick item
pick_i8959;pick item
pick_i8714;pick item
pick_i8814;pick item
pick_i8897;pick item
pick_i8964;pick item
pick_i8701;pick item
pick_i8884;pick item
pick_i8986;pick item
pick_i8992;pick item
pick_i8709;pick item
pick_i8808;pick item
pick_i8788;pick item
place_o1086;place order
pick_i8943;pick item
pick_i9025;pick item
pick_i8802;pick item
pick_i8949;pick item
pick_i8853;pick item
pick_i8920;pick item
pick_i8634;pick item
pick_i8129;pick item
pick_i8659;pick item
ship_o1021;ship order
pick_i8954;pick item
pick_i8903;pick item
pick_i8475;pick item
pick_i8821;pick item
pick_i8911;pick item
pick_i8812;pick item
pick_i8671;pick item
pick_i8631;pick item
pick_i8937;pick item
place_o1087;place order
pick_i8855;pick item
pick_i8904;pick item
pick_i8948;pick item
pick_i8910;pick item
pick_i8790;pick item
pick_i8988;pick item
pick_i8799;pick item
pick_i8990;pick item
pick_i8996;pick item
pick_i8927;pick item
pick_i8997;pick item
place_o1088;place order
pick_i8931;pick item
pick_i9039;pick item
pick_i8975;pick item
place_o1089;place order
pick_i9030;pick item
pick_i9044;pick item
pick_i8987;pick item
pick_i8827;pick item
pick_i9026;pick item
pick_i8705;pick item
pick_i8718;pick item
pick_i8965;pick item
pick_i8981;pick item
pick_i8803;pick item
pick_i8657;pick item
pick_i8889;pick item
pick_i8957;pick item
pick_i8999;pick item
pick_i8979;pick item
pick_i9014;pick item
pick_i8708;pick item
pick_i8822;pick item
pick_i8632;pick item
ship_o1058;ship order
pick_i9037;pick item
pick_i8774;pick item
pick_i9047;pick item
pick_i8989;pick item
place_o1090;place order
pick_i9027;pick item
pick_i8735;pick item
pick_i9007;pick item
pick_i8563;pick item
pick_i8963;pick item
pick_i8565;pick item
pick_i9006;pick item
ship_o1053;ship order
pick_i8728;pick item
pick_i8430;pick item
ship_o1044;ship order
pick_i8891;pick item
pick_i8933;pick item
pick_i9023;pick item
pick_i8900;pick item
pick_i8865;pick item
pick_i8667;pick item
pick_i8944;pick item
place_o1091;place order
pick_i8880;pick item
pick_i8851;pick item
pick_i8515;pick item
pick_i8652;pick item
pick_i8993;pick item
pick_i8956;pick item
pick_i9028;pick item
pick_i8945;pick item
pick_i8859;pick item
pick_i8936;pick item
pick_i8675;pick item
pick_i8878;pick item
ship_o1061;ship order
pick_i8828;pick item
pick_i8991;pick item
pick_i8946;pick item
pick_i9059;pick item
pick_i9062;pick item
pick_i8712;pick item
pick_i9036;pick item
pick_i8841;pick item
pick_i8517;pick item
pick_i8501;pick item
ship_o1049;ship order
pick_i8935;pick item
pick_i9075;pick item
place_o1092;place order
pick_i8962;pick item
pick_i9087;pick item
pick_i8777;pick item
pick_i8960;pick item
pick_i8327;pick item
ship_o1035;ship order
pick_i8843;pick item
place_o1093;place order
pick_i9106;pick item
pick_i8837;pick item
pick_i8888;pick item
pick_i8727;pick item
pick_i8850;pick item
pick_i9035;pick item
pick_i9085;pick item
pick_i8951;pick item
pick_i8998;pick item
pick_i8770;pick item
place_o1094;place order
pick_i9012;pick item
pick_i9097;pick item
pick_i8958;pick item
pick_i9043;pick item
pick_i9054;pick item
pick_i9051;pick item
pick_i9123;pick item
pick_i8995;pick item
pick_i8854;pick item
pick_i8786;pick item
pick_i8730;pick item
pick_i8939;pick item
pick_i8610;pick item
pick_i8649;pick item
pick_i8985;pick item
pick_i9019;pick item
pick_i9102;pick item
pick_i8885;pick item
pick_i9130;pick item
pick_i8971;pick item
pick_i8950;pick item
pick_i9063;pick item
pick_i8725;pick item
place_o1095;place order
pick_i8665;pick item
pick_i9113;pick item
pick_i9143;pick item
place_o1096;place order
pick_i8680;pick item
pick_i9133;pick item
pick_i8748;pick item
pick_i8689;pick item
pick_i8717;pick item
pick_i8876;pick item
pick_i9129;pick item
pick_i8886;pick item
pick_i8908;pick item
pick_i9016;pick item
pick_i8892;pick item
pick_i9078;pick item
pick_i9079;pick item
pick_i8693;pick item
pick_i8835;pick item
pick_i9040;pick item
pick_i9072;pick item
pick_i8845;pick item
pick_i9124;pick item
pick_i9061;pick item
pick_i8535;pick item
pick_i8882;pick item
ship_o1051;ship order
pick_i9058;pick item
pick_i9083;pick item
pick_i8912;pick item
pick_i8994;pick item
ship_o1083;ship order
pick_i9038;pick item
place_o1097;place order
pick_i8923;pick item
pick_i9073;pick item
pick_i9135;pick item
place_o1098;place order
pick_i9082;pick item
pick_i9049;pick item
pick_i9126;pick item
pick_i9167;pick item
pick_i9094;pick item
pick_i9150;pick item
pick_i9138;pick item
pick_i9018;pick item
pick_i9114;pick item
pick_i8906;pick item
pick_i9011;pick item
pick_i8744;pick item
pick_i9132;pick item
pick_i9069;pick item
pick_i8809;pick item
pick_i9170;pick item
pick_i8895;pick item
pick_i8791;pick item
pick_i9081;pick item
pick_i8898;pick item
pick_i9020;pick item
pick_i8762;pick item
pick_i9002;pick item
pick_i8980;pick item
pick_i8778;pick item
pick_i9060;pick item
place_o1099;place order
pick_i9189;pick item
pick_i9136;pick item
pick_i9100;pick item
pick_i9134;pick item
pick_i9142;pick item
pick_i8831;pick item
pick_i8459;pick item
ship_o1045;ship order
pick_i9201;pick item
pick_i9186;pick item
pick_i9195;pick item
pick_i8836;pick item
place_o1100;place order
pick_i9070;pick item
pick_i9022;pick item
pick_i9196;pick item
pick_i8902;pick item
pick_i9064;pick item
pick_i9181;pick item
pick_i8940;pick item
pick_i9165;pick item
pick_i8973;pick item
pick_i8741;pick item
pick_i9171;pick item
pick_i9222;pick item
pick_i9045;pick item
pick_i8801;pick item
pick_i9076;pick item
pick_i8913;pick item
pick_i8482;pick item
ship_o1047;ship order
pick_i9046;pick item
pick_i8713;pick item
pick_i9015;pick item
pick_i8826;pick item
place_o1101;place order
pick_i9154;pick item
pick_i9110;pick item
pick_i9156;pick item
pick_i8651;pick item
pick_i8901;pick item
pick_i8969;pick item
pick_i9228;pick item
place_o1102;place order
pick_i9223;pick item
pick_i9173;pick item
place_o1103;place order
pick_i9161;pick item
pick_i9214;pick item
pick_i9259;pick item
pick_i8403;pick item
pick_i9041;pick item
pick_i8869;pick item
pick_i8860;pick item
pick_i9203;pick item
pick_i8978;pick item
pick_i9090;pick item
pick_i9013;pick item
pick_i9260;pick item
pick_i9175;pick item
pick_i8743;pick item
pick_i8984;pick item
pick_i9115;pick item
pick_i8590;pick item
pick_i9212;pick item
pick_i9182;pick item
pick_i8917;pick item
place_o1104;place order
pick_i9246;pick item
pick_i9219;pick item
pick_i9074;pick item
pick_i8896;pick item
ship_o1075;ship order
pick_i8816;pick item
pick_i9118;pick item
pick_i9108;pick item
pick_i9261;pick item
pick_i9103;pick item
pick_i8834;pick item
pick_i9211;pick item
pick_i9057;pick item
pick_i9248;pick item
pick_i9095;pick item
pick_i9153;pick item
pick_i8466;pick item
pick_i8905;pick item
pick_i9164;pick item
ship_o1076;ship order
place_o1105;place order
pick_i9077;pick item
pick_i9158;pick item
ship_o1090;ship order
pick_i9017;pick item
pick_i8775;pick item
pick_i9206;pick item
pick_i9283;pick item
pick_i9286;pick item
pick_i8685;pick item
pick_i8785;pick item
pick_i8646;pick item
pick_i8716;pick item
ship_o1064;ship order
pick_i9152;pick item
pick_i8930;pick item
pick_i9147;pick item
pick_i9139;pick item
pick_i9273;pick item
pick_i9264;pick item
pick_i8694;pick item
pick_i8740;pick item
ship_o1065;ship order
pick_i9180;pick item
pick_i9236;pick item
place_o1106;place order
pick_i9116;pick item
pick_i9145;pick item
pick_i9200;pick item
pick_i9270;pick item
pick_i9252;pick item
pick_i8687;pick item
pick_i8932;pick item
place_o1107;place order
pick_i9295;pick item
pick_i9166;pick item
pick_i9262;pick item
place_o1108;place order
pick_i9302;pick item
pick_i9216;pick item
place_o1109;place order
pick_i9225;pick item
pick_i9042;pick item
pick_i9128;pick item
pick_i8983;pick item
pick_i9053;pick item
pick_i8839;pick item
pick_i9234;pick item
pick_i9183;pick item
pick_i8681;pick item
pick_i9237;pick item
pick_i8467;pick item
ship_o1046;ship order
pick_i8655;pick item
pick_i9092;pick item
pick_i9251;pick item
pick_i8805;pick item
place_o1110;place order
pick_i9305;pick item
pick_i9188;pick item
pick_i8867;pick item
place_o1111;place order
pick_i9179;pick item
pick_i9231;pick item
pick_i9362;pick item
pick_i8815;pick item
pick_i9265;pick item
place_o1112;place order
pick_i9229;pick item
pick_i9177;pick item
pick_i8982;pick item
pick_i9001;pick item
pick_i8813;pick item
pick_i9089;pick item
pick_i9111;pick item
pick_i9290;pick item
pick_i8955;pick item
ship_o1080;ship order
pick_i8810;pick item
pick_i9351;pick item
pick_i9288;pick item
pick_i9098;pick item
place_o1113;place order
pick_i9258;pick item
pick_i9068;pick item
pick_i9353;pick item
pick_i9199;pick item
pick_i8863;pick item
place_o1114;place order
pick_i9394;pick item
pick_i9093;pick item
pick_i9256;pick item
pick_i9034;pick item
pick_i9266;pick item
pick_i9397;pick item
pick_i9325;pick item
pick_i9291;pick item
pick_i9272;pick item
pick_i8862;pick item
place_o1115;place order
pick_i9245;pick item
pick_i9117;pick item
pick_i9088;pick item
pick_i9247;pick item
pick_i9168;pick item
pick_i9395;pick item
pick_i9300;pick item
pick_i9358;pick item
pick_i8529;pick item
pick_i9429;pick item
ship_o1050;ship order
pick_i9190;pick item
pick_i9314;pick item
pick_i9401;pick item
pick_i9066;pick item
pick_i9227;pick item
pick_i9390;pick item
pick_i8858;pick item
pick_i8938;pick item
pick_i9320;pick item
pick_i8749;pick item
place_o1116;place order
pick_i9120;pick item
pick_i8254;pick item
pick_i9226;pick item
ship_o1030;ship order
pick_i8767;pick item
pick_i9409;pick item
pick_i8609;pick item
ship_o1057;ship order
pick_i9379;pick item
pick_i9146;pick item
pick_i9421;pick item
pick_i9404;pick item
pick_i9342;pick item
pick_i9427;pick item
pick_i9327;pick item
pick_i9385;pick item
pick_i8818;pick item
pick_i9125;pick item
pick_i9324;pick item
pick_i9399;pick item
place_o1117;place order
pick_i9451;pick item
pick_i9378;pick item
pick_i9387;pick item
pick_i9436;pick item
pick_i9232;pick item
pick_i9198;pick item
pick_i9159;pick item
place_o1118;place order
pick_i9412;pick item
pick_i9335;pick item
pick_i9460;pick item
place_o1119;place order
pick_i9329;pick item
pick_i9319;pick item
pick_i9080;pick item
pick_i9244;pick item
pick_i9476;pick item
pick_i9448;pick item
pick_i8875;pick item
pick_i9267;pick item
pick_i9418;pick item
pick_i9297;pick item
pick_i9459;pick item
pick_i9241;pick item
place_o1120;place order
pick_i8968;pick item
pick_i9144;pick item
pick_i9301;pick item
pick_i9160;pick item
pick_i9487;pick item
pick_i9299;pick item
pick_i9488;pick item
pick_i8919;pick item
pick_i9242;pick item
pick_i9271;pick item
pick_i9392;pick item
place_o1121;place order
pick_i9504;pick item
pick_i9191;pick item
pick_i9430;pick item
pick_i9031;pick item
pick_i9257;pick item
pick_i8941;pick item
pick_i9202;pick item
pick_i9137;pick item
pick_i9465;pick item
pick_i9099;pick item
pick_i9493;pick item
pick_i9495;pick item
pick_i9055;pick item
pick_i9279;pick item
pick_i9496;pick item
pick_i9347;pick item
pick_i9377;pick item
pick_i9509;pick item
pick_i8852;pick item
pick_i9112;pick item
place_o1122;place order
ship_o1093;ship order
pick_i8754;pick item
pick_i9341;pick item
pick_i9475;pick item
pick_i9033;pick item
pick_i8925;pick item
pick_i9469;pick item
pick_i9330;pick item
pick_i8397;pick item
pick_i9374;pick item
ship_o1041;ship order
pick_i8710;pick item
pick_i9512;pick item
place_o1123;place order
pick_i9084;pick item
pick_i9393;pick item
pick_i9445;pick item
pick_i9367;pick item
pick_i9398;pick item
pick_i9345;pick item
place_o1124;place order
pick_i9187;pick item
pick_i9268;pick item
pick_i8784;pick item
pick_i9456;pick item
pick_i9071;pick item
pick_i9407;pick item
pick_i9009;pick item
pick_i9176;pick item
place_o1125;place order
pick_i8589;pick item
ship_o1055;ship order
pick_i9380;pick item
pick_i9513;pick item
pick_i9056;pick item
pick_i9402;pick item
pick_i8804;pick item
ship_o1069;ship order
pick_i9431;pick item
pick_i9400;pick item
pick_i8769;pick item
pick_i9539;pick item
pick_i9540;pick item
pick_i9575;pick item
pick_i9576;pick item
pick_i9526;pick item
pick_i8970;pick item
pick_i9359;pick item
pick_i9235;pick item
pick_i9249;pick item
pick_i9371;pick item
pick_i9339;pick item
pick_i9546;pick item
pick_i9467;pick item
place_o1126;place order
pick_i9498;pick item
pick_i9420;pick item
pick_i9127;pick item
pick_i9433;pick item
pick_i9172;pick item
pick_i9107;pick item
pick_i8883;pick item
pick_i9326;pick item
pick_i9292;pick item
pick_i8650;pick item
pick_i9021;pick item
pick_i9529;pick item
pick_i9453;pick item
pick_i9573;pick item
pick_i9516;pick item
pick_i9473;pick item
place_o1127;place order
pick_i9563;pick item
pick_i9442;pick item
pick_i9468;pick item
pick_i9131;pick item
pick_i9364;pick item
pick_i9583;pick item
pick_i9592;pick item
pick_i9221;pick item
place_o1128;place order
pick_i9581;pick item
pick_i9281;pick item
pick_i9032;pick item
pick_i9004;pick item
pick_i9491;pick item
pick_i9410;pick item
pick_i9193;pick item
pick_i9348;pick item
pick_i9373;pick item
pick_i8870;pick item
pick_i9565;pick item
pick_i9151;pick item
place_o1129;place order
pick_i9334;pick item
pick_i9215;pick item
pick_i8697;pick item
pick_i9481;pick item
pick_i9287;pick item
pick_i9479;pick item
pick_i9372;pick item
pick_i9386;pick item
pick_i9519;pick item
pick_i9391;pick item
place_o1130;place order
pick_i9336;pick item
pick_i9101;pick item
pick_i9428;pick item
pick_i9506;pick item
pick_i9554;pick item
pick_i8830;pick item
ship_o1070;ship order
pick_i9535;pick item
pick_i9557;pick item
pick_i9346;pick item
pick_i9091;pick item
pick_i9298;pick item
place_o1131;place order
pick_i9520;pick item
pick_i8856;pick item
pick_i9523;pick item
pick_i9169;pick item
pick_i9595;pick item
pick_i8747;pick item
pick_i9620;pick item
pick_i9497;pick item
pick_i9566;pick item
pick_i9184;pick item
pick_i9441;pick item
pick_i9304;pick item
pick_i9462;pick item
pick_i9532;pick item
pick_i9550;pick item
pick_i9474;pick item
pick_i9543;pick item
pick_i9485;pick item
pick_i9489;pick item
pick_i9505;pick item
pick_i8832;pick item
pick_i8972;pick item
pick_i9615;pick item
pick_i9490;pick item
pick_i8848;pick item
pick_i9119;pick item
ship_o1072;ship order
pick_i9104;pick item
place_o1132;place order
pick_i8942;pick item
ship_o1079;ship order
pick_i9424;pick item
pick_i9551;pick item
place_o1133;place order
pick_i9105;pick item
pick_i9528;pick item
pick_i9403;pick item
pick_i9432;pick item
pick_i8909;pick item
pick_i9417;pick item
place_o1134;place order
pick_i9318;pick item
pick_i9440;pick item
pick_i8755;pick item
pick_i9507;pick item
pick_i9449;pick item
pick_i9209;pick item
pick_i9521;pick item
pick_i8605;pick item
ship_o1056;ship order
pick_i9548;pick item
pick_i9426;pick item
pick_i9534;pick item
place_o1135;place order
pick_i9604;pick item
pick_i9518;pick item
pick_i9662;pick item
pick_i9635;pick item
place_o1136;place order
pick_i9344;pick item
pick_i9269;pick item
pick_i9683;pick item
pick_i9435;pick item
pick_i9600;pick item
pick_i9484;pick item
pick_i9446;pick item
pick_i9588;pick item
place_o1137;place order
pick_i9629;pick item
pick_i9569;pick item
pick_i9544;pick item
place_o1138;place order
pick_i9670;pick item
pick_i9515;pick item
pick_i9591;pick item
pick_i9538;pick item
place_o1139;place order
pick_i9606;pick item
pick_i9657;pick item
pick_i9760;pick item
pick_i8833;pick item
pick_i9553;pick item
place_o1140;place order
pick_i9285;pick item
pick_i9768;pick item
pick_i9375;pick item
pick_i9052;pick item
place_o1141;place order
pick_i9617;pick item
pick_i9555;pick item
pick_i9363;pick item
pick_i8967;pick item
pick_i9673;pick item
place_o1142;place order
pick_i9790;pick item
pick_i9365;pick item
pick_i9503;pick item
pick_i9494;pick item
pick_i9655;pick item
pick_i9749;pick item
pick_i9747;pick item
pick_i9008;pick item
pick_i9764;pick item
pick_i9759;pick item
pick_i9780;pick item
place_o1143;place order
pick_i9148;pick item
pick_i9454;pick item
pick_i9812;pick item
pick_i9552;pick item
pick_i9423;pick item
pick_i9769;pick item
pick_i9782;pick item
pick_i9704;pick item
place_o1144;place order
pick_i9597;pick item
pick_i9413;pick item
pick_i9524;pick item
pick_i9830;pick item
pick_i9293;pick item
place_o1145;place order
pick_i9388;pick item
pick_i9048;pick item
pick_i9788;pick item
ship_o1087;ship order
place_o1146;place order
pick_i9705;pick item
pick_i9461;pick item
pick_i9640;pick item
pick_i9710;pick item
pick_i9622;pick item
pick_i9630;pick item
pick_i9674;pick item
pick_i9321;pick item
pick_i9547;pick item
place_o1147;place order
pick_i9814;pick item
pick_i9681;pick item
pick_i9213;pick item
pick_i9787;pick item
pick_i9584;pick item
pick_i9665;pick item
pick_i9443;pick item
pick_i9639;pick item
pick_i9593;pick item
pick_i8864;pick item
pick_i9483;pick item
ship_o1073;ship order
pick_i9355;pick item
pick_i9746;pick item
pick_i9658;pick item
pick_i9452;pick item
pick_i9731;pick item
pick_i9691;pick item
pick_i9651;pick item
pick_i9753;pick item
pick_i9679;pick item
pick_i9250;pick item
pick_i9774;pick item
pick_i9447;pick item
pick_i9815;pick item
pick_i9411;pick item
pick_i9748;pick item
pick_i9536;pick item
pick_i9010;pick item
place_o1148;place order
pick_i9204;pick item
pick_i9676;pick item
pick_i9340;pick item
pick_i9517;pick item
place_o1149;place order
pick_i9848;pick item
pick_i9614;pick item
pick_i9415;pick item
pick_i8916;pick item
pick_i9086;pick item
pick_i9717;pick item
pick_i9527;pick item
pick_i9067;pick item
pick_i9607;pick item
pick_i9695;pick item
pick_i9706;pick item
pick_i9886;pick item
pick_i9849;pick item
pick_i9313;pick item
pick_i9525;pick item
pick_i9818;pick item
pick_i9751;pick item
pick_i9522;pick item
pick_i9854;pick item
place_o1150;place order
pick_i9740;pick item
pick_i9224;pick item
pick_i9396;pick item
place_o1151;place order
pick_i9649;pick item
pick_i9831;pick item
pick_i9824;pick item
pick_i8752;pick item
ship_o1066;ship order
pick_i9499;pick item
pick_i9163;pick item
pick_i9609;pick item
pick_i9613;pick item
pick_i9693;pick item
pick_i9664;pick item
pick_i9713;pick item
pick_i8779;pick item
pick_i9907;pick item
ship_o1067;ship order
pick_i9682;pick item
pick_i9333;pick item
pick_i9661;pick item
pick_i9796;pick item
pick_i9890;pick item
pick_i9024;pick item
pick_i9697;pick item
ship_o1085;ship order
pick_i9309;pick item
pick_i9863;pick item
pick_i9605;pick item
pick_i9141;pick item
pick_i9668;pick item
pick_i9762;pick item
pick_i9612;pick item
pick_i9688;pick item
pick_i9792;pick item
pick_i9579;pick item
pick_i9352;pick item
pick_i9587;pick item
pick_i9437;pick item
pick_i9876;pick item
pick_i9282;pick item
pick_i9641;pick item
pick_i9909;pick item
pick_i9738;pick item
pick_i9559;pick item
place_o1152;place order
pick_i9208;pick item
pick_i9652;pick item
pick_i9675;pick item
pick_i9913;pick item
pick_i9656;pick item
place_o1153;place order
pick_i9862;pick item
pick_i9306;pick item
pick_i9860;pick item
pick_i9926;pick item
place_o1154;place order
pick_i9650;pick item
pick_i9722;pick item
pick_i9761;pick item
pick_i9174;pick item
pick_i9312;pick item
pick_i9562;pick item
pick_i9050;pick item
pick_i9785;pick item
ship_o1088;ship order
pick_i9869;pick item
pick_i9784;pick item
place_o1155;place order
pick_i9510;pick item
pick_i9904;pick item
pick_i9776;pick item
pick_i9478;pick item
pick_i9671;pick item
pick_i9754;pick item
place_o1156;place order
pick_i8924;pick item
pick_i9777;pick item
pick_i8838;pick item
pick_i9157;pick item
place_o1157;place order
pick_i9933;pick item
pick_i9823;pick item
pick_i9891;pick item
place_o1158;place order
pick_i9991;pick item
pick_i9839;pick item
pick_i9745;pick item
pick_i9296;pick item
pick_i9727;pick item
pick_i9602;pick item
pick_i9711;pick item
pick_i9970;pick item
pick_i9910;pick item
pick_i9927;pick item
pick_i9851;pick item
pick_i9594;pick item
pick_i9243;pick item
pick_i9582;pick item
pick_i9872;pick item
pick_i9775;pick item
pick_i9162;pick item
pick_i9903;pick item
pick_i9230;pick item
pick_i9701;pick item
ship_o1101;ship order
place_o1159;place order
pick_i9883;pick item
pick_i9254;pick item
pick_i9861;pick item
pick_i9434;pick item
pick_i9686;pick item
pick_i9793;pick item
pick_i9343;pick item
pick_i9455;pick item
pick_i9444;pick item
pick_i9694;pick item
pick_i9847;pick item
place_o1160;place order
pick_i9914;pick item
pick_i9619;pick item
pick_i9955;pick item
pick_i9875;pick item
pick_i9000;pick item
ship_o1084;ship order
pick_i9937;pick item
pick_i10026;pick item
pick_i9608;pick item
pick_i9653;pick item
pick_i9833;pick item
pick_i9240;pick item
pick_i9977;pick item
pick_i9642;pick item
place_o1161;place order
pick_i9828;pick item
pick_i10066;pick item
pick_i9323;pick item
pick_i9572;pick item
place_o1162;place order
pick_i8405;pick item
ship_o1042;ship order
pick_i9357;pick item
pick_i9934;pick item
pick_i9857;pick item
pick_i9712;pick item
pick_i9778;pick item
pick_i9382;pick item
pick_i9855;pick item
place_o1163;place order
pick_i9621;pick item
pick_i9471;pick item
pick_i9666;pick item
pick_i9601;pick item
pick_i9718;pick item
pick_i9628;pick item
pick_i9687;pick item
pick_i10008;pick item
pick_i10001;pick item
pick_i9280;pick item
pick_i9932;pick item
pick_i9963;pick item
pick_i9773;pick item
place_o1164;place order
pick_i9470;pick item
pick_i9626;pick item
pick_i10104;pick item
pick_i9376;pick item
pick_i9549;pick item
pick_i10029;pick item
pick_i9672;pick item
pick_i9989;pick item
pick_i9567;pick item
pick_i9586;pick item
place_o1165;place order
pick_i10118;pick item
pick_i9702;pick item
pick_i10059;pick item
pick_i9667;pick item
pick_i10110;pick item
pick_i9616;pick item
pick_i9634;pick item
pick_i9892;pick item
pick_i9826;pick item
pick_i9805;pick item
pick_i10072;pick item
pick_i10032;pick item
pick_i9912;pick item
pick_i10062;pick item
pick_i9729;pick item
pick_i10092;pick item
pick_i10004;pick item
pick_i9425;pick item
pick_i9492;pick item
pick_i9877;pick item
pick_i10108;pick item
place_o1166;place order
pick_i9800;pick item
pick_i9878;pick item
pick_i9648;pick item
pick_i10025;pick item
pick_i9936;pick item
pick_i9966;pick item
pick_i9416;pick item
place_o1167;place order
pick_i9978;pick item
pick_i10160;pick item
pick_i9610;pick item
pick_i9950;pick item
pick_i9915;pick item
pick_i10150;pick item
pick_i9338;pick item
pick_i9974;pick item
pick_i9817;pick item
place_o1168;place order
pick_i9708;pick item
pick_i9207;pick item
pick_i9972;pick item
pick_i9973;pick item
pick_i9502;pick item
pick_i10173;pick item
pick_i8500;pick item
ship_o1048;ship order
pick_i9808;pick item
pick_i9598;pick item
pick_i9866;pick item
pick_i8662;pick item
ship_o1060;ship order
pick_i9310;pick item
pick_i9636;pick item
place_o1169;place order
pick_i9307;pick item
pick_i10073;pick item
pick_i9590;pick item
pick_i9192;pick item
pick_i9096;pick item
ship_o1091;ship order
pick_i9772;pick item
pick_i9466;pick item
pick_i9911;pick item
pick_i9369;pick item
pick_i10179;pick item
pick_i9894;pick item
pick_i10175;pick item
pick_i10017;pick item
pick_i10047;pick item
pick_i9957;pick item
pick_i10042;pick item
pick_i9924;pick item
place_o1170;place order
pick_i10002;pick item
pick_i9995;pick item
pick_i9742;pick item
pick_i10138;pick item
pick_i10137;pick item
pick_i9631;pick item
place_o1171;place order
pick_i9220;pick item
pick_i10044;pick item
pick_i9210;pick item
place_o1172;place order
pick_i10122;pick item
pick_i9698;pick item
pick_i9414;pick item
pick_i10159;pick item
pick_i10212;pick item
pick_i9987;pick item
pick_i10098;pick item
pick_i10089;pick item
pick_i9464;pick item
pick_i9422;pick item
pick_i9736;pick item
pick_i9646;pick item
pick_i9303;pick item
pick_i10005;pick item
place_o1173;place order
pick_i10070;pick item
pick_i9690;pick item
pick_i9332;pick item
pick_i9938;pick item
pick_i9737;pick item
place_o1174;place order
pick_i9838;pick item
pick_i9804;pick item
pick_i9720;pick item
pick_i10114;pick item
pick_i10049;pick item
pick_i10133;pick item
pick_i10151;pick item
pick_i9779;pick item
pick_i9968;pick item
pick_i9893;pick item
pick_i9680;pick item
pick_i9660;pick item
pick_i10148;pick item
pick_i10169;pick item
pick_i10010;pick item
pick_i10060;pick item
pick_i9585;pick item
pick_i10149;pick item
pick_i9632;pick item
place_o1175;place order
pick_i10288;pick item
pick_i9638;pick item
pick_i9733;pick item
pick_i9571;pick item
pick_i9533;pick item
pick_i10260;pick item
pick_i9844;pick item
pick_i10181;pick item
pick_i9939;pick item
pick_i9439;pick item
pick_i10036;pick item
pick_i10083;pick item
pick_i9647;pick item
pick_i10055;pick item
pick_i10095;pick item
pick_i10268;pick item
pick_i10281;pick item
pick_i10244;pick item
pick_i10157;pick item
place_o1176;place order
pick_i10241;pick item
pick_i9960;pick item
pick_i10222;pick item
pick_i10174;pick item
pick_i9920;pick item
pick_i10228;pick item
pick_i10252;pick item
pick_i10206;pick item
pick_i9786;pick item
pick_i10164;pick item
pick_i10040;pick item
pick_i9846;pick item
pick_i9580;pick item
pick_i9935;pick item
pick_i10090;pick item
pick_i9633;pick item
pick_i10256;pick item
pick_i10050;pick item
place_o1177;place order
pick_i9331;pick item
pick_i10061;pick item
pick_i9988;pick item
pick_i9328;pick item
pick_i9716;pick item
pick_i9542;pick item
pick_i9801;pick item
pick_i10184;pick item
pick_i10067;pick item
pick_i9349;pick item
place_o1178;place order
pick_i9896;pick item
pick_i9985;pick item
pick_i9770;pick item
pick_i10198;pick item
pick_i9637;pick item
ship_o1131;ship order
pick_i10041;pick item
place_o1179;place order
pick_i10024;pick item
pick_i10078;pick item
pick_i10209;pick item
pick_i10313;pick item
pick_i10291;pick item
pick_i10225;pick item
pick_i9744;pick item
pick_i9724;pick item
pick_i9696;pick item
pick_i10324;pick item
pick_i9969;pick item
pick_i10331;pick item
pick_i9807;pick item
pick_i10303;pick item
pick_i10261;pick item
pick_i10170;pick item
pick_i10182;pick item
pick_i9789;pick item
pick_i9311;pick item
pick_i10315;pick item
pick_i9482;pick item
pick_i10102;pick item
pick_i10278;pick item
place_o1180;place order
pick_i9986;pick item
pick_i10153;pick item
pick_i9882;pick item
pick_i8302;pick item
pick_i10135;pick item
ship_o1034;ship order
pick_i10226;pick item
pick_i10134;pick item
pick_i10326;pick item
pick_i10045;pick item
pick_i9836;pick item
pick_i10300;pick item
place_o1181;place order
pick_i9832;pick item
pick_i10342;pick item
pick_i10167;pick item
pick_i10191;pick item
pick_i9545;pick item
pick_i9438;pick item
ship_o1116;ship order
pick_i10111;pick item
pick_i9361;pick item
pick_i10276;pick item
pick_i9477;pick item
pick_i10335;pick item
pick_i9741;pick item
place_o1182;place order
pick_i9253;pick item
pick_i9381;pick item
pick_i9725;pick item
pick_i10097;pick item
place_o1183;place order
pick_i9570;pick item
pick_i9501;pick item
pick_i9929;pick item
pick_i9979;pick item
pick_i9961;pick item
pick_i10087;pick item
pick_i10369;pick item
place_o1184;place order
pick_i10091;pick item
pick_i10359;pick item
pick_i8877;pick item
pick_i9611;pick item
ship_o1074;ship order
ship_o1129;ship order
pick_i10413;pick item
pick_i10208;pick item
pick_i9842;pick item
pick_i9618;pick item
pick_i10215;pick item
pick_i9984;pick item
pick_i9561;pick item
pick_i10048;pick item
pick_i10236;pick item
pick_i10348;pick item
pick_i10094;pick item
pick_i9964;pick item
place_o1185;place order
pick_i9947;pick item
pick_i10292;pick item
pick_i10250;pick item
pick_i10334;pick item
pick_i10307;pick item
pick_i10166;pick item
pick_i9194;pick item
pick_i9965;pick item
pick_i10081;pick item
pick_i9578;pick item
pick_i9819;pick item
pick_i9723;pick item
pick_i9350;pick item
pick_i10364;pick item
pick_i10202;pick item
pick_i10115;pick item
pick_i9714;pick item
pick_i9809;pick item
pick_i10234;pick item
pick_i10386;pick item
pick_i9654;pick item
pick_i10421;pick item
pick_i10139;pick item
pick_i9294;pick item
pick_i10410;pick item
pick_i9277;pick item
pick_i9511;pick item
pick_i10391;pick item
pick_i10099;pick item
pick_i8795;pick item
pick_i9707;pick item
ship_o1068;ship order
place_o1186;place order
pick_i9953;pick item
pick_i9931;pick item
pick_i10028;pick item
pick_i9816;pick item
pick_i9537;pick item
pick_i9971;pick item
pick_i10337;pick item
pick_i10329;pick item
pick_i10341;pick item
pick_i9993;pick item
pick_i10429;pick item
pick_i10197;pick item
place_o1187;place order
pick_i9820;pick item
pick_i10293;pick item
pick_i9850;pick item
place_o1188;place order
pick_i9996;pick item
pick_i10113;pick item
pick_i10322;pick item
pick_i10144;pick item
pick_i10193;pick item
pick_i10283;pick item
pick_i10450;pick item
pick_i9263;pick item
pick_i10373;pick item
ship_o1104;ship order
pick_i10188;pick item
pick_i10096;pick item
pick_i10211;pick item
pick_i10183;pick item
pick_i10448;pick item
pick_i9889;pick item
pick_i9155;pick item
pick_i10030;pick item
pick_i10357;pick item
pick_i10449;pick item
pick_i9669;pick item
pick_i10065;pick item
place_o1189;place order
pick_i9771;pick item
pick_i10461;pick item
pick_i10320;pick item
pick_i9627;pick item
pick_i9589;pick item
pick_i9867;pick item
pick_i10444;pick item
pick_i9217;pick item
pick_i9981;pick item
pick_i9556;pick item
pick_i9827;pick item
pick_i10298;pick item
pick_i10263;pick item
pick_i10452;pick item
pick_i9284;pick item
pick_i10063;pick item
pick_i10387;pick item
pick_i10484;pick item
pick_i10064;pick item
pick_i10312;pick item
pick_i10053;pick item
place_o1190;place order
pick_i9943;pick item
pick_i9999;pick item
place_o1191;place order
pick_i10321;pick item
pick_i10346;pick item
pick_i10126;pick item
pick_i9822;pick item
pick_i10414;pick item
place_o1192;place order
pick_i10443;pick item
pick_i9990;pick item
pick_i9205;pick item
pick_i10470;pick item
pick_i10124;pick item
pick_i9952;pick item
pick_i10424;pick item
pick_i10349;pick item
place_o1193;place order
pick_i10491;pick item
pick_i10088;pick item
pick_i9881;pick item
pick_i10454;pick item
pick_i10383;pick item
pick_i10264;pick item
pick_i10314;pick item
pick_i10080;pick item
pick_i10457;pick item
pick_i8676;pick item
pick_i10248;pick item
ship_o1062;ship order
pick_i10347;pick item
pick_i10221;pick item
pick_i10074;pick item
pick_i9959;pick item
pick_i10365;pick item
pick_i10505;pick item
pick_i10362;pick item
pick_i10352;pick item
pick_i10399;pick item
pick_i9871;pick item
pick_i10186;pick item
pick_i10023;pick item
place_o1194;place order
pick_i8915;pick item
ship_o1078;ship order
pick_i10417;pick item
pick_i10310;pick item
pick_i10339;pick item
place_o1195;place order
pick_i10544;pick item
pick_i10180;pick item
pick_i10545;pick item
pick_i9289;pick item
ship_o1106;ship order
pick_i10376;pick item
pick_i10345;pick item
place_o1196;place order
pick_i9275;pick item
pick_i10555;pick item
pick_i10501;pick item
pick_i9678;pick item
place_o1197;place order
pick_i10016;pick item
pick_i10103;pick item
pick_i10237;pick item
pick_i9783;pick item
pick_i10598;pick item
pick_i10528;pick item
pick_i10611;pick item
pick_i10235;pick item
pick_i9238;pick item
pick_i10027;pick item
pick_i10033;pick item
pick_i10519;pick item
pick_i10112;pick item
place_o1198;place order
pick_i10571;pick item
pick_i9794;pick item
pick_i10631;pick item
pick_i9835;pick item
pick_i10520;pick item
place_o1199;place order
pick_i10297;pick item
pick_i10601;pick item
pick_i9719;pick item
pick_i10336;pick item
pick_i10434;pick item
pick_i10558;pick item
pick_i10301;pick item
pick_i9419;pick item
pick_i9948;pick item
ship_o1115;ship order
pick_i9541;pick item
ship_o1123;ship order
pick_i9856;pick item
pick_i10514;pick item
place_o1200;place order
pick_i10289;pick item
pick_i10463;pick item
pick_i10128;pick item
pick_i9735;pick item
place_o1201;place order
pick_i9905;pick item
pick_i10385;pick item
pick_i10613;pick item
pick_i9317;pick item
pick_i9643;pick item
place_o1202;place order
pick_i10038;pick item
pick_i10270;pick item
pick_i9923;pick item
pick_i10317;pick item
pick_i10207;pick item
pick_i10629;pick item
pick_i10516;pick item
pick_i10686;pick item
pick_i10513;pick item
pick_i10618;pick item
pick_i10013;pick item
pick_i10416;pick item
pick_i10361;pick item
pick_i9994;pick item
pick_i9659;pick item
pick_i10572;pick item
pick_i9852;pick item
place_o1203;place order
pick_i10217;pick item
pick_i10496;pick item
pick_i9645;pick item
pick_i10216;pick item
pick_i10453;pick item
pick_i10171;pick item
place_o1204;place order
pick_i10130;pick item
pick_i9743;pick item
pick_i9276;pick item
pick_i10559;pick item
pick_i10366;pick item
pick_i10700;pick item
pick_i10688;pick item
pick_i9486;pick item
pick_i8637;pick item
place_o1205;place order
pick_i10646;pick item
ship_o1059;ship order
pick_i10388;pick item
pick_i9888;pick item
place_o1206;place order
pick_i10654;pick item
pick_i10397;pick item
pick_i10279;pick item
pick_i10649;pick item
pick_i10267;pick item
pick_i10711;pick item
pick_i9806;pick item
pick_i10192;pick item
pick_i10445;pick item
pick_i10423;pick item
place_o1207;place order
pick_i9480;pick item
ship_o1119;ship order
pick_i10076;pick item
pick_i10255;pick item
pick_i10732;pick item
pick_i10205;pick item
pick_i9781;pick item
ship_o1140;ship order
pick_i9623;pick item
pick_i8907;pick item
ship_o1077;ship order
pick_i10146;pick item
pick_i10661;pick item
pick_i10223;pick item
pick_i10311;pick item
pick_i10427;pick item
pick_i10614;pick item
pick_i10595;pick item
pick_i10056;pick item
pick_i9337;pick item
pick_i10540;pick item
ship_o1109;ship order
pick_i10626;pick item
pick_i9625;pick item
pick_i10476;pick item
pick_i9558;pick item
pick_i9958;pick item
place_o1208;place order
pick_i10177;pick item
pick_i9726;pick item
pick_i10469;pick item
pick_i10640;pick item
pick_i10037;pick item
place_o1209;place order
pick_i10233;pick item
pick_i9840;pick item
pick_i10440;pick item
pick_i10402;pick item
pick_i10367;pick item
pick_i10701;pick item
pick_i10786;pick item
pick_i9975;pick item
pick_i10392;pick item
pick_i10079;pick item
pick_i10720;pick item
pick_i10587;pick item
pick_i10486;pick item
pick_i10100;pick item
pick_i9457;pick item
pick_i9976;pick item
pick_i10432;pick item
pick_i9599;pick item
place_o1210;place order
pick_i10722;pick item
pick_i10084;pick item
pick_i9624;pick item
ship_o1130;ship order
pick_i10483;pick item
pick_i10699;pick item
pick_i10458;pick item
pick_i10286;pick item
pick_i9821;pick item
pick_i9983;pick item
pick_i9383;pick item
pick_i9803;pick item
pick_i9898;pick item
pick_i10395;pick item
pick_i10593;pick item
pick_i9406;pick item
pick_i9752;pick item
pick_i10708;pick item
pick_i10285;pick item
place_o1211;place order
pick_i10782;pick item
pick_i10582;pick item
pick_i10472;pick item
pick_i10583;pick item
pick_i10119;pick item
pick_i10401;pick item
pick_i10155;pick item
pick_i10663;pick item
pick_i10265;pick item
pick_i9530;pick item
pick_i10262;pick item
pick_i10116;pick item
pick_i10644;pick item
pick_i10552;pick item
pick_i10725;pick item
pick_i9644;pick item
pick_i10510;pick item
ship_o1132;ship order
pick_i10794;pick item
pick_i10760;pick item
pick_i9730;pick item
pick_i10543;pick item
pick_i9843;pick item
pick_i10201;pick item
pick_i10374;pick item
place_o1212;place order
pick_i10495;pick item
pick_i10752;pick item
pick_i9560;pick item
pick_i10623;pick item
pick_i9919;pick item
pick_i10666;pick item
pick_i10817;pick item
place_o1213;place order
pick_i9689;pick item
pick_i10154;pick item
place_o1214;place order
pick_i10488;pick item
pick_i10523;pick item
pick_i10710;pick item
pick_i10706;pick item
pick_i10394;pick item
pick_i10763;pick item
pick_i10168;pick item
pick_i10791;pick item
pick_i10415;pick item
pick_i9684;pick item
pick_i10503;pick item
pick_i10848;pick item
pick_i9802;pick item
pick_i10678;pick item
pick_i10659;pick item
pick_i10715;pick item
pick_i10674;pick item
place_o1215;place order
pick_i10769;pick item
pick_i10531;pick item
pick_i10787;pick item
pick_i9185;pick item
pick_i10487;pick item
ship_o1098;ship order
pick_i10295;pick item
pick_i10850;pick item
pick_i10777;pick item
pick_i10435;pick item
pick_i10608;pick item
pick_i10439;pick item
pick_i10639;pick item
pick_i10071;pick item
pick_i9880;pick item
pick_i10695;pick item
pick_i10811;pick item
pick_i10358;pick item
pick_i10257;pick item
pick_i10219;pick item
pick_i10772;pick item
pick_i10604;pick item
place_o1216;place order
pick_i10840;pick item
pick_i10761;pick item
pick_i10455;pick item
pick_i10284;pick item
pick_i10425;pick item
pick_i9603;pick item
pick_i10574;pick item
ship_o1128;ship order
pick_i10351;pick item
pick_i10253;pick item
pick_i10584;pick item
place_o1217;place order
pick_i10588;pick item
pick_i10390;pick item
pick_i10864;pick item
pick_i10478;pick item
pick_i10502;pick item
pick_i10845;pick item
pick_i10431;pick item
pick_i10204;pick item
pick_i10745;pick item
place_o1218;place order
pick_i10780;pick item
pick_i10105;pick item
place_o1219;place order
pick_i10859;pick item
pick_i10875;pick item
pick_i10673;pick item
pick_i9946;pick item
place_o1220;place order
pick_i10296;pick item
pick_i9360;pick item
pick_i10808;pick item
pick_i10698;pick item
pick_i10551;pick item
pick_i10597;pick item
pick_i10152;pick item
pick_i10874;pick item
pick_i10877;pick item
pick_i10818;pick item
pick_i10338;pick item
pick_i9917;pick item
pick_i10796;pick item
place_o1221;place order
pick_i10210;pick item
pick_i9255;pick item
place_o1222;place order
pick_i10393;pick item
ship_o1103;ship order
pick_i10821;pick item
pick_i10550;pick item
pick_i10230;pick item
place_o1223;place order
pick_i10742;pick item
pick_i10741;pick item
pick_i10963;pick item
pick_i10861;pick item
pick_i9992;pick item
place_o1224;place order
pick_i10187;pick item
pick_i10398;pick item
pick_i10538;pick item
pick_i10619;pick item
pick_i9885;pick item
pick_i10671;pick item
pick_i10729;pick item
pick_i9121;pick item
pick_i10968;pick item
pick_i9874;pick item
pick_i10622;pick item
pick_i10532;pick item
pick_i9140;pick item
pick_i10214;pick item
ship_o1095;ship order
pick_i10007;pick item
pick_i10304;pick item
pick_i10525;pick item
pick_i10077;pick item
pick_i10728;pick item
pick_i10919;pick item
pick_i9765;pick item
pick_i10590;pick item
pick_i10554;pick item
pick_i10951;pick item
pick_i10086;pick item
place_o1225;place order
pick_i10790;pick item
pick_i10932;pick item
pick_i10927;pick item
pick_i10485;pick item
pick_i10375;pick item
pick_i10227;pick item
pick_i11044;pick item
pick_i10987;pick item
pick_i10370;pick item
pick_i10826;pick item
pick_i10232;pick item
pick_i10093;pick item
pick_i10565;pick item
pick_i10847;pick item
pick_i10846;pick item
pick_i11054;pick item
pick_i10669;pick item
pick_i10955;pick item
pick_i10785;pick item
pick_i10143;pick item
pick_i10958;pick item
place_o1226;place order
pick_i9930;pick item
pick_i10325;pick item
pick_i9859;pick item
pick_i9472;pick item
pick_i10996;pick item
pick_i10835;pick item
pick_i11050;pick item
pick_i10916;pick item
pick_i9766;pick item
pick_i11038;pick item
pick_i10842;pick item
pick_i10213;pick item
place_o1227;place order
pick_i10765;pick item
pick_i10011;pick item
pick_i10568;pick item
pick_i11040;pick item
place_o1228;place order
pick_i10549;pick item
pick_i10648;pick item
pick_i9408;pick item
pick_i11063;pick item
place_o1229;place order
pick_i10660;pick item
pick_i10539;pick item
pick_i10734;pick item
pick_i10021;pick item
pick_i10481;pick item
pick_i10867;pick item
place_o1230;place order
pick_i10757;pick item
pick_i10841;pick item
pick_i11042;pick item
pick_i10960;pick item
pick_i10480;pick item
pick_i10966;pick item
pick_i10906;pick item
pick_i9865;pick item
pick_i10327;pick item
pick_i10812;pick item
pick_i10275;pick item
pick_i10436;pick item
pick_i10652;pick item
pick_i11003;pick item
pick_i10784;pick item
place_o1231;place order
pick_i10497;pick item
pick_i10178;pick item
pick_i10245;pick item
place_o1232;place order
pick_i10274;pick item
pick_i11121;pick item
pick_i10132;pick item
pick_i10954;pick item
pick_i10068;pick item
pick_i10798;pick item
pick_i10915;pick item
pick_i11096;pick item
pick_i10621;pick item
pick_i9308;pick item
ship_o1107;ship order
pick_i11036;pick item
pick_i11098;pick item
pick_i10302;pick item
place_o1233;place order
pick_i9945;pick item
pick_i10693;pick item
pick_i10609;pick item
pick_i10031;pick item
pick_i10736;pick item
pick_i10518;pick item
pick_i10827;pick item
pick_i10749;pick item
pick_i11017;pick item
pick_i10240;pick item
pick_i10624;pick item
pick_i10465;pick item
pick_i10466;pick item
pick_i9178;pick item
place_o1234;place order
pick_i10015;pick item
ship_o1097;ship order
pick_i11024;pick item
pick_i11046;pick item
pick_i10937;pick item
pick_i11077;pick item
pick_i9699;pick item
pick_i9122;pick item
pick_i10259;pick item
ship_o1094;ship order
place_o1235;place order
pick_i10058;pick item
pick_i9354;pick item
pick_i10670;pick item
pick_i9997;pick item
pick_i10944;pick item
pick_i10702;pick item
pick_i9703;pick item
pick_i11037;pick item
pick_i10726;pick item
pick_i9663;pick item
ship_o1133;ship order
pick_i10542;pick item
pick_i10731;pick item
pick_i10479;pick item
pick_i11043;pick item
pick_i10580;pick item
pick_i10828;pick item
pick_i10287;pick item
pick_i10464;pick item
place_o1236;place order
pick_i9458;pick item
pick_i10774;pick item
pick_i10824;pick item
pick_i10504;pick item
pick_i10517;pick item
pick_i10893;pick item
pick_i11001;pick item
pick_i11014;pick item
pick_i10467;pick item
pick_i10977;pick item
pick_i10925;pick item
pick_i10771;pick item
pick_i10727;pick item
pick_i10882;pick item
pick_i10991;pick item
pick_i10904;pick item
pick_i10018;pick item
pick_i10997;pick item
pick_i10437;pick item
place_o1237;place order
pick_i10815;pick item
pick_i10194;pick item
pick_i10120;pick item
pick_i11233;pick item
pick_i10866;pick item
pick_i10892;pick item
pick_i10947;pick item
pick_i9685;pick item
pick_i9873;pick item
pick_i10547;pick item
pick_i10419;pick item
pick_i9895;pick item
pick_i10607;pick item
pick_i11198;pick item
pick_i9799;pick item
pick_i9233;pick item
pick_i11210;pick item
pick_i10806;pick item
pick_i11075;pick item
pick_i11204;pick item
place_o1238;place order
pick_i11148;pick item
pick_i10895;pick item
pick_i10125;pick item
pick_i10689;pick item
pick_i10043;pick item
pick_i10658;pick item
pick_i10813;pick item
place_o1239;place order
pick_i11045;pick item
pick_i10953;pick item
pick_i9356;pick item
pick_i10929;pick item
ship_o1110;ship order
pick_i10163;pick item
pick_i10069;pick item
pick_i10239;pick item
pick_i11080;pick item
place_o1240;place order
pick_i11123;pick item
pick_i10616;pick item
pick_i10035;pick item
pick_i11067;pick item
pick_i10196;pick item
pick_i11088;pick item
pick_i11182;pick item
pick_i11140;pick item
pick_i10131;pick item
pick_i11083;pick item
pick_i11285;pick item
pick_i11021;pick item
pick_i10819;pick item
pick_i10707;pick item
pick_i9767;pick item
pick_i10534;pick item
place_o1241;place order
pick_i11298;pick item
pick_i11187;pick item
pick_i10956;pick item
pick_i10635;pick item
pick_i10477;pick item
pick_i11117;pick item
pick_i11154;pick item
pick_i10990;pick item
pick_i11228;pick item
pick_i11254;pick item
pick_i10360;pick item
pick_i10885;pick item
pick_i10475;pick item
pick_i10773;pick item
pick_i11134;pick item
pick_i9944;pick item
pick_i11031;pick item
pick_i10318;pick item
pick_i10754;pick item
pick_i11097;pick item
pick_i10575;pick item
pick_i9834;pick item
pick_i10332;pick item
pick_i10441;pick item
pick_i10430;pick item
pick_i10602;pick item
pick_i11107;pick item
pick_i9956;pick item
pick_i11026;pick item
pick_i11167;pick item
pick_i10668;pick item
place_o1242;place order
pick_i10123;pick item
pick_i10755;pick item
pick_i9918;pick item
place_o1243;place order
pick_i11169;pick item
pick_i11065;pick item
pick_i10735;pick item
place_o1244;place order
pick_i10556;pick item
pick_i10876;pick item
pick_i10147;pick item
pick_i11284;pick item
pick_i11070;pick item
pick_i10356;pick item
pick_i11296;pick item
pick_i11217;pick item
pick_i10384;pick item
place_o1245;place order
pick_i11151;pick item
pick_i9980;pick item
pick_i10563;pick item
pick_i11306;pick item
pick_i9908;pick item
pick_i10816;pick item
pick_i11349;pick item
pick_i10775;pick item
pick_i10599;pick item
pick_i9715;pick item
pick_i11294;pick item
pick_i10085;pick item
pick_i10778;pick item
pick_i11211;pick item
pick_i9853;pick item
pick_i11272;pick item
pick_i10801;pick item
pick_i10408;pick item
pick_i9278;pick item
pick_i10975;pick item
pick_i11009;pick item
pick_i9315;pick item
pick_i10576;pick item
pick_i10914;pick item
pick_i10428;pick item
pick_i10389;pick item
place_o1246;place order
pick_i10057;pick item
pick_i10592;pick item
pick_i10009;pick item
pick_i9902;pick item
pick_i11351;pick item
pick_i9531;pick item
ship_o1122;ship order
pick_i11253;pick item
pick_i11139;pick item
pick_i11173;pick item
pick_i10896;pick item
pick_i10145;pick item
pick_i10770;pick item
pick_i10082;pick item
pick_i10756;pick item
pick_i10203;pick item
pick_i10759;pick item
pick_i11364;pick item
pick_i10792;pick item
pick_i9029;pick item
pick_i10753;pick item
ship_o1086;ship order
place_o1247;place order
pick_i10949;pick item
pick_i11297;pick item
pick_i9845;pick item
pick_i11247;pick item
pick_i11229;pick item
pick_i11331;pick item
pick_i11143;pick item
place_o1248;place order
pick_i10530;pick item
pick_i11100;pick item
pick_i9721;pick item
place_o1249;place order
ship_o1136;ship order
pick_i10553;pick item
pick_i11231;pick item
pick_i10933;pick item
pick_i11313;pick item
pick_i10935;pick item
pick_i11183;pick item
pick_i10657;pick item
place_o1250;place order
pick_i11325;pick item
pick_i11064;pick item
pick_i10634;pick item
pick_i11250;pick item
pick_i10633;pick item
pick_i11152;pick item
pick_i11127;pick item
pick_i11206;pick item
pick_i10974;pick item
pick_i10474;pick item
pick_i10594;pick item
pick_i11058;pick item
pick_i10853;pick item
pick_i10888;pick item
pick_i10676;pick item
pick_i11105;pick item
pick_i11199;pick item
pick_i11335;pick item
pick_i11216;pick item
pick_i11441;pick item
pick_i11437;pick item
pick_i9928;pick item
pick_i11072;pick item
pick_i10713;pick item
pick_i10891;pick item
pick_i11395;pick item
pick_i10926;pick item
pick_i10378;pick item
place_o1251;place order
pick_i11227;pick item
pick_i9366;pick item
pick_i10680;pick item
pick_i11239;pick item
pick_i11025;pick item
pick_i10928;pick item
pick_i11462;pick item
pick_i10406;pick item
pick_i10940;pick item
pick_i11338;pick item
pick_i10788;pick item
pick_i11164;pick item
pick_i10243;pick item
pick_i10999;pick item
pick_i11028;pick item
pick_i10438;pick item
pick_i11251;pick item
pick_i11435;pick item
pick_i11136;pick item
pick_i11145;pick item
pick_i10482;pick item
pick_i10986;pick item
pick_i10506;pick item
pick_i10844;pick item
pick_i10890;pick item
place_o1252;place order
pick_i10704;pick item
pick_i11463;pick item
pick_i10762;pick item
pick_i10793;pick item
pick_i10000;pick item
pick_i11273;pick item
pick_i10911;pick item
place_o1253;place order
pick_i10473;pick item
pick_i11129;pick item
pick_i11074;pick item
pick_i11144;pick item
pick_i11005;pick item
pick_i10606;pick item
pick_i11241;pick item
pick_i10834;pick item
pick_i11487;pick item
pick_i10162;pick item
pick_i10651;pick item
pick_i10489;pick item
pick_i10907;pick item
pick_i10751;pick item
pick_i10716;pick item
pick_i10610;pick item
pick_i9899;pick item
pick_i10879;pick item
pick_i10764;pick item
place_o1254;place order
pick_i10412;pick item
pick_i11016;pick item
pick_i10776;pick item
pick_i11506;pick item
pick_i11464;pick item
place_o1255;place order
pick_i9218;pick item
pick_i10515;pick item
ship_o1100;ship order
pick_i9750;pick item
pick_i9906;pick item
pick_i10363;pick item
pick_i11252;pick item
pick_i9370;pick item
pick_i11328;pick item
pick_i10719;pick item
pick_i10006;pick item
pick_i10767;pick item
pick_i11412;pick item
pick_i10884;pick item
pick_i10306;pick item
pick_i11510;pick item
place_o1256;place order
pick_i10512;pick item
pick_i10446;pick item
pick_i10779;pick item
pick_i11458;pick item
pick_i11052;pick item
pick_i11138;pick item
pick_i10913;pick item
pick_i11495;pick item
pick_i10548;pick item
pick_i10535;pick item
pick_i11130;pick item
place_o1257;place order
pick_i8974;pick item
pick_i9322;pick item
ship_o1081;ship order
pick_i11451;pick item
place_o1258;place order
pick_i11396;pick item
pick_i11423;pick item
pick_i10541;pick item
pick_i11066;pick item
pick_i10333;pick item
pick_i9900;pick item
pick_i11425;pick item
pick_i11311;pick item
pick_i11499;pick item
pick_i11268;pick item
pick_i10685;pick item
pick_i9810;pick item
pick_i11191;pick item
place_o1259;place order
pick_i11259;pick item
pick_i11446;pick item
pick_i11006;pick item
pick_i11481;pick item
pick_i11337;pick item
pick_i11507;pick item
pick_i11150;pick item
pick_i11018;pick item
pick_i11109;pick item
pick_i10573;pick item
pick_i10411;pick item
pick_i10979;pick item
place_o1260;place order
pick_i11176;pick item
pick_i10190;pick item
pick_i10696;pick item
pick_i9837;pick item
pick_i10643;pick item
pick_i11192;pick item
pick_i9858;pick item
pick_i11256;pick item
ship_o1146;ship order
pick_i11059;pick item
pick_i11179;pick item
place_o1261;place order
pick_i10768;pick item
pick_i11330;pick item
pick_i11390;pick item
pick_i10165;pick item
pick_i11372;pick item
place_o1262;place order
pick_i11307;pick item
pick_i10456;pick item
pick_i11442;pick item
pick_i9925;pick item
pick_i11467;pick item
pick_i10628;pick item
pick_i10967;pick item
pick_i10537;pick item
pick_i11114;pick item
pick_i11500;pick item
pick_i11568;pick item
place_o1263;place order
pick_i10653;pick item
pick_i10981;pick item
pick_i10107;pick item
pick_i11321;pick item
pick_i11393;pick item
pick_i10869;pick item
pick_i10957;pick item
place_o1264;place order
pick_i10856;pick item
pick_i11567;pick item
pick_i11068;pick item
pick_i11326;pick item
pick_i11196;pick item
pick_i9463;pick item
ship_o1118;ship order
pick_i9500;pick item
pick_i10973;pick item
pick_i10684;pick item
pick_i10984;pick item
pick_i11202;pick item
pick_i11270;pick item
place_o1265;place order
pick_i11565;pick item
pick_i11676;pick item
pick_i11621;pick item
pick_i9940;pick item
pick_i10691;pick item
pick_i10596;pick item
pick_i10837;pick item
pick_i11488;pick item
pick_i9954;pick item
pick_i10664;pick item
pick_i10852;pick item
pick_i11470;pick item
pick_i10978;pick item
pick_i8702;pick item
pick_i10585;pick item
ship_o1063;ship order
pick_i11449;pick item
pick_i11120;pick item
pick_i11566;pick item
place_o1266;place order
pick_i10992;pick item
pick_i9884;pick item
pick_i9864;pick item
pick_i10898;pick item
pick_i11402;pick item
pick_i10908;pick item
pick_i10922;pick item
pick_i11397;pick item
pick_i11620;pick item
pick_i11571;pick item
pick_i10189;pick item
pick_i11551;pick item
pick_i10709;pick item
pick_i11660;pick item
pick_i11558;pick item
pick_i11534;pick item
pick_i11603;pick item
pick_i11287;pick item
place_o1267;place order
pick_i9739;pick item
ship_o1138;ship order
pick_i11332;pick item
pick_i10471;pick item
pick_i11218;pick item
pick_i11275;pick item
pick_i11553;pick item
pick_i10247;pick item
pick_i10581;pick item
pick_i10220;pick item
pick_i10638;pick item
pick_i11516;pick item
pick_i11616;pick item
pick_i11656;pick item
pick_i10557;pick item
place_o1268;place order
pick_i11542;pick item
pick_i11301;pick item
pick_i10746;pick item
pick_i11047;pick item
pick_i10529;pick item
pick_i10802;pick item
pick_i11413;pick item
place_o1269;place order
pick_i11309;pick item
pick_i11508;pick item
pick_i11367;pick item
pick_i11497;pick item
pick_i11201;pick item
pick_i10971;pick item
pick_i10129;pick item
pick_i11718;pick item
pick_i11491;pick item
pick_i11147;pick item
place_o1270;place order
pick_i11175;pick item
pick_i11135;pick item
pick_i11703;pick item
pick_i11102;pick item
pick_i10740;pick item
pick_i11528;pick item
pick_i10381;pick item
pick_i10858;pick item
pick_i11654;pick item
pick_i11333;pick item
pick_i11641;pick item
pick_i11131;pick item
place_o1271;place order
pick_i10881;pick item
pick_i10650;pick item
pick_i11008;pick item
pick_i11329;pick item
pick_i11583;pick item
pick_i11668;pick item
pick_i11403;pick item
pick_i11245;pick item
pick_i11122;pick item
pick_i11546;pick item
pick_i11265;pick item
pick_i11279;pick item
pick_i9368;pick item
pick_i10620;pick item
ship_o1111;ship order
pick_i10586;pick item
pick_i11531;pick item
pick_i11370;pick item
pick_i11346;pick item
pick_i10941;pick item
pick_i11224;pick item
pick_i11078;pick item
place_o1272;place order
pick_i11671;pick item
pick_i11716;pick item
pick_i11225;pick item
pick_i10965;pick item
pick_i11089;pick item
pick_i10290;pick item
pick_i11041;pick item
pick_i11714;pick item
pick_i11302;pick item
place_o1273;place order
pick_i11705;pick item
pick_i10627;pick item
pick_i11581;pick item
pick_i11519;pick item
pick_i10799;pick item
pick_i10468;pick item
pick_i11288;pick item
place_o1274;place order
pick_i10272;pick item
pick_i10294;pick item
pick_i11790;pick item
pick_i11408;pick item
pick_i10218;pick item
pick_i10569;pick item
pick_i11610;pick item
pick_i11794;pick item
pick_i11662;pick item
pick_i10246;pick item
pick_i11323;pick item
pick_i11525;pick item
pick_i11292;pick item
pick_i10687;pick item
pick_i10647;pick item
pick_i11242;pick item
pick_i10989;pick item
pick_i11162;pick item
pick_i11490;pick item
pick_i10823;pick item
place_o1275;place order
pick_i11701;pick item
pick_i11645;pick item
pick_i11436;pick item
pick_i11104;pick item
pick_i11405;pick item
pick_i11747;pick item
pick_i11791;pick item
pick_i10600;pick item
pick_i9798;pick item
pick_i11817;pick item
pick_i11478;pick item
pick_i11243;pick item
pick_i11324;pick item
pick_i10109;pick item
pick_i11514;pick item
pick_i11489;pick item
pick_i10924;pick item
pick_i11343;pick item
pick_i9239;pick item
pick_i11691;pick item
ship_o1102;ship order
pick_i11745;pick item
place_o1276;place order
pick_i11829;pick item
pick_i10766;pick item
ship_o1208;ship order
pick_i11432;pick item
place_o1277;place order
pick_i11181;pick item
pick_i11862;pick item
pick_i11738;pick item
pick_i11501;pick item
place_o1278;place order
pick_i11419;pick item
pick_i10625;pick item
pick_i11537;pick item
pick_i11748;pick item
pick_i10561;pick item
pick_i11678;pick item
pick_i10273;pick item
pick_i11236;pick item
pick_i10946;pick item
pick_i11060;pick item
pick_i10920;pick item
pick_i11601;pick item
pick_i11315;pick item
pick_i11731;pick item
place_o1279;place order
pick_i11543;pick item
pick_i11000;pick item
pick_i11258;pick item
pick_i10679;pick item
pick_i10952;pick item
pick_i11828;pick item
pick_i11438;pick item
pick_i11670;pick item
pick_i11529;pick item
pick_i10642;pick item
pick_i11394;pick item
pick_i11760;pick item
pick_i10578;pick item
pick_i11444;pick item
pick_i9879;pick item
pick_i11746;pick item
place_o1280;place order
pick_i10459;pick item
pick_i10229;pick item
pick_i11753;pick item
pick_i11035;pick item
pick_i10380;pick item
pick_i11111;pick item
pick_i11853;pick item
pick_i10117;pick item
pick_i11805;pick item
pick_i11592;pick item
pick_i11234;pick item
pick_i11205;pick item
pick_i11687;pick item
pick_i11453;pick item
pick_i11877;pick item
pick_i11901;pick item
pick_i9384;pick item
ship_o1112;ship order
pick_i10921;pick item
pick_i11053;pick item
pick_i11159;pick item
pick_i11263;pick item
pick_i11197;pick item
pick_i11023;pick item
pick_i11768;pick item
place_o1281;place order
pick_i10630;pick item
pick_i11889;pick item
pick_i10750;pick item
pick_i11815;pick item
pick_i11376;pick item
pick_i11758;pick item
pick_i11238;pick item
pick_i10923;pick item
pick_i10717;pick item
pick_i11439;pick item
pick_i11858;pick item
pick_i10675;pick item
pick_i11652;pick item
place_o1282;place order
pick_i11032;pick item
pick_i11556;pick item
pick_i11924;pick item
pick_i10887;pick item
pick_i10724;pick item
pick_i11930;pick item
pick_i11473;pick item
pick_i11615;pick item
pick_i11496;pick item
pick_i11767;pick item
place_o1283;place order
pick_i11810;pick item
pick_i11340;pick item
pick_i10355;pick item
pick_i10603;pick item
pick_i11852;pick item
pick_i11266;pick item
pick_i11837;pick item
pick_i11416;pick item
pick_i10460;pick item
pick_i11819;pick item
place_o1284;place order
pick_i11951;pick item
pick_i10020;pick item
pick_i11015;pick item
pick_i9734;pick item
place_o1285;place order
pick_i10998;pick item
pick_i10964;pick item
pick_i9692;pick item
pick_i11110;pick item
pick_i10003;pick item
pick_i11903;pick item
pick_i11314;pick item
pick_i11939;pick item
pick_i11727;pick item
pick_i11401;pick item
place_o1286;place order
pick_i11617;pick item
pick_i10810;pick item
pick_i10309;pick item
place_o1287;place order
pick_i10994;pick item
pick_i11071;pick item
pick_i11649;pick item
pick_i9982;pick item
ship_o1156;ship order
pick_i11226;pick item
pick_i11219;pick item
pick_i11834;pick item
pick_i11876;pick item
pick_i11359;pick item
pick_i11424;pick item
pick_i10814;pick item
pick_i9825;pick item
pick_i9813;pick item
ship_o1143;ship order
pick_i12004;pick item
pick_i11352;pick item
place_o1288;place order
pick_i10705;pick item
pick_i11785;pick item
pick_i11082;pick item
pick_i11732;pick item
pick_i11836;pick item
pick_i10022;pick item
pick_i10697;pick item
pick_i11317;pick item
ship_o1203;ship order
pick_i10939;pick item
pick_i11735;pick item
pick_i10809;pick item
place_o1289;place order
pick_i9949;pick item
pick_i11010;pick item
pick_i10405;pick item
pick_i10854;pick item
pick_i10969;pick item
pick_i11257;pick item
pick_i11555;pick item
pick_i11766;pick item
pick_i11407;pick item
pick_i10880;pick item
pick_i11971;pick item
pick_i12062;pick item
pick_i11981;pick item
pick_i11482;pick item
pick_i11479;pick item
place_o1290;place order
pick_i11633;pick item
pick_i11765;pick item
pick_i11798;pick item
place_o1291;place order
pick_i10889;pick item
pick_i10564;pick item
pick_i11965;pick item
pick_i11832;pick item
pick_i12024;pick item
pick_i12066;pick item
pick_i12027;pick item
place_o1292;place order
pick_i9797;pick item
pick_i11719;pick item
pick_i9795;pick item
pick_i12020;pick item
pick_i11518;pick item
pick_i9758;pick item
pick_i11261;pick item
pick_i11638;pick item
pick_i12049;pick item
pick_i12061;pick item
pick_i11094;pick item
pick_i10156;pick item
pick_i10962;pick item
pick_i10714;pick item
pick_i10942;pick item
pick_i11997;pick item
pick_i11950;pick item
place_o1293;place order
pick_i10878;pick item
pick_i11708;pick item
pick_i11153;pick item
place_o1294;place order
pick_i11550;pick item
pick_i11303;pick item
pick_i11623;pick item
pick_i12107;pick item
pick_i11291;pick item
pick_i11991;pick item
pick_i11267;pick item
pick_i11141;pick item
pick_i11843;pick item
pick_i10249;pick item
pick_i12090;pick item
pick_i10176;pick item
ship_o1168;ship order
pick_i11982;pick item
pick_i12021;pick item
pick_i11996;pick item
pick_i12071;pick item
pick_i11870;pick item
pick_i12015;pick item
place_o1295;place order
pick_i11937;pick item
pick_i11584;pick item
pick_i10299;pick item
pick_i12159;pick item
ship_o1176;ship order
pick_i12011;pick item
pick_i11389;pick item
pick_i11312;pick item
pick_i11795;pick item
place_o1296;place order
pick_i11366;pick item
pick_i10051;pick item
pick_i10500;pick item
pick_i11626;pick item
pick_i11964;pick item
pick_i11782;pick item
pick_i11723;pick item
pick_i12060;pick item
pick_i11784;pick item
pick_i10938;pick item
pick_i10843;pick item
pick_i11274;pick item
pick_i10934;pick item
pick_i11132;pick item
pick_i11878;pick item
place_o1297;place order
pick_i12037;pick item
pick_i11174;pick item
pick_i11783;pick item
pick_i12057;pick item
pick_i11575;pick item
pick_i11740;pick item
pick_i11643;pick item
pick_i11934;pick item
place_o1298;place order
pick_i11222;pick item
pick_i12081;pick item
pick_i12014;pick item
pick_i11826;pick item
pick_i11459;pick item
pick_i11801;pick item
pick_i12077;pick item
place_o1299;place order
pick_i11062;pick item
pick_i12074;pick item
pick_i11118;pick item
pick_i10447;pick item
pick_i11690;pick item
pick_i12158;pick item
pick_i11635;pick item
pick_i12173;pick item
pick_i11848;pick item
pick_i11831;pick item
pick_i10682;pick item
pick_i12109;pick item
pick_i12076;pick item
pick_i11897;pick item
pick_i10873;pick item
pick_i11759;pick item
pick_i11562;pick item
pick_i10377;pick item
pick_i11898;pick item
pick_i11806;pick item
pick_i11916;pick item
pick_i11465;pick item
pick_i10683;pick item
pick_i11020;pick item
pick_i11293;pick item
place_o1300;place order
pick_i10570;pick item
pick_i12208;pick item
pick_i10781;pick item
pick_i10636;pick item
pick_i11813;pick item
pick_i12086;pick item
pick_i11789;pick item
pick_i11944;pick item
pick_i12052;pick item
pick_i11698;pick item
pick_i12172;pick item
pick_i10838;pick item
pick_i10721;pick item
pick_i11322;pick item
pick_i11710;pick item
pick_i11606;pick item
pick_i11299;pick item
pick_i12134;pick item
pick_i11697;pick item
pick_i11544;pick item
pick_i11679;pick item
pick_i12069;pick item
pick_i11415;pick item
pick_i9574;pick item
pick_i11978;pick item
pick_i11573;pick item
place_o1301;place order
pick_i12253;pick item
pick_i11953;pick item
pick_i11936;pick item
pick_i11692;pick item
pick_i11773;pick item
pick_i10396;pick item
pick_i10612;pick item
pick_i11476;pick item
pick_i11418;pick item
pick_i11647;pick item
pick_i12217;pick item
pick_i10407;pick item
place_o1302;place order
pick_i11754;pick item
pick_i11993;pick item
pick_i11455;pick item
pick_i11962;pick item
place_o1303;place order
pick_i11604;pick item
place_o1304;place order
pick_i9763;pick item
pick_i11685;pick item
pick_i12003;pick item
pick_i11443;pick item
pick_i12038;pick item
pick_i12248;pick item
pick_i11170;pick item
pick_i12278;pick item
pick_i12207;pick item
pick_i11354;pick item
pick_i10730;pick item
pick_i11769;pick item
pick_i12184;pick item
pick_i12140;pick item
pick_i11611;pick item
pick_i12245;pick item
pick_i12188;pick item
pick_i11888;pick item
pick_i11232;pick item
pick_i10886;pick item
pick_i11663;pick item
pick_i11750;pick item
pick_i11938;pick item
pick_i11076;pick item
pick_i11012;pick item
place_o1305;place order
pick_i10897;pick item
pick_i11547;pick item
pick_i12301;pick item
pick_i11975;pick item
pick_i11168;pick item
pick_i11569;pick item
pick_i11431;pick item
pick_i10747;pick item
pick_i11933;pick item
pick_i11625;pick item
pick_i12163;pick item
pick_i10983;pick item
pick_i10936;pick item
ship_o1219;ship order
pick_i12312;pick item
pick_i10258;pick item
pick_i11594;pick item
pick_i10319;pick item
pick_i11807;pick item
pick_i12203;pick item
pick_i10903;pick item
pick_i11320;pick item
pick_i11119;pick item
pick_i10972;pick item
pick_i12238;pick item
pick_i11421;pick item
pick_i11278;pick item
pick_i9596;pick item
place_o1306;place order
pick_i11004;pick item
ship_o1127;ship order
pick_i10172;pick item
pick_i11854;pick item
pick_i10075;pick item
ship_o1162;ship order
pick_i12308;pick item
pick_i12197;pick item
place_o1307;place order
pick_i9389;pick item
pick_i12300;pick item
ship_o1113;ship order
pick_i9756;pick item
pick_i12345;pick item
place_o1308;place order
pick_i11327;pick item
pick_i11973;pick item
pick_i12030;pick item
pick_i11429;pick item
pick_i11970;pick item
pick_i11545;pick item
pick_i11609;pick item
pick_i10052;pick item
pick_i11630;pick item
pick_i11752;pick item
pick_i11316;pick item
pick_i11344;pick item
pick_i10368;pick item
ship_o1181;ship order
pick_i10805;pick item
place_o1309;place order
pick_i11866;pick item
pick_i9829;pick item
ship_o1144;ship order
pick_i11803;pick item
pick_i11699;pick item
pick_i12396;pick item
pick_i12224;pick item
pick_i12198;pick item
pick_i11739;pick item
pick_i12260;pick item
pick_i10242;pick item
pick_i11734;pick item
pick_i12273;pick item
pick_i9951;pick item
ship_o1154;ship order
pick_i12346;pick item
pick_i12340;pick item
pick_i10533;pick item
pick_i11669;pick item
pick_i12298;pick item
pick_i11689;pick item
place_o1310;place order
pick_i12177;pick item
pick_i11595;pick item
pick_i11912;pick item
pick_i11987;pick item
pick_i11648;pick item
pick_i12091;pick item
pick_i11636;pick item
pick_i11365;pick item
pick_i11762;pick item
pick_i12219;pick item
pick_i11986;pick item
pick_i12250;pick item
pick_i11902;pick item
pick_i11974;pick item
pick_i11629;pick item
pick_i11295;pick item
pick_i12415;pick item
place_o1311;place order
pick_i12195;pick item
pick_i11688;pick item
pick_i11116;pick item
pick_i12055;pick item
pick_i11552;pick item
pick_i12350;pick item
pick_i11579;pick item
pick_i11271;pick item
pick_i12318;pick item
pick_i11711;pick item
pick_i11788;pick item
pick_i11161;pick item
pick_i11426;pick item
place_o1312;place order
pick_i10851;pick item
pick_i12262;pick item
pick_i11931;pick item
place_o1313;place order
pick_i10507;pick item
pick_i12200;pick item
pick_i11485;pick item
pick_i11208;pick item
pick_i11385;pick item
pick_i10121;pick item
pick_i12085;pick item
pick_i11589;pick item
pick_i11787;pick item
pick_i12146;pick item
pick_i11448;pick item
pick_i11797;pick item
pick_i12347;pick item
pick_i11209;pick item
pick_i12385;pick item
pick_i10511;pick item
place_o1314;place order
pick_i11737;pick item
pick_i12317;pick item
pick_i11682;pick item
pick_i12313;pick item
pick_i11894;pick item
pick_i11872;pick item
pick_i11391;pick item
pick_i10758;pick item
pick_i12368;pick item
ship_o1207;ship order
pick_i11342;pick item
pick_i11356;pick item
pick_i11512;pick item
pick_i11892;pick item
pick_i12443;pick item
pick_i11602;pick item
pick_i11957;pick item
pick_i11362;pick item
pick_i12187;pick item
place_o1315;place order
pick_i10185;pick item
pick_i11949;pick item
pick_i12183;pick item
pick_i11646;pick item
pick_i9149;pick item
pick_i12400;pick item
ship_o1096;ship order
pick_i12229;pick item
pick_i12394;pick item
pick_i12431;pick item
pick_i10238;pick item
pick_i12410;pick item
pick_i10672;pick item
pick_i12222;pick item
pick_i11840;pick item
pick_i11799;pick item
pick_i11696;pick item
pick_i11398;pick item
pick_i12079;pick item
pick_i11517;pick item
pick_i11095;pick item
pick_i11207;pick item
pick_i12326;pick item
pick_i11590;pick item
pick_i11264;pick item
pick_i11538;pick item
pick_i9109;pick item
pick_i11835;pick item
ship_o1092;ship order
place_o1316;place order
pick_i11146;pick item
pick_i10872;pick item
pick_i12204;pick item
pick_i12468;pick item
pick_i10931;pick item
pick_i12073;pick item
pick_i11812;pick item
pick_i11304;pick item
place_o1317;place order
pick_i12168;pick item
pick_i12316;pick item
pick_i12390;pick item
pick_i11049;pick item
place_o1318;place order
pick_i11013;pick item
pick_i12440;pick item
place_o1319;place order
pick_i12036;pick item
pick_i12010;pick item
pick_i12501;pick item
pick_i11341;pick item
pick_i11160;pick item
pick_i11452;pick item
pick_i10863;pick item
pick_i12171;pick item
pick_i11189;pick item
pick_i11605;pick item
pick_i12564;pick item
pick_i11804;pick item
pick_i12008;pick item
pick_i12047;pick item
pick_i11700;pick item
pick_i11985;pick item
place_o1320;place order
pick_i12420;pick item
pick_i10641;pick item
pick_i12276;pick item
pick_i11821;pick item
pick_i11580;pick item
pick_i12506;pick item
place_o1321;place order
pick_i12482;pick item
pick_i12447;pick item
place_o1322;place order
pick_i12339;pick item
pick_i10993;pick item
pick_i12115;pick item
pick_i10282;pick item
ship_o1175;ship order
pick_i11237;pick item
pick_i11530;pick item
pick_i11776;pick item
pick_i10909;pick item
pick_i12467;pick item
pick_i10910;pick item
pick_i12525;pick item
pick_i12130;pick item
pick_i12126;pick item
place_o1323;place order
pick_i11541;pick item
pick_i12552;pick item
pick_i12481;pick item
pick_i11935;pick item
pick_i11086;pick item
pick_i12499;pick item
pick_i12476;pick item
pick_i11212;pick item
pick_i11917;pick item
pick_i11874;pick item
pick_i12211;pick item
pick_i11300;pick item
pick_i12563;pick item
place_o1324;place order
pick_i10420;pick item
pick_i11483;pick item
pick_i10836;pick item
place_o1325;place order
pick_i11434;pick item
pick_i12475;pick item
pick_i11029;pick item
pick_i12507;pick item
pick_i12658;pick item
pick_i12050;pick item
pick_i11260;pick item
pick_i11673;pick item
pick_i11582;pick item
pick_i10127;pick item
pick_i11792;pick item
ship_o1164;ship order
pick_i12480;pick item
pick_i11885;pick item
pick_i12473;pick item
pick_i12645;pick item
pick_i12196;pick item
pick_i12145;pick item
pick_i12059;pick item
pick_i11857;pick item
pick_i12491;pick item
pick_i12269;pick item
pick_i12254;pick item
pick_i11661;pick item
place_o1326;place order
pick_i12424;pick item
pick_i11729;pick item
pick_i12228;pick item
pick_i12554;pick item
pick_i12398;pick item
pick_i11911;pick item
pick_i12157;pick item
pick_i10340;pick item
place_o1327;place order
pick_i10140;pick item
pick_i12582;pick item
pick_i12373;pick item
pick_i12279;pick item
pick_i12247;pick item
pick_i10560;pick item
pick_i12402;pick item
pick_i12623;pick item
pick_i12359;pick item
pick_i12466;pick item
pick_i12520;pick item
pick_i9916;pick item
pick_i12329;pick item
ship_o1151;ship order
pick_i11511;pick item
pick_i12332;pick item
pick_i12256;pick item
pick_i11188;pick item
pick_i12040;pick item
pick_i11186;pick item
place_o1328;place order
pick_i10723;pick item
pick_i12618;pick item
pick_i11755;pick item
pick_i11918;pick item
place_o1329;place order
pick_i10807;pick item
pick_i12452;pick item
pick_i12704;pick item
pick_i11999;pick item
pick_i11666;pick item
pick_i10970;pick item
pick_i11277;pick item
pick_i10591;pick item
pick_i12045;pick item
pick_i11493;pick item
pick_i10976;pick item
pick_i10855;pick item
place_o1330;place order
pick_i9887;pick item
pick_i12063;pick item
pick_i12570;pick item
pick_i12581;pick item
pick_i12541;pick item
pick_i12335;pick item
pick_i12284;pick item
pick_i9941;pick item
pick_i12486;pick item
pick_i12240;pick item
pick_i10019;pick item
pick_i11030;pick item
pick_i10524;pick item
pick_i12434;pick item
pick_i12662;pick item
pick_i11286;pick item
pick_i11637;pick item
pick_i11281;pick item
pick_i11410;pick item
pick_i12631;pick item
place_o1331;place order
pick_i12034;pick item
pick_i12210;pick item
pick_i12729;pick item
pick_i11657;pick item
pick_i12255;pick item
pick_i12472;pick item
pick_i11498;pick item
pick_i12516;pick item
pick_i12401;pick item
pick_i10795;pick item
pick_i12665;pick item
pick_i12495;pick item
pick_i11420;pick item
pick_i11056;pick item
pick_i12170;pick item
pick_i12243;pick item
pick_i12731;pick item
pick_i11802;pick item
pick_i11706;pick item
pick_i11720;pick item
place_o1332;place order
pick_i10372;pick item
pick_i12179;pick item
pick_i11694;pick item
pick_i11386;pick item
pick_i12433;pick item
pick_i12648;pick item
pick_i12758;pick item
pick_i11113;pick item
pick_i9757;pick item
pick_i11923;pick item
pick_i11180;pick item
place_o1333;place order
pick_i11955;pick item
pick_i9568;pick item
pick_i10562;pick item
ship_o1125;ship order
place_o1334;place order
pick_i12439;pick item
pick_i11535;pick item
pick_i12788;pick item
pick_i12650;pick item
pick_i12325;pick item
pick_i11305;pick item
pick_i12796;pick item
pick_i11588;pick item
pick_i11560;pick item
pick_i11856;pick item
pick_i12790;pick item
pick_i12051;pick item
pick_i11693;pick item
pick_i11977;pick item
pick_i12095;pick item
pick_i11632;pick item
pick_i10403;pick item
pick_i11347;pick item
pick_i12277;pick item
pick_i11456;pick item
pick_i12785;pick item
pick_i12048;pick item
pick_i11310;pick item
pick_i12087;pick item
pick_i12103;pick item
pick_i11085;pick item
pick_i11221;pick item
pick_i12274;pick item
pick_i12490;pick item
pick_i10718;pick item
pick_i12327;pick item
pick_i10632;pick item
ship_o1198;ship order
pick_i12306;pick item
pick_i12812;pick item
pick_i12706;pick item
pick_i12135;pick item
pick_i11185;pick item
pick_i11472;pick item
pick_i12019;pick item
pick_i10681;pick item
place_o1335;place order
pick_i11639;pick item
pick_i12682;pick item
pick_i12748;pick item
pick_i12601;pick item
pick_i12271;pick item
pick_i12607;pick item
pick_i12497;pick item
pick_i10712;pick item
pick_i10738;pick item
pick_i11861;pick item
pick_i12237;pick item
pick_i12110;pick item
pick_i12588;pick item
pick_i11865;pick item
pick_i10343;pick item
pick_i12156;pick item
pick_i11775;pick item
pick_i11770;pick item
pick_i12333;pick item
pick_i12404;pick item
place_o1336;place order
pick_i11672;pick item
pick_i10508;pick item
place_o1337;place order
pick_i11480;pick item
pick_i12716;pick item
pick_i12070;pick item
pick_i12683;pick item
pick_i12807;pick item
pick_i12511;pick item
pick_i12102;pick item
pick_i10422;pick item
pick_i12046;pick item
place_o1338;place order
pick_i12719;pick item
pick_i11387;pick item
pick_i11417;pick item
pick_i12641;pick item
pick_i11855;pick item
pick_i12259;pick item
pick_i12455;pick item
pick_i12559;pick item
pick_i11886;pick item
pick_i10536;pick item
pick_i12678;pick item
pick_i9508;pick item
pick_i11142;pick item
ship_o1120;ship order
pick_i11357;pick item
pick_i12457;pick item
pick_i11353;pick item
pick_i12819;pick item
pick_i12843;pick item
pick_i11380;pick item
pick_i11549;pick item
place_o1339;place order
pick_i12311;pick item
pick_i12357;pick item
pick_i11334;pick item
pick_i12133;pick item
pick_i12119;pick item
pick_i11712;pick item
pick_i12838;pick item
pick_i12832;pick item
pick_i12826;pick item
pick_i12684;pick item
pick_i11961;pick item
pick_i12162;pick item
pick_i12561;pick item
pick_i12600;pick item
pick_i12437;pick item
pick_i12724;pick item
pick_i11593;pick item
pick_i12125;pick item
pick_i9755;pick item
ship_o1139;ship order
pick_i12348;pick item
pick_i11899;pick item
place_o1340;place order
pick_i12141;pick item
pick_i11906;pick item
pick_i12225;pick item
pick_i12896;pick item
pick_i12386;pick item
pick_i10382;pick item
pick_i11108;pick item
pick_i12144;pick item
pick_i12585;pick item
pick_i12209;pick item
pick_i12281;pick item
pick_i12776;pick item
pick_i12629;pick item
pick_i11811;pick item
pick_i12593;pick item
pick_i12824;pick item
pick_i12117;pick item
pick_i11725;pick item
pick_i10617;pick item
pick_i11378;pick item
pick_i12295;pick item
pick_i11215;pick item
pick_i11771;pick item
pick_i11223;pick item
pick_i12000;pick item
pick_i12721;pick item
pick_i12122;pick item
pick_i11461;pick item
pick_i12547;pick item
pick_i10451;pick item
pick_i11786;pick item
ship_o1187;ship order
pick_i12503;pick item
pick_i12763;pick item
pick_i11576;pick item
pick_i11195;pick item
pick_i11214;pick item
pick_i11830;pick item
pick_i11103;pick item
pick_i8977;pick item
pick_i12677;pick item
ship_o1082;ship order
place_o1341;place order
pick_i12596;pick item
pick_i10905;pick item
pick_i12654;pick item
pick_i11290;pick item
pick_i12382;pick item
pick_i11879;pick item
pick_i12823;pick item
pick_i11124;pick item
place_o1342;place order
pick_i11976;pick item
pick_i11587;pick item
pick_i12722;pick item
pick_i12453;pick item
pick_i11634;pick item
pick_i12597;pick item
pick_i10039;pick item
place_o1343;place order
pick_i12331;pick item
pick_i12969;pick item
place_o1344;place order
pick_i11377;pick item
pick_i12599;pick item
pick_i12342;pick item
pick_i11163;pick item
pick_i11868;pick item
pick_i11659;pick item
pick_i11864;pick item
pick_i12539;pick item
pick_i12810;pick item
pick_i12093;pick item
pick_i12127;pick item
pick_i11960;pick item
pick_i11780;pick item
pick_i11909;pick item
pick_i10567;pick item
pick_i9897;pick item
ship_o1149;ship order
pick_i11379;pick item
pick_i10494;pick item
pick_i12839;pick item
pick_i12723;pick item
pick_i11246;pick item
pick_i10830;pick item
pick_i12974;pick item
pick_i12266;pick item
pick_i12535;pick item
pick_i12421;pick item
pick_i12294;pick item
place_o1345;place order
pick_i10883;pick item
pick_i10862;pick item
pick_i12708;pick item
pick_i11994;pick item
pick_i12441;pick item
pick_i11358;pick item
pick_i11057;pick item
pick_i12920;pick item
pick_i12766;pick item
pick_i9732;pick item
pick_i12893;pick item
place_o1346;place order
pick_i12498;pick item
pick_i12409;pick item
pick_i11406;pick item
place_o1347;place order
pick_i12041;pick item
pick_i11967;pick item
pick_i11445;pick item
pick_i12529;pick item
pick_i11383;pick item
place_o1348;place order
pick_i12877;pick item
pick_i13049;pick item
place_o1349;place order
pick_i10982;pick item
pick_i10014;pick item
ship_o1159;ship order
pick_i10800;pick item
pick_i12360;pick item
pick_i9811;pick item
ship_o1142;ship order
pick_i12199;pick item
pick_i11778;pick item
pick_i10783;pick item
ship_o1209;ship order
pick_i11869;pick item
pick_i12001;pick item
pick_i11913;pick item
pick_i12388;pick item
pick_i12025;pick item
pick_i12280;pick item
pick_i12532;pick item
place_o1350;place order
pick_i12389;pick item
pick_i12901;pick item
place_o1351;place order
pick_i12973;pick item
pick_i10379;pick item
pick_i10054;pick item
place_o1352;place order
pick_i12083;pick item
pick_i11203;pick item
pick_i12432;pick item
pick_i13044;pick item
pick_i9514;pick item
ship_o1121;ship order
pick_i12569;pick item
pick_i12765;pick item
pick_i10743;pick item
pick_i12692;pick item
pick_i13027;pick item
pick_i12747;pick item
pick_i12574;pick item
place_o1353;place order
pick_i11308;pick item
pick_i10526;pick item
ship_o1241;ship order
pick_i12667;pick item
pick_i12985;pick item
pick_i12381;pick item
pick_i10498;pick item
pick_i10789;pick item
pick_i10912;pick item
pick_i11126;pick item
pick_i12955;pick item
pick_i12169;pick item
pick_i12517;pick item
pick_i12906;pick item
pick_i12755;pick item
pick_i13114;pick item
pick_i11374;pick item
pick_i12680;pick item
pick_i12194;pick item
pick_i12039;pick item
place_o1354;place order
pick_i11968;pick item
pick_i11980;pick item
pick_i10833;pick item
pick_i12908;pick item
pick_i12314;pick item
pick_i12112;pick item
pick_i12954;pick item
place_o1355;place order
pick_i12315;pick item
pick_i10961;pick item
pick_i11557;pick item
pick_i10034;pick item
pick_i12343;pick item
ship_o1160;ship order
pick_i12302;pick item
pick_i12510;pick item
pick_i12492;pick item
pick_i11283;pick item
pick_i11844;pick item
pick_i12784;pick item
pick_i12494;pick item
pick_i12139;pick item
pick_i12801;pick item
pick_i13153;pick item
pick_i13024;pick item
pick_i12543;pick item
place_o1356;place order
pick_i12450;pick item
pick_i12762;pick item
pick_i12694;pick item
pick_i9577;pick item
pick_i11998;pick item
ship_o1126;ship order
pick_i12979;pick item
pick_i13195;pick item
pick_i12143;pick item
pick_i12943;pick item
pick_i11726;pick item
pick_i12972;pick item
pick_i12834;pick item
pick_i13037;pick item
pick_i12414;pick item
pick_i12768;pick item
pick_i11574;pick item
pick_i11585;pick item
pick_i11156;pick item
pick_i12883;pick item
pick_i11509;pick item
pick_i12218;pick item
pick_i11503;pick item
pick_i12526;pick item
pick_i12898;pick item
pick_i12321;pick item
pick_i11839;pick item
pick_i13100;pick item
place_o1357;place order
pick_i12870;pick item
pick_i12118;pick item
place_o1358;place order
pick_i13111;pick item
pick_i12137;pick item
pick_i12568;pick item
pick_i11969;pick item
place_o1359;place order
pick_i12693;pick item
pick_i11849;pick item
pick_i12830;pick item
pick_i12305;pick item
pick_i11090;pick item
pick_i9870;pick item
ship_o1148;ship order
pick_i12054;pick item
pick_i13178;pick item
pick_i11149;pick item
pick_i12905;pick item
pick_i12108;pick item
pick_i10251;pick item
pick_i12006;pick item
pick_i12676;pick item
pick_i12789;pick item
pick_i12735;pick item
pick_i11361;pick item
pick_i10894;pick item
pick_i12660;pick item
place_o1360;place order
pick_i12013;pick item
pick_i11756;pick item
pick_i12023;pick item
pick_i12842;pick item
pick_i11915;pick item
pick_i13067;pick item
pick_i10353;pick item
pick_i11381;pick item
pick_i11399;pick item
pick_i11867;pick item
pick_i12538;pick item
pick_i11777;pick item
pick_i12216;pick item
pick_i12861;pick item
pick_i11908;pick item
pick_i13248;pick item
pick_i12369;pick item
pick_i11373;pick item
pick_i11033;pick item
pick_i11477;pick item
pick_i11165;pick item
pick_i10409;pick item
pick_i12565;pick item
pick_i12845;pick item
pick_i13148;pick item
pick_i13202;pick item
pick_i13078;pick item
pick_i12938;pick item
place_o1361;place order
pick_i11880;pick item
pick_i13239;pick item
pick_i12948;pick item
pick_i13052;pick item
pick_i12981;pick item
pick_i11612;pick item
pick_i11564;pick item
pick_i11658;pick item
pick_i12479;pick item
pick_i12753;pick item
pick_i10200;pick item
pick_i13243;pick item
pick_i9962;pick item
pick_i13023;pick item
pick_i12700;pick item
pick_i13198;pick item
pick_i12387;pick item
pick_i10930;pick item
pick_i9841;pick item
ship_o1145;ship order
pick_i10744;pick item
pick_i12864;pick item
pick_i12233;pick item
pick_i11433;pick item
pick_i12249;pick item
place_o1362;place order
pick_i11411;pick item
pick_i13106;pick item
pick_i12540;pick item
pick_i13081;pick item
pick_i12113;pick item
place_o1363;place order
pick_i11814;pick item
pick_i11741;pick item
pick_i12959;pick item
pick_i13033;pick item
pick_i12884;pick item
place_o1364;place order
pick_i12663;pick item
pick_i12679;pick item
pick_i12773;pick item
pick_i12698;pick item
pick_i12358;pick item
pick_i10739;pick item
pick_i12621;pick item
pick_i11921;pick item
pick_i13273;pick item
pick_i13299;pick item
pick_i12988;pick item
pick_i12160;pick item
pick_i13062;pick item
pick_i12781;pick item
pick_i13302;pick item
pick_i12391;pick item
pick_i13204;pick item
pick_i12672;pick item
pick_i9728;pick item
ship_o1137;ship order
pick_i13244;pick item
pick_i10589;pick item
pick_i12310;pick item
place_o1365;place order
pick_i10305;pick item
pick_i12043;pick item
pick_i10943;pick item
pick_i13034;pick item
pick_i13159;pick item
pick_i13095;pick item
pick_i12174;pick item
pick_i13154;pick item
pick_i12456;pick item
pick_i13262;pick item
pick_i13272;pick item
pick_i12710;pick item
pick_i12858;pick item
pick_i12851;pick item
pick_i12105;pick item
pick_i12659;pick item
pick_i13289;pick item
pick_i11190;pick item
pick_i11927;pick item
pick_i12949;pick item
pick_i13042;pick item
pick_i11820;pick item
pick_i12778;pick item
pick_i11816;pick item
pick_i11717;pick item
pick_i12129;pick item
pick_i13186;pick item
pick_i11650;pick item
pick_i12980;pick item
pick_i10269;pick item
pick_i13124;pick item
place_o1366;place order
pick_i12384;pick item
pick_i12044;pick item
pick_i10566;pick item
ship_o1194;ship order
pick_i13207;pick item
pick_i12749;pick item
pick_i13097;pick item
pick_i12804;pick item
pick_i11800;pick item
pick_i12751;pick item
ship_o1273;ship order
pick_i12155;pick item
pick_i12072;pick item
place_o1367;place order
pick_i10733;pick item
pick_i12691;pick item
ship_o1205;ship order
pick_i12367;pick item
place_o1368;place order
pick_i12962;pick item
pick_i12917;pick item
pick_i11684;pick item
pick_i12496;pick item
pick_i11171;pick item
pick_i12991;pick item
pick_i13083;pick item
pick_i13032;pick item
pick_i11983;pick item
pick_i12952;pick item
pick_i12738;pick item
pick_i10101;pick item
place_o1369;place order
pick_i13005;pick item
pick_i11414;pick item
pick_i12142;pick item
pick_i13038;pick item
pick_i10521;pick item
pick_i12017;pick item
pick_i12888;pick item
pick_i11664;pick item
pick_i11559;pick item
pick_i12575;pick item
pick_i12147;pick item
pick_i11091;pick item
place_o1370;place order
pick_i12922;pick item
pick_i13092;pick item
pick_i10637;pick item
pick_i12852;pick item
pick_i12470;pick item
pick_i9868;pick item
ship_o1147;ship order
pick_i11796;pick item
pick_i13241;pick item
pick_i13165;pick item
pick_i13373;pick item
pick_i13288;pick item
pick_i12714;pick item
pick_i12007;pick item
pick_i12609;pick item
pick_i11282;pick item
pick_i13224;pick item
pick_i10615;pick item
ship_o1197;ship order
pick_i11194;pick item
pick_i12984;pick item
pick_i11532;pick item
place_o1371;place order
pick_i12897;pick item
pick_i12181;pick item
pick_i12558;pick item
pick_i12637;pick item
place_o1372;place order
pick_i11628;pick item
pick_i13076;pick item
place_o1373;place order
pick_i12867;pick item
pick_i9942;pick item
pick_i12797;pick item
ship_o1153;ship order
pick_i11339;pick item
pick_i11540;pick item
pick_i13137;pick item
pick_i13143;pick item
pick_i13318;pick item
pick_i12288;pick item
pick_i12566;pick item
pick_i13472;pick item
pick_i11022;pick item
pick_i11240;pick item
pick_i11882;pick item
pick_i12837;pick item
pick_i11665;pick item
pick_i12251;pick item
pick_i13427;pick item
pick_i12903;pick item
pick_i12282;pick item
pick_i12286;pick item
pick_i13085;pick item
place_o1374;place order
pick_i11011;pick item
pick_i13025;pick item
pick_i12987;pick item
pick_i13141;pick item
pick_i12657;pick item
pick_i11947;pick item
pick_i12364;pick item
pick_i11881;pick item
pick_i12831;pick item
place_o1375;place order
pick_i12022;pick item
pick_i13253;pick item
pick_i12336;pick item
pick_i12303;pick item
pick_i12583;pick item
pick_i13475;pick item
pick_i13206;pick item
pick_i12462;pick item
pick_i13452;pick item
pick_i12757;pick item
pick_i12528;pick item
pick_i13260;pick item
pick_i12970;pick item
pick_i13089;pick item
pick_i12536;pick item
pick_i12705;pick item
pick_i13456;pick item
pick_i11943;pick item
pick_i11764;pick item
pick_i11193;pick item
place_o1376;place order
pick_i13196;pick item
pick_i12092;pick item
pick_i13056;pick item
pick_i12847;pick item
pick_i13441;pick item
pick_i13236;pick item
pick_i12425;pick item
pick_i12442;pick item
place_o1377;place order
pick_i12806;pick item
pick_i11619;pick item
pick_i12429;pick item
place_o1378;place order
pick_i11230;pick item
pick_i13163;pick item
pick_i11289;pick item
pick_i12967;pick item
pick_i13567;pick item
pick_i13445;pick item
place_o1379;place order
pick_i13101;pick item
pick_i13191;pick item
pick_i13500;pick item
pick_i13429;pick item
pick_i12212;pick item
pick_i13501;pick item
pick_i12571;pick item
pick_i11157;pick item
pick_i13151;pick item
pick_i12493;pick item
pick_i13462;pick item
pick_i12802;pick item
place_o1380;place order
pick_i12728;pick item
pick_i11743;pick item
pick_i11155;pick item
pick_i13221;pick item
pick_i12418;pick item
place_o1381;place order
pick_i11683;pick item
pick_i11561;pick item
pick_i12814;pick item
place_o1382;place order
pick_i12185;pick item
pick_i12372;pick item
pick_i12885;pick item
pick_i13451;pick item
pick_i13442;pick item
pick_i10141;pick item
pick_i13280;pick item
pick_i11808;pick item
pick_i13147;pick item
pick_i13094;pick item
pick_i13000;pick item
pick_i12707;pick item
pick_i12844;pick item
pick_i13557;pick item
place_o1383;place order
pick_i11774;pick item
pick_i13061;pick item
pick_i13240;pick item
pick_i11106;pick item
pick_i12488;pick item
pick_i13331;pick item
place_o1384;place order
pick_i13249;pick item
pick_i12787;pick item
pick_i13381;pick item
pick_i12968;pick item
pick_i13591;pick item
pick_i11427;pick item
pick_i13183;pick item
pick_i13107;pick item
pick_i11526;pick item
pick_i12687;pick item
pick_i12399;pick item
place_o1385;place order
pick_i13656;pick item
pick_i11940;pick item
pick_i11533;pick item
pick_i11875;pick item
pick_i10462;pick item
pick_i13115;pick item
ship_o1188;ship order
pick_i13136;pick item
pick_i13315;pick item
pick_i13645;pick item
pick_i13342;pick item
pick_i13506;pick item
pick_i13004;pick item
pick_i13377;pick item
pick_i12220;pick item
pick_i12123;pick item
pick_i11871;pick item
pick_i13439;pick item
pick_i11925;pick item
place_o1386;place order
pick_i13460;pick item
pick_i12730;pick item
pick_i12454;pick item
pick_i12121;pick item
pick_i11920;pick item
pick_i13310;pick item
pick_i11905;pick item
pick_i12263;pick item
pick_i12287;pick item
pick_i12560;pick item
pick_i12913;pick item
pick_i11363;pick item
pick_i13576;pick item
pick_i13278;pick item
pick_i13637;pick item
pick_i12986;pick item
pick_i12423;pick item
pick_i13009;pick item
pick_i11563;pick item
place_o1387;place order
pick_i11614;pick item
pick_i13553;pick item
pick_i13635;pick item
pick_i13227;pick item
pick_i9450;pick item
pick_i12822;pick item
ship_o1117;ship order
pick_i12879;pick item
pick_i13335;pick item
pick_i12854;pick item
pick_i13096;pick item
place_o1388;place order
pick_i12829;pick item
pick_i13301;pick item
pick_i10106;pick item
pick_i13515;pick item
ship_o1163;ship order
place_o1389;place order
pick_i13164;pick item
pick_i13505;pick item
pick_i12371;pick item
pick_i12509;pick item
pick_i13482;pick item
pick_i11733;pick item
pick_i13268;pick item
pick_i12990;pick item
pick_i11742;pick item
pick_i13425;pick item
pick_i12530;pick item
pick_i13353;pick item
pick_i13590;pick item
pick_i13702;pick item
pick_i13696;pick item
pick_i12937;pick item
pick_i11450;pick item
place_o1390;place order
pick_i12088;pick item
pick_i12965;pick item
pick_i13226;pick item
pick_i13008;pick item
pick_i12075;pick item
pick_i9967;pick item
pick_i13644;pick item
ship_o1155;ship order
pick_i11447;pick item
pick_i12887;pick item
pick_i10948;pick item
pick_i13474;pick item
pick_i13382;pick item
pick_i12213;pick item
pick_i12817;pick item
pick_i11084;pick item
pick_i13344;pick item
place_o1391;place order
pick_i12798;pick item
pick_i12792;pick item
pick_i12104;pick item
pick_i12352;pick item
pick_i12290;pick item
pick_i12761;pick item
pick_i12215;pick item
pick_i10692;pick item
pick_i10995;pick item
pick_i13319;pick item
pick_i12448;pick item
pick_i13371;pick item
pick_i13784;pick item
pick_i12976;pick item
pick_i10839;pick item
pick_i13113;pick item
pick_i13604;pick item
pick_i13481;pick item
pick_i13625;pick item
pick_i12227;pick item
pick_i12458;pick item
pick_i12725;pick item
pick_i12428;pick item
pick_i13686;pick item
pick_i12754;pick item
pick_i13504;pick item
place_o1392;place order
pick_i13461;pick item
pick_i13763;pick item
pick_i12082;pick item
pick_i13327;pick item
pick_i12742;pick item
pick_i12933;pick item
pick_i13279;pick item
pick_i12999;pick item
pick_i13614;pick item
pick_i13028;pick item
pick_i12009;pick item
place_o1393;place order
pick_i13600;pick item
pick_i11371;pick item
pick_i12886;pick item
place_o1394;place order
pick_i12239;pick item
pick_i13166;pick item
pick_i10509;pick item
ship_o1191;ship order
pick_i11350;pick item
pick_i10330;pick item
pick_i13030;pick item
pick_i12799;pick item
pick_i12012;pick item
pick_i13552;pick item
pick_i11825;pick item
pick_i13694;pick item
pick_i13012;pick item
pick_i12026;pick item
pick_i12592;pick item
pick_i13564;pick item
pick_i12876;pick item
pick_i13305;pick item
pick_i13602;pick item
pick_i13719;pick item
pick_i11952;pick item
pick_i12835;pick item
pick_i13121;pick item
place_o1395;place order
pick_i13129;pick item
pick_i13090;pick item
pick_i13631;pick item
pick_i12042;pick item
pick_i13544;pick item
ship_o1288;ship order
pick_i11624;pick item
pick_i13748;pick item
pick_i12058;pick item
pick_i12353;pick item
pick_i12745;pick item
pick_i13175;pick item
pick_i8844;pick item
pick_i13294;pick item
ship_o1071;ship order
pick_i13459;pick item
pick_i11318;pick item
pick_i12383;pick item
pick_i11827;pick item
pick_i13473;pick item
pick_i12646;pick item
pick_i11728;pick item
pick_i11115;pick item
pick_i12647;pick item
place_o1396;place order
pick_i13653;pick item
pick_i12653;pick item
pick_i11382;pick item
pick_i13066;pick item
pick_i13270;pick item
pick_i12379;pick item
pick_i12190;pick item
pick_i12589;pick item
pick_i12067;pick item
place_o1397;place order
pick_i13320;pick item
pick_i12392;pick item
pick_i13458;pick item
pick_i13731;pick item
pick_i13060;pick item
pick_i13873;pick item
pick_i13160;pick item
pick_i12767;pick item
pick_i13332;pick item
place_o1398;place order
pick_i13410;pick item
place_o1399;place order
pick_i13120;pick item
pick_i11002;pick item
pick_i13229;pick item
pick_i13047;pick item
pick_i13357;pick item
pick_i13611;pick item
pick_i13574;pick item
pick_i13765;pick item
pick_i13093;pick item
pick_i13586;pick item
pick_i12608;pick item
pick_i12690;pick item
pick_i13854;pick item
pick_i11667;pick item
pick_i13316;pick item
pick_i13194;pick item
pick_i12403;pick item
pick_i13497;pick item
pick_i12924;pick item
pick_i13375;pick item
pick_i12374;pick item
pick_i13835;pick item
pick_i11675;pick item
place_o1400;place order
pick_i13479;pick item
pick_i13837;pick item
pick_i12626;pick item
pick_i13503;pick item
pick_i13685;pick item
pick_i13254;pick item
pick_i13432;pick item
pick_i13650;pick item
pick_i11883;pick item
pick_i11276;pick item
pick_i13438;pick item
pick_i13050;pick item
pick_i13612;pick item
pick_i13668;pick item
pick_i12671;pick item
pick_i10354;pick item
pick_i12285;pick item
pick_i13821;pick item
pick_i11475;pick item
pick_i13867;pick item
pick_i12862;pick item
pick_i11079;pick item
pick_i11928;pick item
pick_i12815;pick item
place_o1401;place order
pick_i12328;pick item
pick_i13394;pick item
pick_i13879;pick item
pick_i12407;pick item
pick_i13779;pick item
pick_i12617;pick item
pick_i13149;pick item
pick_i13930;pick item
pick_i12668;pick item
pick_i11722;pick item
pick_i10442;pick item
pick_i13486;pick item
pick_i13565;pick item
place_o1402;place order
pick_i13340;pick item
pick_i13314;pick item
pick_i13127;pick item
place_o1403;place order
pick_i11695;pick item
pick_i12909;pick item
pick_i10418;pick item
pick_i13846;pick item
pick_i13853;pick item
pick_i12518;pick item
pick_i12351;pick item
pick_i11027;pick item
pick_i10918;pick item
pick_i12743;pick item
pick_i11809;pick item
pick_i10136;pick item
ship_o1165;ship order
pick_i12449;pick item
pick_i12553;pick item
pick_i12361;pick item
pick_i13404;pick item
pick_i13098;pick item
pick_i13130;pick item
pick_i12304;pick item
pick_i12760;pick item
place_o1404;place order
pick_i12978;pick item
pick_i13827;pick item
place_o1405;place order
pick_i11893;pick item
pick_i11713;pick item
pick_i11677;pick item
pick_i13607;pick item
pick_i11597;pick item
pick_i13471;pick item
pick_i12944;pick item
pick_i12537;pick item
pick_i11471;pick item
pick_i13233;pick item
pick_i13549;pick item
pick_i13363;pick item
pick_i13485;pick item
pick_i12549;pick item
pick_i11523;pick item
pick_i13954;pick item
pick_i13936;pick item
pick_i12850;pick item
pick_i12846;pick item
pick_i13766;pick item
pick_i13345;pick item
pick_i11929;pick item
pick_i13970;pick item
pick_i13717;pick item
pick_i13861;pick item
pick_i10694;pick item
pick_i9316;pick item
pick_i13992;pick item
ship_o1108;ship order
pick_i12794;pick item
place_o1406;place order
pick_i12894;pick item
pick_i10820;pick item
pick_i10490;pick item
ship_o1189;ship order
pick_i13420;pick item
pick_i13610;pick item
pick_i13016;pick item
pick_i12323;pick item
pick_i13847;pick item
pick_i12726;pick item
pick_i13132;pick item
place_o1407;place order
pick_i13740;pick item
pick_i12907;pick item
pick_i12636;pick item
place_o1408;place order
pick_i14043;pick item
pick_i13887;pick item
pick_i13965;pick item
pick_i12236;pick item
pick_i13816;pick item
pick_i12097;pick item
pick_i13940;pick item
place_o1409;place order
pick_i12615;pick item
pick_i13911;pick item
pick_i13868;pick item
pick_i11904;pick item
pick_i13836;pick item
place_o1410;place order
pick_i11850;pick item
pick_i11392;pick item
pick_i12136;pick item
pick_i13615;pick item
place_o1411;place order
pick_i13594;pick item
pick_i13484;pick item
pick_i11842;pick item
pick_i13499;pick item
pick_i13627;pick item
pick_i12872;pick item
place_o1412;place order
pick_i12627;pick item
pick_i13687;pick item
pick_i11959;pick item
pick_i13542;pick item
pick_i13674;pick item
place_o1413;place order
pick_i12550;pick item
pick_i13870;pick item
pick_i12940;pick item
pick_i13996;pick item
pick_i12739;pick item
pick_i13435;pick item
pick_i13972;pick item
place_o1414;place order
pick_i13285;pick item
pick_i12164;pick item
pick_i14065;pick item
pick_i13300;pick item
pick_i12393;pick item
pick_i13937;pick item
pick_i13488;pick item
pick_i13228;pick item
pick_i12961;pick item
pick_i12320;pick item
pick_i13158;pick item
pick_i13436;pick item
place_o1415;place order
pick_i13402;pick item
pick_i13091;pick item
pick_i12619;pick item
pick_i13909;pick item
pick_i13213;pick item
pick_i11178;pick item
pick_i14072;pick item
pick_i14100;pick item
pick_i13490;pick item
pick_i13520;pick item
pick_i14166;pick item
pick_i11863;pick item
pick_i14154;pick item
pick_i13059;pick item
pick_i13350;pick item
pick_i13259;pick item
pick_i12522;pick item
pick_i13928;pick item
pick_i13258;pick item
pick_i12651;pick item
pick_i13036;pick item
pick_i13767;pick item
pick_i13046;pick item
pick_i11348;pick item
place_o1416;place order
pick_i13134;pick item
pick_i12446;pick item
pick_i13964;pick item
pick_i10224;pick item
pick_i12818;pick item
pick_i11945;pick item
pick_i13793;pick item
pick_i13974;pick item
pick_i13866;pick item
pick_i13762;pick item
pick_i13185;pick item
pick_i13778;pick item
pick_i14115;pick item
pick_i12515;pick item
place_o1417;place order
pick_i13865;pick item
pick_i13962;pick item
place_o1418;place order
pick_i12848;pick item
pick_i13370;pick item
pick_i13276;pick item
pick_i12430;pick item
place_o1419;place order
pick_i13981;pick item
pick_i13378;pick item
pick_i14183;pick item
pick_i11954;pick item
place_o1420;place order
pick_i12590;pick item
pick_i12633;pick item
pick_i11034;pick item
pick_i13255;pick item
pick_i13952;pick item
pick_i12855;pick item
pick_i11244;pick item
pick_i12895;pick item
pick_i12330;pick item
pick_i12483;pick item
pick_i11655;pick item
pick_i14111;pick item
pick_i13831;pick item
pick_i12904;pick item
pick_i13543;pick item
pick_i13071;pick item
pick_i13578;pick item
pick_i13753;pick item
pick_i13334;pick item
pick_i12192;pick item
pick_i12960;pick item
pick_i14054;pick item
pick_i13022;pick item
pick_i13545;pick item
pick_i13525;pick item
place_o1421;place order
pick_i13712;pick item
pick_i14022;pick item
pick_i13287;pick item
pick_i14012;pick item
pick_i10645;pick item
pick_i9998;pick item
ship_o1199;ship order
pick_i14190;pick item
ship_o1157;ship order
pick_i12951;pick item
pick_i11895;pick item
pick_i13193;pick item
pick_i14061;pick item
pick_i12519;pick item
pick_i12089;pick item
place_o1422;place order
pick_i12297;pick item
pick_i10797;pick item
pick_i13698;pick item
ship_o1210;ship order
pick_i14178;pick item
pick_i13917;pick item
pick_i14074;pick item
pick_i13309;pick item
pick_i14078;pick item
pick_i13421;pick item
pick_i13058;pick item
pick_i13700;pick item
pick_i14170;pick item
pick_i12997;pick item
pick_i13117;pick item
pick_i12643;pick item
pick_i12544;pick item
pick_i11631;pick item
pick_i14260;pick item
pick_i14129;pick item
pick_i14271;pick item
pick_i13180;pick item
place_o1423;place order
pick_i14309;pick item
pick_i13606;pick item
pick_i14325;pick item
pick_i13883;pick item
pick_i13011;pick item
pick_i12759;pick item
pick_i12975;pick item
pick_i14099;pick item
pick_i14138;pick item
place_o1424;place order
pick_i13015;pick item
place_o1425;place order
pick_i13440;pick item
pick_i13209;pick item
pick_i11922;pick item
place_o1426;place order
pick_i13393;pick item
pick_i12031;pick item
pick_i13932;pick item
pick_i14367;pick item
pick_i13671;pick item
pick_i12427;pick item
pick_i13968;pick item
pick_i11591;pick item
pick_i11220;pick item
pick_i13051;pick item
pick_i13948;pick item
pick_i13623;pick item
pick_i12674;pick item
place_o1427;place order
pick_i9564;pick item
pick_i13809;pick item
ship_o1124;ship order
pick_i12953;pick item
pick_i14094;pick item
pick_i10323;pick item
pick_i12464;pick item
pick_i13416;pick item
pick_i13274;pick item
pick_i13526;pick item
pick_i12417;pick item
pick_i13798;pick item
pick_i13892;pick item
pick_i13562;pick item
pick_i14150;pick item
pick_i13208;pick item
pick_i14252;pick item
pick_i13013;pick item
pick_i14364;pick item
pick_i13256;pick item
pick_i12712;pick item
pick_i13197;pick item
pick_i12084;pick item
pick_i12221;pick item
place_o1428;place order
pick_i13546;pick item
pick_i12890;pick item
pick_i13588;pick item
pick_i12337;pick item
pick_i13048;pick item
pick_i13468;pick item
place_o1429;place order
pick_i10703;pick item
ship_o1204;ship order
pick_i13858;pick item
pick_i11851;pick item
place_o1430;place order
pick_i12232;pick item
pick_i14342;pick item
pick_i13102;pick item
pick_i13896;pick item
pick_i12866;pick item
pick_i13152;pick item
pick_i11761;pick item
pick_i11841;pick item
pick_i12094;pick item
pick_i10656;pick item
pick_i13522;pick item
pick_i11055;pick item
pick_i11101;pick item
pick_i11948;pick item
pick_i13109;pick item
pick_i13923;pick item
pick_i13264;pick item
pick_i11248;pick item
pick_i14114;pick item
pick_i13679;pick item
pick_i13530;pick item
pick_i13570;pick item
pick_i13759;pick item
pick_i14358;pick item
pick_i12971;pick item
pick_i13823;pick item
pick_i14189;pick item
pick_i12296;pick item
pick_i14302;pick item
pick_i13718;pick item
pick_i14268;pick item
place_o1431;place order
pick_i14048;pick item
pick_i13659;pick item
pick_i12201;pick item
pick_i12771;pick item
pick_i12416;pick item
pick_i13860;pick item
pick_i13881;pick item
pick_i12111;pick item
pick_i13616;pick item
pick_i13931;pick item
pick_i13781;pick item
pick_i13895;pick item
pick_i14244;pick item
pick_i14368;pick item
pick_i12697;pick item
pick_i12412;pick item
pick_i14277;pick item
pick_i12881;pick item
pick_i14172;pick item
pick_i12531;pick item
pick_i12435;pick item
place_o1432;place order
pick_i12283;pick item
pick_i13958;pick item
pick_i14164;pick item
pick_i13217;pick item
pick_i14467;pick item
pick_i14304;pick item
pick_i14299;pick item
pick_i12809;pick item
place_o1433;place order
pick_i12246;pick item
pick_i12892;pick item
pick_i13651;pick item
place_o1434;place order
pick_i14341;pick item
pick_i12828;pick item
pick_i13773;pick item
pick_i13150;pick item
pick_i11873;pick item
pick_i12638;pick item
pick_i12734;pick item
pick_i13732;pick item
pick_i13982;pick item
pick_i14415;pick item
pick_i14117;pick item
pick_i13336;pick item
pick_i13922;pick item
pick_i10277;pick item
pick_i10959;pick item
pick_i14460;pick item
pick_i12827;pick item
pick_i13396;pick item
pick_i14287;pick item
place_o1435;place order
pick_i14091;pick item
pick_i14020;pick item
pick_i14130;pick item
pick_i13874;pick item
pick_i11368;pick item
pick_i13234;pick item
pick_i14413;pick item
pick_i13935;pick item
pick_i12408;pick item
pick_i13045;pick item
pick_i14003;pick item
pick_i11536;pick item
pick_i13797;pick item
pick_i12772;pick item
pick_i13961;pick item
pick_i12120;pick item
pick_i13783;pick item
pick_i11404;pick item
pick_i11166;pick item
pick_i13457;pick item
pick_i12445;pick item
pick_i14156;pick item
pick_i14469;pick item
pick_i14340;pick item
pick_i13630;pick item
place_o1436;place order
pick_i13535;pick item
pick_i13267;pick item
pick_i13523;pick item
pick_i13944;pick item
pick_i12577;pick item
place_o1437;place order
pick_i11454;pick item
pick_i12527;pick item
pick_i13068;pick item
pick_i12405;pick item
place_o1438;place order
pick_i14410;pick item
pick_i10831;pick item
pick_i11707;pick item
pick_i12065;pick item
pick_i14431;pick item
pick_i14092;pick item
place_o1439;place order
pick_i13799;pick item
pick_i13002;pick item
pick_i13771;pick item
pick_i13764;pick item
pick_i13844;pick item
pick_i13682;pick item
pick_i13976;pick item
pick_i10950;pick item
pick_i13437;pick item
pick_i10161;pick item
pick_i13587;pick item
ship_o1167;ship order
pick_i11360;pick item
place_o1440;place order
pick_i13386;pick item
pick_i11979;pick item
pick_i12474;pick item
pick_i13649;pick item
pick_i13453;pick item
pick_i10980;pick item
pick_i12148;pick item
ship_o1221;ship order
pick_i13566;pick item
pick_i14402;pick item
place_o1441;place order
pick_i13388;pick item
pick_i14336;pick item
pick_i10012;pick item
ship_o1158;ship order
pick_i12878;pick item
pick_i13920;pick item
pick_i11860;pick item
pick_i13354;pick item
place_o1442;place order
pick_i14235;pick item
pick_i14221;pick item
pick_i14557;pick item
pick_i14121;pick item
pick_i14407;pick item
pick_i13184;pick item
pick_i14128;pick item
pick_i14300;pick item
pick_i14394;pick item
place_o1443;place order
pick_i13317;pick item
pick_i14436;pick item
pick_i13648;pick item
pick_i12950;pick item
pick_i13864;pick item
pick_i14064;pick item
pick_i12813;pick item
pick_i14466;pick item
pick_i14529;pick item
pick_i14592;pick item
pick_i12319;pick item
pick_i13480;pick item
pick_i14398;pick item
pick_i12151;pick item
place_o1444;place order
pick_i9921;pick item
pick_i14639;pick item
pick_i11627;pick item
pick_i13491;pick item
pick_i13177;pick item
pick_i12191;pick item
pick_i13237;pick item
place_o1445;place order
pick_i14220;pick item
pick_i13801;pick item
pick_i13444;pick item
pick_i14169;pick item
pick_i12500;pick item
pick_i12945;pick item
pick_i14042;pick item
pick_i9922;pick item
ship_o1152;ship order
pick_i13601;pick item
pick_i14217;pick item
pick_i12821;pick item
pick_i14389;pick item
pick_i14040;pick item
pick_i10266;pick item
pick_i13689;pick item
ship_o1173;ship order
place_o1446;place order
pick_i13343;pick item
pick_i13364;pick item
pick_i13246;pick item
pick_i13082;pick item
pick_i11847;pick item
pick_i14120;pick item
pick_i14703;pick item
pick_i14474;pick item
pick_i12068;pick item
pick_i14607;pick item
pick_i12635;pick item
pick_i11184;pick item
pick_i13514;pick item
pick_i13362;pick item
place_o1447;place order
pick_i14216;pick item
pick_i12889;pick item
pick_i13376;pick item
pick_i11520;pick item
pick_i12791;pick item
pick_i11466;pick item
pick_i11428;pick item
pick_i12675;pick item
pick_i13367;pick item
pick_i14654;pick item
pick_i13998;pick item
pick_i11570;pick item
pick_i14326;pick item
pick_i14500;pick item
pick_i11613;pick item
pick_i11051;pick item
pick_i13575;pick item
pick_i14603;pick item
place_o1448;place order
pick_i14370;pick item
pick_i14265;pick item
pick_i14077;pick item
pick_i14095;pick item
pick_i14566;pick item
pick_i14623;pick item
pick_i13201;pick item
pick_i12101;pick item
pick_i14406;pick item
pick_i13170;pick item
place_o1449;place order
pick_i13905;pick item
pick_i12630;pick item
pick_i13075;pick item
pick_i14351;pick item
pick_i13466;pick item
pick_i12803;pick item
place_o1450;place order
pick_i12927;pick item
pick_i13582;pick item
pick_i13990;pick item
pick_i13729;pick item
pick_i13733;pick item
pick_i14588;pick item
place_o1451;place order
pick_i13863;pick item
pick_i13031;pick item
pick_i14031;pick item
pick_i12235;pick item
pick_i13269;pick item
pick_i14636;pick item
pick_i12523;pick item
pick_i12780;pick item
pick_i13978;pick item
pick_i12545;pick item
place_o1452;place order
pick_i12874;pick item
pick_i10870;pick item
pick_i13188;pick item
pick_i14604;pick item
pick_i14371;pick item
pick_i12639;pick item
pick_i14694;pick item
pick_i14071;pick item
pick_i14468;pick item
pick_i13595;pick item
place_o1453;place order
pick_i14610;pick item
pick_i14585;pick item
pick_i14145;pick item
pick_i14463;pick item
pick_i13304;pick item
pick_i11598;pick item
pick_i13934;pick item
place_o1454;place order
pick_i13548;pick item
pick_i14540;pick item
pick_i12512;pick item
pick_i14430;pick item
pick_i13667;pick item
pick_i12100;pick item
pick_i13271;pick item
pick_i14571;pick item
pick_i13524;pick item
pick_i14030;pick item
pick_i11112;pick item
place_o1455;place order
ship_o1230;ship order
pick_i14267;pick item
pick_i12557;pick item
pick_i13043;pick item
pick_i12715;pick item
pick_i11319;pick item
ship_o1242;ship order
pick_i10344;pick item
ship_o1179;ship order
pick_i14651;pick item
pick_i14288;pick item
pick_i13662;pick item
pick_i11255;pick item
pick_i14725;pick item
pick_i11972;pick item
pick_i12871;pick item
pick_i14198;pick item
pick_i14312;pick item
pick_i14250;pick item
pick_i14412;pick item
pick_i13422;pick item
pick_i14615;pick item
pick_i14149;pick item
pick_i14630;pick item
place_o1456;place order
pick_i13642;pick item
pick_i12764;pick item
pick_i14628;pick item
pick_i13261;pick item
pick_i14844;pick item
pick_i13140;pick item
pick_i14222;pick item
pick_i13103;pick item
pick_i14673;pick item
pick_i14738;pick item
pick_i14859;pick item
place_o1457;place order
pick_i14464;pick item
pick_i14176;pick item
pick_i14824;pick item
pick_i13214;pick item
place_o1458;place order
pick_i14029;pick item
pick_i12775;pick item
pick_i13805;pick item
place_o1459;place order
pick_i10371;pick item
pick_i14665;pick item
ship_o1182;ship order
pick_i14184;pick item
pick_i13919;pick item
pick_i14621;pick item
pick_i14872;pick item
pick_i11715;pick item
pick_i12685;pick item
pick_i12580;pick item
pick_i13882;pick item
pick_i14291;pick item
pick_i14476;pick item
pick_i12936;pick item
pick_i14884;pick item
pick_i11513;pick item
pick_i14669;pick item
pick_i12686;pick item
pick_i13735;pick item
pick_i9197;pick item
pick_i14747;pick item
ship_o1099;ship order
pick_i11468;pick item
pick_i14728;pick item
pick_i14018;pick item
pick_i13898;pick item
pick_i11988;pick item
pick_i14663;pick item
pick_i14813;pick item
pick_i14446;pick item
pick_i12825;pick item
pick_i14878;pick item
place_o1460;place order
pick_i13223;pick item
pick_i13122;pick item
pick_i13704;pick item
pick_i14025;pick item
pick_i14690;pick item
pick_i10901;pick item
pick_i13529;pick item
pick_i12732;pick item
pick_i14497;pick item
pick_i12241;pick item
pick_i14233;pick item
place_o1461;place order
pick_i9405;pick item
pick_i14397;pick item
ship_o1114;ship order
place_o1462;place order
pick_i14783;pick item
pick_i13701;pick item
pick_i14752;pick item
place_o1463;place order
pick_i14212;pick item
pick_i11674;pick item
pick_i14967;pick item
ship_o1264;ship order
place_o1464;place order
pick_i12438;pick item
pick_i13108;pick item
pick_i14553;pick item
pick_i13744;pick item
pick_i14011;pick item
pick_i14826;pick item
pick_i13531;pick item
pick_i14070;pick item
pick_i13747;pick item
pick_i14454;pick item
place_o1465;place order
pick_i13777;pick item
pick_i13872;pick item
pick_i14391;pick item
pick_i13126;pick item
pick_i12293;pick item
pick_i15003;pick item
pick_i12406;pick item
pick_i14488;pick item
pick_i14723;pick item
pick_i13884;pick item
pick_i13669;pick item
pick_i14197;pick item
place_o1466;place order
pick_i13295;pick item
pick_i12963;pick item
pick_i12701;pick item
pick_i14523;pick item
pick_i12696;pick item
pick_i14956;pick item
pick_i12744;pick item
pick_i13509;pick item
pick_i14675;pick item
pick_i12214;pick item
pick_i12741;pick item
pick_i14002;pick item
pick_i13403;pick item
pick_i13804;pick item
pick_i12460;pick item
pick_i14517;pick item
pick_i14938;pick item
pick_i12811;pick item
place_o1467;place order
pick_i14858;pick item
pick_i14827;pick item
pick_i14719;pick item
pick_i14820;pick item
place_o1468;place order
pick_i13282;pick item
pick_i12993;pick item
pick_i12923;pick item
pick_i14591;pick item
place_o1469;place order
pick_i12556;pick item
pick_i14051;pick item
pick_i14116;pick item
pick_i14349;pick item
pick_i13018;pick item
pick_i14618;pick item
pick_i13889;pick item
pick_i14213;pick item
pick_i14427;pick item
pick_i12572;pick item
pick_i14161;pick item
pick_i14140;pick item
pick_i13633;pick item
place_o1470;place order
pick_i10857;pick item
pick_i11235;pick item
pick_i12628;pick item
ship_o1237;ship order
pick_i14242;pick item
pick_i14845;pick item
pick_i13211;pick item
pick_i13333;pick item
pick_i14456;pick item
pick_i13179;pick item
pick_i13161;pick item
pick_i13313;pick item
pick_i14689;pick item
pick_i12853;pick item
place_o1471;place order
pick_i14921;pick item
pick_i12206;pick item
pick_i14506;pick item
pick_i14136;pick item
pick_i14310;pick item
pick_i13308;pick item
pick_i12116;pick item
place_o1472;place order
pick_i13681;pick item
pick_i13832;pick item
pick_i12610;pick item
pick_i14055;pick item
pick_i14110;pick item
pick_i13569;pick item
place_o1473;place order
pick_i12926;pick item
pick_i11400;pick item
ship_o1247;ship order
pick_i12053;pick item
pick_i12925;pick item
pick_i14044;pick item
pick_i15079;pick item
pick_i14363;pick item
pick_i13358;pick item
place_o1474;place order
pick_i12720;pick item
pick_i12150;pick item
pick_i14016;pick item
pick_i13756;pick item
pick_i14822;pick item
pick_i14207;pick item
pick_i14727;pick item
pick_i14886;pick item
pick_i13780;pick item
pick_i10849;pick item
pick_i14361;pick item
ship_o1214;ship order
pick_i14821;pick item
place_o1475;place order
pick_i13971;pick item
pick_i12291;pick item
pick_i13099;pick item
pick_i14122;pick item
pick_i14931;pick item
pick_i13119;pick item
pick_i12875;pick item
place_o1476;place order
pick_i11460;pick item
pick_i13338;pick item
pick_i15130;pick item
pick_i12154;pick item
pick_i12929;pick item
pick_i14543;pick item
pick_i14434;pick item
pick_i10522;pick item
pick_i14691;pick item
pick_i13003;pick item
pick_i14076;pick item
pick_i13173;pick item
pick_i14657;pick item
pick_i14311;pick item
pick_i14593;pick item
pick_i14432;pick item
pick_i14144;pick item
pick_i14354;pick item
pick_i13293;pick item
pick_i14666;pick item
pick_i15036;pick item
pick_i14417;pick item
pick_i15172;pick item
pick_i14125;pick item
pick_i15164;pick item
pick_i14421;pick item
pick_i13760;pick item
pick_i14269;pick item
place_o1477;place order
pick_i12918;pick item
pick_i13593;pick item
pick_i14231;pick item
pick_i14812;pick item
pick_i13284;pick item
pick_i11388;pick item
pick_i14514;pick item
pick_i10308;pick item
ship_o1177;ship order
pick_i13218;pick item
pick_i14478;pick item
pick_i15071;pick item
pick_i14449;pick item
pick_i14036;pick item
pick_i12709;pick item
pick_i13387;pick item
pick_i15173;pick item
pick_i13556;pick item
pick_i13400;pick item
place_o1478;place order
pick_i13019;pick item
pick_i14009;pick item
pick_i14337;pick item
pick_i11527;pick item
pick_i13365;pick item
pick_i14975;pick item
pick_i14015;pick item
pick_i14837;pick item
pick_i11484;pick item
pick_i10690;pick item
ship_o1202;ship order
pick_i15140;pick item
pick_i14329;pick item
place_o1479;place order
pick_i15075;pick item
pick_i13986;pick item
place_o1480;place order
pick_i10254;pick item
ship_o1172;ship order
pick_i15182;pick item
pick_i13711;pick item
pick_i14958;pick item
pick_i11502;pick item
pick_i13547;pick item
pick_i15236;pick item
pick_i12175;pick item
pick_i14283;pick item
pick_i14450;pick item
pick_i15043;pick item
pick_i14890;pick item
pick_i14168;pick item
pick_i12915;pick item
pick_i14305;pick item
pick_i13266;pick item
pick_i15010;pick item
pick_i13925;pick item
pick_i14978;pick item
pick_i14254;pick item
place_o1481;place order
pick_i14624;pick item
pick_i14258;pick item
pick_i14808;pick item
pick_i15049;pick item
pick_i15223;pick item
pick_i12465;pick item
pick_i12504;pick item
pick_i11486;pick item
pick_i14801;pick item
pick_i13812;pick item
pick_i12363;pick item
pick_i13021;pick item
pick_i14496;pick item
pick_i14548;pick item
pick_i11966;pick item
pick_i13993;pick item
pick_i11956;pick item
pick_i12354;pick item
place_o1482;place order
pick_i12849;pick item
pick_i12611;pick item
pick_i13463;pick item
pick_i15194;pick item
pick_i14492;pick item
pick_i13841;pick item
pick_i13897;pick item
pick_i13326;pick item
pick_i15148;pick item
pick_i14521;pick item
pick_i13010;pick item
pick_i12064;pick item
pick_i14393;pick item
pick_i15299;pick item
pick_i14977;pick item
pick_i13619;pick item
pick_i12989;pick item
pick_i14581;pick item
pick_i13626;pick item
pick_i13770;pick item
pick_i14257;pick item
place_o1483;place order
pick_i14688;pick item
pick_i14085;pick item
pick_i13851;pick item
pick_i14418;pick item
pick_i13368;pick item
pick_i15125;pick item
pick_i14803;pick item
pick_i15176;pick item
pick_i13672;pick item
place_o1484;place order
pick_i14448;pick item
pick_i13311;pick item
pick_i11946;pick item
pick_i14880;pick item
pick_i12056;pick item
pick_i11430;pick item
ship_o1289;ship order
pick_i14053;pick item
pick_i14087;pick item
pick_i14763;pick item
pick_i12567;pick item
pick_i14455;pick item
pick_i14851;pick item
pick_i14986;pick item
pick_i10404;pick item
ship_o1184;ship order
pick_i14904;pick item
pick_i12244;pick item
pick_i12737;pick item
pick_i15248;pick item
pick_i11599;pick item
pick_i14173;pick item
pick_i14616;pick item
pick_i12167;pick item
pick_i14924;pick item
pick_i11651;pick item
place_o1485;place order
pick_i14552;pick item
pick_i14761;pick item
pick_i13554;pick item
pick_i12616;pick item
pick_i15312;pick item
pick_i14127;pick item
place_o1486;place order
pick_i13235;pick item
pick_i12366;pick item
pick_i11884;pick item
pick_i13843;pick item
pick_i12859;pick item
pick_i14388;pick item
pick_i13069;pick item
pick_i13703;pick item
pick_i14084;pick item
pick_i10748;pick item
pick_i15084;pick item
pick_i12966;pick item
pick_i13842;pick item
pick_i13684;pick item
pick_i14679;pick item
pick_i15331;pick item
pick_i14840;pick item
place_o1487;place order
pick_i13813;pick item
pick_i15086;pick item
pick_i14955;pick item
pick_i15225;pick item
pick_i13065;pick item
pick_i13383;pick item
pick_i13830;pick item
pick_i14230;pick item
pick_i12378;pick item
pick_i10493;pick item
pick_i14052;pick item
pick_i12656;pick item
pick_i14187;pick item
pick_i15042;pick item
pick_i13541;pick item
pick_i15157;pick item
place_o1488;place order
pick_i14697;pick item
pick_i14863;pick item
pick_i13446;pick item
place_o1489;place order
pick_i14188;pick item
pick_i14167;pick item
pick_i14513;pick item
pick_i12576;pick item
pick_i15259;pick item
pick_i15170;pick item
pick_i13639;pick item
pick_i12865;pick item
pick_i13513;pick item
pick_i15002;pick item
pick_i10860;pick item
pick_i14807;pick item
pick_i15286;pick item
pick_i14602;pick item
pick_i14141;pick item
pick_i13942;pick item
pick_i13303;pick item
pick_i15294;pick item
pick_i14760;pick item
pick_i14857;pick item
pick_i14536;pick item
pick_i14366;pick item
place_o1490;place order
pick_i15269;pick item
pick_i15388;pick item
pick_i15134;pick item
pick_i14194;pick item
pick_i14331;pick item
pick_i12344;pick item
pick_i12338;pick item
pick_i13447;pick item
pick_i15405;pick item
pick_i15197;pick item
pick_i11702;pick item
place_o1491;place order
pick_i15245;pick item
pick_i14572;pick item
pick_i13291;pick item
pick_i11823;pick item
pick_i15375;pick item
pick_i14086;pick item
pick_i14862;pick item
pick_i15178;pick item
pick_i15017;pick item
pick_i14470;pick item
pick_i15455;pick item
pick_i14204;pick item
pick_i14324;pick item
pick_i13406;pick item
place_o1492;place order
pick_i13677;pick item
pick_i9709;pick item
pick_i15222;pick item
pick_i11749;pick item
place_o1493;place order
pick_i14918;pick item
pick_i11607;pick item
pick_i12736;pick item
pick_i12138;pick item
pick_i15462;pick item
pick_i14950;pick item
pick_i13722;pick item
pick_i14001;pick item
pick_i15072;pick item
pick_i13203;pick item
place_o1494;place order
pick_i14641;pick item
pick_i14832;pick item
pick_i14564;pick item
pick_i14209;pick item
pick_i14119;pick item
pick_i14274;pick item
pick_i15333;pick item
pick_i10900;pick item
pick_i13912;pick item
pick_i13810;pick item
pick_i13579;pick item
pick_i13489;pick item
pick_i14276;pick item
pick_i15334;pick item
pick_i14877;pick item
pick_i14999;pick item
pick_i14627;pick item
pick_i12534;pick item
pick_i15278;pick item
place_o1495;place order
pick_i12934;pick item
pick_i15324;pick item
pick_i13155;pick item
pick_i13494;pick item
pick_i14925;pick item
pick_i15471;pick item
pick_i15458;pick item
pick_i12264;pick item
pick_i13829;pick item
pick_i15159;pick item
pick_i11608;pick item
pick_i13580;pick item
pick_i15246;pick item
pick_i13907;pick item
pick_i15045;pick item
pick_i15347;pick item
pick_i14633;pick item
pick_i15089;pick item
pick_i14442;pick item
pick_i14873;pick item
pick_i15434;pick item
place_o1496;place order
pick_i14193;pick item
pick_i14982;pick item
pick_i15345;pick item
pick_i13392;pick item
pick_i14917;pick item
pick_i15123;pick item
pick_i14461;pick item
pick_i10902;pick item
pick_i14605;pick item
ship_o1217;ship order
place_o1497;place order
pick_i13455;pick item
pick_i15517;pick item
pick_i14545;pick item
pick_i15019;pick item
pick_i15192;pick item
place_o1498;place order
pick_i12688;pick item
pick_i15540;pick item
pick_i12252;pick item
pick_i12469;pick item
pick_i15325;pick item
pick_i14672;pick item
pick_i15289;pick item
pick_i13585;pick item
pick_i15336;pick item
pick_i13761;pick item
pick_i12956;pick item
pick_i12982;pick item
pick_i15009;pick item
pick_i11730;pick item
pick_i15167;pick item
place_o1499;place order
pick_i13307;pick item
pick_i10158;pick item
pick_i12463;pick item
place_o1500;place order
pick_i15461;pick item
pick_i14989;pick item
pick_i13943;pick item
pick_i14512;pick item
place_o1501;place order
pick_i10271;pick item
pick_i14179;pick item
place_o1502;place order
pick_i14913;pick item
pick_i15026;pick item
pick_i11989;pick item
pick_i13738;pick item
pick_i14472;pick item
pick_i15216;pick item
pick_i11007;pick item
pick_i13660;pick item
ship_o1223;ship order
pick_i15121;pick item
pick_i14693;pick item
pick_i13035;pick item
pick_i14546;pick item
pick_i13792;pick item
pick_i12096;pick item
pick_i15057;pick item
pick_i13356;pick item
pick_i14477;pick item
place_o1503;place order
pick_i14339;pick item
pick_i11653;pick item
pick_i15340;pick item
pick_i12586;pick item
pick_i14706;pick item
pick_i13245;pick item
pick_i13926;pick item
pick_i15443;pick item
pick_i13885;pick item
pick_i13973;pick item
pick_i12555;pick item
pick_i14721;pick item
pick_i14083;pick item
pick_i15551;pick item
pick_i15007;pick item
pick_i14046;pick item
pick_i13238;pick item
place_o1504;place order
pick_i15404;pick item
pick_i13845;pick item
pick_i13608;pick item
pick_i14146;pick item
place_o1505;place order
pick_i15283;pick item
pick_i14037;pick item
pick_i10662;pick item
pick_i15367;pick item
pick_i12230;pick item
pick_i15252;pick item
pick_i14374;pick item
pick_i14489;pick item
pick_i14027;pick item
pick_i15290;pick item
pick_i14534;pick item
pick_i14531;pick item
pick_i13901;pick item
pick_i13487;pick item
pick_i11069;pick item
pick_i15573;pick item
pick_i14528;pick item
pick_i14954;pick item
pick_i12947;pick item
place_o1506;place order
pick_i14731;pick item
pick_i10433;pick item
pick_i13072;pick item
ship_o1186;ship order
pick_i15004;pick item
pick_i15746;pick item
pick_i14148;pick item
pick_i13538;pick item
pick_i14039;pick item
pick_i15488;pick item
pick_i11914;pick item
pick_i13757;pick item
pick_i15230;pick item
pick_i13875;pick item
pick_i11369;pick item
ship_o1245;ship order
pick_i14842;pick item
pick_i13620;pick item
pick_i14487;pick item
pick_i14905;pick item
pick_i11524;pick item
place_o1507;place order
pick_i15189;pick item
pick_i13374;pick item
pick_i15284;pick item
pick_i15769;pick item
pick_i14568;pick item
pick_i15390;pick item
pick_i15198;pick item
pick_i12964;pick item
pick_i12900;pick item
pick_i12816;pick item
pick_i13348;pick item
pick_i14429;pick item
pick_i13172;pick item
pick_i14617;pick item
pick_i15587;pick item
pick_i13802;pick item
pick_i11681;pick item
pick_i14865;pick item
place_o1508;place order
pick_i15594;pick item
pick_i14056;pick item
pick_i13727;pick item
pick_i13900;pick item
pick_i15558;pick item
place_o1509;place order
pick_i15272;pick item
pick_i15756;pick item
pick_i11384;pick item
pick_i14788;pick item
pick_i12602;pick item
pick_i14069;pick item
pick_i15078;pick item
pick_i13322;pick item
pick_i12584;pick item
place_o1510;place order
pick_i14891;pick item
pick_i14594;pick item
pick_i14330;pick item
pick_i14686;pick item
pick_i14379;pick item
pick_i15126;pick item
pick_i15137;pick item
pick_i15806;pick item
pick_i14343;pick item
pick_i14347;pick item
pick_i15151;pick item
pick_i14670;pick item
pick_i15444;pick item
pick_i13286;pick item
pick_i15318;pick item
pick_i13199;pick item
pick_i11622;pick item
pick_i14321;pick item
ship_o1262;ship order
pick_i15316;pick item
pick_i14063;pick item
pick_i13678;pick item
pick_i15411;pick item
place_o1511;place order
pick_i15319;pick item
pick_i15846;pick item
pick_i13492;pick item
pick_i12928;pick item
pick_i14988;pick item
pick_i15522;pick item
pick_i15619;pick item
pick_i15160;pick item
pick_i15516;pick item
pick_i12977;pick item
pick_i15460;pick item
ship_o1343;ship order
pick_i14494;pick item
pick_i14495;pick item
pick_i14638;pick item
pick_i15369;pick item
pick_i12614;pick item
pick_i13205;pick item
pick_i14998;pick item
pick_i12035;pick item
pick_i15285;pick item
place_o1512;place order
pick_i14360;pick item
pick_i14280;pick item
pick_i14563;pick item
pick_i14717;pick item
pick_i14919;pick item
pick_i15648;pick item
pick_i15420;pick item
pick_i14525;pick item
pick_i14538;pick item
pick_i10865;pick item
pick_i15437;pick item
pick_i14848;pick item
pick_i15282;pick item
pick_i12860;pick item
pick_i14973;pick item
pick_i14667;pick item
pick_i15297;pick item
pick_i15358;pick item
pick_i13613;pick item
pick_i15780;pick item
pick_i15041;pick item
pick_i15361;pick item
pick_i12992;pick item
pick_i15688;pick item
pick_i14088;pick item
place_o1513;place order
pick_i10945;pick item
pick_i15409;pick item
ship_o1220;ship order
pick_i13118;pick item
pick_i15200;pick item
pick_i12322;pick item
place_o1514;place order
pick_i12634;pick item
pick_i15105;pick item
pick_i15300;pick item
pick_i15261;pick item
pick_i15376;pick item
pick_i13746;pick item
place_o1515;place order
pick_i14378;pick item
pick_i15083;pick item
pick_i14510;pick item
pick_i14152;pick item
pick_i14281;pick item
pick_i12604;pick item
pick_i15702;pick item
pick_i15267;pick item
pick_i15740;pick item
pick_i15435;pick item
pick_i15014;pick item
place_o1516;place order
pick_i12223;pick item
pick_i15790;pick item
pick_i14809;pick item
pick_i11469;pick item
pick_i14200;pick item
pick_i13516;pick item
pick_i13955;pick item
pick_i12436;pick item
pick_i14746;pick item
pick_i14716;pick item
pick_i15812;pick item
pick_i15804;pick item
pick_i13705;pick item
pick_i15179;pick item
pick_i14013;pick item
pick_i15183;pick item
pick_i11440;pick item
pick_i14296;pick item
ship_o1250;ship order
pick_i13888;pick item
pick_i11596;pick item
place_o1517;place order
pick_i14408;pick item
pick_i15459;pick item
pick_i15060;pick item
pick_i12270;pick item
place_o1518;place order
pick_i15919;pick item
pick_i12365;pick item
place_o1519;place order
pick_i15094;pick item
pick_i15585;pick item
pick_i15452;pick item
pick_i14941;pick item
pick_i14664;pick item
pick_i15292;pick item
pick_i12632;pick item
pick_i15970;pick item
pick_i13146;pick item
pick_i15997;pick item
pick_i14124;pick item
pick_i12746;pick item
pick_i15728;pick item
pick_i15474;pick item
pick_i13168;pick item
pick_i14562;pick item
pick_i12713;pick item
pick_i15429;pick item
pick_i13407;pick item
pick_i15893;pick item
pick_i13817;pick item
pick_i13379;pick item
place_o1520;place order
pick_i15207;pick item
pick_i15601;pick item
pick_i15495;pick item
pick_i14424;pick item
pick_i15195;pick item
pick_i13347;pick item
pick_i15419;pick item
pick_i10917;pick item
pick_i15410;pick item
ship_o1218;ship order
pick_i15888;pick item
pick_i15185;pick item
pick_i14997;pick item
pick_i13636;pick item
pick_i14057;pick item
place_o1521;place order
pick_i12774;pick item
pick_i15150;pick item
pick_i13187;pick item
pick_i15247;pick item
pick_i14596;pick item
pick_i15837;pick item
pick_i13840;pick item
pick_i15521;pick item
place_o1522;place order
pick_i14993;pick item
pick_i15725;pick item
pick_i15870;pick item
pick_i13640;pick item
pick_i10655;pick item
place_o1523;place order
pick_i15854;pick item
ship_o1200;ship order
pick_i15825;pick item
pick_i14608;pick item
pick_i15581;pick item
pick_i15989;pick item
pick_i15291;pick item
pick_i12740;pick item
pick_i11984;pick item
pick_i15626;pick item
pick_i14199;pick item
pick_i14399;pick item
pick_i14505;pick item
pick_i13736;pick item
pick_i14797;pick item
place_o1524;place order
pick_i15676;pick item
pick_i15013;pick item
pick_i14815;pick item
pick_i14805;pick item
pick_i12939;pick item
pick_i14780;pick item
pick_i11958;pick item
pick_i15689;pick item
ship_o1283;ship order
pick_i15653;pick item
pick_i14219;pick item
pick_i15559;pick item
pick_i12595;pick item
pick_i15675;pick item
pick_i13498;pick item
pick_i15991;pick item
pick_i15716;pick item
pick_i15628;pick item
pick_i9791;pick item
place_o1525;place order
pick_i14991;pick item
ship_o1141;ship order
pick_i13916;pick item
pick_i15605;pick item
place_o1526;place order
pick_i16128;pick item
pick_i15822;pick item
pick_i15855;pick item
pick_i15139;pick item
pick_i15711;pick item
pick_i13476;pick item
pick_i13297;pick item
place_o1527;place order
pick_i15311;pick item
pick_i16049;pick item
pick_i16125;pick item
pick_i14348;pick item
pick_i10527;pick item
pick_i14599;pick item
ship_o1192;ship order
pick_i14885;pick item
place_o1528;place order
pick_i13040;pick item
pick_i14643;pick item
pick_i12644;pick item
pick_i14659;pick item
place_o1529;place order
pick_i14652;pick item
pick_i14876;pick item
pick_i11554;pick item
pick_i13824;pick item
ship_o1258;ship order
pick_i16056;pick item
pick_i15841;pick item
place_o1530;place order
pick_i14153;pick item
pick_i15884;pick item
pick_i15851;pick item
pick_i15965;pick item
pick_i15952;pick item
pick_i15432;pick item
pick_i15570;pick item
pick_i13714;pick item
pick_i12994;pick item
pick_i12930;pick item
pick_i12459;pick item
place_o1531;place order
pick_i16002;pick item
pick_i15641;pick item
pick_i12613;pick item
place_o1532;place order
pick_i15392;pick item
pick_i16169;pick item
pick_i14898;pick item
pick_i16050;pick item
pick_i15500;pick item
place_o1533;place order
pick_i11200;pick item
pick_i14453;pick item
ship_o1235;ship order
pick_i14671;pick item
pick_i15759;pick item
pick_i16265;pick item
pick_i11409;pick item
pick_i13467;pick item
ship_o1248;ship order
pick_i15485;pick item
place_o1534;place order
pick_i16070;pick item
pick_i15064;pick item
pick_i15789;pick item
place_o1535;place order
pick_i14097;pick item
pick_i14932;pick item
pick_i14949;pick item
pick_i15503;pick item
pick_i15077;pick item
pick_i12591;pick item
pick_i12186;pick item
pick_i15607;pick item
pick_i16159;pick item
pick_i15827;pick item
pick_i16136;pick item
pick_i14246;pick item
pick_i14798;pick item
pick_i15867;pick item
pick_i13811;pick item
pick_i14554;pick item
place_o1536;place order
pick_i13683;pick item
pick_i16234;pick item
pick_i15593;pick item
pick_i16229;pick item
pick_i14646;pick item
pick_i15491;pick item
pick_i14914;pick item
pick_i13980;pick item
pick_i14229;pick item
pick_i12002;pick item
pick_i13361;pick item
pick_i11618;pick item
pick_i15482;pick item
ship_o1261;ship order
pick_i16123;pick item
pick_i13041;pick item
pick_i15413;pick item
pick_i15877;pick item
pick_i16027;pick item
pick_i15343;pick item
pick_i13409;pick item
pick_i15598;pick item
place_o1537;place order
pick_i12477;pick item
pick_i15801;pick item
pick_i15554;pick item
pick_i13483;pick item
pick_i16157;pick item
pick_i13135;pick item
pick_i14524;pick item
pick_i15449;pick item
pick_i14856;pick item
pick_i12958;pick item
pick_i14484;pick item
pick_i15951;pick item
pick_i13787;pick item
pick_i16306;pick item
pick_i15660;pick item
place_o1538;place order
pick_i15275;pick item
pick_i10667;pick item
pick_i15027;pick item
pick_i16149;pick item
place_o1539;place order
pick_i15621;pick item
pick_i13828;pick item
place_o1540;place order
pick_i15948;pick item
pick_i14323;pick item
pick_i13222;pick item
pick_i16341;pick item
pick_i14753;pick item
pick_i16061;pick item
pick_i12935;pick item
pick_i15824;pick item
pick_i15039;pick item
pick_i14834;pick item
pick_i15975;pick item
pick_i13728;pick item
pick_i15736;pick item
pick_i11779;pick item
pick_i15403;pick item
pick_i13903;pick item
pick_i15713;pick item
pick_i14709;pick item
pick_i14687;pick item
pick_i16137;pick item
pick_i15699;pick item
pick_i13385;pick item
pick_i15774;pick item
pick_i15603;pick item
pick_i15418;pick item
pick_i14682;pick item
pick_i13833;pick item
pick_i15053;pick item
pick_i13720;pick item
pick_i13434;pick item
place_o1541;place order
pick_i15815;pick item
pick_i15672;pick item
pick_i16011;pick item
pick_i13397;pick item
place_o1542;place order
pick_i13899;pick item
pick_i13938;pick item
pick_i14804;pick item
pick_i15644;pick item
pick_i16313;pick item
pick_i14792;pick item
place_o1543;place order
pick_i15025;pick item
pick_i14678;pick item
pick_i14907;pick item
place_o1544;place order
pick_i11793;pick item
pick_i13551;pick item
pick_i13192;pick item
pick_i11704;pick item
ship_o1266;ship order
pick_i12769;pick item
pick_i15842;pick item
pick_i14357;pick item
pick_i13537;pick item
pick_i15577;pick item
pick_i14279;pick item
pick_i16194;pick item
pick_i16154;pick item
pick_i16441;pick item
pick_i14223;pick item
pick_i15754;pick item
pick_i13116;pick item
pick_i14422;pick item
pick_i16444;pick item
pick_i14556;pick item
pick_i15436;pick item
pick_i15942;pick item
pick_i15323;pick item
pick_i14314;pick item
pick_i13676;pick item
pick_i16302;pick item
pick_i16244;pick item
place_o1545;place order
pick_i14079;pick item
pick_i15542;pick item
pick_i14433;pick item
pick_i12124;pick item
pick_i16325;pick item
pick_i13465;pick item
pick_i13359;pick item
pick_i15764;pick item
pick_i14382;pick item
pick_i14118;pick item
pick_i15664;pick item
pick_i15408;pick item
pick_i15895;pick item
pick_i15228;pick item
pick_i15370;pick item
place_o1546;place order
pick_i15242;pick item
pick_i14157;pick item
pick_i15567;pick item
pick_i14573;pick item
pick_i13692;pick item
pick_i12863;pick item
pick_i15344;pick item
pick_i13366;pick item
pick_i14171;pick item
pick_i14215;pick item
pick_i15959;pick item
pick_i14775;pick item
pick_i14720;pick item
pick_i15627;pick item
pick_i12275;pick item
pick_i14159;pick item
place_o1547;place order
pick_i12946;pick item
pick_i15633;pick item
pick_i14702;pick item
pick_i15394;pick item
pick_i15904;pick item
pick_i16248;pick item
pick_i16472;pick item
pick_i14435;pick item
pick_i15611;pick item
pick_i15233;pick item
pick_i13730;pick item
pick_i13369;pick item
pick_i16443;pick item
pick_i16419;pick item
place_o1548;place order
pick_i15549;pick item
pick_i14365;pick item
place_o1549;place order
pick_i13592;pick item
pick_i15490;pick item
pick_i12267;pick item
pick_i16439;pick item
pick_i13527;pick item
pick_i16379;pick item
pick_i16516;pick item
pick_i15024;pick item
pick_i16289;pick item
pick_i15065;pick item
pick_i14781;pick item
pick_i15033;pick item
pick_i14303;pick item
pick_i14796;pick item
pick_i13819;pick item
pick_i14225;pick item
pick_i16092;pick item
pick_i15335;pick item
pick_i15879;pick item
pick_i11474;pick item
ship_o1252;ship order
pick_i13063;pick item
pick_i13105;pick item
pick_i14751;pick item
pick_i15645;pick item
pick_i14107;pick item
pick_i13200;pick item
ship_o1357;ship order
pick_i11249;pick item
pick_i16311;pick item
pick_i14297;pick item
pick_i13725;pick item
pick_i15998;pick item
pick_i15016;pick item
pick_i14444;pick item
pick_i15034;pick item
pick_i15903;pick item
pick_i14707;pick item
pick_i11061;pick item
ship_o1226;ship order
pick_i13716;pick item
pick_i11640;pick item
pick_i14362;pick item
pick_i14632;pick item
pick_i15565;pick item
pick_i12782;pick item
place_o1550;place order
pick_i15799;pick item
pick_i13929;pick item
pick_i14133;pick item
pick_i14405;pick item
pick_i13597;pick item
pick_i14392;pick item
pick_i11422;pick item
pick_i16213;pick item
ship_o1249;ship order
pick_i10871;pick item
pick_i15428;pick item
place_o1551;place order
pick_i15215;pick item
pick_i13988;pick item
pick_i15368;pick item
pick_i15483;pick item
pick_i16007;pick item
pick_i10492;pick item
pick_i12805;pick item
pick_i14327;pick item
pick_i14748;pick item
pick_i12521;pick item
pick_i14825;pick item
pick_i15445;pick item
pick_i15466;pick item
pick_i15470;pick item
pick_i14386;pick item
pick_i15489;pick item
pick_i14480;pick item
pick_i13751;pick item
pick_i12800;pick item
pick_i15143;pick item
pick_i15327;pick item
pick_i13913;pick item
pick_i15972;pick item
pick_i15583;pick item
pick_i14561;pick item
pick_i13411;pick item
pick_i15407;pick item
place_o1552;place order
pick_i15152;pick item
pick_i14308;pick item
pick_i16087;pick item
place_o1553;place order
pick_i15775;pick item
pick_i15910;pick item
pick_i14620;pick item
pick_i16284;pick item
pick_i13230;pick item
pick_i15933;pick item
pick_i16195;pick item
pick_i15787;pick item
pick_i15446;pick item
pick_i14401;pick item
place_o1554;place order
pick_i11721;pick item
pick_i13985;pick item
pick_i13054;pick item
pick_i16464;pick item
pick_i15770;pick item
pick_i16425;pick item
pick_i16400;pick item
pick_i16106;pick item
pick_i16560;pick item
pick_i14093;pick item
pick_i10499;pick item
ship_o1190;ship order
pick_i15685;pick item
pick_i13171;pick item
pick_i14609;pick item
pick_i15794;pick item
pick_i11093;pick item
pick_i14881;pick item
pick_i16535;pick item
pick_i14870;pick item
pick_i15983;pick item
pick_i16032;pick item
pick_i13856;pick item
pick_i12579;pick item
place_o1555;place order
pick_i16121;pick item
pick_i16162;pick item
pick_i15383;pick item
pick_i15135;pick item
pick_i14749;pick item
pick_i15550;pick item
pick_i15210;pick item
pick_i15773;pick item
pick_i16520;pick item
pick_i15241;pick item
pick_i15356;pick item
place_o1556;place order
pick_i14290;pick item
pick_i14238;pick item
pick_i12542;pick item
pick_i16621;pick item
pick_i15401;pick item
pick_i15061;pick item
pick_i12840;pick item
pick_i12513;pick item
pick_i16185;pick item
pick_i14390;pick item
pick_i13283;pick item
place_o1557;place order
pick_i15526;pick item
pick_i16332;pick item
pick_i16595;pick item
place_o1558;place order
pick_i15850;pick item
pick_i15276;pick item
pick_i16025;pick item
pick_i16277;pick item
pick_i15929;pick item
place_o1559;place order
pick_i15055;pick item
pick_i16421;pick item
pick_i15562;pick item
pick_i15505;pick item
pick_i12533;pick item
pick_i15023;pick item
pick_i15544;pick item
pick_i13657;pick item
pick_i15765;pick item
pick_i15168;pick item
pick_i16171;pick item
place_o1560;place order
pick_i14090;pick item
pick_i16416;pick item
pick_i14243;pick item
pick_i16343;pick item
pick_i15235;pick item
pick_i16410;pick item
pick_i16526;pick item
pick_i14645;pick item
pick_i16221;pick item
pick_i14428;pick item
pick_i15712;pick item
pick_i14676;pick item
place_o1561;place order
pick_i15857;pick item
pick_i16250;pick item
pick_i16175;pick item
place_o1562;place order
pick_i16033;pick item
pick_i13087;pick item
pick_i14724;pick item
pick_i14218;pick item
pick_i14831;pick item
pick_i15219;pick item
pick_i14518;pick item
pick_i16633;pick item
pick_i13084;pick item
pick_i16402;pick item
pick_i15295;pick item
pick_i12689;pick item
place_o1563;place order
pick_i14106;pick item
pick_i16216;pick item
pick_i16299;pick item
pick_i15810;pick item
pick_i16130;pick item
pick_i15349;pick item
pick_i16480;pick item
pick_i15103;pick item
pick_i15535;pick item
pick_i16711;pick item
pick_i13142;pick item
pick_i16744;pick item
place_o1564;place order
pick_i16147;pick item
pick_i11375;pick item
pick_i15662;pick item
ship_o1246;ship order
pick_i14911;pick item
pick_i13290;pick item
place_o1565;place order
pick_i15141;pick item
pick_i14835;pick item
pick_i16773;pick item
pick_i15753;pick item
pick_i15597;pick item
pick_i15378;pick item
pick_i13724;pick item
pick_i15506;pick item
pick_i16770;pick item
pick_i16434;pick item
pick_i13007;pick item
pick_i14210;pick item
pick_i14105;pick item
pick_i15887;pick item
pick_i15829;pick item
pick_i15840;pick item
pick_i15785;pick item
pick_i14068;pick item
place_o1566;place order
pick_i15306;pick item
pick_i16573;pick item
pick_i15120;pick item
pick_i16231;pick item
pick_i13893;pick item
pick_i16555;pick item
pick_i15800;pick item
pick_i13708;pick item
pick_i16513;pick item
pick_i13389;pick item
pick_i16743;pick item
pick_i15406;pick item
pick_i11744;pick item
pick_i14745;pick item
pick_i12756;pick item
pick_i14098;pick item
pick_i16189;pick item
pick_i15934;pick item
pick_i14713;pick item
place_o1567;place order
pick_i16043;pick item
pick_i16549;pick item
pick_i13638;pick item
pick_i16396;pick item
pick_i14943;pick item
pick_i14381;pick item
place_o1568;place order
pick_i16583;pick item
pick_i16546;pick item
pick_i15784;pick item
pick_i16176;pick item
place_o1569;place order
pick_i15682;pick item
pick_i16710;pick item
pick_i16275;pick item
pick_i15635;pick item
pick_i14661;pick item
pick_i15695;pick item
pick_i14996;pick item
pick_i14334;pick item
pick_i11736;pick item
pick_i14473;pick item
ship_o1268;ship order
pick_i15355;pick item
pick_i16173;pick item
pick_i12655;pick item
pick_i11990;pick item
place_o1570;place order
ship_o1285;ship order
pick_i16483;pick item
pick_i14160;pick item
pick_i15115;pick item
pick_i16235;pick item
pick_i16852;pick item
pick_i14416;pick item
pick_i15205;pick item
pick_i16602;pick item
pick_i14504;pick item
pick_i15472;pick item
pick_i14960;pick item
pick_i16046;pick item
pick_i15114;pick item
pick_i15694;pick item
pick_i15869;pick item
pick_i16236;pick item
pick_i16079;pick item
pick_i13960;pick item
pick_i16709;pick item
pick_i15270;pick item
pick_i15534;pick item
pick_i11213;pick item
pick_i16707;pick item
ship_o1236;ship order
pick_i15081;pick item
place_o1571;place order
pick_i14576;pick item
pick_i10046;pick item
pick_i12891;pick item
ship_o1161;ship order
pick_i15389;pick item
pick_i16874;pick item
pick_i14396;pick item
pick_i16802;pick item
pick_i13053;pick item
pick_i16146;pick item
pick_i16048;pick item
pick_i14755;pick item
pick_i16841;pick item
pick_i14595;pick item
pick_i16487;pick item
pick_i16845;pick item
pick_i13699;pick item
pick_i11890;pick item
pick_i15519;pick item
pick_i15666;pick item
pick_i16716;pick item
place_o1572;place order
pick_i14131;pick item
pick_i16930;pick item
pick_i15798;pick item
pick_i13624;pick item
pick_i15582;pick item
pick_i14522;pick item
pick_i15165;pick item
pick_i16445;pick item
pick_i14315;pick item
pick_i14419;pick item
pick_i16575;pick item
place_o1573;place order
pick_i13533;pick item
pick_i14644;pick item
pick_i16896;pick item
pick_i13312;pick item
place_o1574;place order
pick_i14852;pick item
pick_i15600;pick item
pick_i16168;pick item
pick_i15448;pick item
pick_i16669;pick item
pick_i13512;pick item
pick_i15968;pick item
pick_i14245;pick item
pick_i16155;pick item
pick_i15777;pick item
pick_i14909;pick item
pick_i15371;pick item
pick_i12808;pick item
ship_o1334;ship order
pick_i15451;pick item
pick_i12912;pick item
place_o1575;place order
pick_i12661;pick item
pick_i16531;pick item
pick_i16749;pick item
pick_i16835;pick item
pick_i15260;pick item
pick_i14937;pick item
pick_i10829;pick item
pick_i16791;pick item
pick_i16868;pick item
pick_i14895;pick item
pick_i16765;pick item
pick_i15132;pick item
pick_i16359;pick item
pick_i16777;pick item
pick_i14841;pick item
pick_i11504;pick item
place_o1576;place order
pick_i13618;pick item
pick_i14947;pick item
pick_i15029;pick item
pick_i14800;pick item
pick_i15441;pick item
pick_i13776;pick item
pick_i16907;pick item
pick_i16548;pick item
pick_i13029;pick item
pick_i16498;pick item
pick_i15909;pick item
pick_i14833;pick item
pick_i16448;pick item
pick_i15028;pick item
pick_i16282;pick item
pick_i14779;pick item
pick_i14637;pick item
pick_i16779;pick item
pick_i15054;pick item
pick_i16911;pick item
pick_i16891;pick item
pick_i14648;pick item
pick_i15504;pick item
place_o1577;place order
pick_i13796;pick item
pick_i16103;pick item
pick_i15625;pick item
pick_i16651;pick item
pick_i16815;pick item
pick_i13001;pick item
pick_i15171;pick item
place_o1578;place order
pick_i14681;pick item
pick_i15718;pick item
pick_i16094;pick item
pick_i15686;pick item
place_o1579;place order
pick_i16304;pick item
pick_i14963;pick item
pick_i17052;pick item
pick_i15758;pick item
pick_i16145;pick item
pick_i12161;pick item
pick_i16357;pick item
pick_i15960;pick item
pick_i15679;pick item
pick_i15876;pick item
pick_i13647;pick item
pick_i12899;pick item
pick_i15900;pick item
ship_o1339;ship order
pick_i11087;pick item
pick_i13511;pick item
pick_i14769;pick item
pick_i13540;pick item
pick_i15463;pick item
pick_i10400;pick item
pick_i15091;pick item
ship_o1183;ship order
pick_i14195;pick item
pick_i15280;pick item
pick_i16936;pick item
pick_i16316;pick item
place_o1580;place order
pick_i14606;pick item
pick_i16920;pick item
pick_i16063;pick item
pick_i14443;pick item
pick_i13904;pick item
pick_i15690;pick item
pick_i16006;pick item
pick_i12833;pick item
pick_i16409;pick item
pick_i16676;pick item
place_o1581;place order
pick_i12261;pick item
pick_i16697;pick item
pick_i15990;pick item
pick_i16776;pick item
pick_i14096;pick item
pick_i14155;pick item
pick_i16107;pick item
pick_i16977;pick item
pick_i13951;pick item
pick_i14849;pick item
pick_i16021;pick item
pick_i15231;pick item
pick_i16054;pick item
pick_i14578;pick item
pick_i15996;pick item
pick_i16203;pick item
pick_i16361;pick item
pick_i16283;pick item
pick_i16438;pick item
pick_i15321;pick item
place_o1582;place order
pick_i14980;pick item
pick_i16757;pick item
pick_i11887;pick item
ship_o1278;ship order
pick_i16455;pick item
pick_i13399;pick item
pick_i14889;pick item
pick_i14516;pick item
pick_i13039;pick item
place_o1583;place order
ship_o1347;ship order
pick_i14113;pick item
pick_i15696;pick item
pick_i16012;pick item
pick_i14933;pick item
pick_i17001;pick item
place_o1584;place order
pick_i14577;pick item
pick_i13786;pick item
place_o1585;place order
pick_i16792;pick item
pick_i14658;pick item
pick_i17058;pick item
pick_i15509;pick item
pick_i16494;pick item
pick_i14906;pick item
pick_i16374;pick item
pick_i14634;pick item
pick_i14234;pick item
pick_i13886;pick item
pick_i15617;pick item
pick_i16401;pick item
pick_i13820;pick item
pick_i16308;pick item
pick_i14384;pick item
pick_i13174;pick item
pick_i15174;pick item
pick_i16854;pick item
pick_i16592;pick item
place_o1586;place order
pick_i16678;pick item
pick_i15885;pick item
pick_i17178;pick item
pick_i16170;pick item
pick_i17069;pick item
pick_i15243;pick item
pick_i17161;pick item
pick_i16900;pick item
pick_i16680;pick item
pick_i15882;pick item
pick_i15766;pick item
pick_i12258;pick item
pick_i12673;pick item
pick_i16825;pick item
pick_i13277;pick item
pick_i16301;pick item
pick_i15639;pick item
pick_i15843;pick item
pick_i17094;pick item
pick_i16811;pick item
pick_i16384;pick item
place_o1587;place order
pick_i15678;pick item
pick_i14355;pick item
pick_i16553;pick item
pick_i14635;pick item
pick_i17213;pick item
pick_i14301;pick item
place_o1588;place order
pick_i13419;pick item
pick_i14850;pick item
pick_i16452;pick item
pick_i15726;pick item
pick_i13428;pick item
pick_i15912;pick item
place_o1589;place order
pick_i17208;pick item
pick_i14799;pick item
pick_i14322;pick item
pick_i17074;pick item
pick_i15092;pick item
pick_i15046;pick item
pick_i15161;pick item
pick_i15073;pick item
place_o1590;place order
pick_i17173;pick item
pick_i15386;pick item
pick_i15221;pick item
pick_i15146;pick item
pick_i15240;pick item
pick_i16342;pick item
pick_i17234;pick item
pick_i17186;pick item
pick_i15963;pick item
pick_i14457;pick item
pick_i16834;pick item
pick_i14163;pick item
pick_i16242;pick item
pick_i15363;pick item
pick_i16321;pick item
place_o1591;place order
pick_i14403;pick item
pick_i13914;pick item
pick_i15310;pick item
pick_i15166;pick item
pick_i17113;pick item
pick_i17066;pick item
pick_i17263;pick item
pick_i15871;pick item
pick_i17185;pick item
pick_i16550;pick item
place_o1592;place order
pick_i14491;pick item
pick_i16433;pick item
place_o1593;place order
pick_i16309;pick item
pick_i17120;pick item
pick_i16318;pick item
pick_i15658;pick item
pick_i17010;pick item
pick_i15556;pick item
pick_i17191;pick item
pick_i17011;pick item
pick_i16850;pick item
place_o1594;place order
pick_i16196;pick item
pick_i13296;pick item
pick_i16247;pick item
pick_i16698;pick item
pick_i14017;pick item
pick_i12931;pick item
pick_i14846;pick item
pick_i15560;pick item
pick_i16334;pick item
pick_i16869;pick item
pick_i16875;pick item
pick_i16330;pick item
place_o1595;place order
pick_i16574;pick item
pick_i14611;pick item
pick_i12484;pick item
pick_i13341;pick item
pick_i13745;pick item
pick_i12016;pick item
pick_i14631;pick item
pick_i15638;pick item
pick_i16965;pick item
pick_i11907;pick item
place_o1596;place order
pick_i16594;pick item
pick_i14109;pick item
pick_i11280;pick item
ship_o1240;ship order
pick_i14535;pick item
pick_i16491;pick item
pick_i15865;pick item
pick_i14033;pick item
pick_i12649;pick item
pick_i10605;pick item
ship_o1196;ship order
pick_i13782;pick item
pick_i16504;pick item
pick_i15402;pick item
pick_i15440;pick item
pick_i15853;pick item
pick_i17334;pick item
pick_i13878;pick item
pick_i13848;pick item
pick_i17027;pick item
pick_i17172;pick item
pick_i13713;pick item
place_o1597;place order
pick_i15926;pick item
pick_i16562;pick item
pick_i15902;pick item
pick_i15541;pick item
pick_i12033;pick item
pick_i14284;pick item
pick_i14438;pick item
pick_i17212;pick item
pick_i13589;pick item
pick_i14006;pick item
pick_i11932;pick item
pick_i15632;pick item
pick_i15572;pick item
pick_i16971;pick item
pick_i15063;pick item
pick_i15580;pick item
pick_i11522;pick item
pick_i16072;pick item
pick_i13325;pick item
place_o1598;place order
pick_i13219;pick item
pick_i16970;pick item
pick_i15832;pick item
pick_i16561;pick item
pick_i17341;pick item
pick_i17406;pick item
pick_i15082;pick item
pick_i14684;pick item
pick_i14067;pick item
place_o1599;place order
pick_i16353;pick item
pick_i17199;pick item
pick_i16888;pick item
pick_i16839;pick item
place_o1600;place order
pick_i14791;pick item
pick_i17354;pick item
pick_i17405;pick item
pick_i16463;pick item
pick_i16787;pick item
pick_i16999;pick item
pick_i15936;pick item
pick_i12941;pick item
pick_i15693;pick item
pick_i15781;pick item
pick_i16040;pick item
pick_i15735;pick item
pick_i16177;pick item
place_o1601;place order
pick_i12257;pick item
pick_i10328;pick item
pick_i17068;pick item
pick_i11081;pick item
ship_o1228;ship order
pick_i16527;pick item
pick_i16501;pick item
pick_i14508;pick item
pick_i16978;pick item
pick_i15423;pick item
pick_i16640;pick item
pick_i14272;pick item
pick_i16459;pick item
pick_i10577;pick item
pick_i16752;pick item
pick_i12205;pick item
pick_i13598;pick item
pick_i12793;pick item
pick_i17147;pick item
pick_i15112;pick item
pick_i15258;pick item
pick_i15313;pick item
pick_i17480;pick item
pick_i16187;pick item
pick_i14888;pick item
place_o1602;place order
pick_i14132;pick item
pick_i16399;pick item
pick_i16939;pick item
place_o1603;place order
pick_i17076;pick item
pick_i16820;pick item
pick_i15630;pick item
pick_i11919;pick item
pick_i17187;pick item
pick_i16650;pick item
pick_i14983;pick item
pick_i16481;pick item
place_o1604;place order
pick_i15703;pick item
pick_i17562;pick item
pick_i14698;pick item
place_o1605;place order
pick_i15177;pick item
pick_i16984;pick item
pick_i16411;pick item
pick_i15492;pick item
pick_i16774;pick item
pick_i12699;pick item
pick_i16730;pick item
pick_i14459;pick item
pick_i13449;pick item
pick_i17449;pick item
pick_i13519;pick item
pick_i14892;pick item
pick_i16813;pick item
pick_i12487;pick item
pick_i14177;pick item
pick_i16975;pick item
pick_i13424;pick item
pick_i16639;pick item
pick_i13433;pick item
pick_i16809;pick item
pick_i13232;pick item
place_o1606;place order
pick_i17158;pick item
pick_i15508;pick item
pick_i15958;pick item
pick_i13621;pick item
pick_i14653;pick item
pick_i15188;pick item
pick_i16329;pick item
pick_i17349;pick item
place_o1607;place order
pick_i14776;pick item
pick_i10868;pick item
pick_i17141;pick item
ship_o1215;ship order
pick_i17367;pick item
pick_i16882;pick item
pick_i15330;pick item
pick_i15398;pick item
pick_i14968;pick item
pick_i17390;pick item
pick_i14912;pick item
pick_i16644;pick item
pick_i14533;pick item
pick_i16816;pick item
pick_i14926;pick item
pick_i14515;pick item
pick_i17083;pick item
pick_i16328;pick item
pick_i17372;pick item
pick_i17240;pick item
pick_i15792;pick item
pick_i15640;pick item
place_o1608;place order
pick_i15974;pick item
pick_i16467;pick item
pick_i15208;pick item
pick_i16967;pick item
pick_i16240;pick item
pick_i14597;pick item
pick_i16515;pick item
pick_i15214;pick item
pick_i17057;pick item
pick_i16613;pick item
place_o1609;place order
pick_i14237;pick item
pick_i17490;pick item
pick_i16075;pick item
pick_i17138;pick item
place_o1610;place order
pick_i15520;pick item
pick_i13074;pick item
pick_i13212;pick item
pick_i17286;pick item
pick_i17351;pick item
pick_i16732;pick item
pick_i15733;pick item
pick_i17597;pick item
pick_i15494;pick item
pick_i17516;pick item
pick_i16659;pick item
pick_i16837;pick item
pick_i15698;pick item
pick_i17642;pick item
pick_i15124;pick item
pick_i17654;pick item
pick_i16937;pick item
pick_i14674;pick item
pick_i16605;pick item
pick_i16801;pick item
pick_i12307;pick item
pick_i16522;pick item
place_o1611;place order
pick_i13891;pick item
pick_i15250;pick item
pick_i16068;pick item
pick_i16719;pick item
pick_i15051;pick item
pick_i16495;pick item
pick_i16856;pick item
pick_i17593;pick item
pick_i14082;pick item
pick_i17089;pick item
place_o1612;place order
pick_i17412;pick item
pick_i15894;pick item
pick_i14817;pick item
pick_i14766;pick item
pick_i16163;pick item
pick_i15939;pick item
pick_i13176;pick item
pick_i16035;pick item
pick_i15144;pick item
pick_i16726;pick item
pick_i12502;pick item
pick_i13380;pick item
pick_i16563;pick item
pick_i14333;pick item
pick_i14619;pick item
pick_i16436;pick item
pick_i17220;pick item
pick_i12919;pick item
pick_i15858;pick item
pick_i12234;pick item
pick_i15326;pick item
pick_i13977;pick item
pick_i17384;pick item
pick_i13995;pick item
pick_i13661;pick item
pick_i17290;pick item
place_o1613;place order
pick_i17160;pick item
pick_i15212;pick item
pick_i12242;pick item
pick_i14613;pick item
pick_i15808;pick item
pick_i15180;pick item
pick_i16165;pick item
pick_i15722;pick item
place_o1614;place order
pick_i16362;pick item
pick_i17611;pick item
pick_i16152;pick item
pick_i16695;pick item
pick_i16093;pick item
pick_i13710;pick item
pick_i16124;pick item
pick_i16338;pick item
place_o1615;place order
pick_i13324;pick item
pick_i12868;pick item
pick_i16091;pick item
pick_i14404;pick item
pick_i16197;pick item
pick_i17014;pick item
pick_i12546;pick item
pick_i16840;pick item
pick_i17437;pick item
pick_i16510;pick item
pick_i16647;pick item
pick_i17378;pick item
pick_i16405;pick item
pick_i12166;pick item
pick_i15309;pick item
pick_i17599;pick item
pick_i15588;pick item
pick_i11137;pick item
ship_o1232;ship order
pick_i16202;pick item
pick_i16478;pick item
pick_i17627;pick item
pick_i12505;pick item
place_o1616;place order
pick_i13156;pick item
ship_o1315;ship order
pick_i11846;pick item
pick_i14847;pick item
pick_i13495;pick item
pick_i16037;pick item
pick_i13628;pick item
pick_i16738;pick item
pick_i14789;pick item
pick_i17310;pick item
pick_i15457;pick item
place_o1617;place order
pick_i14767;pick item
pick_i13360;pick item
pick_i12324;pick item
pick_i16135;pick item
pick_i13693;pick item
pick_i16115;pick item
pick_i16378;pick item
pick_i10195;pick item
pick_i13418;pick item
ship_o1169;ship order
pick_i17795;pick item
pick_i16268;pick item
pick_i16727;pick item
pick_i14559;pick item
pick_i13983;pick item
pick_i17318;pick item
pick_i14101;pick item
pick_i13754;pick item
pick_i17500;pick item
pick_i16906;pick item
pick_i16505;pick item
pick_i17473;pick item
place_o1618;place order
pick_i13568;pick item
pick_i17608;pick item
pick_i15203;pick item
pick_i15737;pick item
pick_i14768;pick item
place_o1619;place order
pick_i17700;pick item
pick_i15538;pick item
pick_i11845;pick item
pick_i14328;pick item
pick_i13596;pick item
place_o1620;place order
pick_i13707;pick item
pick_i13571;pick item
pick_i14498;pick item
pick_i17388;pick item
place_o1621;place order
pick_i15511;pick item
pick_i15852;pick item
pick_i17532;pick item
pick_i13794;pick item
pick_i16406;pick item
pick_i16733;pick item
pick_i11600;pick item
pick_i17510;pick item
pick_i13057;pick item
place_o1622;place order
pick_i12666;pick item
pick_i17744;pick item
pick_i13789;pick item
pick_i14490;pick item
pick_i13862;pick item
pick_i17087;pick item
pick_i17530;pick item
place_o1623;place order
pick_i16139;pick item
pick_i16397;pick item
pick_i17920;pick item
pick_i11900;pick item
pick_i15129;pick item
pick_i17771;pick item
place_o1624;place order
pick_i17336;pick item
pick_i16529;pick item
pick_i17679;pick item
pick_i11019;pick item
pick_i16143;pick item
ship_o1224;ship order
pick_i14735;pick item
pick_i17359;pick item
place_o1625;place order
pick_i13225;pick item
pick_i12551;pick item
pick_i17702;pick item
pick_i12902;pick item
pick_i14734;pick item
pick_i11539;pick item
ship_o1256;ship order
pick_i16851;pick item
pick_i14818;pick item
pick_i17204;pick item
pick_i15705;pick item
pick_i17958;pick item
pick_i16624;pick item
pick_i16664;pick item
pick_i15047;pick item
pick_i17116;pick item
pick_i16239;pick item
place_o1626;place order
pick_i16132;pick item
pick_i14903;pick item
pick_i17909;pick item
pick_i16831;pick item
pick_i15643;pick item
pick_i16918;pick item
pick_i15659;pick item
pick_i15938;pick item
pick_i16430;pick item
pick_i17718;pick item
pick_i13478;pick item
pick_i17557;pick item
pick_i17964;pick item
pick_i12106;pick item
place_o1627;place order
pick_i16442;pick item
pick_i14181;pick item
pick_i17566;pick item
pick_i16280;pick item
pick_i14241;pick item
pick_i17764;pick item
pick_i15734;pick item
pick_i16267;pick item
pick_i17656;pick item
place_o1628;place order
pick_i17861;pick item
pick_i15106;pick item
pick_i17845;pick item
pick_i17872;pick item
pick_i15337;pick item
pick_i17379;pick item
pick_i14482;pick item
pick_i17601;pick item
pick_i13417;pick item
pick_i17981;pick item
pick_i17626;pick item
pick_i15050;pick item
pick_i16066;pick item
pick_i14134;pick item
pick_i17915;pick item
pick_i17561;pick item
pick_i16611;pick item
pick_i17371;pick item
place_o1629;place order
pick_i18035;pick item
pick_i15104;pick item
pick_i17952;pick item
pick_i16492;pick item
pick_i16679;pick item
pick_i15095;pick item
pick_i13088;pick item
pick_i14948;pick item
pick_i17690;pick item
pick_i17247;pick item
pick_i17015;pick item
place_o1630;place order
pick_i13826;pick item
pick_i14816;pick item
pick_i15450;pick item
pick_i16413;pick item
pick_i14992;pick item
pick_i16507;pick item
pick_i17865;pick item
pick_i17447;pick item
pick_i16699;pick item
place_o1631;place order
pick_i15908;pick item
pick_i12770;pick item
ship_o1332;ship order
pick_i16398;pick item
pick_i15623;pick item
place_o1632;place order
pick_i15153;pick item
pick_i15762;pick item
pick_i16074;pick item
pick_i14830;pick item
pick_i13839;pick item
pick_i16961;pick item
pick_i16980;pick item
pick_i15456;pick item
pick_i11833;pick item
pick_i17460;pick item
pick_i16418;pick item
pick_i17075;pick item
pick_i11578;pick item
pick_i17429;pick item
pick_i15727;pick item
pick_i15497;pick item
pick_i13806;pick item
pick_i17382;pick item
pick_i14778;pick item
pick_i15859;pick item
pick_i13323;pick item
pick_i16637;pick item
pick_i15481;pick item
pick_i15342;pick item
pick_i15453;pick item
place_o1633;place order
pick_i17563;pick item
pick_i16300;pick item
pick_i17770;pick item
pick_i16614;pick item
pick_i11457;pick item
ship_o1251;ship order
pick_i17038;pick item
pick_i17317;pick item
pick_i16718;pick item
pick_i11269;pick item
pick_i14319;pick item
ship_o1239;ship order
pick_i15274;pick item
pick_i17934;pick item
pick_i16090;pick item
place_o1634;place order
pick_i13991;pick item
pick_i14683;pick item
pick_i16958;pick item
place_o1635;place order
pick_i17267;pick item
pick_i17743;pick item
pick_i16182;pick item
pick_i17742;pick item
pick_i17548;pick item
place_o1636;place order
pick_i15793;pick item
pick_i14887;pick item
pick_i15811;pick item
pick_i17730;pick item
pick_i17000;pick item
pick_i17285;pick item
pick_i17154;pick item
pick_i15136;pick item
pick_i13726;pick item
pick_i13658;pick item
pick_i11781;pick item
place_o1637;place order
pick_i15750;pick item
ship_o1272;ship order
pick_i15935;pick item
pick_i17395;pick item
pick_i16657;pick item
pick_i14944;pick item
pick_i17369;pick item
pick_i17660;pick item
pick_i17638;pick item
pick_i14601;pick item
pick_i17137;pick item
pick_i18059;pick item
pick_i15747;pick item
pick_i16616;pick item
pick_i17241;pick item
pick_i17224;pick item
pick_i16352;pick item
pick_i13405;pick item
pick_i13632;pick item
pick_i15955;pick item
pick_i16713;pick item
pick_i14008;pick item
pick_i14414;pick item
pick_i16708;pick item
place_o1638;place order
pick_i17647;pick item
pick_i16415;pick item
pick_i14692;pick item
pick_i17779;pick item
pick_i16622;pick item
pick_i18046;pick item
pick_i17485;pick item
pick_i16878;pick item
place_o1639;place order
pick_i17250;pick item
pick_i18139;pick item
pick_i13675;pick item
pick_i18190;pick item
pick_i17362;pick item
pick_i14794;pick item
place_o1640;place order
pick_i16315;pick item
pick_i14014;pick item
pick_i16766;pick item
pick_i16335;pick item
pick_i15608;pick item
pick_i18157;pick item
pick_i13688;pick item
pick_i17605;pick item
pick_i17287;pick item
pick_i17814;pick item
pick_i15097;pick item
pick_i16702;pick item
pick_i13655;pick item
pick_i17912;pick item
pick_i18248;pick item
pick_i15038;pick item
pick_i11709;pick item
pick_i17885;pick item
pick_i17376;pick item
pick_i17759;pick item
pick_i15891;pick item
place_o1641;place order
pick_i16064;pick item
pick_i12289;pick item
pick_i15575;pick item
pick_i15365;pick item
pick_i17082;pick item
pick_i12669;pick item
pick_i16142;pick item
pick_i15980;pick item
pick_i16863;pick item
pick_i17664;pick item
pick_i15147;pick item
place_o1642;place order
pick_i15100;pick item
pick_i18135;pick item
pick_i13507;pick item
pick_i16804;pick item
pick_i16228;pick item
pick_i16496;pick item
pick_i17139;pick item
pick_i17452;pick item
pick_i18176;pick item
pick_i17900;pick item
pick_i12471;pick item
place_o1643;place order
pick_i13825;pick item
pick_i13852;pick item
pick_i15612;pick item
pick_i17003;pick item
pick_i15224;pick item
pick_i17459;pick item
pick_i17793;pick item
pick_i16684;pick item
pick_i16117;pick item
place_o1644;place order
pick_i16662;pick item
pick_i14984;pick item
pick_i15308;pick item
pick_i16350;pick item
place_o1645;place order
pick_i18025;pick item
pick_i17712;pick item
pick_i17409;pick item
pick_i17079;pick item
pick_i17492;pick item
pick_i15655;pick item
pick_i15802;pick item
pick_i15191;pick item
pick_i12911;pick item
pick_i16034;pick item
pick_i16610;pick item
pick_i14861;pick item
pick_i18340;pick item
pick_i12670;pick item
pick_i15873;pick item
pick_i13250;pick item
pick_i18220;pick item
pick_i17797;pick item
place_o1646;place order
pick_i17155;pick item
pick_i18117;pick item
pick_i12149;pick item
pick_i18195;pick item
pick_i17236;pick item
pick_i14754;pick item
pick_i16645;pick item
pick_i17373;pick item
pick_i14696;pick item
pick_i16822;pick item
pick_i16292;pick item
pick_i18023;pick item
pick_i15899;pick item
pick_i15529;pick item
pick_i16437;pick item
pick_i17219;pick item
pick_i16956;pick item
pick_i14289;pick item
pick_i16462;pick item
pick_i18222;pick item
pick_i17157;pick item
pick_i17165;pick item
pick_i17064;pick item
pick_i17246;pick item
pick_i17733;pick item
pick_i11891;pick item
pick_i15967;pick item
pick_i16827;pick item
place_o1647;place order
pick_i15731;pick item
pick_i14927;pick item
pick_i16422;pick item
pick_i13169;pick item
pick_i16429;pick item
pick_i12375;pick item
pick_i16542;pick item
place_o1648;place order
pick_i17051;pick item
pick_i17091;pick item
pick_i18396;pick item
place_o1649;place order
pick_i17319;pick item
pick_i15744;pick item
pick_i17839;pick item
pick_i18061;pick item
pick_i15717;pick item
pick_i17645;pick item
pick_i16218;pick item
place_o1650;place order
pick_i17454;pick item
pick_i16008;pick item
pick_i15012;pick item
pick_i14583;pick item
pick_i17391;pick item
place_o1651;place order
pick_i14010;pick item
pick_i18049;pick item
pick_i17440;pick item
pick_i16615;pick item
place_o1652;place order
pick_i18456;pick item
pick_i15364;pick item
pick_i18273;pick item
pick_i17636;pick item
place_o1653;place order
pick_i17827;pick item
pick_i17164;pick item
pick_i15287;pick item
pick_i14317;pick item
pick_i18024;pick item
pick_i15302;pick item
place_o1654;place order
pick_i18320;pick item
pick_i14509;pick item
pick_i16751;pick item
pick_i14316;pick item
pick_i16597;pick item
pick_i18327;pick item
pick_i15044;pick item
pick_i16525;pick item
pick_i16262;pick item
pick_i16572;pick item
pick_i18173;pick item
pick_i12932;pick item
pick_i16935;pick item
pick_i15763;pick item
pick_i17167;pick item
pick_i17614;pick item
pick_i17363;pick item
pick_i17963;pick item
place_o1655;place order
pick_i14586;pick item
pick_i18003;pick item
pick_i16754;pick item
pick_i15415;pick item
pick_i17071;pick item
pick_i17783;pick item
pick_i16830;pick item
pick_i16551;pick item
place_o1656;place order
pick_i16029;pick item
pick_i18055;pick item
pick_i17537;pick item
pick_i17098;pick item
pick_i15860;pick item
pick_i13629;pick item
pick_i15783;pick item
pick_i16324;pick item
pick_i15277;pick item
place_o1657;place order
pick_i16290;pick item
pick_i18240;pick item
pick_i17436;pick item
pick_i15465;pick item
pick_i16865;pick item
pick_i17778;pick item
pick_i14532;pick item
pick_i14705;pick item
pick_i11824;pick item
pick_i17445;pick item
pick_i18406;pick item
pick_i17671;pick item
pick_i15795;pick item
pick_i16111;pick item
pick_i15803;pick item
pick_i15901;pick item
pick_i15709;pick item
pick_i17558;pick item
pick_i12411;pick item
pick_i13145;pick item
pick_i16358;pick item
pick_i18053;pick item
pick_i16755;pick item
place_o1658;place order
pick_i17974;pick item
pick_i16259;pick item
pick_i14759;pick item
pick_i17008;pick item
pick_i15849;pick item
pick_i18216;pick item
pick_i14555;pick item
pick_i18067;pick item
pick_i17520;pick item
pick_i16382;pick item
pick_i17470;pick item
pick_i15976;pick item
pick_i18528;pick item
pick_i15438;pick item
pick_i17884;pick item
pick_i15468;pick item
pick_i18363;pick item
pick_i17059;pick item
pick_i15393;pick item
pick_i18215;pick item
pick_i16310;pick item
pick_i17456;pick item
place_o1659;place order
pick_i15111;pick item
pick_i17820;pick item
pick_i11963;pick item
ship_o1284;ship order
pick_i17279;pick item
pick_i11099;pick item
pick_i13695;pick item
pick_i16985;pick item
pick_i18183;pick item
place_o1660;place order
pick_i15987;pick item
pick_i17175;pick item
pick_i16566;pick item
pick_i13430;pick item
pick_i18470;pick item
pick_i18414;pick item
place_o1661;place order
pick_i18580;pick item
pick_i14750;pick item
pick_i17667;pick item
pick_i17916;pick item
pick_i17669;pick item
pick_i16666;pick item
pick_i17867;pick item
pick_i18423;pick item
pick_i18522;pick item
pick_i12268;pick item
pick_i15058;pick item
pick_i13994;pick item
pick_i15569;pick item
pick_i16910;pick item
pick_i18270;pick item
pick_i17518;pick item
pick_i18232;pick item
pick_i18341;pick item
pick_i13834;pick item
pick_i17448;pick item
pick_i12426;pick item
pick_i15661;pick item
place_o1662;place order
pick_i16618;pick item
pick_i17478;pick item
pick_i12131;pick item
pick_i17401;pick item
pick_i16670;pick item
pick_i13110;pick item
pick_i17577;pick item
pick_i12921;pick item
pick_i18143;pick item
pick_i17607;pick item
pick_i13055;pick item
place_o1663;place order
pick_i17329;pick item
pick_i17737;pick item
pick_i18455;pick item
pick_i18244;pick item
pick_i18555;pick item
pick_i15543;pick item
pick_i17408;pick item
pick_i16926;pick item
pick_i14756;pick item
pick_i16717;pick item
pick_i17586;pick item
pick_i18629;pick item
pick_i18278;pick item
pick_i18217;pick item
pick_i15828;pick item
pick_i16294;pick item
pick_i17029;pick item
pick_i15096;pick item
pick_i16288;pick item
pick_i14899;pick item
pick_i15273;pick item
pick_i18608;pick item
pick_i18083;pick item
pick_i16686;pick item
pick_i13210;pick item
pick_i14650;pick item
place_o1664;place order
pick_i14255;pick item
pick_i18483;pick item
pick_i15668;pick item
pick_i14985;pick item
place_o1665;place order
pick_i12681;pick item
pick_i16790;pick item
pick_i16833;pick item
pick_i18502;pick item
pick_i16015;pick item
place_o1666;place order
pick_i15322;pick item
pick_i18071;pick item
pick_i17404;pick item
pick_i17344;pick item
pick_i15305;pick item
pick_i15062;pick item
pick_i15030;pick item
pick_i17767;pick item
pick_i16215;pick item
pick_i15586;pick item
pick_i17361;pick item
pick_i12727;pick item
place_o1667;place order
pick_i14440;pick item
pick_i18309;pick item
pick_i17135;pick item
pick_i16849;pick item
pick_i16489;pick item
pick_i16729;pick item
pick_i17705;pick item
pick_i16391;pick item
pick_i16503;pick item
pick_i17731;pick item
pick_i16045;pick item
pick_i18243;pick item
pick_i16253;pick item
pick_i16223;pick item
pick_i18574;pick item
pick_i13423;pick item
pick_i17732;pick item
pick_i14939;pick item
pick_i17716;pick item
pick_i16576;pick item
place_o1668;place order
pick_i18209;pick item
pick_i17648;pick item
pick_i17111;pick item
place_o1669;place order
pick_i18294;pick item
pick_i18000;pick item
pick_i12995;pick item
place_o1670;place order
pick_i12078;pick item
pick_i17843;pick item
pick_i14162;pick item
pick_i17501;pick item
pick_i17377;pick item
pick_i15204;pick item
pick_i18731;pick item
pick_i17575;pick item
pick_i16291;pick item
pick_i16320;pick item
pick_i17953;pick item
pick_i18781;pick item
pick_i15067;pick item
pick_i18235;pick item
pick_i13144;pick item
pick_i16260;pick item
pick_i18509;pick item
pick_i18342;pick item
pick_i14058;pick item
pick_i13750;pick item
pick_i17465;pick item
pick_i18297;pick item
pick_i17170;pick item
pick_i18444;pick item
pick_i17688;pick item
pick_i17948;pick item
pick_i16780;pick item
pick_i18767;pick item
pick_i18661;pick item
place_o1671;place order
pick_i15819;pick item
pick_i16964;pick item
pick_i18011;pick item
pick_i15657;pick item
pick_i17503;pick item
pick_i16663;pick item
pick_i18772;pick item
pick_i16929;pick item
pick_i16579;pick item
pick_i16537;pick item
pick_i18123;pick item
pick_i15020;pick item
pick_i13967;pick item
pick_i17808;pick item
pick_i18810;pick item
pick_i18479;pick item
pick_i16933;pick item
pick_i18732;pick item
pick_i16991;pick item
pick_i18228;pick item
pick_i16769;pick item
pick_i16720;pick item
pick_i16524;pick item
place_o1672;place order
pick_i17519;pick item
pick_i16895;pick item
pick_i16369;pick item
pick_i10988;pick item
pick_i17198;pick item
pick_i15631;pick item
pick_i18185;pick item
pick_i17466;pick item
pick_i14205;pick item
pick_i17481;pick item
pick_i17496;pick item
pick_i17107;pick item
pick_i17710;pick item
pick_i16772;pick item
pick_i18677;pick item
pick_i18831;pick item
pick_i17849;pick item
pick_i18794;pick item
pick_i17417;pick item
pick_i17643;pick item
pick_i17854;pick item
place_o1673;place order
pick_i17016;pick item
pick_i18737;pick item
pick_i18724;pick item
pick_i18062;pick item
pick_i18503;pick item
pick_i18283;pick item
pick_i16569;pick item
place_o1674;place order
pick_i16690;pick item
pick_i17600;pick item
place_o1675;place order
pick_i18616;pick item
pick_i15525;pick item
pick_i14211;pick item
pick_i15477;pick item
pick_i17969;pick item
pick_i16030;pick item
pick_i18388;pick item
pick_i14655;pick item
pick_i18777;pick item
pick_i18308;pick item
pick_i17036;pick item
pick_i18560;pick item
pick_i13742;pick item
pick_i16914;pick item
pick_i17203;pick item
pick_i15422;pick item
pick_i17259;pick item
pick_i16864;pick item
pick_i13131;pick item
place_o1676;place order
pick_i11092;pick item
ship_o1229;ship order
pick_i13706;pick item
pick_i14251;pick item
pick_i16739;pick item
pick_i18819;pick item
pick_i18879;pick item
pick_i17754;pick item
pick_i13390;pick item
pick_i14896;pick item
pick_i14439;pick item
place_o1677;place order
pick_i16917;pick item
pick_i18100;pick item
pick_i18466;pick item
pick_i14915;pick item
pick_i17476;pick item
pick_i13014;pick item
pick_i18415;pick item
pick_i18565;pick item
pick_i15099;pick item
pick_i12718;pick item
pick_i14726;pick item
pick_i18542;pick item
pick_i15986;pick item
pick_i11515;pick item
pick_i12750;pick item
pick_i17581;pick item
pick_i18486;pick item
pick_i15949;pick item
place_o1678;place order
pick_i18106;pick item
pick_i12717;pick item
pick_i18913;pick item
pick_i15966;pick item
pick_i18468;pick item
pick_i17673;pick item
pick_i18884;pick item
pick_i18709;pick item
pick_i16982;pick item
place_o1679;place order
pick_i16944;pick item
pick_i17714;pick item
pick_i15752;pick item
pick_i17683;pick item
pick_i15253;pick item
place_o1680;place order
pick_i11586;pick item
ship_o1260;ship order
pick_i15052;pick item
pick_i18691;pick item
pick_i14270;pick item
pick_i16060;pick item
pick_i14737;pick item
pick_i14089;pick item
pick_i12376;pick item
pick_i15035;pick item
pick_i18473;pick item
pick_i15760;pick item
place_o1681;place order
pick_i17129;pick item
pick_i13292;pick item
pick_i18828;pick item
pick_i17472;pick item
pick_i18113;pick item
pick_i14182;pick item
pick_i14773;pick item
place_o1682;place order
pick_i13599;pick item
pick_i17216;pick item
pick_i14584;pick item
pick_i17196;pick item
pick_i16105;pick item
pick_i14701;pick item
pick_i17177;pick item
pick_i18108;pick item
pick_i17283;pick item
pick_i15354;pick item
pick_i16423;pick item
place_o1683;place order
pick_i18655;pick item
pick_i17594;pick item
pick_i17109;pick item
place_o1684;place order
pick_i16080;pick item
pick_i14520;pick item
pick_i15656;pick item
pick_i15307;pick item
pick_i12444;pick item
pick_i12779;pick item
pick_i16881;pick item
pick_i14829;pick item
pick_i17350;pick item
pick_i19029;pick item
pick_i18822;pick item
pick_i14541;pick item
pick_i17693;pick item
pick_i18073;pick item
pick_i17523;pick item
pick_i14860;pick item
place_o1685;place order
pick_i18855;pick item
pick_i18321;pick item
pick_i17314;pick item
pick_i13398;pick item
pick_i15264;pick item
pick_i18501;pick item
pick_i17760;pick item
pick_i16824;pick item
pick_i18679;pick item
pick_i18976;pick item
pick_i18267;pick item
pick_i18446;pick item
place_o1686;place order
pick_i12873;pick item
pick_i17976;pick item
pick_i18229;pick item
pick_i18079;pick item
pick_i18356;pick item
pick_i16536;pick item
pick_i17888;pick item
pick_i18960;pick item
pick_i17951;pick item
pick_i17421;pick item
place_o1687;place order
pick_i16225;pick item
pick_i13079;pick item
pick_i16450;pick item
pick_i17435;pick item
pick_i14501;pick item
pick_i18013;pick item
pick_i17214;pick item
pick_i14875;pick item
pick_i18877;pick item
pick_i19026;pick item
pick_i13412;pick item
pick_i18959;pick item
pick_i16934;pick item
pick_i17411;pick item
pick_i15927;pick item
pick_i13584;pick item
pick_i19119;pick item
pick_i18664;pick item
pick_i16474;pick item
pick_i19124;pick item
place_o1688;place order
pick_i13414;pick item
pick_i12180;pick item
pick_i16274;pick item
pick_i18957;pick item
pick_i15738;pick item
pick_i16635;pick item
pick_i19022;pick item
pick_i17189;pick item
pick_i19004;pick item
pick_i18674;pick item
pick_i18602;pick item
pick_i14227;pick item
pick_i13064;pick item
pick_i17269;pick item
ship_o1348;ship order
pick_i18962;pick item
pick_i18927;pick item
pick_i16127;pick item
pick_i17758;pick item
pick_i15107;pick item
place_o1689;place order
pick_i18705;pick item
pick_i18362;pick item
pick_i18367;pick item
pick_i14383;pick item
pick_i15767;pick item
pick_i18480;pick item
pick_i18722;pick item
pick_i16715;pick item
pick_i17206;pick item
pick_i13550;pick item
place_o1690;place order
pick_i16081;pick item
pick_i18439;pick item
pick_i16712;pick item
place_o1691;place order
pick_i16363;pick item
pick_i16227;pick item
pick_i16365;pick item
pick_i18780;pick item
pick_i18314;pick item
pick_i13768;pick item
pick_i12377;pick item
pick_i17592;pick item
pick_i18514;pick item
pick_i18853;pick item
pick_i13906;pick item
pick_i14976;pick item
pick_i15531;pick item
pick_i17531;pick item
pick_i17855;pick item
pick_i17789;pick item
pick_i14569;pick item
pick_i18881;pick item
pick_i19226;pick item
pick_i16803;pick item
pick_i16255;pick item
pick_i15834;pick item
pick_i17570;pick item
pick_i17265;pick item
pick_i17225;pick item
pick_i18548;pick item
pick_i18769;pick item
pick_i18075;pick item
place_o1692;place order
pick_i18785;pick item
pick_i16924;pick item
pick_i17397;pick item
pick_i17573;pick item
place_o1693;place order
pick_i18823;pick item
pick_i18789;pick item
pick_i15953;pick item
pick_i18099;pick item
pick_i18125;pick item
pick_i16019;pick item
pick_i13298;pick item
ship_o1362;ship order
pick_i18660;pick item
pick_i17678;pick item
pick_i18824;pick item
pick_i18943;pick item
pick_i18006;pick item
pick_i14729;pick item
pick_i17975;pick item
pick_i16270;pick item
pick_i16098;pick item
pick_i15479;pick item
pick_i19112;pick item
pick_i16628;pick item
pick_i14135;pick item
pick_i18207;pick item
pick_i14762;pick item
pick_i18353;pick item
pick_i16745;pick item
pick_i12202;pick item
pick_i18127;pick item
ship_o1298;ship order
pick_i18474;pick item
pick_i18850;pick item
pick_i17525;pick item
pick_i14979;pick item
pick_i17488;pick item
pick_i16603;pick item
place_o1694;place order
pick_i18386;pick item
pick_i18941;pick item
pick_i18084;pick item
pick_i16913;pick item
pick_i18754;pick item
pick_i17093;pick item
pick_i14041;pick item
pick_i18168;pick item
pick_i15265;pick item
pick_i16134;pick item
pick_i14228;pick item
pick_i15427;pick item
pick_i18659;pick item
pick_i19276;pick item
place_o1695;place order
pick_i16141;pick item
pick_i19117;pick item
pick_i18037;pick item
place_o1696;place order
pick_i16065;pick item
pick_i19052;pick item
pick_i18203;pick item
pick_i12098;pick item
pick_i17462;pick item
pick_i15845;pick item
pick_i16627;pick item
pick_i18015;pick item
place_o1697;place order
pick_i18622;pick item
pick_i18373;pick item
pick_i15592;pick item
pick_i16547;pick item
pick_i18261;pick item
pick_i16894;pick item
pick_i18518;pick item
pick_i13339;pick item
pick_i13697;pick item
pick_i19283;pick item
pick_i17858;pick item
place_o1698;place order
pick_i19114;pick item
pick_i17665;pick item
pick_i17217;pick item
place_o1699;place order
pick_i16233;pick item
pick_i19030;pick item
pick_i15606;pick item
place_o1700;place order
pick_i15589;pick item
pick_i15646;pick item
pick_i17995;pick item
place_o1701;place order
pick_i16862;pick item
pick_i18758;pick item
pick_i19346;pick item
place_o1702;place order
pick_i15469;pick item
pick_i19046;pick item
pick_i14570;pick item
pick_i18798;pick item
pick_i14718;pick item
pick_i15848;pick item
pick_i14740;pick item
pick_i19200;pick item
pick_i15813;pick item
pick_i11158;pick item
pick_i15796;pick item
pick_i17144;pick item
pick_i17598;pick item
pick_i16371;pick item
pick_i16606;pick item
pick_i17631;pick item
pick_i18160;pick item
pick_i18672;pick item
pick_i17755;pick item
pick_i18436;pick item
pick_i16953;pick item
pick_i15917;pick item
pick_i18885;pick item
pick_i17988;pick item
pick_i16584;pick item
pick_i18702;pick item
pick_i17881;pick item
place_o1703;place order
pick_i18836;pick item
pick_i19077;pick item
pick_i16446;pick item
pick_i18862;pick item
pick_i19013;pick item
pick_i17727;pick item
pick_i14286;pick item
pick_i12587;pick item
pick_i18908;pick item
pick_i16829;pick item
pick_i15881;pick item
pick_i18051;pick item
pick_i18997;pick item
pick_i14024;pick item
pick_i16932;pick item
pick_i17002;pick item
pick_i18004;pick item
place_o1704;place order
pick_i18419;pick item
pick_i16972;pick item
pick_i18102;pick item
pick_i18513;pick item
pick_i17553;pick item
pick_i15982;pick item
pick_i18165;pick item
pick_i15186;pick item
pick_i14026;pick item
pick_i18745;pick item
place_o1705;place order
pick_i18929;pick item
pick_i18899;pick item
place_o1706;place order
pick_i15424;pick item
pick_i13026;pick item
pick_i18150;pick item
pick_i17929;pick item
place_o1707;place order
pick_i18021;pick item
pick_i19350;pick item
pick_i15387;pick item
pick_i14874;pick item
pick_i15584;pick item
pick_i17313;pick item
pick_i17947;pick item
pick_i17171;pick item
pick_i17067;pick item
pick_i14882;pick item
pick_i17274;pick item
pick_i14793;pick item
pick_i18821;pick item
pick_i18508;pick item
pick_i14660;pick item
pick_i16355;pick item
pick_i18656;pick item
pick_i15266;pick item
pick_i18961;pick item
pick_i15447;pick item
place_o1708;place order
pick_i18233;pick item
pick_i16731;pick item
pick_i19265;pick item
pick_i14699;pick item
pick_i16511;pick item
pick_i16889;pick item
pick_i15681;pick item
pick_i11822;pick item
ship_o1275;ship order
pick_i16319;pick item
pick_i19504;pick item
pick_i19471;pick item
pick_i13182;pick item
pick_i18301;pick item
pick_i17197;pick item
pick_i15213;pick item
pick_i17332;pick item
pick_i17651;pick item
pick_i18689;pick item
pick_i19192;pick item
place_o1709;place order
pick_i19359;pick item
pick_i13975;pick item
pick_i13857;pick item
pick_i18935;pick item
place_o1710;place order
pick_i16981;pick item
pick_i16476;pick item
pick_i19367;pick item
pick_i15251;pick item
pick_i9901;pick item
ship_o1150;ship order
pick_i18792;pick item
pick_i17590;pick item
pick_i14614;pick item
pick_i17711;pick item
pick_i18799;pick item
pick_i18498;pick item
pick_i14936;pick item
place_o1711;place order
pick_i18648;pick item
pick_i17044;pick item
pick_i16983;pick item
pick_i17857;pick item
pick_i19424;pick item
pick_i17971;pick item
pick_i18201;pick item
pick_i17652;pick item
place_o1712;place order
pick_i15271;pick item
pick_i17464;pick item
pick_i16435;pick item
pick_i12695;pick item
ship_o1327;ship order
pick_i17707;pick item
pick_i17325;pick item
pick_i16688;pick item
pick_i14102;pick item
pick_i18284;pick item
pick_i19099;pick item
pick_i17691;pick item
place_o1713;place order
pick_i18337;pick item
pick_i19371;pick item
place_o1714;place order
pick_i18454;pick item
pick_i15971;pick item
pick_i18740;pick item
pick_i16339;pick item
pick_i15232;pick item
place_o1715;place order
pick_i14733;pick item
pick_i18989;pick item
pick_i16471;pick item
pick_i14567;pick item
pick_i14901;pick item
pick_i17906;pick item
pick_i14191;pick item
pick_i19379;pick item
pick_i11177;pick item
place_o1716;place order
pick_i19079;pick item
ship_o1234;ship order
pick_i19410;pick item
pick_i17328;pick item
pick_i16523;pick item
pick_i17938;pick item
pick_i18582;pick item
pick_i12478;pick item
pick_i12786;pick item
pick_i13328;pick item
pick_i13939;pick item
pick_i14951;pick item
pick_i18492;pick item
place_o1717;place order
pick_i19596;pick item
pick_i17746;pick item
pick_i17661;pick item
pick_i17040;pick item
place_o1718;place order
pick_i18034;pick item
pick_i17357;pick item
pick_i18357;pick item
pick_i16408;pick item
pick_i19730;pick item
pick_i17498;pick item
pick_i18782;pick item
pick_i16668;pick item
pick_i19218;pick item
pick_i16193;pick item
pick_i18269;pick item
pick_i19238;pick item
pick_i14073;pick item
pick_i17940;pick item
pick_i16847;pick item
pick_i17375;pick item
pick_i13877;pick item
pick_i19446;pick item
pick_i16604;pick item
pick_i17831;pick item
pick_i18524;pick item
place_o1719;place order
pick_i17776;pick item
pick_i18609;pick item
pick_i19412;pick item
pick_i19018;pick item
pick_i14710;pick item
pick_i18645;pick item
pick_i16293;pick item
pick_i17613;pick item
pick_i17006;pick item
pick_i18390;pick item
pick_i16469;pick item
pick_i18136;pick item
pick_i18142;pick item
pick_i11345;pick item
pick_i18146;pick item
pick_i18070;pick item
place_o1720;place order
pick_i15249;pick item
pick_i18144;pick item
pick_i18646;pick item
pick_i15591;pick item
pick_i18696;pick item
pick_i13850;pick item
pick_i18812;pick item
pick_i18871;pick item
pick_i19589;pick item
pick_i13890;pick item
pick_i16386;pick item
pick_i15256;pick item
pick_i18325;pick item
pick_i18200;pick item
pick_i19582;pick item
pick_i16987;pick item
pick_i17430;pick item
pick_i19334;pick item
pick_i18833;pick item
place_o1721;place order
pick_i18014;pick item
pick_i19682;pick item
pick_i14811;pick item
place_o1722;place order
pick_i17998;pick item
pick_i19372;pick item
pick_i17291;pick item
pick_i11262;pick item
ship_o1238;ship order
pick_i18381;pick item
pick_i15211;pick item
pick_i15864;pick item
pick_i19841;pick item
pick_i18873;pick item
pick_i10677;pick item
pick_i14714;pick item
pick_i11336;pick item
ship_o1243;ship order
pick_i18984;pick item
pick_i15595;pick item
pick_i19332;pick item
pick_i16322;pick item
pick_i18744;pick item
pick_i17311;pick item
pick_i19441;pick item
pick_i18568;pick item
pick_i17021;pick item
pick_i13581;pick item
pick_i12178;pick item
pick_i16748;pick item
pick_i19217;pick item
pick_i13561;pick item
pick_i15281;pick item
place_o1723;place order
pick_i16390;pick item
pick_i19311;pick item
pick_i19526;pick item
pick_i15098;pick item
pick_i17512;pick item
pick_i15117;pick item
pick_i18624;pick item
pick_i13413;pick item
pick_i14373;pick item
pick_i12777;pick item
place_o1724;place order
pick_i18987;pick item
pick_i13384;pick item
pick_i19798;pick item
place_o1725;place order
pick_i17017;pick item
pick_i18953;pick item
pick_i19745;pick item
pick_i18016;pick item
pick_i15329;pick item
pick_i17387;pick item
pick_i14802;pick item
pick_i18947;pick item
pick_i17012;pick item
pick_i15749;pick item
pick_i17273;pick item
pick_i13941;pick item
place_o1726;place order
pick_i15687;pick item
pick_i16530;pick item
pick_i18496;pick item
pick_i19035;pick item
pick_i17908;pick item
pick_i19874;pick item
pick_i17585;pick item
pick_i19854;pick item
pick_i15915;pick item
pick_i19898;pick item
pick_i19082;pick item
place_o1727;place order
pick_i18458;pick item
pick_i18682;pick item
pick_i18058;pick item
place_o1728;place order
pick_i12606;pick item
pick_i17640;pick item
pick_i19751;pick item
pick_i17451;pick item
pick_i18748;pick item
pick_i18936;pick item
pick_i17738;pick item
pick_i18807;pick item
pick_i18720;pick item
pick_i18504;pick item
pick_i15880;pick item
pick_i15897;pick item
place_o1729;place order
pick_i19176;pick item
pick_i19548;pick item
pick_i17444;pick item
place_o1730;place order
pick_i16842;pick item
pick_i13454;pick item
pick_i16257;pick item
place_o1731;place order
pick_i19862;pick item
pick_i17572;pick item
pick_i18438;pick item
pick_i19180;pick item
place_o1732;place order
pick_i19323;pick item
pick_i16200;pick item
pick_i17775;pick item
pick_i17053;pick item
pick_i17675;pick item
pick_i18020;pick item
pick_i14356;pick item
pick_i20026;pick item
pick_i19820;pick item
pick_i17945;pick item
pick_i19260;pick item
pick_i16264;pick item
pick_i19470;pick item
pick_i17889;pick item
pick_i18258;pick item
pick_i19087;pick item
pick_i18103;pick item
pick_i17962;pick item
pick_i19425;pick item
pick_i19845;pick item
pick_i15704;pick item
pick_i16039;pick item
pick_i16750;pick item
pick_i13321;pick item
pick_i20056;pick item
pick_i17275;pick item
pick_i16377;pick item
pick_i16020;pick item
pick_i18814;pick item
pick_i15199;pick item
place_o1733;place order
pick_i16486;pick item
pick_i17932;pick item
pick_i19861;pick item
place_o1734;place order
pick_i16150;pick item
pick_i17602;pick item
pick_i17617;pick item
pick_i17396;pick item
pick_i18750;pick item
pick_i18657;pick item
pick_i19687;pick item
pick_i19308;pick item
pick_i12820;pick item
ship_o1335;ship order
pick_i17536;pick item
pick_i17268;pick item
pick_i16327;pick item
pick_i17996;pick item
place_o1735;place order
pick_i14854;pick item
pick_i19015;pick item
pick_i14108;pick item
pick_i16599;pick item
pick_i19204;pick item
pick_i19787;pick item
pick_i18719;pick item
pick_i17546;pick item
pick_i14411;pick item
pick_i15227;pick item
pick_i17740;pick item
pick_i18530;pick item
pick_i19304;pick item
pick_i13622;pick item
pick_i19570;pick item
pick_i19817;pick item
pick_i19906;pick item
pick_i18036;pick item
pick_i18252;pick item
place_o1736;place order
pick_i17441;pick item
pick_i16161;pick item
pick_i17721;pick item
pick_i19196;pick item
pick_i17004;pick item
pick_i18050;pick item
pick_i16786;pick item
pick_i18921;pick item
pick_i16949;pick item
pick_i19091;pick item
pick_i19432;pick item
pick_i19578;pick item
pick_i18968;pick item
pick_i17927;pick item
pick_i14590;pick item
pick_i14700;pick item
pick_i19246;pick item
pick_i19824;pick item
pick_i19166;pick item
pick_i18981;pick item
place_o1737;place order
pick_i17182;pick item
pick_i12578;pick item
pick_i17784;pick item
pick_i17615;pick item
pick_i16104;pick item
pick_i18158;pick item
pick_i18289;pick item
pick_i16053;pick item
pick_i18949;pick item
pick_i19137;pick item
pick_i14320;pick item
pick_i14974;pick item
pick_i18170;pick item
pick_i19750;pick item
pick_i14838;pick item
pick_i15748;pick item
pick_i16582;pick item
pick_i18506;pick item
pick_i13927;pick item
pick_i16819;pick item
pick_i15838;pick item
pick_i18431;pick item
pick_i19808;pick item
place_o1738;place order
pick_i19081;pick item
pick_i12299;pick item
pick_i19255;pick item
pick_i14945;pick item
pick_i15059;pick item
pick_i17913;pick item
pick_i20135;pick item
pick_i18779;pick item
pick_i19088;pick item
pick_i16966;pick item
pick_i14000;pick item
pick_i16646;pick item
pick_i11125;pick item
pick_i14677;pick item
pick_i14574;pick item
pick_i15937;pick item
pick_i18095;pick item
pick_i18074;pick item
pick_i17114;pick item
pick_i16925;pick item
place_o1739;place order
pick_i9274;pick item
ship_o1105;ship order
pick_i19530;pick item
pick_i16872;pick item
place_o1740;place order
pick_i13984;pick item
pick_i20046;pick item
pick_i17610;pick item
pick_i15913;pick item
pick_i18162;pick item
pick_i18477;pick item
pick_i15820;pick item
pick_i17084;pick item
pick_i19743;pick item
pick_i15930;pick item
pick_i16071;pick item
pick_i15667;pick item
pick_i16960;pick item
place_o1741;place order
pick_i14278;pick item
pick_i19554;pick item
pick_i19402;pick item
pick_i15293;pick item
pick_i12029;pick item
pick_i19858;pick item
place_o1742;place order
pick_i17374;pick item
pick_i18395;pick item
pick_i15944;pick item
pick_i16682;pick item
pick_i18027;pick item
pick_i15056;pick item
pick_i18958;pick item
pick_i16541;pick item
pick_i19154;pick item
pick_i15847;pick item
pick_i18559;pick item
place_o1743;place order
pick_i16245;pick item
pick_i19773;pick item
pick_i18335;pick item
pick_i19061;pick item
pick_i20045;pick item
place_o1744;place order
pick_i14972;pick item
pick_i17869;pick item
pick_i18752;pick item
pick_i10825;pick item
pick_i14981;pick item
place_o1745;place order
pick_i15000;pick item
pick_i12603;pick item
pick_i16454;pick item
pick_i20201;pick item
pick_i13532;pick item
pick_i19491;pick item
pick_i17965;pick item
pick_i14420;pick item
pick_i19298;pick item
pick_i13190;pick item
pick_i20166;pick item
pick_i19998;pick item
place_o1746;place order
pick_i18163;pick item
pick_i15692;pick item
pick_i19415;pick item
pick_i18241;pick item
pick_i19002;pick item
pick_i19130;pick item
pick_i17880;pick item
pick_i13902;pick item
pick_i17750;pick item
pick_i15374;pick item
pick_i18662;pick item
pick_i18398;pick item
place_o1747;place order
pick_i19555;pick item
pick_i19438;pick item
pick_i18179;pick item
pick_i16370;pick item
pick_i19779;pick item
pick_i18796;pick item
pick_i17434;pick item
pick_i16675;pick item
pick_i18510;pick item
pick_i18978;pick item
pick_i15791;pick item
pick_i15350;pick item
place_o1748;place order
pick_i12942;pick item
pick_i17261;pick item
pick_i14282;pick item
pick_i14902;pick item
pick_i19812;pick item
pick_i15652;pick item
pick_i20234;pick item
pick_i15357;pick item
pick_i18801;pick item
pick_i19802;pick item
pick_i17115;pick item
pick_i19819;pick item
pick_i17989;pick item
pick_i19597;pick item
pick_i19125;pick item
pick_i15528;pick item
pick_i20096;pick item
pick_i20395;pick item
place_o1749;place order
pick_i20274;pick item
pick_i16638;pick item
pick_i20062;pick item
pick_i19860;pick item
pick_i19801;pick item
pick_i20345;pick item
pick_i18967;pick item
pick_i18538;pick item
pick_i19941;pick item
pick_i16742;pick item
pick_i19496;pick item
pick_i15480;pick item
pick_i19390;pick item
pick_i19675;pick item
pick_i12265;pick item
pick_i15771;pick item
ship_o1301;ship order
pick_i15654;pick item
pick_i19262;pick item
pick_i13815;pick item
place_o1750;place order
pick_i19450;pick item
pick_i17817;pick item
pick_i19327;pick item
pick_i16843;pick item
pick_i14023;pick item
pick_i17704;pick item
pick_i19094;pick item
pick_i19431;pick item
place_o1751;place order
pick_i20368;pick item
pick_i19185;pick item
pick_i17534;pick item
pick_i18986;pick item
pick_i17393;pick item
pick_i17293;pick item
pick_i14539;pick item
pick_i13666;pick item
pick_i17126;pick item
pick_i17385;pick item
pick_i19969;pick item
pick_i16204;pick item
place_o1752;place order
pick_i15741;pick item
pick_i19783;pick item
pick_i19024;pick item
pick_i19989;pick item
pick_i19175;pick item
pick_i17977;pick item
pick_i16704;pick item
pick_i19481;pick item
pick_i14649;pick item
pick_i15011;pick item
pick_i19159;pick item
pick_i18478;pick item
pick_i19731;pick item
pick_i17333;pick item
pick_i15127;pick item
pick_i18323;pick item
pick_i19930;pick item
pick_i17484;pick item
pick_i19381;pick item
pick_i14642;pick item
pick_i18598;pick item
place_o1753;place order
pick_i18156;pick item
pick_i16488;pick item
pick_i14147;pick item
pick_i19774;pick item
pick_i18933;pick item
pick_i19213;pick item
pick_i20035;pick item
pick_i18590;pick item
pick_i20240;pick item
pick_i14990;pick item
pick_i19727;pick item
pick_i17508;pick item
pick_i19961;pick item
pick_i16959;pick item
pick_i17112;pick item
pick_i15346;pick item
pick_i19103;pick item
pick_i15723;pick item
pick_i15070;pick item
pick_i14226;pick item
pick_i16466;pick item
place_o1754;place order
pick_i19604;pick item
pick_i17497;pick item
pick_i19778;pick item
pick_i17895;pick item
pick_i17824;pick item
pick_i14600;pick item
pick_i19365;pick item
pick_i18008;pick item
pick_i17007;pick item
pick_i20141;pick item
pick_i19104;pick item
pick_i18713;pick item
pick_i19188;pick item
pick_i17095;pick item
pick_i16174;pick item
pick_i17233;pick item
pick_i19209;pick item
pick_i19908;pick item
pick_i19708;pick item
pick_i20029;pick item
pick_i20420;pick item
pick_i14452;pick item
pick_i19660;pick item
pick_i20161;pick item
pick_i15527;pick item
place_o1755;place order
pick_i17571;pick item
pick_i16461;pick item
pick_i18712;pick item
pick_i20213;pick item
place_o1756;place order
pick_i19921;pick item
pick_i18955;pick item
pick_i19654;pick item
pick_i15348;pick item
place_o1757;place order
pick_i17244;pick item
pick_i16153;pick item
pick_i15031;pick item
pick_i17132;pick item
pick_i18678;pick item
pick_i15315;pick item
pick_i14019;pick item
pick_i17748;pick item
pick_i15433;pick item
pick_i17130;pick item
pick_i18402;pick item
pick_i16001;pick item
pick_i19928;pick item
pick_i13999;pick item
pick_i16620;pick item
pick_i15889;pick item
pick_i19631;pick item
pick_i19107;pick item
pick_i15730;pick item
pick_i16465;pick item
pick_i14787;pick item
pick_i14855;pick item
pick_i16336;pick item
pick_i18040;pick item
pick_i17800;pick item
place_o1758;place order
pick_i18060;pick item
pick_i16403;pick item
pick_i13849;pick item
pick_i15431;pick item
pick_i16585;pick item
pick_i20581;pick item
pick_i18110;pick item
pick_i17522;pick item
pick_i19940;pick item
pick_i20392;pick item
pick_i20386;pick item
pick_i17418;pick item
pick_i19870;pick item
pick_i17999;pick item
pick_i16781;pick item
pick_i15590;pick item
pick_i20279;pick item
pick_i15110;pick item
pick_i17622;pick item
pick_i20080;pick item
pick_i18540;pick item
pick_i17483;pick item
pick_i16557;pick item
pick_i19790;pick item
pick_i12226;pick item
ship_o1299;ship order
pick_i15875;pick item
place_o1759;place order
pick_i17297;pick item
pick_i19978;pick item
pick_i15956;pick item
pick_i16817;pick item
pick_i13493;pick item
ship_o1374;ship order
pick_i19252;pick item
pick_i19618;pick item
pick_i19997;pick item
pick_i14045;pick item
pick_i20040;pick item
pick_i17832;pick item
place_o1760;place order
pick_i12882;pick item
pick_i19105;pick item
pick_i16047;pick item
pick_i18043;pick item
pick_i19636;pick item
pick_i17694;pick item
pick_i20599;pick item
pick_i19661;pick item
pick_i15928;pick item
pick_i19476;pick item
pick_i20243;pick item
pick_i17624;pick item
place_o1761;place order
pick_i19380;pick item
pick_i15320;pick item
pick_i19463;pick item
pick_i19236;pick item
pick_i20604;pick item
pick_i19581;pick item
pick_i17174;pick item
pick_i11548;pick item
pick_i17471;pick item
ship_o1257;ship order
pick_i15001;pick item
pick_i19710;pick item
pick_i19074;pick item
pick_i12355;pick item
pick_i16517;pick item
pick_i13181;pick item
pick_i19786;pick item
pick_i17630;pick item
pick_i18675;pick item
pick_i18816;pick item
pick_i19232;pick item
pick_i18704;pick item
place_o1762;place order
pick_i17140;pick item
pick_i18192;pick item
pick_i18042;pick item
pick_i18829;pick item
pick_i12910;pick item
pick_i18650;pick item
pick_i16295;pick item
pick_i19109;pick item
pick_i19979;pick item
pick_i19161;pick item
pick_i18543;pick item
place_o1763;place order
pick_i14224;pick item
ship_o1417;ship order
pick_i14629;pick item
pick_i17757;pick item
pick_i20521;pick item
pick_i13814;pick item
pick_i16024;pick item
pick_i19025;pick item
pick_i18009;pick item
pick_i16696;pick item
pick_i19805;pick item
pick_i18148;pick item
pick_i16826;pick item
pick_i13880;pick item
pick_i18533;pick item
pick_i18849;pick item
pick_i12422;pick item
pick_i20564;pick item
pick_i18784;pick item
pick_i17922;pick item
pick_i12880;pick item
pick_i16160;pick item
pick_i14742;pick item
place_o1764;place order
pick_i19469;pick item
pick_i20652;pick item
pick_i20192;pick item
pick_i17943;pick item
pick_i16632;pick item
pick_i19257;pick item
pick_i19873;pick item
pick_i19199;pick item
pick_i16512;pick item
place_o1765;place order
pick_i14741;pick item
pick_i20490;pick item
pick_i17221;pick item
place_o1766;place order
pick_i17848;pick item
pick_i18401;pick item
pick_i17108;pick item
pick_i16058;pick item
pick_i13790;pick item
pick_i16746;pick item
pick_i20199;pick item
pick_i18389;pick item
pick_i18749;pick item
pick_i20403;pick item
place_o1767;place order
pick_i16898;pick item
pick_i17228;pick item
pick_i17653;pick item
pick_i19011;pick item
pick_i18519;pick item
pick_i20525;pick item
pick_i17427;pick item
pick_i18120;pick item
pick_i15359;pick item
pick_i17271;pick item
pick_i20536;pick item
pick_i10832;pick item
pick_i14530;pick item
ship_o1213;ship order
place_o1768;place order
pick_i18452;pick item
pick_i19302;pick item
pick_i19008;pick item
pick_i19843;pick item
pick_i17729;pick item
pick_i19148;pick item
pick_i17925;pick item
pick_i20293;pick item
pick_i18019;pick item
pick_i20634;pick item
place_o1769;place order
pick_i14507;pick item
pick_i17188;pick item
pick_i19434;pick item
place_o1770;place order
pick_i16767;pick item
pick_i17761;pick item
pick_i19662;pick item
pick_i18964;pick item
pick_i18868;pick item
pick_i17882;pick item
place_o1771;place order
pick_i18151;pick item
pick_i19994;pick item
pick_i20766;pick item
pick_i19043;pick item
pick_i19768;pick item
pick_i14066;pick item
pick_i15830;pick item
pick_i19950;pick item
pick_i17706;pick item
pick_i15008;pick item
pick_i17569;pick item
pick_i12032;pick item
pick_i16055;pick item
place_o1772;place order
pick_i12711;pick item
ship_o1329;ship order
pick_i16969;pick item
pick_i19047;pick item
pick_i19925;pick item
pick_i20347;pick item
place_o1773;place order
pick_i15181;pick item
pick_i15155;pick item
pick_i18213;pick item
pick_i16998;pick item
pick_i20781;pick item
place_o1774;place order
pick_i12356;pick item
pick_i20332;pick item
pick_i20190;pick item
pick_i20751;pick item
pick_i11995;pick item
pick_i14047;pick item
pick_i17658;pick item
pick_i18218;pick item
pick_i20542;pick item
place_o1775;place order
pick_i13167;pick item
ship_o1355;ship order
pick_i19560;pick item
pick_i17468;pick item
pick_i15636;pick item
pick_i20394;pick item
pick_i20763;pick item
pick_i20547;pick item
pick_i17687;pick item
pick_i20895;pick item
pick_i17829;pick item
pick_i20185;pick item
pick_i19005;pick item
pick_i19141;pick item
place_o1776;place order
pick_i14447;pick item
pick_i15530;pick item
pick_i17078;pick item
pick_i15921;pick item
pick_i15524;pick item
pick_i14465;pick item
pick_i18254;pick item
pick_i16457;pick item
pick_i17576;pick item
pick_i20057;pick item
pick_i20477;pick item
pick_i16927;pick item
place_o1777;place order
pick_i15332;pick item
pick_i16570;pick item
pick_i17433;pick item
pick_i17822;pick item
place_o1778;place order
pick_i19057;pick item
pick_i14385;pick item
pick_i19525;pick item
pick_i20620;pick item
pick_i16577;pick item
pick_i16753;pick item
pick_i18898;pick item
pick_i15545;pick item
pick_i17794;pick item
place_o1779;place order
pick_i17505;pick item
pick_i15563;pick item
pick_i20829;pick item
pick_i20376;pick item
pick_i15476;pick item
pick_i19253;pick item
pick_i15510;pick item
pick_i19290;pick item
pick_i19235;pick item
pick_i20367;pick item
pick_i20137;pick item
pick_i20597;pick item
pick_i18556;pick item
pick_i18826;pick item
pick_i19010;pick item
pick_i18536;pick item
pick_i16067;pick item
place_o1780;place order
pick_i20515;pick item
pick_i16990;pick item
pick_i19179;pick item
pick_i19707;pick item
pick_i19097;pick item
pick_i17639;pick item
place_o1781;place order
pick_i20998;pick item
pick_i20711;pick item
pick_i17122;pick item
pick_i19919;pick item
pick_i19357;pick item
pick_i19605;pick item
pick_i17535;pick item
pick_i20091;pick item
place_o1782;place order
pick_i18738;pick item
pick_i17942;pick item
pick_i19070;pick item
pick_i16591;pick item
pick_i16172;pick item
pick_i15757;pick item
pick_i16383;pick item
pick_i20804;pick item
pick_i19659;pick item
pick_i19483;pick item
pick_i16013;pick item
pick_i17550;pick item
pick_i20663;pick item
pick_i15768;pick item
pick_i18330;pick item
pick_i17110;pick item
pick_i20162;pick item
pick_i17689;pick item
pick_i16272;pick item
pick_i13426;pick item
place_o1783;place order
pick_i19922;pick item
pick_i20265;pick item
pick_i16317;pick item
pick_i19753;pick item
pick_i16129;pick item
pick_i16428;pick item
pick_i20194;pick item
pick_i18393;pick item
pick_i19966;pick item
pick_i14261;pick item
pick_i20404;pick item
pick_i19764;pick item
pick_i17790;pick item
pick_i19312;pick item
pick_i19051;pick item
place_o1784;place order
pick_i15995;pick item
pick_i18411;pick item
pick_i14206;pick item
pick_i16612;pick item
pick_i17085;pick item
pick_i18031;pick item
pick_i19055;pick item
pick_i17967;pick item
place_o1785;place order
pick_i17708;pick item
pick_i20206;pick item
pick_i15981;pick item
pick_i16979;pick item
pick_i18625;pick item
pick_i19110;pick item
pick_i18937;pick item
pick_i14503;pick item
pick_i14743;pick item
place_o1786;place order
pick_i17874;pick item
pick_i15512;pick item
pick_i17944;pick item
pick_i20487;pick item
pick_i18875;pick item
pick_i20549;pick item
pick_i19039;pick item
pick_i16558;pick item
pick_i20211;pick item
pick_i14987;pick item
ship_o1464;ship order
pick_i20617;pick item
pick_i19848;pick item
pick_i20915;pick item
pick_i20407;pick item
pick_i16381;pick item
pick_i18851;pick item
pick_i19429;pick item
pick_i9677;pick item
ship_o1134;ship order
pick_i18488;pick item
pick_i13086;pick item
place_o1787;place order
ship_o1350;ship order
pick_i19732;pick item
pick_i16689;pick item
pick_i13448;pick item
pick_i18344;pick item
pick_i19829;pick item
pick_i17583;pick item
pick_i18412;pick item
pick_i18743;pick item
pick_i17128;pick item
pick_i19421;pick item
pick_i16760;pick item
pick_i17541;pick item
pick_i13957;pick item
pick_i13959;pick item
pick_i20900;pick item
pick_i20480;pick item
pick_i19158;pick item
pick_i19821;pick item
pick_i19306;pick item
pick_i17019;pick item
pick_i21015;pick item
place_o1788;place order
pick_i21018;pick item
pick_i17253;pick item
pick_i20574;pick item
pick_i16968;pick item
pick_i16509;pick item
pick_i18072;pick item
pick_i18359;pick item
pick_i12524;pick item
ship_o1317;ship order
pick_i19121;pick item
pick_i18230;pick item
pick_i20940;pick item
pick_i18634;pick item
pick_i16323;pick item
pick_i18545;pick item
pick_i16297;pick item
pick_i18554;pick item
pick_i17863;pick item
pick_i16460;pick item
pick_i20979;pick item
pick_i17982;pick item
pick_i17769;pick item
pick_i12664;pick item
place_o1789;place order
pick_i18394;pick item
ship_o1326;ship order
pick_i15557;pick item
pick_i21111;pick item
pick_i16506;pick item
pick_i19322;pick item
pick_i18126;pick item
pick_i19890;pick item
pick_i17686;pick item
pick_i16805;pick item
pick_i14772;pick item
pick_i13924;pick item
pick_i16722;pick item
pick_i20357;pick item
pick_i16705;pick item
pick_i17262;pick item
pick_i19738;pick item
pick_i20800;pick item
pick_i19904;pick item
pick_i21062;pick item
pick_i20869;pick item
pick_i20886;pick item
pick_i21036;pick item
pick_i15262;pick item
place_o1790;place order
pick_i17099;pick item
pick_i18116;pick item
pick_i18188;pick item
pick_i20976;pick item
place_o1791;place order
pick_i17370;pick item
pick_i19023;pick item
pick_i13349;pick item
pick_i19825;pick item
pick_i19953;pick item
place_o1792;place order
pick_i15700;pick item
pick_i20146;pick item
pick_i18425;pick item
pick_i13715;pick item
pick_i17402;pick item
pick_i20373;pick item
pick_i13908;pick item
pick_i20931;pick item
pick_i19465;pick item
pick_i18830;pick item
pick_i13755;pick item
pick_i11172;pick item
ship_o1233;ship order
pick_i18374;pick item
place_o1793;place order
pick_i20848;pick item
pick_i20929;pick item
pick_i15366;pick item
pick_i17568;pick item
pick_i15353;pick item
pick_i17937;pick item
pick_i20934;pick item
pick_i19602;pick item
pick_i18005;pick item
pick_i18932;pick item
pick_i17176;pick item
pick_i15896;pick item
pick_i16649;pick item
pick_i18400;pick item
pick_i19482;pick item
pick_i19053;pick item
pick_i20883;pick item
pick_i19069;pick item
pick_i18349;pick item
place_o1794;place order
pick_i17891;pick item
pick_i20342;pick item
pick_i18578;pick item
pick_i19080;pick item
pick_i14165;pick item
pick_i18087;pick item
pick_i18246;pick item
pick_i18234;pick item
place_o1795;place order
pick_i14292;pick item
pick_i18131;pick item
pick_i17256;pick item
place_o1796;place order
pick_i16858;pick item
pick_i20460;pick item
pick_i17088;pick item
pick_i20467;pick item
pick_i21120;pick item
pick_i17162;pick item
pick_i20470;pick item
place_o1797;place order
pick_i18699;pick item
pick_i14185;pick item
pick_i20823;pick item
pick_i20832;pick item
pick_i18001;pick item
pick_i16375;pick item
pick_i16899;pick item
pick_i20153;pick item
pick_i20839;pick item
pick_i20021;pick item
place_o1798;place order
pick_i17580;pick item
pick_i20074;pick item
pick_i18318;pick item
pick_i20529;pick item
pick_i17106;pick item
pick_i16821;pick item
pick_i17672;pick item
pick_i13737;pick item
pick_i21201;pick item
pick_i15218;pick item
pick_i16812;pick item
pick_i20331;pick item
pick_i19999;pick item
pick_i19034;pick item
pick_i19832;pick item
pick_i17819;pick item
pick_i19803;pick item
pick_i11686;pick item
pick_i21337;pick item
pick_i15707;pick item
pick_i20653;pick item
place_o1799;place order
pick_i19937;pick item
pick_i20131;pick item
pick_i19511;pick item
pick_i19623;pick item
pick_i19672;pick item
pick_i20390;pick item
pick_i20315;pick item
pick_i19624;pick item
pick_i21318;pick item
place_o1800;place order
pick_i17358;pick item
pick_i15916;pick item
pick_i20270;pick item
pick_i21098;pick item
pick_i19983;pick item
place_o1801;place order
pick_i20144;pick item
pick_i21071;pick item
pick_i18459;pick item
pick_i20457;pick item
pick_i16514;pick item
pick_i20492;pick item
pick_i16209;pick item
pick_i21095;pick item
pick_i20165;pick item
pick_i13577;pick item
place_o1802;place order
pick_i20458;pick item
pick_i19373;pick item
pick_i20063;pick item
pick_i18882;pick item
pick_i20969;pick item
pick_i16179;pick item
place_o1803;place order
pick_i18082;pick item
pick_i20249;pick item
pick_i19939;pick item
pick_i20760;pick item
pick_i20486;pick item
pick_i20575;pick item
pick_i20044;pick item
pick_i20387;pick item
place_o1804;place order
pick_i21341;pick item
pick_i21436;pick item
pick_i18293;pick item
place_o1805;place order
pick_i14537;pick item
pick_i20065;pick item
pick_i17023;pick item
pick_i20750;pick item
pick_i18889;pick item
pick_i21059;pick item
pick_i12413;pick item
pick_i16943;pick item
pick_i18219;pick item
pick_i18747;pick item
pick_i14332;pick item
pick_i19419;pick item
pick_i19501;pick item
pick_i20020;pick item
pick_i18861;pick item
pick_i16596;pick item
pick_i15037;pick item
pick_i19615;pick item
place_o1806;place order
pick_i17192;pick item
pick_i13739;pick item
pick_i20576;pick item
pick_i20941;pick item
pick_i18716;pick item
pick_i19044;pick item
pick_i18641;pick item
pick_i16271;pick item
pick_i19551;pick item
pick_i20622;pick item
pick_i17923;pick item
pick_i21112;pick item
pick_i14103;pick item
pick_i19457;pick item
place_o1807;place order
pick_i16909;pick item
pick_i18727;pick item
pick_i14961;pick item
pick_i14966;pick item
pick_i19507;pick item
pick_i19455;pick item
pick_i17118;pick item
pick_i19442;pick item
pick_i18638;pick item
place_o1808;place order
pick_i18993;pick item
pick_i21265;pick item
pick_i20474;pick item
pick_i15947;pick item
pick_i18515;pick item
pick_i21317;pick item
pick_i18370;pick item
pick_i21419;pick item
pick_i18145;pick item
pick_i18175;pick item
pick_i17799;pick item
place_o1809;place order
pick_i17304;pick item
pick_i20902;pick item
pick_i21189;pick item
pick_i19216;pick item
pick_i20930;pick item
pick_i19788;pick item
pick_i18872;pick item
pick_i13910;pick item
pick_i18666;pick item
pick_i16544;pick item
pick_i20696;pick item
pick_i19285;pick item
pick_i21011;pick item
pick_i20913;pick item
pick_i21155;pick item
pick_i20857;pick item
pick_i18897;pick item
pick_i15421;pick item
pick_i17509;pick item
pick_i20734;pick item
place_o1810;place order
pick_i14711;pick item
pick_i13469;pick item
pick_i19793;pick item
pick_i21339;pick item
pick_i21508;pick item
place_o1811;place order
pick_i18208;pick item
pick_i12451;pick item
pick_i21268;pick item
ship_o1312;ship order
pick_i20304;pick item
place_o1812;place order
pick_i18762;pick item
pick_i18465;pick item
pick_i21464;pick item
pick_i17041;pick item
pick_i20495;pick item
pick_i20210;pick item
pick_i14081;pick item
pick_i19960;pick item
place_o1813;place order
pick_i20754;pick item
pick_i15555;pick item
pick_i17210;pick item
pick_i21462;pick item
pick_i21193;pick item
pick_i18793;pick item
pick_i19360;pick item
pick_i18623;pick item
pick_i16500;pick item
pick_i15782;pick item
pick_i20220;pick item
pick_i12395;pick item
ship_o1309;ship order
pick_i21066;pick item
pick_i21187;pick item
pick_i19037;pick item
pick_i20469;pick item
pick_i19191;pick item
pick_i21225;pick item
pick_i18783;pick item
pick_i18902;pick item
pick_i16655;pick item
pick_i16901;pick item
pick_i17725;pick item
pick_i20108;pick item
pick_i17117;pick item
pick_i17356;pick item
place_o1814;place order
pick_i21005;pick item
pick_i21213;pick item
pick_i21540;pick item
pick_i21468;pick item
pick_i17035;pick item
place_o1815;place order
pick_i16205;pick item
pick_i20434;pick item
pick_i19486;pick item
pick_i16251;pick item
pick_i17184;pick item
pick_i18654;pick item
pick_i16887;pick item
pick_i20852;pick item
pick_i20643;pick item
pick_i20846;pick item
pick_i18012;pick item
place_o1816;place order
pick_i19503;pick item
pick_i21559;pick item
pick_i19952;pick item
place_o1817;place order
pick_i20275;pick item
pick_i18141;pick item
pick_i18140;pick item
pick_i18911;pick item
pick_i19894;pick item
pick_i19559;pick item
pick_i17243;pick item
pick_i17302;pick item
pick_i16138;pick item
pick_i19814;pick item
pick_i21226;pick item
pick_i17723;pick item
pick_i19888;pick item
pick_i15113;pick item
pick_i19151;pick item
pick_i21451;pick item
pick_i20811;pick item
pick_i20992;pick item
pick_i19985;pick item
pick_i21323;pick item
pick_i21237;pick item
place_o1818;place order
pick_i20001;pick item
pick_i20598;pick item
pick_i18938;pick item
pick_i16148;pick item
pick_i19287;pick item
pick_i20563;pick item
pick_i18482;pick item
pick_i17785;pick item
pick_i19537;pick item
pick_i17346;pick item
pick_i10804;pick item
place_o1819;place order
pick_i18443;pick item
pick_i20936;pick item
pick_i21308;pick item
place_o1820;place order
pick_i14451;pick item
pick_i18700;pick item
pick_i15788;pick item
pick_i19452;pick item
pick_i19721;pick item
pick_i16528;pick item
pick_i19887;pick item
pick_i13987;pick item
pick_i20787;pick item
pick_i17097;pick item
pick_i20651;pick item
pick_i20726;pick item
pick_i17722;pick item
place_o1821;place order
pick_i20076;pick item
pick_i20608;pick item
pick_i21272;pick item
pick_i21256;pick item
pick_i16723;pick item
pick_i21391;pick item
pick_i17461;pick item
pick_i21506;pick item
pick_i20826;pick item
pick_i21204;pick item
pick_i19683;pick item
pick_i21517;pick item
place_o1822;place order
pick_i15341;pick item
pick_i19113;pick item
pick_i18551;pick item
pick_i16356;pick item
pick_i19156;pick item
pick_i14158;pick item
pick_i21557;pick item
pick_i13252;pick item
pick_i12752;pick item
pick_i15190;pick item
ship_o1331;ship order
pick_i19986;pick item
pick_i21531;pick item
pick_i16636;pick item
pick_i17973;pick item
pick_i20884;pick item
pick_i21447;pick item
pick_i18069;pick item
pick_i21721;pick item
pick_i20250;pick item
pick_i16208;pick item
pick_i16211;pick item
place_o1823;place order
pick_i20666;pick item
pick_i13808;pick item
pick_i18894;pick item
pick_i18874;pick item
pick_i20550;pick item
pick_i14910;pick item
pick_i20429;pick item
pick_i20850;pick item
pick_i12153;pick item
ship_o1295;ship order
pick_i15068;pick item
place_o1824;place order
pick_i20568;pick item
pick_i14708;pick item
pick_i21147;pick item
pick_i18653;pick item
pick_i20238;pick item
pick_i20389;pick item
pick_i18404;pick item
pick_i18739;pick item
pick_i21085;pick item
pick_i19795;pick item
pick_i21370;pick item
pick_i17194;pick item
pick_i18804;pick item
pick_i21696;pick item
place_o1825;place order
pick_i18983;pick item
pick_i20481;pick item
pick_i21127;pick item
pick_i14232;pick item
place_o1826;place order
pick_i18576;pick item
pick_i21644;pick item
pick_i18746;pick item
pick_i19347;pick item
pick_i19115;pick item
pick_i19782;pick item
pick_i18601;pick item
pick_i20310;pick item
pick_i17046;pick item
pick_i21081;pick item
pick_i19227;pick item
pick_i18226;pick item
pick_i19145;pick item
pick_i19643;pick item
pick_i18409;pick item
pick_i20945;pick item
pick_i14795;pick item
pick_i17119;pick item
place_o1827;place order
pick_i19392;pick item
pick_i21829;pick item
pick_i18725;pick item
pick_i18773;pick item
pick_i20861;pick item
pick_i21461;pick item
pick_i21680;pick item
pick_i21582;pick item
pick_i20786;pick item
pick_i19699;pick item
place_o1828;place order
pick_i18809;pick item
pick_i17751;pick item
pick_i21797;pick item
pick_i21665;pick item
place_o1829;place order
pick_i20722;pick item
pick_i21158;pick item
pick_i20637;pick item
pick_i20876;pick item
pick_i15239;pick item
pick_i14142;pick item
pick_i19550;pick item
place_o1830;place order
pick_i21574;pick item
pick_i20158;pick item
place_o1831;place order
pick_i20960;pick item
pick_i14994;pick item
pick_i21037;pick item
pick_i20842;pick item
pick_i19616;pick item
place_o1832;place order
pick_i14201;pick item
pick_i17606;pick item
pick_i17364;pick item
pick_i11896;pick item
ship_o1279;ship order
pick_i21774;pick item
place_o1833;place order
pick_i20635;pick item
pick_i22038;pick item
pick_i21314;pick item
place_o1834;place order
pick_i19755;pick item
pick_i16028;pick item
pick_i19669;pick item
pick_i18924;pick item
pick_i19084;pick item
pick_i21981;pick item
place_o1835;place order
pick_i15040;pick item
pick_i19369;pick item
ship_o1468;ship order
pick_i18690;pick item
pick_i14959;pick item
pick_i21076;pick item
pick_i19515;pick item
place_o1836;place order
pick_i21060;pick item
pick_i16186;pick item
pick_i17301;pick item
pick_i17926;pick item
pick_i18247;pick item
pick_i18445;pick item
pick_i20291;pick item
pick_i18497;pick item
pick_i19830;pick item
pick_i20454;pick item
pick_i13138;pick item
pick_i20277;pick item
pick_i19089;pick item
pick_i21051;pick item
pick_i20862;pick item
pick_i18687;pick item
place_o1837;place order
pick_i18365;pick item
pick_i15761;pick item
pick_i18307;pick item
pick_i17540;pick item
pick_i19451;pick item
pick_i16076;pick item
pick_i20795;pick item
pick_i19316;pick item
pick_i20127;pick item
pick_i19220;pick item
pick_i21873;pick item
place_o1838;place order
pick_i19207;pick item
pick_i21501;pick item
pick_i18326;pick item
pick_i19612;pick item
pick_i21944;pick item
place_o1839;place order
pick_i18413;pick item
pick_i22160;pick item
pick_i22090;pick item
pick_i15298;pick item
pick_i20288;pick item
pick_i21796;pick item
pick_i10199;pick item
pick_i16554;pick item
ship_o1170;ship order
pick_i21701;pick item
pick_i19134;pick item
place_o1840;place order
pick_i20621;pick item
pick_i17047;pick item
place_o1841;place order
pick_i17337;pick item
pick_i19938;pick item
pick_i19249;pick item
pick_i19885;pick item
pick_i19397;pick item
pick_i15732;pick item
pick_i13352;pick item
pick_i21612;pick item
place_o1842;place order
pick_i21818;pick item
pick_i16938;pick item
pick_i20466;pick item
place_o1843;place order
pick_i17883;pick item
pick_i17145;pick item
pick_i15620;pick item
pick_i18886;pick item
pick_i18104;pick item
pick_i20828;pick item
pick_i18970;pick item
pick_i21279;pick item
pick_i16848;pick item
pick_i20864;pick item
pick_i21535;pick item
pick_i19780;pick item
pick_i22229;pick item
pick_i19980;pick item
pick_i18090;pick item
pick_i20891;pick item
pick_i18264;pick item
pick_i21934;pick item
place_o1844;place order
pick_i15234;pick item
pick_i22194;pick item
pick_i18447;pick item
pick_i17752;pick item
pick_i18846;pick item
pick_i19837;pick item
pick_i20806;pick item
pick_i21184;pick item
pick_i16286;pick item
pick_i11644;pick item
pick_i20320;pick item
pick_i20909;pick item
pick_i20432;pick item
pick_i14519;pick item
pick_i19576;pick item
ship_o1436;ship order
pick_i17852;pick item
pick_i21069;pick item
pick_i21820;pick item
pick_i19291;pick item
pick_i19700;pick item
pick_i15536;pick item
pick_i21335;pick item
place_o1845;place order
pick_i21038;pick item
pick_i18867;pick item
pick_i20752;pick item
pick_i21802;pick item
pick_i15670;pick item
pick_i20082;pick item
pick_i19577;pick item
pick_i20177;pick item
pick_i21358;pick item
pick_i21893;pick item
pick_i20170;pick item
pick_i21431;pick item
pick_i21663;pick item
pick_i20516;pick item
pick_i14318;pick item
pick_i19269;pick item
pick_i19709;pick item
pick_i19613;pick item
pick_i17552;pick item
pick_i18525;pick item
pick_i20321;pick item
place_o1846;place order
pick_i14695;pick item
pick_i22170;pick item
pick_i20879;pick item
pick_i17257;pick item
pick_i22296;pick item
pick_i15255;pick item
pick_i15338;pick item
pick_i18734;pick item
place_o1847;place order
pick_i21689;pick item
pick_i19532;pick item
pick_i21055;pick item
pick_i21454;pick item
pick_i17020;pick item
pick_i21729;pick item
place_o1848;place order
pick_i21234;pick item
pick_i19951;pick item
pick_i21610;pick item
pick_i21726;pick item
pick_i19454;pick item
pick_i16447;pick item
pick_i17780;pick item
pick_i19123;pick item
pick_i21993;pick item
pick_i17547;pick item
pick_i21404;pick item
pick_i21026;pick item
pick_i16077;pick item
pick_i21342;pick item
pick_i21251;pick item
pick_i20364;pick item
pick_i21748;pick item
pick_i20441;pick item
pick_i15487;pick item
pick_i17837;pick item
pick_i22271;pick item
pick_i21647;pick item
place_o1849;place order
pick_i21157;pick item
pick_i21780;pick item
pick_i18054;pick item
pick_i19568;pick item
pick_i18843;pick item
pick_i17200;pick item
pick_i22343;pick item
pick_i20680;pick item
pick_i16962;pick item
pick_i19565;pick item
pick_i19959;pick item
pick_i19770;pick item
pick_i19571;pick item
pick_i13680;pick item
pick_i21145;pick item
pick_i22030;pick item
pick_i20318;pick item
pick_i20482;pick item
pick_i21017;pick item
pick_i14059;pick item
place_o1850;place order
pick_i21347;pick item
pick_i16201;pick item
pick_i16954;pick item
pick_i18944;pick item
pick_i20863;pick item
pick_i17499;pick item
pick_i14376;pick item
pick_i14527;pick item
place_o1851;place order
pick_i18121;pick item
pick_i19510;pick item
pick_i12176;pick item
pick_i21177;pick item
pick_i21989;pick item
pick_i9065;pick item
place_o1852;place order
pick_i18260;pick item
ship_o1089;ship order
pick_i19595;pick item
pick_i22324;pick item
pick_i15119;pick item
pick_i16912;pick item
pick_i20801;pick item
pick_i21101;pick item
pick_i19816;pick item
pick_i17987;pick item
place_o1853;place order
pick_i20311;pick item
pick_i16156;pick item
pick_i19050;pick item
pick_i20650;pick item
pick_i12914;pick item
pick_i19776;pick item
ship_o1340;ship order
pick_i20589;pick item
place_o1854;place order
pick_i21869;pick item
pick_i15237;pick item
pick_i21398;pick item
pick_i17791;pick item
pick_i21579;pick item
pick_i15786;pick item
pick_i14214;pick item
pick_i20344;pick item
pick_i22193;pick item
pick_i20579;pick item
pick_i19974;pick item
pick_i20774;pick item
pick_i16564;pick item
pick_i18910;pick item
pick_i17392;pick item
pick_i21664;pick item
pick_i20956;pick item
pick_i20874;pick item
pick_i21359;pick item
pick_i18109;pick item
pick_i19509;pick item
pick_i17919;pick item
pick_i22461;pick item
pick_i18845;pick item
pick_i21580;pick item
pick_i17065;pick item
place_o1855;place order
pick_i18384;pick item
pick_i20313;pick item
pick_i13508;pick item
pick_i14050;pick item
pick_i18647;pick item
pick_i14123;pick item
pick_i19715;pick item
pick_i20402;pick item
place_o1856;place order
pick_i20246;pick item
pick_i22306;pick item
pick_i16230;pick item
place_o1857;place order
pick_i16126;pick item
pick_i16761;pick item
pick_i18045;pick item
pick_i16164;pick item
pick_i18383;pick item
pick_i21613;pick item
pick_i20535;pick item
pick_i18296;pick item
place_o1858;place order
pick_i22563;pick item
pick_i22403;pick item
pick_i20747;pick item
pick_i20339;pick item
pick_i15202;pick item
pick_i20514;pick item
pick_i21381;pick item
pick_i21206;pick item
pick_i18912;pick item
pick_i22139;pick item
pick_i18888;pick item
pick_i16701;pick item
pick_i19498;pick item
pick_i20655;pick item
pick_i21284;pick item
pick_i22486;pick item
pick_i20504;pick item
pick_i19376;pick item
place_o1859;place order
pick_i16393;pick item
pick_i17623;pick item
pick_i21754;pick item
pick_i18693;pick item
pick_i22620;pick item
pick_i18091;pick item
pick_i21976;pick item
pick_i19474;pick item
pick_i20609;pick item
pick_i17353;pick item
pick_i15532;pick item
pick_i17300;pick item
pick_i22089;pick item
pick_i17365;pick item
pick_i16475;pick item
pick_i12652;pick item
ship_o1325;ship order
pick_i21074;pick item
pick_i22154;pick item
pick_i20989;pick item
place_o1860;place order
pick_i22545;pick item
pick_i19879;pick item
pick_i17270;pick item
pick_i20174;pick item
pick_i20236;pick item
pick_i19242;pick item
pick_i21853;pick item
pick_i22629;pick item
pick_i9700;pick item
ship_o1135;ship order
pick_i22491;pick item
place_o1861;place order
pick_i18343;pick item
pick_i10822;pick item
ship_o1212;ship order
pick_i21097;pick item
place_o1862;place order
pick_i22417;pick item
pick_i19468;pick item
pick_i18186;pick item
pick_i21430;pick item
pick_i18112;pick item
place_o1863;place order
pick_i19642;pick item
pick_i21907;pick item
pick_i21401;pick item
pick_i21259;pick item
pick_i20816;pick item
pick_i20253;pick item
place_o1864;place order
pick_i17701;pick item
pick_i18407;pick item
pick_i17726;pick item
pick_i21609;pick item
pick_i16108;pick item
pick_i18464;pick item
pick_i17330;pick item
pick_i17538;pick item
pick_i19954;pick item
pick_i21397;pick item
place_o1865;place order
pick_i17422;pick item
pick_i14175;pick item
pick_i18841;pick item
pick_i14359;pick item
pick_i20198;pick item
place_o1866;place order
pick_i18695;pick item
pick_i22396;pick item
pick_i19748;pick item
pick_i16945;pick item
pick_i20224;pick item
pick_i22159;pick item
pick_i16607;pick item
pick_i21086;pick item
place_o1867;place order
pick_i19880;pick item
pick_i19001;pick item
pick_i10985;pick item
ship_o1222;ship order
pick_i17853;pick item
pick_i11505;pick item
pick_i21443;pick item
ship_o1254;ship order
pick_i19882;pick item
pick_i18934;pick item
pick_i18683;pick item
pick_i20893;pick item
pick_i18253;pick item
place_o1868;place order
pick_i20710;pick item
pick_i21626;pick item
pick_i21668;pick item
pick_i18063;pick item
pick_i22847;pick item
pick_i18331;pick item
pick_i15745;pick item
pick_i19279;pick item
place_o1869;place order
pick_i20957;pick item
pick_i22001;pick item
pick_i22411;pick item
pick_i21224;pick item
pick_i21903;pick item
pick_i19542;pick item
pick_i10803;pick item
ship_o1211;ship order
pick_i17143;pick item
pick_i20853;pick item
pick_i21303;pick item
pick_i22618;pick item
place_o1870;place order
pick_i19201;pick item
pick_i18322;pick item
pick_i15279;pick item
pick_i14864;pick item
pick_i16714;pick item
pick_i16556;pick item
pick_i22345;pick item
pick_i17148;pick item
pick_i12620;pick item
pick_i20708;pick item
pick_i17560;pick item
pick_i22101;pick item
pick_i20033;pick item
pick_i18181;pick item
pick_i15778;pick item
pick_i20507;pick item
pick_i20140;pick item
pick_i22673;pick item
pick_i21654;pick item
pick_i17579;pick item
pick_i20699;pick item
pick_i19445;pick item
pick_i19167;pick item
place_o1871;place order
pick_i21738;pick item
pick_i19864;pick item
pick_i20919;pick item
pick_i21261;pick item
pick_i16810;pick item
pick_i20944;pick item
pick_i19529;pick item
pick_i21067;pick item
pick_i18896;pick item
pick_i21350;pick item
pick_i22654;pick item
pick_i19219;pick item
pick_i20384;pick item
pick_i19407;pick item
pick_i19488;pick item
pick_i20835;pick item
pick_i22741;pick item
pick_i22232;pick item
pick_i20888;pick item
pick_i22167;pick item
pick_i14785;pick item
pick_i18778;pick item
pick_i16118;pick item
pick_i20866;pick item
place_o1872;place order
pick_i22666;pick item
pick_i22292;pick item
pick_i17545;pick item
pick_i20004;pick item
pick_i22454;pick item
pick_i22270;pick item
pick_i20709;pick item
pick_i15599;pick item
pick_i16876;pick item
pick_i14247;pick item
pick_i18379;pick item
place_o1873;place order
pick_i15714;pick item
pick_i16859;pick item
pick_i22924;pick item
place_o1874;place order
pick_i18485;pick item
pick_i21161;pick item
pick_i14942;pick item
pick_i18298;pick item
pick_i19591;pick item
pick_i19456;pick item
pick_i22440;pick item
pick_i17646;pick item
pick_i18919;pick item
pick_i18639;pick item
pick_i22848;pick item
pick_i18806;pick item
pick_i22601;pick item
pick_i20947;pick item
pick_i22344;pick item
pick_i19956;pick item
pick_i21236;pick item
pick_i20010;pick item
pick_i20099;pick item
pick_i21605;pick item
pick_i22527;pick item
pick_i22797;pick item
pick_i20126;pick item
pick_i19352;pick item
pick_i12957;pick item
place_o1875;place order
pick_i21709;pick item
ship_o1342;ship order
pick_i22124;pick item
pick_i21393;pick item
pick_i16116;pick item
pick_i22704;pick item
pick_i22518;pick item
pick_i15994;pick item
pick_i16252;pick item
pick_i14814;pick item
pick_i19872;pick item
pick_i16389;pick item
pick_i17978;pick item
place_o1876;place order
pick_i17428;pick item
pick_i18891;pick item
pick_i10231;pick item
ship_o1171;ship order
pick_i22276;pick item
pick_i17183;pick item
pick_i22737;pick item
pick_i18642;pick item
pick_i17936;pick item
pick_i22327;pick item
pick_i15742;pick item
pick_i22112;pick item
pick_i19535;pick item
pick_i21682;pick item
pick_i18405;pick item
pick_i20611;pick item
pick_i21558;pick item
pick_i13020;pick item
pick_i20050;pick item
pick_i21887;pick item
pick_i19324;pick item
pick_i20966;pick item
pick_i18550;pick item
pick_i12005;pick item
pick_i16083;pick item
pick_i15816;pick item
pick_i19027;pick item
pick_i19975;pick item
pick_i22636;pick item
pick_i22386;pick item
pick_i17026;pick item
place_o1877;place order
pick_i19765;pick item
pick_i22145;pick item
pick_i19231;pick item
pick_i21481;pick item
pick_i22729;pick item
place_o1878;place order
pick_i18820;pick item
pick_i17961;pick item
pick_i18433;pick item
pick_i19484;pick item
pick_i18614;pick item
pick_i21455;pick item
pick_i22842;pick item
pick_i22187;pick item
pick_i17326;pick item
pick_i20870;pick item
pick_i21735;pick item
pick_i18706;pick item
pick_i15478;pick item
pick_i21182;pick item
pick_i17252;pick item
pick_i19126;pick item
pick_i20473;pick item
pick_i18847;pick item
pick_i15101;pick item
pick_i19794;pick item
place_o1879;place order
pick_i18196;pick item
pick_i22317;pick item
pick_i14774;pick item
place_o1880;place order
pick_i21019;pick item
pick_i13080;pick item
pick_i20266;pick item
pick_i21128;pick item
pick_i16758;pick item
pick_i20369;pick item
pick_i18212;pick item
pick_i21369;pick item
pick_i17959;pick item
pick_i12165;pick item
pick_i17527;pick item
ship_o1296;ship order
pick_i15898;pick item
pick_i21353;pick item
pick_i21650;pick item
pick_i15303;pick item
pick_i20967;pick item
pick_i21449;pick item
pick_i18306;pick item
pick_i22423;pick item
pick_i19065;pick item
pick_i17295;pick item
place_o1881;place order
pick_i21109;pick item
pick_i19399;pick item
pick_i22832;pick item
pick_i19502;pick item
place_o1882;place order
pick_i21498;pick item
pick_i19197;pick item
pick_i22430;pick item
pick_i19846;pick item
pick_i20302;pick item
place_o1883;place order
pick_i22195;pick item
pick_i20228;pick item
pick_i17871;pick item
pick_i13337;pick item
pick_i17127;pick item
pick_i16414;pick item
pick_i21025;pick item
pick_i18954;pick item
pick_i18304;pick item
pick_i21634;pick item
pick_i22382;pick item
pick_i21698;pick item
pick_i23179;pick item
pick_i20830;pick item
pick_i14380;pick item
pick_i21855;pick item
pick_i14715;pick item
pick_i13894;pick item
pick_i20348;pick item
ship_o1398;ship order
pick_i19078;pick item
pick_i23199;pick item
place_o1884;place order
pick_i20727;pick item
pick_i17303;pick item
pick_i15574;pick item
pick_i22740;pick item
pick_i21136;pick item
pick_i18775;pick item
pick_i17096;pick item
pick_i13431;pick item
pick_i12548;pick item
pick_i17910;pick item
ship_o1318;ship order
pick_i18815;pick item
pick_i22359;pick item
pick_i17984;pick item
pick_i17954;pick item
pick_i14346;pick item
pick_i22009;pick item
pick_i19857;pick item
pick_i19409;pick item
pick_i18033;pick item
pick_i16897;pick item
pick_i10899;pick item
ship_o1216;ship order
pick_i20491;pick item
pick_i17896;pick item
pick_i17142;pick item
pick_i18763;pick item
pick_i23181;pick item
pick_i18237;pick item
pick_i17327;pick item
pick_i21245;pick item
pick_i16041;pick item
pick_i19847;pick item
pick_i21756;pick item
place_o1885;place order
pick_i19977;pick item
pick_i17543;pick item
pick_i18586;pick item
pick_i18268;pick item
pick_i13450;pick item
pick_i23171;pick item
pick_i23135;pick item
pick_i17567;pick item
pick_i14426;pick item
pick_i21320;pick item
pick_i21572;pick item
pick_i22845;pick item
pick_i12419;pick item
pick_i22128;pick item
ship_o1311;ship order
pick_i18723;pick item
pick_i19173;pick item
pick_i17475;pick item
pick_i17603;pick item
pick_i20014;pick item
pick_i22155;pick item
pick_i15502;pick item
pick_i22206;pick item
pick_i22080;pick item
place_o1886;place order
pick_i22957;pick item
pick_i14935;pick item
pick_i20103;pick item
pick_i20796;pick item
pick_i14836;pick item
pick_i21163;pick item
place_o1887;place order
pick_i22312;pick item
pick_i20704;pick item
pick_i19045;pick item
pick_i21765;pick item
pick_i18489;pick item
pick_i22881;pick item
pick_i18434;pick item
pick_i19430;pick item
pick_i23263;pick item
place_o1888;place order
pick_i21497;pick item
pick_i20085;pick item
pick_i12362;pick item
pick_i16724;pick item
ship_o1307;ship order
pick_i22643;pick item
pick_i21214;pick item
pick_i13788;pick item
pick_i21704;pick item
pick_i20625;pick item
pick_i18764;pick item
pick_i22241;pick item
pick_i19413;pick item
pick_i19406;pick item
pick_i20150;pick item
pick_i18869;pick item
place_o1889;place order
pick_i15561;pick item
pick_i23042;pick item
pick_i20233;pick item
pick_i19211;pick item
pick_i21720;pick item
pick_i21600;pick item
pick_i18658;pick item
pick_i22447;pick item
pick_i19988;pick item
pick_i22196;pick item
pick_i23011;pick item
pick_i20147;pick item
pick_i14712;pick item
ship_o1447;ship order
pick_i19603;pick item
pick_i19393;pick item
pick_i19222;pick item
pick_i18376;pick item
pick_i16737;pick item
place_o1890;place order
pick_i19494;pick item
pick_i23205;pick item
pick_i22176;pick item
pick_i19889;pick item
pick_i23282;pick item
pick_i12028;pick item
pick_i16347;pick item
pick_i22681;pick item
pick_i22834;pick item
pick_i12508;pick item
pick_i20287;pick item
pick_i20871;pick item
pick_i22152;pick item
place_o1891;place order
pick_i19826;pick item
pick_i17720;pick item
pick_i21999;pick item
place_o1892;place order
pick_i20901;pick item
pick_i23088;pick item
pick_i13775;pick item
pick_i22871;pick item
pick_i22763;pick item
pick_i20391;pick item
pick_i20260;pick item
place_o1893;place order
pick_i20111;pick item
pick_i13534;pick item
pick_i19943;pick item
pick_i22304;pick item
pick_i15430;pick item
pick_i19666;pick item
pick_i22055;pick item
pick_i21372;pick item
pick_i21798;pick item
pick_i23068;pick item
pick_i23242;pick item
pick_i19358;pick item
place_o1894;place order
pick_i18805;pick item
pick_i21782;pick item
pick_i21041;pick item
pick_i18345;pick item
pick_i18686;pick item
pick_i15978;pick item
pick_i22538;pick item
pick_i22649;pick item
pick_i20148;pick item
pick_i14612;pick item
pick_i20409;pick item
pick_i22989;pick item
place_o1895;place order
pick_i17949;pick item
pick_i16473;pick item
pick_i22355;pick item
pick_i21349;pick item
place_o1896;place order
pick_i21064;pick item
pick_i18606;pick item
pick_i20207;pick item
pick_i21951;pick item
pick_i20742;pick item
pick_i19170;pick item
pick_i22714;pick item
place_o1897;place order
pick_i10142;pick item
ship_o1166;ship order
pick_i22094;pick item
pick_i20305;pick item
pick_i18191;pick item
pick_i15156;pick item
pick_i22235;pick item
pick_i18995;pick item
pick_i21995;pick item
pick_i23316;pick item
pick_i20058;pick item
pick_i22735;pick item
pick_i22851;pick item
place_o1898;place order
pick_i21602;pick item
pick_i22775;pick item
pick_i19466;pick item
pick_i20235;pick item
pick_i22230;pick item
pick_i20532;pick item
place_o1899;place order
pick_i22927;pick item
pick_i22716;pick item
pick_i22799;pick item
pick_i21423;pick item
pick_i21407;pick item
pick_i17331;pick item
pick_i22730;pick item
pick_i21601;pick item
pick_i23476;pick item
pick_i21141;pick item
pick_i13859;pick item
pick_i22991;pick item
pick_i23494;pick item
pick_i17340;pick item
pick_i18275;pick item
pick_i17276;pick item
pick_i20280;pick item
pick_i16747;pick item
pick_i21518;pick item
pick_i22604;pick item
pick_i18619;pick item
place_o1900;place order
pick_i22778;pick item
pick_i23455;pick item
pick_i19453;pick item
pick_i23533;pick item
pick_i17231;pick item
pick_i23489;pick item
pick_i21685;pick item
pick_i20889;pick item
pick_i22981;pick item
pick_i22142;pick item
pick_i18972;pick item
place_o1901;place order
pick_i22879;pick item
pick_i20281;pick item
pick_i23400;pick item
pick_i22761;pick item
pick_i19270;pick item
pick_i21772;pick item
pick_i14004;pick item
pick_i23087;pick item
pick_i15385;pick item
pick_i17054;pick item
pick_i12193;pick item
pick_i20338;pick item
pick_i22671;pick item
pick_i20167;pick item
pick_i22711;pick item
pick_i22383;pick item
pick_i16671;pick item
pick_i16373;pick item
pick_i20519;pick item
pick_i21179;pick item
place_o1902;place order
pick_i15414;pick item
pick_i22239;pick item
pick_i19781;pick item
pick_i17090;pick item
pick_i23271;pick item
pick_i20544;pick item
pick_i22322;pick item
place_o1903;place order
pick_i21440;pick item
pick_i23495;pick item
pick_i17668;pick item
pick_i17680;pick item
pick_i18963;pick item
pick_i21985;pick item
place_o1904;place order
pick_i16867;pick item
pick_i22677;pick item
pick_i19539;pick item
place_o1905;place order
pick_i20798;pick item
pick_i23503;pick item
pick_i16101;pick item
pick_i19092;pick item
pick_i21346;pick item
pick_i22896;pick item
pick_i23173;pick item
pick_i20596;pick item
pick_i20013;pick item
pick_i20713;pick item
pick_i23626;pick item
place_o1906;place order
pick_i18759;pick item
pick_i23225;pick item
pick_i16420;pick item
pick_i18132;pick item
pick_i17698;pick item
pick_i18418;pick item
pick_i21546;pick item
pick_i19668;pick item
pick_i21761;pick item
pick_i15866;pick item
pick_i18698;pick item
pick_i23561;pick item
pick_i20681;pick item
place_o1907;place order
pick_i16568;pick item
pick_i23347;pick item
pick_i17549;pick item
pick_i23396;pick item
place_o1908;place order
pick_i22226;pick item
pick_i21569;pick item
pick_i18562;pick item
pick_i22987;pick item
pick_i22321;pick item
pick_i18311;pick item
pick_i21856;pick item
pick_i21028;pick item
pick_i23029;pick item
pick_i21629;pick item
pick_i22002;pick item
place_o1909;place order
pick_i17823;pick item
pick_i22751;pick item
pick_i18077;pick item
pick_i20138;pick item
pick_i20725;pick item
pick_i19850;pick item
pick_i20203;pick item
pick_i22883;pick item
pick_i23409;pick item
pick_i23356;pick item
pick_i21096;pick item
pick_i21690;pick item
pick_i20647;pick item
pick_i19650;pick item
pick_i21073;pick item
pick_i21421;pick item
pick_i20191;pick item
pick_i20624;pick item
pick_i15142;pick item
pick_i19411;pick item
pick_i19903;pick item
pick_i15005;pick item
pick_i23434;pick item
pick_i19901;pick item
pick_i20444;pick item
pick_i22607;pick item
pick_i13690;pick item
pick_i21565;pick item
pick_i18649;pick item
pick_i21793;pick item
pick_i20143;pick item
place_o1910;place order
pick_i23546;pick item
pick_i23231;pick item
pick_i21904;pick item
place_o1911;place order
pick_i23160;pick item
pick_i20656;pick item
pick_i23012;pick item
pick_i23509;pick item
place_o1912;place order
pick_i22880;pick item
pick_i19759;pick item
pick_i18391;pick item
pick_i23354;pick item
place_o1913;place order
pick_i18442;pick item
pick_i18597;pick item
pick_i15669;pick item
pick_i20561;pick item
pick_i23321;pick item
pick_i19791;pick item
pick_i23471;pick item
pick_i20008;pick item
pick_i23048;pick item
pick_i23223;pick item
pick_i18579;pick item
pick_i20383;pick item
pick_i19458;pick item
pick_i18107;pick item
pick_i22526;pick item
pick_i20510;pick item
pick_i13133;pick item
pick_i21300;pick item
pick_i23656;pick item
pick_i23791;pick item
pick_i20837;pick item
place_o1914;place order
pick_i19268;pick item
pick_i23527;pick item
pick_i21830;pick item
pick_i20256;pick item
pick_i21491;pick item
pick_i23728;pick item
pick_i17457;pick item
pick_i22467;pick item
pick_i22810;pick item
pick_i22291;pick item
pick_i16190;pick item
pick_i22073;pick item
place_o1915;place order
pick_i22748;pick item
pick_i22920;pick item
place_o1916;place order
pick_i23685;pick item
pick_i17312;pick item
pick_i20078;pick item
pick_i19972;pick item
pick_i22260;pick item
pick_i23172;pick item
pick_i19740;pick item
pick_i19685;pick item
pick_i20907;pick item
place_o1917;place order
pick_i20226;pick item
pick_i17632;pick item
pick_i16904;pick item
pick_i22664;pick item
pick_i17410;pick item
pick_i21773;pick item
pick_i21592;pick item
place_o1918;place order
pick_i18635;pick item
pick_i22561;pick item
pick_i22169;pick item
pick_i20518;pick item
pick_i22156;pick item
pick_i19580;pick item
pick_i21412;pick item
pick_i21984;pick item
pick_i22830;pick item
place_o1919;place order
pick_i15878;pick item
pick_i16789;pick item
pick_i22932;pick item
pick_i22248;pick item
place_o1920;place order
pick_i15856;pick item
pick_i21160;pick item
pick_i21173;pick item
place_o1921;place order
pick_i21784;pick item
pick_i19789;pick item
pick_i21121;pick item
place_o1922;place order
pick_i23820;pick item
pick_i20737;pick item
pick_i16521;pick item
pick_i21039;pick item
pick_i23157;pick item
pick_i16923;pick item
pick_i23138;pick item
pick_i17846;pick item
pick_i16407;pick item
pick_i20593;pick item
pick_i20419;pick item
pick_i21044;pick item
pick_i22784;pick item
pick_i14338;pick item
place_o1923;place order
pick_i15776;pick item
pick_i18114;pick item
pick_i23597;pick item
pick_i21333;pick item
pick_i15501;pick item
pick_i18992;pick item
pick_i20794;pick item
place_o1924;place order
pick_i22559;pick item
pick_i22614;pick item
pick_i21172;pick item
pick_i15755;pick item
pick_i23234;pick item
pick_i23757;pick item
pick_i15701;pick item
pick_i15708;pick item
pick_i19836;pick item
pick_i23218;pick item
pick_i20242;pick item
place_o1925;place order
pick_i23359;pick item
pick_i21863;pick item
pick_i23535;pick item
pick_i21296;pick item
pick_i23716;pick item
pick_i19655;pick item
place_o1926;place order
pick_i20450;pick item
pick_i22374;pick item
pick_i22891;pick item
pick_i19210;pick item
pick_i23057;pick item
pick_i16057;pick item
pick_i21414;pick item
place_o1927;place order
pick_i23605;pick item
pick_i23710;pick item
pick_i24111;pick item
pick_i15973;pick item
pick_i19973;pick item
pick_i15015;pick item
pick_i19048;pick item
pick_i21750;pick item
place_o1928;place order
pick_i20478;pick item
pick_i21360;pick item
pick_i24057;pick item
pick_i18403;pick item
pick_i16112;pick item
pick_i19388;pick item
pick_i22058;pick item
pick_i22261;pick item
pick_i22238;pick item
pick_i21725;pick item
pick_i16857;pick item
pick_i23325;pick item
place_o1929;place order
pick_i23635;pick item
pick_i17511;pick item
pick_i20567;pick item
pick_i19273;pick item
pick_i22803;pick item
place_o1930;place order
pick_i22639;pick item
pick_i14502;pick item
pick_i14879;pick item
pick_i18346;pick item
pick_i18584;pick item
pick_i12625;pick item
pick_i17025;pick item
pick_i13073;pick item
pick_i21972;pick item
pick_i20927;pick item
pick_i16883;pick item
pick_i21883;pick item
pick_i22464;pick item
pick_i23555;pick item
pick_i19673;pick item
pick_i21502;pick item
pick_i23672;pick item
pick_i15680;pick item
pick_i23846;pick item
pick_i22252;pick item
pick_i17348;pick item
pick_i23202;pick item
pick_i22255;pick item
pick_i13157;pick item
place_o1931;place order
pick_i20100;pick item
pick_i14266;pick item
pick_i16120;pick item
pick_i20855;pick item
place_o1932;place order
pick_i20878;pick item
pick_i21364;pick item
pick_i20673;pick item
pick_i18291;pick item
pick_i20802;pick item
pick_i21713;pick item
pick_i20005;pick item
pick_i22502;pick item
pick_i22366;pick item
pick_i22347;pick item
place_o1933;place order
pick_i21439;pick item
pick_i22010;pick item
pick_i21118;pick item
pick_i22217;pick item
place_o1934;place order
pick_i24269;pick item
pick_i22353;pick item
pick_i21212;pick item
pick_i23435;pick item
pick_i21992;pick item
pick_i21338;pick item
pick_i18299;pick item
pick_i22017;pick item
pick_i17544;pick item
place_o1935;place order
pick_i22405;pick item
pick_i19859;pick item
pick_i17609;pick item
pick_i13220;pick item
pick_i19958;pick item
pick_i21898;pick item
pick_i22282;pick item
pick_i15128;pick item
pick_i23152;pick item
pick_i18245;pick item
pick_i23891;pick item
pick_i19348;pick item
pick_i21590;pick item
pick_i16036;pick item
pick_i22785;pick item
pick_i20362;pick item
pick_i15943;pick item
pick_i13517;pick item
pick_i22254;pick item
place_o1936;place order
pick_i22535;pick item
pick_i23341;pick item
pick_i19924;pick item
pick_i18169;pick item
pick_i16095;pick item
pick_i13818;pick item
pick_i16601;pick item
pick_i20859;pick item
pick_i21123;pick item
pick_i21194;pick item
pick_i18950;pick item
pick_i19278;pick item
pick_i24169;pick item
pick_i20118;pick item
pick_i12869;pick item
ship_o1338;ship order
pick_i24240;pick item
pick_i16388;pick item
pick_i23277;pick item
pick_i23213;pick item
pick_i18484;pick item
place_o1937;place order
pick_i20114;pick item
pick_i23849;pick item
pick_i21548;pick item
pick_i18977;pick item
place_o1938;place order
pick_i17403;pick item
pick_i20819;pick item
pick_i21608;pick item
pick_i19584;pick item
pick_i20924;pick item
pick_i21188;pick item
pick_i18029;pick item
pick_i17072;pick item
pick_i21694;pick item
pick_i21089;pick item
pick_i19875;pick item
place_o1939;place order
pick_i21655;pick item
pick_i24226;pick item
pick_i16677;pick item
pick_i17821;pick item
pick_i12612;pick item
pick_i23003;pick item
pick_i18585;pick item
pick_i23547;pick item
pick_i17455;pick item
pick_i23276;pick item
pick_i22611;pick item
pick_i21244;pick item
pick_i22691;pick item
pick_i17960;pick item
pick_i18172;pick item
pick_i23708;pick item
pick_i23687;pick item
pick_i20439;pick item
pick_i22361;pick item
pick_i23664;pick item
pick_i16424;pick item
pick_i21736;pick item
place_o1940;place order
pick_i13539;pick item
pick_i21124;pick item
pick_i21420;pick item
pick_i22574;pick item
pick_i23386;pick item
pick_i21331;pick item
pick_i23869;pick item
pick_i18558;pick item
pick_i22231;pick item
pick_i16017;pick item
pick_i16630;pick item
pick_i21361;pick item
pick_i16721;pick item
pick_i15872;pick item
pick_i23150;pick item
pick_i23663;pick item
pick_i23931;pick item
pick_i15395;pick item
place_o1941;place order
pick_i21906;pick item
pick_i10426;pick item
ship_o1185;ship order
pick_i18651;pick item
pick_i19395;pick item
pick_i16600;pick item
pick_i14377;pick item
pick_i22499;pick item
pick_i15979;pick item
pick_i23983;pick item
pick_i15339;pick item
pick_i17946;pick item
pick_i21671;pick item
pick_i16307;pick item
pick_i22875;pick item
pick_i15674;pick item
place_o1942;place order
pick_i23021;pick item
pick_i19353;pick item
pick_i21658;pick item
place_o1943;place order
pick_i22928;pick item
pick_i22579;pick item
pick_i15814;pick item
pick_i23110;pick item
pick_i15296;pick item
pick_i22863;pick item
pick_i23166;pick item
pick_i23462;pick item
pick_i18839;pick item
pick_i22045;pick item
pick_i18334;pick item
pick_i23295;pick item
pick_i22826;pick item
pick_i24001;pick item
pick_i18848;pick item
pick_i19364;pick item
pick_i14579;pick item
pick_i20951;pick item
pick_i18994;pick item
place_o1944;place order
pick_i20584;pick item
pick_i23551;pick item
pick_i22131;pick item
pick_i24514;pick item
pick_i21227;pick item
pick_i15515;pick item
pick_i22912;pick item
pick_i14021;pick item
pick_i22504;pick item
pick_i22765;pick item
pick_i22189;pick item
pick_i16828;pick item
pick_i20352;pick item
place_o1945;place order
pick_i17862;pick item
pick_i22962;pick item
pick_i20282;pick item
pick_i20440;pick item
pick_i15924;pick item
pick_i17103;pick item
pick_i20999;pick item
pick_i24092;pick item
pick_i19208;pick item
pick_i22742;pick item
pick_i17993;pick item
pick_i22362;pick item
pick_i23148;pick item
pick_i18223;pick item
pick_i20202;pick item
pick_i24281;pick item
pick_i22660;pick item
pick_i20176;pick item
pick_i18991;pick item
pick_i22795;pick item
pick_i20222;pick item
place_o1946;place order
pick_i16778;pick item
pick_i24039;pick item
pick_i17774;pick item
pick_i20400;pick item
place_o1947;place order
pick_i18729;pick item
pick_i22391;pick item
pick_i21702;pick item
place_o1948;place order
pick_i24339;pick item
pick_i19428;pick item
pick_i20142;pick item
pick_i21092;pick item
pick_i22521;pick item
pick_i21210;pick item
pick_i16298;pick item
pick_i24371;pick item
pick_i18741;pick item
pick_i23818;pick item
pick_i20049;pick item
pick_i16009;pick item
pick_i20630;pick item
pick_i17753;pick item
pick_i23519;pick item
pick_i17195;pick item
pick_i21088;pick item
pick_i21079;pick item
pick_i23469;pick item
pick_i23262;pick item
pick_i24433;pick item
pick_i23660;pick item
pick_i20258;pick item
place_o1949;place order
pick_i23988;pick item
pick_i24437;pick item
pick_i13734;pick item
pick_i23788;pick item
pick_i22515;pick item
pick_i23417;pick item
pick_i21151;pick item
pick_i17957;pick item
pick_i17211;pick item
pick_i24354;pick item
pick_i23170;pick item
pick_i21921;pick item
place_o1950;place order
pick_i19703;pick item
pick_i17787;pick item
pick_i24157;pick item
pick_i21382;pick item
pick_i24626;pick item
pick_i16782;pick item
pick_i23090;pick item
pick_i22426;pick item
pick_i23084;pick item
pick_i17616;pick item
pick_i23764;pick item
pick_i20995;pick item
pick_i22936;pick item
pick_i17582;pick item
pick_i12624;pick item
ship_o1323;ship order
pick_i11048;pick item
pick_i24375;pick item
pick_i22743;pick item
pick_i24610;pick item
place_o1951;place order
pick_i17149;pick item
pick_i24542;pick item
pick_i21020;pick item
place_o1952;place order
pick_i23915;pick item
pick_i18569;pick item
pick_i15719;pick item
pick_i22331;pick item
pick_i22205;pick item
pick_i20548;pick item
pick_i24627;pick item
pick_i21561;pick item
pick_i22706;pick item
pick_i21737;pick item
pick_i21723;pick item
place_o1953;place order
pick_i18965;pick item
pick_i18422;pick item
pick_i23159;pick item
pick_i18279;pick item
pick_i24430;pick item
pick_i20327;pick item
place_o1954;place order
pick_i16672;pick item
pick_i13663;pick item
pick_i18432;pick item
pick_i21552;pick item
pick_i18547;pick item
pick_i23061;pick item
pick_i18387;pick item
pick_i23937;pick item
pick_i16593;pick item
pick_i20545;pick item
pick_i21794;pick item
pick_i20797;pick item
place_o1955;place order
pick_i15945;pick item
pick_i21931;pick item
pick_i20180;pick item
pick_i23305;pick item
pick_i12622;pick item
place_o1956;place order
pick_i23895;pick item
pick_i24316;pick item
pick_i23437;pick item
pick_i22389;pick item
pick_i23595;pick item
pick_i16578;pick item
pick_i22599;pick item
pick_i22475;pick item
pick_i22412;pick item
pick_i22281;pick item
pick_i13415;pick item
ship_o1370;ship order
pick_i23662;pick item
pick_i21029;pick item
place_o1957;place order
pick_i18010;pick item
pick_i23052;pick item
pick_i24643;pick item
pick_i23821;pick item
pick_i23269;pick item
pick_i12795;pick item
pick_i24758;pick item
pick_i21616;pick item
pick_i18644;pick item
pick_i23319;pick item
pick_i22548;pick item
pick_i22221;pick item
pick_i18600;pick item
pick_i21478;pick item
place_o1958;place order
pick_i22662;pick item
pick_i16993;pick item
pick_i24319;pick item
pick_i23485;pick item
pick_i23619;pick item
pick_i14722;pick item
pick_i24545;pick item
pick_i21562;pick item
pick_i21132;pick item
pick_i19295;pick item
place_o1959;place order
pick_i13231;pick item
pick_i17086;pick item
pick_i19545;pick item
place_o1960;place order
pick_i20405;pick item
pick_i23745;pick item
pick_i23976;pick item
pick_i19155;pick item
pick_i22595;pick item
pick_i19340;pick item
pick_i22768;pick item
pick_i22916;pick item
pick_i23833;pick item
pick_i15244;pick item
place_o1961;place order
pick_i13139;pick item
pick_i18610;pick item
ship_o1353;ship order
pick_i21326;pick item
pick_i21115;pick item
pick_i20733;pick item
pick_i23761;pick item
pick_i22670;pick item
pick_i20385;pick item
pick_i23955;pick item
pick_i15797;pick item
pick_i15868;pick item
pick_i19981;pick item
pick_i24153;pick item
pick_i21840;pick item
pick_i24690;pick item
pick_i23436;pick item
pick_i18505;pick item
pick_i21512;pick item
pick_i17056;pick item
pick_i16692;pick item
place_o1962;place order
pick_i23279;pick item
pick_i22394;pick item
pick_i22945;pick item
pick_i18427;pick item
place_o1963;place order
pick_i23857;pick item
pick_i22024;pick item
pick_i21860;pick item
pick_i17818;pick item
pick_i24021;pick item
pick_i18876;pick item
pick_i23365;pick item
pick_i21541;pick item
place_o1964;place order
pick_i16312;pick item
pick_i24547;pick item
pick_i21884;pick item
pick_i22336;pick item
pick_i14758;pick item
pick_i23333;pick item
pick_i21523;pick item
pick_i22864;pick item
pick_i20252;pick item
pick_i18076;pick item
pick_i18392;pick item
pick_i18129;pick item
place_o1965;place order
pick_i24894;pick item
pick_i18096;pick item
pick_i24570;pick item
pick_i20303;pick item
pick_i24143;pick item
pick_i22712;pick item
pick_i20297;pick item
pick_i16885;pick item
pick_i22575;pick item
pick_i21480;pick item
pick_i21778;pick item
pick_i16540;pick item
pick_i18171;pick item
pick_i19698;pick item
pick_i24581;pick item
pick_i21724;pick item
pick_i15391;pick item
pick_i24318;pick item
pick_i24651;pick item
place_o1966;place order
pick_i19971;pick item
pick_i16625;pick item
pick_i23145;pick item
place_o1967;place order
pick_i20691;pick item
pick_i22177;pick item
pick_i17772;pick item
pick_i17030;pick item
place_o1968;place order
pick_i14248;pick item
pick_i24198;pick item
pick_i22811;pick item
pick_i21108;pick item
place_o1969;place order
pick_i20776;pick item
pick_i21336;pick item
pick_i20271;pick item
pick_i23562;pick item
pick_i22537;pick item
pick_i19585;pick item
place_o1970;place order
pick_i24799;pick item
pick_i20322;pick item
pick_i21515;pick item
pick_i19625;pick item
pick_i22522;pick item
pick_i21217;pick item
pick_i17715;pick item
pick_i24211;pick item
pick_i24272;pick item
pick_i16144;pick item
pick_i22686;pick item
pick_i24008;pick item
pick_i20790;pick item
pick_i17768;pick item
pick_i17474;pick item
pick_i23784;pick item
pick_i16700;pick item
pick_i21395;pick item
pick_i21524;pick item
pick_i23593;pick item
pick_i18285;pick item
pick_i23185;pick item
pick_i24191;pick item
pick_i23526;pick item
pick_i23760;pick item
pick_i23866;pick item
place_o1971;place order
pick_i20312;pick item
pick_i22494;pick item
pick_i23338;pick item
pick_i21957;pick item
pick_i22990;pick item
pick_i22078;pick item
pick_i22950;pick item
pick_i17489;pick item
pick_i21500;pick item
pick_i24566;pick item
pick_i13966;pick item
place_o1972;place order
pick_i18507;pick item
pick_i16534;pick item
pick_i24897;pick item
pick_i18441;pick item
place_o1973;place order
pick_i21857;pick item
pick_i16069;pick item
pick_i19663;pick item
pick_i20782;pick item
pick_i23841;pick item
pick_i20289;pick item
pick_i24521;pick item
pick_i14032;pick item
pick_i24032;pick item
pick_i24826;pick item
pick_i17258;pick item
pick_i19695;pick item
pick_i24770;pick item
pick_i12783;pick item
ship_o1333;ship order
pick_i19992;pick item
pick_i19933;pick item
pick_i21327;pick item
pick_i18756;pick item
pick_i19686;pick item
pick_i18302;pick item
place_o1974;place order
pick_i25069;pick item
pick_i17431;pick item
pick_i19853;pick item
pick_i19319;pick item
pick_i22805;pick item
pick_i17786;pick item
pick_i23326;pick item
pick_i14971;pick item
pick_i22284;pick item
pick_i21330;pick item
pick_i22843;pick item
pick_i23556;pick item
pick_i20785;pick item
pick_i15220;pick item
pick_i20269;pick item
pick_i18787;pick item
pick_i21661;pick item
pick_i19719;pick item
pick_i20975;pick item
pick_i17426;pick item
pick_i16919;pick item
pick_i18147;pick item
pick_i17696;pick item
pick_i20799;pick item
place_o1975;place order
pick_i18890;pick item
pick_i19739;pick item
pick_i16084;pick item
pick_i23511;pick item
pick_i14782;pick item
pick_i22351;pick item
pick_i19722;pick item
pick_i20294;pick item
pick_i19594;pick item
pick_i22800;pick item
pick_i16873;pick item
pick_i21954;pick item
pick_i18038;pick item
pick_i22455;pick item
pick_i24715;pick item
pick_i19811;pick item
pick_i20636;pick item
pick_i20452;pick item
pick_i24438;pick item
pick_i20990;pick item
pick_i23515;pick item
pick_i20541;pick item
pick_i22372;pick item
pick_i22906;pick item
pick_i18295;pick item
pick_i17734;pick item
pick_i19674;pick item
place_o1976;place order
pick_i22431;pick item
pick_i20396;pick item
pick_i21278;pick item
pick_i22414;pick item
pick_i18615;pick item
place_o1977;place order
pick_i23033;pick item
pick_i23809;pick item
pick_i22943;pick item
pick_i25204;pick item
pick_i23839;pick item
pick_i16581;pick item
pick_i22234;pick item
pick_i20011;pick item
pick_i15618;pick item
pick_i16860;pick item
pick_i20417;pick item
pick_i22869;pick item
pick_i19382;pick item
pick_i22126;pick item
pick_i22997;pick item
pick_i13330;pick item
pick_i24864;pick item
place_o1978;place order
pick_i21645;pick item
pick_i24460;pick item
pick_i17423;pick item
pick_i21749;pick item
pick_i23174;pick item
pick_i19221;pick item
pick_i20435;pick item
pick_i15691;pick item
pick_i24126;pick item
pick_i23586;pick item
pick_i18494;pick item
place_o1979;place order
pick_i21000;pick item
pick_i21816;pick item
pick_i24936;pick item
pick_i14819;pick item
pick_i23826;pick item
pick_i17589;pick item
pick_i23252;pick item
pick_i22151;pick item
pick_i24848;pick item
pick_i24448;pick item
pick_i21706;pick item
pick_i23542;pick item
pick_i24618;pick item
pick_i24620;pick item
pick_i23717;pick item
pick_i22813;pick item
pick_i21625;pick item
pick_i19064;pick item
place_o1980;place order
pick_i20758;pick item
pick_i23368;pick item
pick_i20184;pick item
pick_i18790;pick item
pick_i22311;pick item
pick_i19490;pick item
pick_i20526;pick item
pick_i25138;pick item
pick_i20247;pick item
pick_i20349;pick item
pick_i15706;pick item
place_o1981;place order
pick_i20171;pick item
pick_i19667;pick item
pick_i19169;pick item
place_o1982;place order
pick_i21599;pick item
pick_i19403;pick item
pick_i25338;pick item
pick_i23652;pick item
place_o1983;place order
pick_i21080;pick item
pick_i17282;pick item
pick_i22050;pick item
pick_i18587;pick item
pick_i16052;pick item
pick_i19549;pick item
place_o1984;place order
pick_i25089;pick item
pick_i24636;pick item
pick_i16340;pick item
pick_i17612;pick item
pick_i20817;pick item
pick_i11942;pick item
pick_i15317;pick item
pick_i18708;pick item
pick_i22460;pick item
pick_i23871;pick item
pick_i22776;pick item
place_o1985;place order
pick_i19237;pick item
pick_i21243;pick item
pick_i21013;pick item
place_o1986;place order
pick_i23241;pick item
pick_i16656;pick item
pick_i19891;pick item
pick_i24127;pick item
pick_i17878;pick item
place_o1987;place order
pick_i21916;pick item
pick_i22057;pick item
pick_i22087;pick item
pick_i20772;pick item
pick_i19059;pick item
pick_i23552;pick item
pick_i21554;pick item
pick_i24543;pick item
pick_i24498;pick item
pick_i24024;pick item
pick_i24441;pick item
pick_i19248;pick item
pick_i20668;pick item
pick_i21252;pick item
place_o1988;place order
pick_i18463;pick item
pick_i13242;pick item
pick_i20928;pick item
pick_i22547;pick item
pick_i24798;pick item
pick_i24832;pick item
pick_i19133;pick item
pick_i17005;pick item
pick_i16088;pick item
pick_i24966;pick item
pick_i24998;pick item
pick_i21834;pick item
place_o1989;place order
pick_i20739;pick item
pick_i22056;pick item
pick_i23637;pick item
pick_i22858;pick item
pick_i25372;pick item
place_o1990;place order
pick_i24220;pick item
pick_i18825;pick item
pick_i23362;pick item
pick_i16992;pick item
pick_i19705;pick item
pick_i18149;pick item
pick_i22846;pick item
pick_i23300;pick item
pick_i23610;pick item
pick_i16366;pick item
pick_i20952;pick item
pick_i22173;pick item
pick_i22569;pick item
pick_i25181;pick item
pick_i22609;pick item
pick_i17237;pick item
pick_i19250;pick item
pick_i14409;pick item
pick_i24199;pick item
pick_i24683;pick item
pick_i23428;pick item
pick_i21220;pick item
pick_i25442;pick item
place_o1991;place order
pick_i23016;pick item
pick_i17644;pick item
pick_i23143;pick item
pick_i23288;pick item
pick_i21994;pick item
pick_i25185;pick item
place_o1992;place order
pick_i23627;pick item
pick_i22011;pick item
pick_i18350;pick item
pick_i24145;pick item
pick_i13822;pick item
pick_i25175;pick item
ship_o1394;ship order
pick_i18080;pick item
pick_i24405;pick item
pick_i19408;pick item
pick_i25227;pick item
pick_i21509;pick item
place_o1993;place order
pick_i18714;pick item
pick_i22363;pick item
pick_i20981;pick item
pick_i25099;pick item
pick_i21221;pick item
pick_i18236;pick item
pick_i23019;pick item
place_o1994;place order
pick_i25593;pick item
pick_i19641;pick item
place_o1995;place order
pick_i23114;pick item
pick_i24648;pick item
pick_i23758;pick item
pick_i23697;pick item
pick_i22052;pick item
pick_i24051;pick item
pick_i16683;pick item
pick_i23235;pick item
pick_i24287;pick item
pick_i24696;pick item
pick_i17992;pick item
place_o1996;place order
pick_i25661;pick item
pick_i25553;pick item
pick_i25561;pick item
pick_i17420;pick item
pick_i19335;pick item
pick_i17841;pick item
pick_i15380;pick item
pick_i20324;pick item
pick_i24223;pick item
pick_i19734;pick item
pick_i24453;pick item
pick_i21844;pick item
pick_i25367;pick item
pick_i24073;pick item
pick_i25184;pick item
pick_i24680;pick item
pick_i18974;pick item
pick_i16167;pick item
pick_i19277;pick item
pick_i23204;pick item
pick_i15175;pick item
pick_i23453;pick item
pick_i24328;pick item
pick_i18154;pick item
pick_i24131;pick item
pick_i19131;pick item
pick_i12272;pick item
ship_o1302;ship order
pick_i22043;pick item
place_o1997;place order
pick_i20982;pick item
pick_i17226;pick item
pick_i18366;pick item
pick_i19417;pick item
pick_i21960;pick item
pick_i19982;pick item
pick_i22701;pick item
place_o1998;place order
pick_i17024;pick item
pick_i21383;pick item
pick_i25549;pick item
pick_i24165;pick item
pick_i20768;pick item
pick_i25356;pick item
pick_i22982;pick item
pick_i18817;pick item
pick_i20719;pick item
pick_i24097;pick item
pick_i19638;pick item
pick_i23281;pick item
pick_i19019;pick item
place_o1999;place order
pick_i24882;pick item
pick_i25337;pick item
pick_i19935;pick item
pick_i20558;pick item
pick_i22944;pick item
pick_i22082;pick item
pick_i20169;pick item
pick_i20445;pick item
pick_i21321;pick item
pick_i18931;pick item
pick_i25358;pick item
pick_i12598;pick item
pick_i23676;pick item
pick_i23724;pick item
pick_i18512;pick item
pick_i25151;pick item
place_o2000;place order
pick_i24299;pick item
pick_i17528;pick item
pick_i24033;pick item
pick_i17803;pick item
pick_i21841;pick item
pick_i19058;pick item
pick_i20350;pick item
pick_i20602;pick item
pick_i17320;pick item
pick_i12380;pick item
pick_i24539;pick item
pick_i22133;pick item
pick_i25546;pick item
pick_i22323;pick item
pick_i18007;pick item
pick_i19195;pick item
pick_i18380;pick item
pick_i23934;pick item
pick_i19588;pick item
pick_i23032;pick item
pick_i20086;pick item
pick_i22242;pick item
place_o2001;place order
pick_i25001;pick item
pick_i20965;pick item
place_o2002;place order
pick_i19448;pick item
pick_i19183;pick item
pick_i22121;pick item
pick_i25002;pick item
place_o2003;place order
pick_i25212;pick item
pick_i25664;pick item
pick_i21595;pick item
place_o2004;place order
pick_i18901;pick item
pick_i22040;pick item
pick_i20554;pick item
pick_i25614;pick item
pick_i23746;pick item
pick_i20741;pick item
pick_i15109;pick item
pick_i20195;pick item
pick_i24844;pick item
pick_i15384;pick item
pick_i25498;pick item
pick_i25057;pick item
pick_i25745;pick item
pick_i19521;pick item
pick_i19640;pick item
pick_i21053;pick item
pick_i16232;pick item
pick_i25816;pick item
pick_i16261;pick item
pick_i17985;pick item
pick_i17239;pick item
pick_i25152;pick item
pick_i21269;pick item
pick_i22428;pick item
pick_i15836;pick item
pick_i20665;pick item
pick_i17810;pick item
pick_i22141;pick item
place_o2005;place order
pick_i22214;pick item
pick_i23741;pick item
pick_i22416;pick item
pick_i18292;pick item
pick_i19060;pick item
place_o2006;place order
pick_i23723;pick item
pick_i23557;pick item
pick_i22822;pick item
pick_i23807;pick item
pick_i22110;pick item
pick_i24820;pick item
pick_i24255;pick item
pick_i20791;pick item
place_o2007;place order
pick_i19657;pick item
pick_i18152;pick item
pick_i24309;pick item
pick_i25528;pick item
pick_i22064;pick item
pick_i18417;pick item
pick_i16212;pick item
pick_i23729;pick item
pick_i25334;pick item
pick_i16479;pick item
pick_i25246;pick item
pick_i23962;pick item
pick_i24675;pick item
place_o2008;place order
pick_i23133;pick item
pick_i20614;pick item
pick_i25386;pick item
pick_i20553;pick item
pick_i21125;pick item
pick_i21197;pick item
pick_i19317;pick item
pick_i23449;pick item
pick_i25127;pick item
pick_i19224;pick item
pick_i21102;pick item
pick_i20102;pick item
pick_i17826;pick item
pick_i12594;pick item
pick_i16892;pick item
ship_o1321;ship order
pick_i16995;pick item
pick_i25051;pick item
pick_i24579;pick item
pick_i22022;pick item
pick_i25470;pick item
pick_i20612;pick item
pick_i23984;pick item
pick_i20221;pick item
pick_i22590;pick item
pick_i18952;pick item
pick_i14352;pick item
place_o2009;place order
pick_i23350;pick item
pick_i23002;pick item
pick_i18351;pick item
pick_i22745;pick item
pick_i25129;pick item
pick_i20375;pick item
pick_i22102;pick item
pick_i24052;pick item
pick_i23391;pick item
pick_i25030;pick item
pick_i25535;pick item
place_o2010;place order
pick_i20223;pick item
pick_i21052;pick item
pick_i20286;pick item
pick_i20089;pick item
pick_i20003;pick item
pick_i17383;pick item
pick_i23022;pick item
pick_i24089;pick item
pick_i20471;pick item
pick_i24805;pick item
pick_i25543;pick item
pick_i25520;pick item
pick_i23424;pick item
pick_i12856;pick item
pick_i21707;pick item
pick_i19272;pick item
pick_i23058;pick item
pick_i19840;pick item
pick_i22655;pick item
pick_i25319;pick item
pick_i20168;pick item
pick_i20472;pick item
pick_i19342;pick item
pick_i22005;pick item
place_o2011;place order
pick_i19714;pick item
pick_i23718;pick item
pick_i20755;pick item
place_o2012;place order
pick_i22710;pick item
pick_i15844;pick item
pick_i24158;pick item
pick_i24660;pick item
pick_i19735;pick item
pick_i14565;pick item
pick_i15564;pick item
pick_i24734;pick item
pick_i20067;pick item
place_o2013;place order
pick_i25336;pick item
pick_i20187;pick item
pick_i24887;pick item
pick_i17684;pick item
pick_i24971;pick item
pick_i16482;pick item
pick_i24845;pick item
pick_i18044;pick item
pick_i16269;pick item
place_o2014;place order
pick_i23606;pick item
pick_i25845;pick item
pick_i22750;pick item
pick_i25100;pick item
pick_i21795;pick item
pick_i17235;pick item
pick_i18665;pick item
pick_i23250;pick item
pick_i24358;pick item
place_o2015;place order
pick_i17209;pick item
pick_i18673;pick item
pick_i25269;pick item
pick_i23343;pick item
pick_i20648;pick item
place_o2016;place order
pick_i24055;pick item
pick_i23539;pick item
pick_i17620;pick item
pick_i23096;pick item
pick_i20789;pick item
place_o2017;place order
pick_i22004;pick item
pick_i18980;pick item
pick_i16387;pick item
pick_i23254;pick item
pick_i23800;pick item
pick_i19635;pick item
pick_i21291;pick item
pick_i19995;pick item
pick_i22369;pick item
pick_i23645;pick item
pick_i24107;pick item
pick_i24023;pick item
pick_i19341;pick item
pick_i24418;pick item
place_o2018;place order
pick_i25092;pick item
pick_i25893;pick item
pick_i21354;pick item
pick_i20577;pick item
pick_i18906;pick item
pick_i21537;pick item
pick_i20777;pick item
place_o2019;place order
pick_i25112;pick item
pick_i22122;pick item
pick_i26063;pick item
pick_i18430;pick item
pick_i24603;pick item
pick_i25514;pick item
pick_i22634;pick item
pick_i26155;pick item
pick_i23782;pick item
pick_i19711;pick item
pick_i18863;pick item
pick_i20692;pick item
pick_i21263;pick item
pick_i22026;pick item
pick_i18206;pick item
pick_i24900;pick item
pick_i22015;pick item
pick_i22462;pick item
pick_i14929;pick item
place_o2020;place order
pick_i12231;pick item
pick_i20042;pick item
ship_o1300;ship order
pick_i18495;pick item
pick_i14372;pick item
pick_i24562;pick item
pick_i19095;pick item
pick_i19162;pick item
pick_i25210;pick item
pick_i23991;pick item
pick_i25349;pick item
pick_i21435;pick item
pick_i21418;pick item
pick_i25770;pick item
pick_i25597;pick item
pick_i20942;pick item
pick_i19487;pick item
pick_i15609;pick item
pick_i19815;pick item
pick_i24889;pick item
pick_i20592;pick item
pick_i25894;pick item
pick_i23548;pick item
pick_i20978;pick item
pick_i24036;pick item
pick_i21715;pick item
pick_i19344;pick item
pick_i23020;pick item
place_o2021;place order
pick_i24463;pick item
pick_i24831;pick item
pick_i19592;pick item
place_o2022;place order
pick_i23142;pick item
pick_i18766;pick item
pick_i17507;pick item
pick_i18534;pick item
pick_i21791;pick item
pick_i21669;pick item
pick_i20971;pick item
pick_i14437;pick item
place_o2023;place order
pick_i16497;pick item
pick_i17125;pick item
pick_i21002;pick item
pick_i14995;pick item
pick_i24132;pick item
ship_o1465;ship order
pick_i16207;pick item
pick_i24781;pick item
pick_i24096;pick item
place_o2024;place order
pick_i25029;pick item
pick_i16333;pick item
pick_i24925;pick item
pick_i24262;pick item
pick_i18375;pick item
pick_i25411;pick item
pick_i23393;pick item
pick_i25434;pick item
pick_i23609;pick item
pick_i24752;pick item
pick_i22598;pick item
pick_i17666;pick item
pick_i22225;pick item
pick_i18942;pick item
pick_i20983;pick item
pick_i25640;pick item
pick_i18591;pick item
pick_i19362;pick item
pick_i18368;pick item
pick_i23289;pick item
pick_i23191;pick item
pick_i21975;pick item
pick_i21450;pick item
pick_i22496;pick item
pick_i26181;pick item
place_o2025;place order
pick_i22115;pick item
pick_i13670;pick item
pick_i25307;pick item
pick_i17443;pick item
pick_i25960;pick item
pick_i14900;pick item
pick_i25987;pick item
pick_i16619;pick item
pick_i21413;pick item
place_o2026;place order
pick_i18265;pick item
pick_i19852;pick item
pick_i19593;pick item
pick_i20682;pick item
pick_i23351;pick item
pick_i24334;pick item
pick_i11757;pick item
pick_i23380;pick item
pick_i24331;pick item
pick_i26337;pick item
pick_i19120;pick item
pick_i17663;pick item
pick_i19677;pick item
pick_i22013;pick item
pick_i19293;pick item
pick_i19881;pick item
pick_i18315;pick item
pick_i18878;pick item
pick_i24842;pick item
pick_i16836;pick item
pick_i25923;pick item
pick_i17487;pick item
pick_i17574;pick item
place_o2027;place order
pick_i23178;pick item
pick_i24154;pick item
pick_i22955;pick item
pick_i18115;pick item
place_o2028;place order
pick_i23776;pick item
pick_i24886;pick item
pick_i21781;pick item
pick_i20877;pick item
place_o2029;place order
pick_i23994;pick item
pick_i25147;pick item
pick_i16884;pick item
pick_i22754;pick item
pick_i18333;pick item
pick_i23470;pick item
pick_i25023;pick item
pick_i19763;pick item
pick_i15351;pick item
pick_i19374;pick item
pick_i22338;pick item
pick_i26268;pick item
pick_i20032;pick item
pick_i19426;pick item
pick_i23917;pick item
pick_i19497;pick item
pick_i16385;pick item
pick_i18164;pick item
pick_i26136;pick item
pick_i19036;pick item
pick_i24044;pick item
pick_i19987;pick item
pick_i25150;pick item
pick_i17413;pick item
pick_i23928;pick item
pick_i15950;pick item
pick_i24439;pick item
pick_i21949;pick item
pick_i24931;pick item
pick_i21936;pick item
pick_i19261;pick item
place_o2030;place order
pick_i24926;pick item
pick_i23636;pick item
pick_i17416;pick item
pick_i25445;pick item
pick_i16641;pick item
pick_i25536;pick item
pick_i23334;pick item
pick_i25511;pick item
pick_i18249;pick item
pick_i25146;pick item
pick_i25317;pick item
pick_i25239;pick item
pick_i22500;pick item
pick_i17230;pick item
pick_i23107;pick item
pick_i26239;pick item
pick_i24253;pick item
pick_i21023;pick item
pick_i20693;pick item
pick_i25569;pick item
pick_i18633;pick item
pick_i25166;pick item
pick_i19396;pick item
pick_i25219;pick item
place_o2031;place order
pick_i19377;pick item
pick_i24168;pick item
pick_i16078;pick item
pick_i22266;pick item
pick_i21056;pick item
pick_i22840;pick item
pick_i14784;pick item
pick_i24783;pick item
pick_i20856;pick item
pick_i24605;pick item
place_o2032;place order
pick_i20571;pick item
pick_i14922;pick item
pick_i26496;pick item
pick_i25353;pick item
pick_i17763;pick item
pick_i24343;pick item
pick_i23091;pick item
pick_i19366;pick item
pick_i19990;pick item
pick_i23628;pick item
pick_i25831;pick item
place_o2033;place order
pick_i18680;pick item
pick_i25523;pick item
pick_i18541;pick item
pick_i17321;pick item
pick_i23993;pick item
pick_i23585;pick item
pick_i23537;pick item
pick_i26478;pick item
pick_i24261;pick item
pick_i20753;pick item
pick_i21922;pick item
pick_i20155;pick item
pick_i22059;pick item
pick_i21324;pick item
pick_i17018;pick item
pick_i24596;pick item
pick_i25641;pick item
pick_i17717;pick item
pick_i23429;pick item
pick_i22773;pick item
pick_i20298;pick item
place_o2034;place order
pick_i25217;pick item
pick_i25371;pick item
pick_i16703;pick item
pick_i22388;pick item
pick_i21183;pick item
pick_i15552;pick item
pick_i20039;pick item
pick_i23272;pick item
pick_i19920;pick item
pick_i25566;pick item
pick_i20094;pick item
pick_i19883;pick item
pick_i16997;pick item
pick_i24246;pick item
pick_i17400;pick item
pick_i26009;pick item
pick_i20317;pick item
pick_i24567;pick item
pick_i17343;pick item
pick_i19012;pick item
place_o2035;place order
pick_i18733;pick item
pick_i22873;pick item
pick_i22481;pick item
pick_i23938;pick item
pick_i22708;pick item
pick_i22146;pick item
pick_i19534;pick item
pick_i23949;pick item
place_o2036;place order
pick_i18640;pick item
pick_i23296;pick item
pick_i21437;pick item
place_o2037;place order
pick_i25083;pick item
pick_i15647;pick item
pick_i20664;pick item
pick_i19042;pick item
place_o2038;place order
pick_i16658;pick item
pick_i25990;pick item
pick_i23590;pick item
pick_i26574;pick item
pick_i17798;pick item
pick_i20812;pick item
pick_i26058;pick item
pick_i25993;pick item
pick_i24256;pick item
pick_i20600;pick item
pick_i18317;pick item
pick_i26250;pick item
pick_i22555;pick item
pick_i25563;pick item
pick_i20156;pick item
pick_i15833;pick item
pick_i15957;pick item
pick_i26263;pick item
pick_i24484;pick item
pick_i22865;pick item
pick_i23803;pick item
pick_i23898;pick item
pick_i22542;pick item
pick_i15254;pick item
ship_o1480;ship order
pick_i24930;pick item
place_o2039;place order
pick_i25055;pick item
pick_i19518;pick item
pick_i15743;pick item
pick_i24595;pick item
pick_i26004;pick item
pick_i14462;pick item
pick_i23659;pick item
pick_i26641;pick item
pick_i23244;pick item
pick_i21459;pick item
pick_i20052;pick item
pick_i24017;pick item
pick_i18688;pick item
pick_i23119;pick item
pick_i26271;pick item
pick_i25350;pick item
pick_i22894;pick item
pick_i18224;pick item
pick_i21570;pick item
pick_i24746;pick item
pick_i19600;pick item
pick_i14765;pick item
place_o2040;place order
pick_i25222;pick item
pick_i23444;pick item
pick_i24993;pick item
pick_i21987;pick item
pick_i25916;pick item
pick_i25701;pick item
place_o2041;place order
pick_i17815;pick item
pick_i25843;pick item
pick_i22505;pick item
place_o2042;place order
pick_i21636;pick item
pick_i20323;pick item
pick_i21805;pick item
pick_i26579;pick item
pick_i26352;pick item
pick_i21444;pick item
place_o2043;place order
pick_i15523;pick item
pick_i21295;pick item
pick_i21117;pick item
place_o2044;place order
pick_i25856;pick item
pick_i15464;pick item
pick_i12370;pick item
pick_i22713;pick item
ship_o1308;ship order
pick_i25823;pick item
pick_i12573;pick item
pick_i18999;pick item
ship_o1320;ship order
pick_i23108;pick item
pick_i20994;pick item
pick_i25903;pick item
pick_i25768;pick item
pick_i25422;pick item
pick_i15226;pick item
pick_i26401;pick item
pick_i25912;pick item
pick_i22257;pick item
pick_i25494;pick item
place_o2045;place order
pick_i22452;pick item
pick_i25795;pick item
pick_i20950;pick item
pick_i23247;pick item
place_o2046;place order
pick_i24622;pick item
pick_i22283;pick item
pick_i24426;pick item
pick_i20283;pick item
pick_i14471;pick item
pick_i22245;pick item
pick_i25659;pick item
pick_i20024;pick item
pick_i19378;pick item
place_o2047;place order
pick_i26262;pick item
pick_i22438;pick item
pick_i23000;pick item
pick_i22844;pick item
pick_i20164;pick item
pick_i26587;pick item
pick_i23410;pick item
pick_i23892;pick item
pick_i25642;pick item
pick_i22051;pick item
pick_i24598;pick item
place_o2048;place order
pick_i22044;pick item
pick_i26675;pick item
pick_i24176;pick item
pick_i22393;pick item
pick_i18837;pick item
pick_i26541;pick item
pick_i23889;pick item
pick_i24833;pick item
place_o2049;place order
pick_i19325;pick item
pick_i16089;pick item
pick_i25681;pick item
pick_i24177;pick item
pick_i21087;pick item
pick_i16518;pick item
pick_i21140;pick item
pick_i16276;pick item
pick_i20908;pick item
pick_i17180;pick item
pick_i25364;pick item
pick_i15883;pick item
pick_i14923;pick item
pick_i22265;pick item
pick_i24265;pick item
pick_i21877;pick item
pick_i19187;pick item
pick_i24992;pick item
pick_i24327;pick item
place_o2050;place order
pick_i24241;pick item
pick_i22564;pick item
pick_i24415;pick item
pick_i18039;pick item
pick_i22925;pick item
pick_i22782;pick item
pick_i26844;pick item
pick_i23175;pick item
pick_i26104;pick item
pick_i17816;pick item
pick_i21924;pick item
pick_i19833;pick item
pick_i24988;pick item
pick_i14060;pick item
pick_i20061;pick item
place_o2051;place order
pick_i25777;pick item
pick_i23093;pick item
pick_i24009;pick item
pick_i26884;pick item
place_o2052;place order
pick_i16807;pick item
pick_i21529;pick item
pick_i23875;pick item
place_o2053;place order
pick_i26639;pick item
pick_i26269;pick item
pick_i26813;pick item
pick_i13560;pick item
pick_i24531;pick item
pick_i24120;pick item
place_o2054;place order
pick_i17830;pick item
pick_i24733;pick item
pick_i22619;pick item
pick_i23873;pick item
pick_i22136;pick item
pick_i22893;pick item
pick_i20433;pick item
pick_i21385;pick item
pick_i12562;pick item
ship_o1319;ship order
pick_i20841;pick item
pick_i25333;pick item
pick_i23287;pick item
pick_i25407;pick item
pick_i25859;pick item
pick_i24179;pick item
pick_i19628;pick item
pick_i24976;pick item
pick_i27010;pick item
pick_i24830;pick item
pick_i24920;pick item
pick_i15513;pick item
pick_i21525;pick item
pick_i24142;pick item
place_o2055;place order
pick_i24821;pick item
pick_i19884;pick item
pick_i16226;pick item
pick_i18596;pick item
pick_i24013;pick item
pick_i24040;pick item
pick_i20679;pick item
pick_i23868;pick item
pick_i20060;pick item
pick_i21905;pick item
place_o2056;place order
pick_i13521;pick item
pick_i23458;pick item
pick_i16629;pick item
pick_i27056;pick item
pick_i26923;pick item
pick_i26667;pick item
pick_i15931;pick item
pick_i18710;pick item
pick_i19085;pick item
pick_i22111;pick item
pick_i21048;pick item
pick_i17227;pick item
pick_i24401;pick item
pick_i18860;pick item
pick_i24242;pick item
pick_i13772;pick item
pick_i25232;pick item
pick_i19135;pick item
pick_i23327;pick item
pick_i26933;pick item
pick_i25734;pick item
pick_i24717;pick item
place_o2057;place order
pick_i24367;pick item
pick_i26133;pick item
pick_i17587;pick item
pick_i26138;pick item
pick_i14897;pick item
pick_i22524;pick item
pick_i22213;pick item
pick_i21162;pick item
pick_i26513;pick item
place_o2058;place order
pick_i15069;pick item
pick_i20508;pick item
pick_i15382;pick item
pick_i24721;pick item
place_o2059;place order
pick_i25406;pick item
pick_i20446;pick item
place_o2060;place order
pick_i26713;pick item
pick_i20591;pick item
pick_i25378;pick item
pick_i26907;pick item
pick_i21718;pick item
pick_i22158;pick item
pick_i24049;pick item
pick_i25169;pick item
pick_i13275;pick item
pick_i26751;pick item
pick_i24795;pick item
pick_i21896;pick item
pick_i23945;pick item
place_o2061;place order
pick_i25994;pick item
pick_i18424;pick item
pick_i26270;pick item
pick_i13709;pick item
pick_i17762;pick item
ship_o1387;ship order
pick_i24613;pick item
pick_i16453;pick item
pick_i15905;pick item
pick_i23580;pick item
pick_i26852;pick item
pick_i25426;pick item
pick_i24656;pick item
pick_i19214;pick item
pick_i18626;pick item
pick_i14952;pick item
pick_i21911;pick item
pick_i14598;pick item
ship_o1441;ship order
pick_i26572;pick item
pick_i13664;pick item
place_o2062;place order
pick_i18945;pick item
pick_i24114;pick item
pick_i27114;pick item
pick_i19129;pick item
place_o2063;place order
pick_i18101;pick item
pick_i21475;pick item
pick_i18652;pick item
pick_i25644;pick item
pick_i22949;pick item
pick_i20946;pick item
pick_i20346;pick item
pick_i25211;pick item
pick_i15684;pick item
pick_i18581;pick item
pick_i27161;pick item
place_o2064;place order
pick_i13603;pick item
pick_i25757;pick item
ship_o1380;ship order
pick_i22473;pick item
place_o2065;place order
pick_i16988;pick item
pick_i25951;pick item
pick_i23734;pick item
pick_i24378;pick item
pick_i23043;pick item
pick_i26238;pick item
pick_i22554;pick item
pick_i22624;pick item
pick_i26351;pick item
pick_i18128;pick item
pick_i26148;pick item
pick_i24544;pick item
pick_i26295;pick item
pick_i27213;pick item
pick_i25599;pick item
pick_i20413;pick item
pick_i23128;pick item
pick_i22310;pick item
pick_i26878;pick item
pick_i20933;pick item
pick_i25607;pick item
place_o2066;place order
pick_i23941;pick item
pick_i19863;pick item
pick_i22963;pick item
pick_i26139;pick item
pick_i26608;pick item
pick_i20263;pick item
pick_i19281;pick item
pick_i23196;pick item
place_o2067;place order
pick_i17121;pick item
pick_i25418;pick item
pick_i17939;pick item
pick_i18827;pick item
pick_i18094;pick item
pick_i20586;pick item
pick_i25833;pick item
place_o2068;place order
pick_i23206;pick item
pick_i24462;pick item
pick_i24518;pick item
pick_i23062;pick item
pick_i20984;pick item
pick_i18925;pick item
pick_i27269;pick item
pick_i21103;pick item
pick_i25720;pick item
pick_i21879;pick item
pick_i15914;pick item
pick_i26430;pick item
pick_i25259;pick item
pick_i24068;pick item
pick_i16426;pick item
place_o2069;place order
pick_i23930;pick item
pick_i16131;pick item
pick_i25686;pick item
pick_i18844;pick item
pick_i22656;pick item
pick_i22758;pick item
pick_i16771;pick item
pick_i24968;pick item
pick_i23452;pick item
pick_i23959;pick item
pick_i24621;pick item
pick_i26476;pick item
pick_i14685;pick item
pick_i20770;pick item
pick_i26175;pick item
place_o2070;place order
pick_i22397;pick item
pick_i22560;pick item
pick_i26998;pick item
pick_i16989;pick item
pick_i19020;pick item
pick_i25953;pick item
pick_i27101;pick item
pick_i27368;pick item
pick_i25248;pick item
pick_i24724;pick item
pick_i25610;pick item
place_o2071;place order
pick_i23447;pick item
pick_i14313;pick item
pick_i27025;pick item
pick_i23804;pick item
place_o2072;place order
pick_i19063;pick item
pick_i11772;pick item
pick_i24685;pick item
ship_o1271;ship order
pick_i23617;pick item
place_o2073;place order
pick_i27289;pick item
pick_i20316;pick item
pick_i25357;pick item
pick_i20807;pick item
pick_i26557;pick item
pick_i20334;pick item
pick_i25763;pick item
pick_i27123;pick item
pick_i16183;pick item
pick_i17699;pick item
pick_i16042;pick item
pick_i27165;pick item
place_o2074;place order
pick_i22439;pick item
pick_i22143;pick item
pick_i25721;pick item
pick_i26962;pick item
pick_i24953;pick item
place_o2075;place order
pick_i18770;pick item
pick_i26642;pick item
pick_i14908;pick item
pick_i17833;pick item
pick_i20412;pick item
place_o2076;place order
pick_i19540;pick item
pick_i19599;pick item
pick_i21763;pick item
place_o2077;place order
pick_i24346;pick item
pick_i27104;pick item
pick_i25568;pick item
pick_i18676;pick item
pick_i18527;pick item
pick_i23836;pick item
pick_i17486;pick item
pick_i24078;pick item
pick_i15032;pick item
pick_i22425;pick item
pick_i24906;pick item
pick_i26936;pick item
pick_i18907;pick item
pick_i19398;pick item
pick_i15892;pick item
pick_i26366;pick item
place_o2078;place order
pick_i22793;pick item
pick_i26259;pick item
pick_i20036;pick item
pick_i13758;pick item
pick_i14920;pick item
place_o2079;place order
pick_i16367;pick item
pick_i21875;pick item
pick_i23125;pick item
pick_i19093;pick item
place_o2080;place order
pick_i24538;pick item
pick_i22236;pick item
pick_i23933;pick item
pick_i17904;pick item
pick_i22889;pick item
pick_i25298;pick item
pick_i26022;pick item
pick_i25860;pick item
pick_i21249;pick item
pick_i25863;pick item
pick_i18612;pick item
pick_i17399;pick item
pick_i27618;pick item
pick_i15080;pick item
pick_i19386;pick item
pick_i23575;pick item
pick_i26255;pick item
pick_i23275;pick item
pick_i25476;pick item
pick_i22219;pick item
pick_i23799;pick item
pick_i24764;pick item
pick_i26188;pick item
pick_i21918;pick item
place_o2081;place order
pick_i22733;pick item
pick_i19190;pick item
pick_i22204;pick item
pick_i16484;pick item
pick_i22360;pick item
pick_i20397;pick item
pick_i20337;pick item
pick_i25749;pick item
pick_i14869;pick item
pick_i19929;pick item
place_o2082;place order
pick_i23507;pick item
pick_i17502;pick item
pick_i14007;pick item
pick_i25821;pick item
pick_i16508;pick item
pick_i22509;pick item
pick_i26570;pick item
pick_i22299;pick item
pick_i20422;pick item
pick_i23309;pick item
pick_i25398;pick item
pick_i24588;pick item
pick_i20251;pick item
pick_i20333;pick item
pick_i17986;pick item
pick_i19892;pick item
pick_i25003;pick item
pick_i25743;pick item
pick_i26223;pick item
pick_i19676;pick item
place_o2083;place order
pick_i11039;pick item
ship_o1225;ship order
pick_i18211;pick item
pick_i26857;pick item
pick_i14843;pick item
ship_o1455;ship order
pick_i25369;pick item
place_o2084;place order
pick_i18920;pick item
pick_i18382;pick item
pick_i22346;pick item
pick_i26551;pick item
pick_i22728;pick item
pick_i26769;pick item
pick_i27077;pick item
pick_i25530;pick item
pick_i27170;pick item
pick_i12998;pick item
place_o2085;place order
pick_i26824;pick item
pick_i23358;pick item
pick_i23045;pick item
pick_i27571;pick item
pick_i27421;pick item
pick_i20427;pick item
pick_i25793;pick item
pick_i25898;pick item
pick_i19652;pick item
pick_i17739;pick item
pick_i26935;pick item
pick_i24885;pick item
place_o2086;place order
pick_i20778;pick item
pick_i25942;pick item
place_o2087;place order
pick_i25075;pick item
pick_i22849;pick item
pick_i26663;pick item
pick_i21728;pick item
pick_i24225;pick item
pick_i26378;pick item
pick_i18998;pick item
pick_i27526;pick item
pick_i24406;pick item
place_o2088;place order
pick_i21900;pick item
pick_i20805;pick item
pick_i22020;pick item
pick_i23989;pick item
pick_i27391;pick item
pick_i20649;pick item
place_o2089;place order
pick_i26594;pick item
pick_i16003;pick item
pick_i24202;pick item
pick_i23461;pick item
pick_i20729;pick item
pick_i23106;pick item
pick_i27383;pick item
pick_i25425;pick item
pick_i27107;pick item
pick_i26369;pick item
pick_i24310;pick item
pick_i27849;pick item
pick_i25540;pick item
pick_i23583;pick item
pick_i24144;pick item
pick_i26364;pick item
pick_i24949;pick item
pick_i21223;pick item
pick_i25392;pick item
pick_i22168;pick item
pick_i26498;pick item
pick_i24070;pick item
pick_i26064;pick item
pick_i24975;pick item
pick_i26524;pick item
pick_i27379;pick item
place_o2090;place order
pick_i23961;pick item
pick_i22752;pick item
pick_i20808;pick item
pick_i21867;pick item
pick_i20244;pick item
pick_i23477;pick item
pick_i22995;pick item
pick_i13752;pick item
pick_i27255;pick item
pick_i23629;pick item
pick_i23986;pick item
pick_i25245;pick item
pick_i26079;pick item
pick_i27877;pick item
pick_i26633;pick item
pick_i27461;pick item
pick_i27393;pick item
pick_i14375;pick item
ship_o1426;ship order
pick_i27808;pick item
pick_i27751;pick item
pick_i27055;pick item
pick_i17584;pick item
pick_i23382;pick item
pick_i27682;pick item
pick_i27457;pick item
place_o2091;place order
pick_i19681;pick item
pick_i27188;pick item
pick_i16706;pick item
ship_o1559;ship order
pick_i19292;pick item
pick_i24520;pick item
place_o2092;place order
pick_i24910;pick item
pick_i23317;pick item
pick_i24898;pick item
pick_i21854;pick item
pick_i24963;pick item
pick_i21458;pick item
place_o2093;place order
pick_i22721;pick item
pick_i26985;pick item
pick_i16114;pick item
pick_i22892;pick item
pick_i24785;pick item
pick_i15637;pick item
place_o2094;place order
pick_i20642;pick item
pick_i24649;pick item
pick_i22798;pick item
pick_i23856;pick item
pick_i15576;pick item
pick_i26602;pick item
pick_i24413;pick item
pick_i18985;pick item
pick_i13949;pick item
pick_i17766;pick item
pick_i27899;pick item
pick_i25970;pick item
place_o2095;place order
pick_i15498;pick item
pick_i25907;pick item
pick_i13933;pick item
pick_i23261;pick item
pick_i21980;pick item
pick_i26054;pick item
pick_i23530;pick item
pick_i19514;pick item
pick_i24250;pick item
pick_i25419;pick item
pick_i24790;pick item
pick_i23726;pick item
pick_i20565;pick item
pick_i21386;pick item
pick_i16681;pick item
pick_i26922;pick item
pick_i17955;pick item
pick_i26150;pick item
pick_i19656;pick item
pick_i15677;pick item
place_o2096;place order
pick_i27510;pick item
pick_i16946;pick item
place_o2097;place order
pick_i20463;pick item
pick_i27295;pick item
pick_i25649;pick item
pick_i26655;pick item
place_o2098;place order
pick_i22247;pick item
pick_i23973;pick item
pick_i22479;pick item
pick_i21573;pick item
pick_i22508;pick item
pick_i23408;pick item
pick_i22028;pick item
pick_i21919;pick item
pick_i27277;pick item
pick_i23412;pick item
pick_i14203;pick item
pick_i22966;pick item
pick_i24150;pick item
pick_i26372;pick item
pick_i21488;pick item
pick_i24259;pick item
pick_i21719;pick item
pick_i25915;pick item
pick_i27548;pick item
place_o2099;place order
pick_i17533;pick item
pick_i26876;pick item
place_o2100;place order
pick_i22314;pick item
pick_i22208;pick item
pick_i25657;pick item
pick_i17022;pick item
pick_i19205;pick item
pick_i20241;pick item
pick_i27424;pick item
pick_i25723;pick item
pick_i21783;pick item
pick_i23641;pick item
pick_i26305;pick item
pick_i23924;pick item
pick_i18946;pick item
pick_i18685;pick item
pick_i19433;pick item
pick_i19573;pick item
pick_i25580;pick item
pick_i12080;pick item
ship_o1290;ship order
pick_i24221;pick item
pick_i21667;pick item
pick_i21614;pick item
pick_i23267;pick item
pick_i23015;pick item
pick_i27662;pick item
pick_i15962;pick item
pick_i27850;pick item
pick_i22068;pick item
pick_i23712;pick item
pick_i14764;pick item
pick_i22469;pick item
pick_i22953;pick item
pick_i24264;pick item
pick_i19003;pick item
pick_i21678;pick item
pick_i17681;pick item
pick_i27429;pick item
pick_i17515;pick item
place_o2101;place order
pick_i14542;pick item
pick_i22511;pick item
pick_i11818;pick item
ship_o1274;ship order
pick_i20572;pick item
pick_i13921;pick item
pick_i20330;pick item
ship_o1400;ship order
pick_i24174;pick item
place_o2102;place order
pick_i25772;pick item
pick_i15238;pick item
pick_i22510;pick item
pick_i25918;pick item
place_o2103;place order
pick_i26195;pick item
pick_i27328;pick item
pick_i27966;pick item
pick_i26817;pick item
pick_i21988;pick item
pick_i27402;pick item
pick_i26135;pick item
pick_i25892;pick item
pick_i27937;pick item
pick_i24711;pick item
pick_i17222;pick item
pick_i16349;pick item
pick_i24594;pick item
place_o2104;place order
pick_i24720;pick item
pick_i22483;pick item
pick_i25365;pick item
pick_i26879;pick item
pick_i27313;pick item
pick_i24564;pick item
pick_i18329;pick item
pick_i25917;pick item
pick_i27825;pick item
pick_i25415;pick item
place_o2105;place order
pick_i20181;pick item
pick_i24593;pick item
pick_i24206;pick item
pick_i14395;pick item
pick_i24308;pick item
pick_i23536;pick item
pick_i24788;pick item
pick_i21880;pick item
pick_i23384;pick item
pick_i27092;pick item
pick_i26489;pick item
pick_i17747;pick item
pick_i25280;pick item
place_o2106;place order
pick_i27185;pick item
pick_i18199;pick item
place_o2107;place order
pick_i21311;pick item
pick_i17844;pick item
pick_i21708;pick item
pick_i22420;pick item
pick_i26731;pick item
pick_i26913;pick item
pick_i24824;pick item
pick_i26008;pick item
pick_i26192;pick item
place_o2108;place order
pick_i28323;pick item
pick_i28022;pick item
pick_i24802;pick item
pick_i22835;pick item
pick_i20379;pick item
pick_i27432;pick item
pick_i28122;pick item
pick_i19684;pick item
pick_i21943;pick item
pick_i17741;pick item
place_o2109;place order
pick_i26909;pick item
pick_i21403;pick item
pick_i22806;pick item
pick_i28075;pick item
pick_i25011;pick item
pick_i26841;pick item
pick_i24488;pick item
pick_i21947;pick item
pick_i21871;pick item
pick_i15940;pick item
place_o2110;place order
pick_i26161;pick item
pick_i27143;pick item
pick_i28187;pick item
pick_i28093;pick item
pick_i27708;pick item
pick_i22071;pick item
pick_i28179;pick item
pick_i17316;pick item
pick_i15961;pick item
pick_i26108;pick item
pick_i21292;pick item
pick_i22086;pick item
pick_i24698;pick item
pick_i17670;pick item
pick_i18915;pick item
pick_i23352;pick item
pick_i18251;pick item
pick_i18078;pick item
pick_i22688;pick item
pick_i24387;pick item
pick_i26727;pick item
place_o2111;place order
pick_i27834;pick item
pick_i18057;pick item
pick_i22341;pick item
pick_i20897;pick item
pick_i23665;pick item
pick_i28054;pick item
pick_i26185;pick item
pick_i23830;pick item
pick_i14587;pick item
pick_i23794;pick item
pick_i21400;pick item
pick_i26082;pick item
place_o2112;place order
pick_i24338;pick item
pick_i22127;pick item
pick_i23123;pick item
pick_i16395;pick item
pick_i24307;pick item
pick_i19349;pick item
pick_i28057;pick item
pick_i20325;pick item
pick_i23831;pick item
pick_i22837;pick item
pick_i18605;pick item
pick_i18607;pick item
pick_i27454;pick item
pick_i18923;pick item
pick_i14458;pick item
pick_i24761;pick item
ship_o1432;ship order
pick_i18892;pick item
pick_i17806;pick item
place_o2113;place order
pick_i28294;pick item
pick_i21604;pick item
pick_i26157;pick item
pick_i23411;pick item
place_o2114;place order
pick_i20667;pick item
pick_i25988;pick item
pick_i19459;pick item
pick_i25574;pick item
pick_i17956;pick item
pick_i27705;pick item
pick_i24646;pick item
pick_i22513;pick item
pick_i22432;pick item
pick_i16846;pick item
pick_i25355;pick item
pick_i23965;pick item
pick_i21803;pick item
pick_i24529;pick item
pick_i22021;pick item
pick_i22802;pick item
pick_i24665;pick item
pick_i22104;pick item
pick_i22676;pick item
pick_i21035;pick item
pick_i25131;pick item
pick_i20517;pick item
pick_i24494;pick item
pick_i21852;pick item
pick_i23203;pick item
place_o2115;place order
pick_i21628;pick item
pick_i18022;pick item
pick_i26899;pick item
pick_i25428;pick item
pick_i24808;pick item
pick_i19729;pick item
pick_i16224;pick item
place_o2116;place order
pick_i24081;pick item
pick_i27848;pick item
pick_i24962;pick item
pick_i25187;pick item
pick_i27423;pick item
pick_i18167;pick item
pick_i27591;pick item
pick_i15831;pick item
pick_i21340;pick item
pick_i23259;pick item
pick_i24224;pick item
pick_i17618;pick item
pick_i24534;pick item
pick_i20255;pick item
pick_i19420;pick item
pick_i26734;pick item
pick_i21578;pick item
pick_i24429;pick item
pick_i24989;pick item
pick_i28073;pick item
place_o2117;place order
pick_i17101;pick item
pick_i26668;pick item
pick_i22938;pick item
pick_i25388;pick item
pick_i25790;pick item
pick_i18385;pick item
pick_i27529;pick item
pick_i19689;pick item
pick_i13306;pick item
ship_o1363;ship order
pick_i24996;pick item
pick_i21673;pick item
pick_i26748;pick item
pick_i26328;pick item
place_o2118;place order
pick_i27236;pick item
pick_i23078;pick item
pick_i23532;pick item
pick_i21617;pick item
place_o2119;place order
pick_i20059;pick item
pick_i26143;pick item
pick_i23638;pick item
pick_i24748;pick item
pick_i26846;pick item
pick_i21677;pick item
pick_i22951;pick item
pick_i27829;pick item
pick_i25578;pick item
pick_i16951;pick item
pick_i28212;pick item
pick_i27343;pick item
pick_i27361;pick item
pick_i18521;pick item
pick_i14062;pick item
pick_i24353;pick item
pick_i22612;pick item
pick_i24714;pick item
pick_i20985;pick item
pick_i20006;pick item
pick_i22138;pick item
pick_i21082;pick item
pick_i20528;pick item
pick_i27922;pick item
pick_i24428;pick item
pick_i13769;pick item
place_o2120;place order
pick_i25304;pick item
pick_i20695;pick item
pick_i24947;pick item
pick_i24115;pick item
pick_i25105;pick item
pick_i20464;pick item
pick_i25767;pick item
pick_i28436;pick item
pick_i19527;pick item
pick_i18028;pick item
pick_i20948;pick item
pick_i24940;pick item
pick_i24782;pick item
pick_i19733;pick item
pick_i19796;pick item
pick_i26558;pick item
pick_i28111;pick item
pick_i27861;pick item
pick_i23221;pick item
pick_i23186;pick item
pick_i27441;pick item
pick_i25989;pick item
pick_i26038;pick item
pick_i18887;pick item
pick_i16685;pick item
pick_i24753;pick item
pick_i22137;pick item
pick_i19528;pick item
place_o2121;place order
pick_i23674;pick item
pick_i23897;pick item
pick_i14353;pick item
pick_i27405;pick item
pick_i24396;pick item
pick_i28221;pick item
place_o2122;place order
pick_i25081;pick item
pick_i27053;pick item
pick_i18319;pick item
pick_i26002;pick item
pick_i25224;pick item
pick_i21533;pick item
pick_i18765;pick item
place_o2123;place order
pick_i20881;pick item
pick_i27210;pick item
pick_i22249;pick item
pick_i23752;pick item
pick_i21367;pick item
pick_i17893;pick item
pick_i16590;pick item
pick_i22947;pick item
pick_i26653;pick item
pick_i26956;pick item
pick_i26638;pick item
pick_i19558;pick item
pick_i26098;pick item
place_o2124;place order
pick_i27028;pick item
pick_i18694;pick item
pick_i18137;pick item
pick_i27106;pick item
pick_i19716;pick item
pick_i26021;pick item
pick_i27058;pick item
pick_i27563;pick item
pick_i26582;pick item
pick_i16580;pick item
pick_i19736;pick item
pick_i24575;pick item
pick_i27946;pick item
pick_i25454;pick item
pick_i18811;pick item
place_o2125;place order
pick_i26912;pick item
pick_i21588;pick item
pick_i28640;pick item
pick_i25020;pick item
pick_i28518;pick item
pick_i15442;pick item
pick_i24130;pick item
pick_i23599;pick item
pick_i17102;pick item
pick_i15484;pick item
pick_i23766;pick item
pick_i27735;pick item
pick_i25506;pick item
pick_i12349;pick item
pick_i22568;pick item
pick_i27539;pick item
pick_i25864;pick item
pick_i27713;pick item
pick_i21417;pick item
pick_i23944;pick item
pick_i21585;pick item
pick_i24393;pick item
pick_i22497;pick item
pick_i18197;pick item
pick_i23406;pick item
place_o2126;place order
pick_i21839;pick item
pick_i20585;pick item
pick_i28608;pick item
pick_i17049;pick item
pick_i24129;pick item
pick_i22222;pick item
pick_i25282;pick item
pick_i28511;pick item
pick_i16734;pick item
pick_i17446;pick item
pick_i22415;pick item
pick_i16741;pick item
pick_i25666;pick item
place_o2127;place order
pick_i28120;pick item
pick_i27738;pick item
place_o2128;place order
pick_i21084;pick item
pick_i20629;pick item
pick_i25155;pick item
pick_i28094;pick item
pick_i23222;pick item
pick_i25158;pick item
pick_i25451;pick item
pick_i20632;pick item
pick_i24497;pick item
pick_i28603;pick item
pick_i19923;pick item
pick_i25013;pick item
pick_i26981;pick item
pick_i17223;pick item
pick_i21514;pick item
pick_i22531;pick item
pick_i27430;pick item
pick_i26874;pick item
pick_i24215;pick item
pick_i18437;pick item
pick_i22307;pick item
pick_i22613;pick item
pick_i25973;pick item
pick_i23140;pick item
pick_i15615;pick item
pick_i21503;pick item
pick_i13979;pick item
pick_i18711;pick item
pick_i23684;pick item
pick_i19665;pick item
pick_i20661;pick item
pick_i25302;pick item
pick_i22884;pick item
pick_i23207;pick item
pick_i13800;pick item
pick_i14028;pick item
place_o2129;place order
pick_i25922;pick item
ship_o1406;ship order
pick_i24124;pick item
pick_i26491;pick item
pick_i24884;pick item
pick_i25024;pick item
pick_i19696;pick item
pick_i28696;pick item
pick_i25979;pick item
pick_i18786;pick item
pick_i26786;pick item
place_o2130;place order
pick_i21826;pick item
pick_i26156;pick item
pick_i27712;pick item
pick_i21134;pick item
pick_i22680;pick item
pick_i17100;pick item
pick_i23997;pick item
pick_i15863;pick item
pick_i26090;pick item
pick_i26349;pick item
pick_i20963;pick item
pick_i28581;pick item
pick_i25163;pick item
pick_i23553;pick item
pick_i12916;pick item
pick_i21137;pick item
ship_o1341;ship order
pick_i27076;pick item
pick_i26052;pick item
pick_i20827;pick item
place_o2131;place order
pick_i27410;pick item
pick_i27137;pick item
pick_i20484;pick item
pick_i26260;pick item
pick_i25085;pick item
pick_i21209;pick item
pick_i26463;pick item
pick_i25139;pick item
pick_i22315;pick item
place_o2132;place order
pick_i23905;pick item
pick_i21169;pick item
pick_i25618;pick item
pick_i23852;pick item
pick_i24687;pick item
pick_i27983;pick item
pick_i25267;pick item
place_o2133;place order
pick_i24012;pick item
pick_i26784;pick item
pick_i12485;pick item
pick_i21235;pick item
pick_i22971;pick item
pick_i23496;pick item
pick_i28957;pick item
pick_i25634;pick item
place_o2134;place order
pick_i24791;pick item
pick_i19934;pick item
pick_i27766;pick item
pick_i22211;pick item
pick_i28421;pick item
place_o2135;place order
pick_i24939;pick item
pick_i26770;pick item
pick_i27845;pick item
pick_i20858;pick item
pick_i24857;pick item
pick_i26902;pick item
pick_i24270;pick item
pick_i20939;pick item
pick_i17305;pick item
pick_i23445;pick item
pick_i28164;pick item
pick_i17864;pick item
pick_i22489;pick item
place_o2136;place order
pick_i24472;pick item
pick_i25680;pick item
pick_i16368;pick item
pick_i14249;pick item
place_o2137;place order
pick_i22552;pick item
pick_i23650;pick item
pick_i17342;pick item
pick_i27629;pick item
pick_i24640;pick item
pick_i27180;pick item
pick_i15946;pick item
pick_i17804;pick item
pick_i21876;pick item
place_o2138;place order
pick_i16140;pick item
pick_i24355;pick item
pick_i20783;pick item
pick_i27862;pick item
pick_i24447;pick item
pick_i23950;pick item
pick_i22443;pick item
pick_i27356;pick item
pick_i17493;pick item
place_o2139;place order
pick_i23644;pick item
pick_i18364;pick item
pick_i23483;pick item
pick_i19040;pick item
pick_i20566;pick item
pick_i28856;pick item
pick_i16273;pick item
pick_i25186;pick item
pick_i26319;pick item
pick_i28803;pick item
pick_i26419;pick item
place_o2140;place order
pick_i24553;pick item
pick_i23069;pick item
pick_i27792;pick item
pick_i21441;pick item
pick_i28931;pick item
pick_i23130;pick item
pick_i15954;pick item
pick_i16674;pick item
ship_o1517;ship order
pick_i28843;pick item
pick_i19289;pick item
pick_i26532;pick item
pick_i25315;pick item
pick_i25086;pick item
pick_i25312;pick item
pick_i26417;pick item
pick_i27211;pick item
pick_i19422;pick item
pick_i21596;pick item
pick_i25632;pick item
pick_i17458;pick item
pick_i22781;pick item
pick_i28459;pick item
place_o2141;place order
pick_i17181;pick item
pick_i23264;pick item
pick_i14493;pick item
pick_i22556;pick item
pick_i25241;pick item
pick_i22216;pick item
pick_i28814;pick item
pick_i28684;pick item
pick_i22477;pick item
pick_i20363;pick item
pick_i21652;pick item
place_o2142;place order
pick_i22408;pick item
pick_i25061;pick item
pick_i27509;pick item
pick_i23747;pick item
pick_i25808;pick item
pick_i18916;pick item
pick_i24950;pick item
pick_i21504;pick item
pick_i21555;pick item
pick_i28125;pick item
pick_i23457;pick item
pick_i17450;pick item
pick_i25824;pick item
pick_i25756;pick item
pick_i26614;pick item
pick_i28851;pick item
pick_i19328;pick item
pick_i20686;pick item
pick_i25837;pick item
pick_i27350;pick item
place_o2143;place order
pick_i24066;pick item
pick_i22707;pick item
pick_i20459;pick item
place_o2144;place order
pick_i28976;pick item
pick_i25931;pick item
pick_i22683;pick item
pick_i20292;pick item
pick_i24117;pick item
pick_i26338;pick item
pick_i21656;pick item
pick_i14940;pick item
pick_i23141;pick item
pick_i26119;pick item
pick_i20880;pick item
pick_i24767;pick item
pick_i28882;pick item
pick_i25096;pick item
pick_i23569;pick item
pick_i25937;pick item
pick_i26020;pick item
pick_i19404;pick item
pick_i24301;pick item
pick_i21375;pick item
pick_i20688;pick item
pick_i27567;pick item
place_o2145;place order
pick_i25294;pick item
pick_i19724;pick item
pick_i19264;pick item
pick_i29241;pick item
pick_i29124;pick item
pick_i22434;pick item
pick_i25084;pick item
pick_i22867;pick item
pick_i24638;pick item
pick_i27913;pick item
pick_i22488;pick item
pick_i26298;pick item
pick_i24921;pick item
pick_i22669;pick item
pick_i23257;pick item
pick_i26076;pick item
pick_i20380;pick item
pick_i26006;pick item
place_o2146;place order
pick_i19520;pick item
pick_i27021;pick item
pick_i21470;pick item
pick_i27555;pick item
pick_i22190;pick item
pick_i19900;pick item
pick_i23939;pick item
pick_i26377;pick item
pick_i18854;pick item
pick_i18476;pick item
pick_i28830;pick item
pick_i26676;pick item
pick_i14137;pick item
pick_i28713;pick item
pick_i21170;pick item
pick_i16022;pick item
pick_i26036;pick item
pick_i29011;pick item
pick_i23865;pick item
pick_i24624;pick item
pick_i20684;pick item
pick_i24841;pick item
pick_i13871;pick item
place_o2147;place order
pick_i23835;pick item
pick_i27776;pick item
pick_i17031;pick item
pick_i23805;pick item
pick_i18697;pick item
pick_i16331;pick item
pick_i25562;pick item
pick_i24755;pick item
place_o2148;place order
pick_i22088;pick item
pick_i22289;pick item
pick_i27162;pick item
pick_i23318;pick item
pick_i22986;pick item
pick_i23251;pick item
pick_i22983;pick item
place_o2149;place order
pick_i27035;pick item
pick_i23661;pick item
pick_i22368;pick item
pick_i24708;pick item
pick_i25853;pick item
pick_i27088;pick item
pick_i20820;pick item
pick_i13989;pick item
pick_i28887;pick item
pick_i24763;pick item
pick_i16660;pick item
pick_i25285;pick item
pick_i27163;pick item
pick_i20012;pick item
pick_i21135;pick item
pick_i28576;pick item
pick_i26371;pick item
pick_i21837;pick item
pick_i28371;pick item
pick_i29402;pick item
place_o2150;place order
pick_i22061;pick item
pick_i23777;pick item
pick_i27699;pick item
pick_i27647;pick item
pick_i22897;pick item
pick_i28134;pick item
pick_i20958;pick item
pick_i25040;pick item
pick_i12841;pick item
pick_i25431;pick item
pick_i13652;pick item
pick_i21734;pick item
pick_i26018;pick item
pick_i13646;pick item
pick_i23736;pick item
pick_i27729;pick item
pick_i27811;pick item
pick_i26693;pick item
pick_i29349;pick item
pick_i23600;pick item
pick_i21313;pick item
pick_i25273;pick item
place_o2151;place order
pick_i21966;pick item
pick_i25405;pick item
pick_i27633;pick item
pick_i24065;pick item
pick_i24723;pick item
pick_i28888;pick item
pick_i26561;pick item
pick_i28705;pick item
pick_i25124;pick item
pick_i19877;pick item
pick_i26137;pick item
pick_i19303;pick item
pick_i26099;pick item
pick_i26146;pick item
pick_i27977;pick item
pick_i16994;pick item
pick_i21456;pick item
pick_i15613;pick item
pick_i23855;pick item
pick_i19909;pick item
pick_i28594;pick item
pick_i23884;pick item
pick_i27038;pick item
pick_i25545;pick item
pick_i21741;pick item
pick_i16861;pick item
place_o2152;place order
pick_i25028;pick item
pick_i25098;pick item
pick_i19886;pick item
place_o2153;place order
pick_i24657;pick item
pick_i25600;pick item
pick_i18032;pick item
pick_i22006;pick item
place_o2154;place order
pick_i22436;pick item
pick_i24050;pick item
pick_i29405;pick item
pick_i26397;pick item
pick_i25672;pick item
pick_i27201;pick item
pick_i25102;pick item
pick_i21543;pick item
pick_i27879;pick item
pick_i29009;pick item
pick_i24916;pick item
pick_i25797;pick item
pick_i27140;pick item
pick_i20095;pick item
pick_i26335;pick item
pick_i24284;pick item
pick_i21021;pick item
pick_i28014;pick item
pick_i27524;pick item
pick_i24337;pick item
pick_i16005;pick item
pick_i22588;pick item
pick_i24666;pick item
pick_i20205;pick item
pick_i23749;pick item
pick_i27858;pick item
pick_i24035;pick item
pick_i19233;pick item
pick_i23149;pick item
pick_i20898;pick item
pick_i18467;pick item
place_o2155;place order
pick_i25998;pick item
pick_i29338;pick item
pick_i23787;pick item
pick_i16519;pick item
pick_i23936;pick item
ship_o1547;ship order
pick_i27970;pick item
pick_i17360;pick item
pick_i26776;pick item
pick_i19499;pick item
pick_i27292;pick item
pick_i28865;pick item
pick_i27435;pick item
pick_i21143;pick item
pick_i22939;pick item
pick_i26061;pick item
pick_i21827;pick item
pick_i19645;pick item
pick_i22755;pick item
pick_i15116;pick item
pick_i29109;pick item
pick_i28201;pick item
pick_i15918;pick item
place_o2156;place order
pick_i15907;pick item
pick_i13077;pick item
pick_i18840;pick item
pick_i24444;pick item
place_o2157;place order
pick_i22675;pick item
pick_i27158;pick item
pick_i24203;pick item
pick_i19945;pick item
pick_i22940;pick item
place_o2158;place order
pick_i20329;pick item
pick_i27598;pick item
pick_i28791;pick item
pick_i27204;pick item
pick_i26808;pick item
pick_i25952;pick item
pick_i21619;pick item
pick_i24421;pick item
pick_i24014;pick item
pick_i28345;pick item
pick_i22202;pick item
pick_i28528;pick item
pick_i22342;pick item
pick_i25456;pick item
pick_i29094;pick item
pick_i23768;pick item
pick_i29409;pick item
pick_i27465;pick item
pick_i26056;pick item
place_o2159;place order
pick_i26501;pick item
pick_i25544;pick item
pick_i29156;pick item
pick_i27307;pick item
pick_i21271;pick item
pick_i23009;pick item
pick_i21186;pick item
pick_i29625;pick item
pick_i19006;pick item
pick_i19926;pick item
place_o2160;place order
pick_i20051;pick item
pick_i27733;pick item
place_o2161;place order
pick_i19679;pick item
pick_i26819;pick item
pick_i17517;pick item
pick_i15977;pick item
pick_i24983;pick item
pick_i27491;pick item
pick_i28595;pick item
pick_i29352;pick item
place_o2162;place order
pick_i19116;pick item
pick_i14526;pick item
pick_i26105;pick item
ship_o1437;ship order
pick_i25855;pick item
pick_i18595;pick item
pick_i25908;pick item
pick_i20408;pick item
pick_i26051;pick item
pick_i27374;pick item
place_o2163;place order
pick_i29225;pick item
pick_i28591;pick item
pick_i23518;pick item
pick_i25588;pick item
pick_i23564;pick item
pick_i22444;pick item
pick_i23715;pick item
pick_i19305;pick item
pick_i26142;pick item
place_o2164;place order
pick_i21433;pick item
pick_i29326;pick item
pick_i21164;pick item
place_o2165;place order
pick_i22929;pick item
pick_i29612;pick item
pick_i28763;pick item
pick_i29219;pick item
place_o2166;place order
pick_i22042;pick item
pick_i26795;pick item
pick_i27246;pick item
pick_i23658;pick item
pick_i27447;pick item
place_o2167;place order
pick_i20860;pick item
pick_i28394;pick item
pick_i25479;pick item
pick_i20421;pick item
pick_i22223;pick item
pick_i29187;pick item
pick_i29028;pick item
pick_i28496;pick item
pick_i27648;pick item
pick_i17526;pick item
pick_i21859;pick item
pick_i25966;pick item
pick_i24780;pick item
pick_i26588;pick item
pick_i20834;pick item
place_o2168;place order
pick_i27508;pick item
pick_i26626;pick item
pick_i26173;pick item
pick_i25403;pick item
pick_i23248;pick item
place_o2169;place order
pick_i18736;pick item
pick_i27403;pick item
pick_i19758;pick item
pick_i21526;pick item
pick_i22387;pick item
pick_i19118;pick item
pick_i26048;pick item
pick_i24846;pick item
pick_i13408;pick item
pick_i26848;pick item
pick_i20018;pick item
pick_i27856;pick item
pick_i19464;pick item
pick_i24436;pick item
pick_i28626;pick item
pick_i16337;pick item
pick_i19651;pick item
pick_i25682;pick item
pick_i13470;pick item
place_o2170;place order
pick_i24948;pick item
pick_i23574;pick item
pick_i26689;pick item
pick_i29496;pick item
pick_i26218;pick item
pick_i29147;pick item
pick_i26297;pick item
pick_i28656;pick item
pick_i25602;pick item
pick_i16158;pick item
pick_i26103;pick item
pick_i27942;pick item
pick_i28578;pick item
pick_i28617;pick item
pick_i24668;pick item
pick_i28963;pick item
pick_i15169;pick item
pick_i17045;pick item
place_o2171;place order
pick_i25288;pick item
pick_i26025;pick item
pick_i25673;pick item
pick_i27515;pick item
pick_i15076;pick item
pick_i22325;pick item
pick_i26944;pick item
pick_i23654;pick item
pick_i19912;pick item
pick_i18973;pick item
pick_i28858;pick item
pick_i28156;pick item
pick_i29142;pick item
pick_i24237;pick item
pick_i29387;pick item
pick_i25183;pick item
pick_i29278;pick item
pick_i23643;pick item
pick_i24628;pick item
pick_i27910;pick item
pick_i22645;pick item
pick_i28274;pick item
pick_i29709;pick item
pick_i24533;pick item
pick_i18520;pick item
pick_i26800;pick item
pick_i29113;pick item
pick_i12836;pick item
ship_o1336;ship order
pick_i20527;pick item
place_o2172;place order
pick_i22081;pick item
pick_i16808;pick item
pick_i24565;pick item
pick_i23529;pick item
pick_i21138;pick item
pick_i23253;pick item
pick_i23954;pick item
pick_i21258;pick item
place_o2173;place order
pick_i25170;pick item
pick_i28600;pick item
pick_i23880;pick item
pick_i21653;pick item
pick_i29636;pick item
pick_i29038;pick item
pick_i29347;pick item
pick_i19479;pick item
pick_i21474;pick item
place_o2174;place order
pick_i23927;pick item
pick_i19387;pick item
pick_i28058;pick item
pick_i27041;pick item
pick_i28325;pick item
pick_i23306;pick item
pick_i26381;pick item
pick_i23968;pick item
pick_i24794;pick item
pick_i25985;pick item
pick_i27082;pick item
pick_i26733;pick item
pick_i26467;pick item
pick_i25941;pick item
pick_i24602;pick item
place_o2175;place order
pick_i24796;pick item
pick_i25884;pick item
pick_i27153;pick item
pick_i16222;pick item
pick_i27650;pick item
pick_i29288;pick item
pick_i20961;pick item
pick_i27743;pick item
pick_i28332;pick item
pick_i29323;pick item
pick_i21675;pick item
pick_i28292;pick item
pick_i24389;pick item
pick_i27112;pick item
pick_i22209;pick item
pick_i17242;pick item
pick_i26100;pick item
pick_i25010;pick item
pick_i28984;pick item
pick_i18092;pick item
pick_i20112;pick item
pick_i27554;pick item
pick_i23874;pick item
pick_i28144;pick item
pick_i23568;pick item
place_o2176;place order
pick_i29033;pick item
pick_i23426;pick item
pick_i28704;pick item
pick_i28643;pick item
pick_i29589;pick item
pick_i25450;pick item
pick_i14828;pick item
pick_i28168;pick item
pick_i25034;pick item
pick_i26285;pick item
pick_i27242;pick item
pick_i28128;pick item
pick_i23979;pick item
pick_i15925;pick item
pick_i29120;pick item
pick_i22769;pick item
pick_i20117;pick item
pick_i28330;pick item
pick_i26310;pick item
pick_i25441;pick item
pick_i29956;pick item
pick_i16567;pick item
pick_i25858;pick item
pick_i25297;pick item
place_o2177;place order
pick_i29928;pick item
pick_i17868;pick item
pick_i24434;pick item
pick_i17136;pick item
pick_i29292;pick item
pick_i18523;pick item
pick_i16922;pick item
place_o2178;place order
pick_i25281;pick item
pick_i28009;pick item
pick_i21032;pick item
pick_i16893;pick item
pick_i22817;pick item
place_o2179;place order
pick_i27987;pick item
pick_i19562;pick item
pick_i28744;pick item
pick_i23978;pick item
pick_i21888;pick item
pick_i27890;pick item
pick_i23896;pick item
pick_i21373;pick item
pick_i22623;pick item
pick_i25848;pick item
place_o2180;place order
pick_i29807;pick item
pick_i26509;pick item
pick_i27513;pick item
pick_i18440;pick item
pick_i25598;pick item
pick_i19259;pick item
pick_i29075;pick item
pick_i21946;pick item
pick_i23798;pick item
pick_i19254;pick item
pick_i26698;pick item
pick_i26431;pick item
pick_i17555;pick item
pick_i16004;pick item
pick_i29252;pick item
pick_i29410;pick item
pick_i28217;pick item
pick_i21952;pick item
pick_i28509;pick item
pick_i22280;pick item
pick_i25755;pick item
pick_i26299;pick item
pick_i30178;pick item
pick_i29000;pick item
pick_i25780;pick item
pick_i27557;pick item
pick_i16000;pick item
pick_i23099;pick item
pick_i29114;pick item
pick_i28226;pick item
pick_i17238;pick item
pick_i20225;pick item
pick_i28740;pick item
place_o2181;place order
pick_i20237;pick item
pick_i24878;pick item
pick_i30132;pick item
pick_i28024;pick item
pick_i29008;pick item
pick_i26941;pick item
pick_i29973;pick item
pick_i22401;pick item
place_o2182;place order
pick_i24377;pick item
pick_i23158;pick item
pick_i28892;pick item
pick_i15486;pick item
pick_i25341;pick item
place_o2183;place order
pick_i19963;pick item
pick_i25714;pick item
pick_i20461;pick item
pick_i28921;pick item
pick_i25822;pick item
pick_i23733;pick item
pick_i29267;pick item
pick_i25766;pick item
pick_i27034;pick item
pick_i28636;pick item
pick_i27310;pick item
pick_i25628;pick item
pick_i24356;pick item
place_o2184;place order
pick_i20124;pick item
pick_i24335;pick item
pick_i26686;pick item
pick_i27325;pick item
pick_i28635;pick item
pick_i15006;pick item
pick_i27415;pick item
pick_i26172;pick item
pick_i27449;pick item
pick_i25744;pick item
pick_i25412;pick item
pick_i29129;pick item
pick_i23770;pick item
pick_i28108;pick item
pick_i17966;pick item
pick_i23813;pick item
pick_i27453;pick item
pick_i28241;pick item
pick_i20415;pick item
pick_i23414;pick item
place_o2185;place order
pick_i26344;pick item
pick_i29569;pick item
place_o2186;place order
pick_i29266;pick item
pick_i23280;pick item
pick_i24106;pick item
pick_i17201;pick item
place_o2187;place order
pick_i27095;pick item
pick_i21964;pick item
pick_i14868;pick item
pick_i28986;pick item
pick_i28218;pick item
pick_i24528;pick item
pick_i17013;pick item
pick_i24394;pick item
pick_i20087;pick item
place_o2188;place order
pick_i28429;pick item
pick_i23559;pick item
pick_i25113;pick item
pick_i22330;pick item
pick_i18313;pick item
pick_i18328;pick item
pick_i17619;pick item
pick_i15823;pick item
pick_i19871;pick item
pick_i26318;pick item
place_o2189;place order
pick_i26512;pick item
pick_i18909;pick item
pick_i16952;pick item
pick_i20627;pick item
pick_i27814;pick item
pick_i13950;pick item
pick_i27796;pick item
pick_i16832;pick item
pick_i28772;pick item
pick_i23168;pick item
pick_i20485;pick item
pick_i27680;pick item
pick_i24171;pick item
pick_i28363;pick item
pick_i21310;pick item
pick_i19563;pick item
pick_i30379;pick item
pick_i22379;pick item
place_o2190;place order
pick_i25889;pick item
pick_i25519;pick item
pick_i20173;pick item
pick_i26696;pick item
pick_i22032;pick item
pick_i20689;pick item
pick_i28155;pick item
pick_i25670;pick item
pick_i19747;pick item
pick_i20314;pick item
place_o2191;place order
pick_i20139;pick item
pick_i26840;pick item
pick_i29143;pick item
pick_i14186;pick item
place_o2192;place order
pick_i21129;pick item
pick_i29563;pick item
pick_i27167;pick item
pick_i16794;pick item
pick_i26540;pick item
pick_i18214;pick item
pick_i19936;pick item
pick_i17278;pick item
pick_i29535;pick item
pick_i25090;pick item
pick_i28331;pick item
place_o2193;place order
pick_i29324;pick item
pick_i22012;pick item
pick_i20873;pick item
pick_i13665;pick item
pick_i25711;pick item
pick_i30384;pick item
pick_i16351;pick item
pick_i28307;pick item
pick_i19984;pick item
pick_i24363;pick item
place_o2194;place order
pick_i24688;pick item
pick_i23963;pick item
pick_i15650;pick item
pick_i28211;pick item
pick_i27901;pick item
pick_i21004;pick item
pick_i25950;pick item
pick_i15724;pick item
pick_i18707;pick item
pick_i23120;pick item
pick_i26603;pick item
pick_i27414;pick item
place_o2195;place order
pick_i29210;pick item
pick_i28568;pick item
pick_i24364;pick item
place_o2196;place order
pick_i20712;pick item
pick_i26535;pick item
pick_i29950;pick item
pick_i29332;pick item
pick_i29664;pick item
pick_i20537;pick item
pick_i21282;pick item
pick_i17564;pick item
pick_i24186;pick item
pick_i25688;pick item
pick_i20923;pick item
place_o2197;place order
pick_i30439;pick item
pick_i16113;pick item
pick_i29208;pick item
pick_i27033;pick item
pick_i29044;pick item
pick_i29244;pick item
pick_i29663;pick item
pick_i25736;pick item
pick_i30437;pick item
pick_i24496;pick item
pick_i19964;pick item
place_o2198;place order
pick_i22583;pick item
pick_i28701;pick item
pick_i28913;pick item
pick_i22485;pick item
pick_i24122;pick item
pick_i26444;pick item
pick_i28233;pick item
pick_i28106;pick item
place_o2199;place order
pick_i24101;pick item
pick_i26534;pick item
pick_i27047;pick item
pick_i28276;pick item
pick_i29638;pick item
pick_i22753;pick item
pick_i23870;pick item
pick_i29061;pick item
pick_i26326;pick item
pick_i16256;pick item
pick_i28489;pick item
pick_i29611;pick item
pick_i23169;pick item
pick_i26388;pick item
pick_i25924;pick item
pick_i28069;pick item
pick_i23497;pick item
pick_i26510;pick item
place_o2200;place order
pick_i29974;pick item
pick_i28279;pick item
pick_i29126;pick item
pick_i29900;pick item
pick_i26687;pick item
pick_i29148;pick item
pick_i23806;pick item
pick_i28457;pick item
pick_i29943;pick item
pick_i29800;pick item
pick_i20767;pick item
pick_i17284;pick item
pick_i26227;pick item
pick_i22566;pick item
place_o2201;place order
pick_i24478;pick item
pick_i13216;pick item
pick_i30113;pick item
pick_i20618;pick item
pick_i29055;pick item
pick_i24170;pick item
pick_i11133;pick item
pick_i20603;pick item
pick_i14038;pick item
pick_i28964;pick item
pick_i26697;pick item
pick_i25751;pick item
pick_i22130;pick item
pick_i29480;pick item
pick_i28615;pick item
pick_i24329;pick item
place_o2202;place order
pick_i28400;pick item
pick_i21277;pick item
pick_i27097;pick item
pick_i22597;pick item
pick_i13741;pick item
pick_i26742;pick item
pick_i26122;pick item
pick_i26630;pick item
place_o2203;place order
pick_i17477;pick item
pick_i20520;pick item
pick_i26455;pick item
place_o2204;place order
pick_i29867;pick item
pick_i16571;pick item
pick_i28431;pick item
ship_o1551;ship order
place_o2205;place order
pick_i29830;pick item
pick_i28304;pick item
pick_i21932;pick item
pick_i27057;pick item
pick_i21149;pick item
pick_i17153;pick item
pick_i29622;pick item
pick_i22378;pick item
pick_i16348;pick item
pick_i26283;pick item
pick_i24467;pick item
pick_i15941;pick item
pick_i25311;pick item
pick_i13536;pick item
pick_i20436;pick item
pick_i23789;pick item
pick_i18832;pick item
pick_i27815;pick item
pick_i24194;pick item
pick_i24368;pick item
pick_i23085;pick item
pick_i20892;pick item
pick_i23970;pick item
pick_i21496;pick item
pick_i24324;pick item
pick_i22860;pick item
pick_i27863;pick item
pick_i26416;pick item
pick_i30297;pick item
pick_i23885;pick item
pick_i23367;pick item
pick_i21377;pick item
pick_i20145;pick item
pick_i28161;pick item
pick_i28612;pick item
pick_i28047;pick item
pick_i24645;pick item
pick_i30100;pick item
place_o2206;place order
pick_i28374;pick item
pick_i23608;pick item
pick_i29820;pick item
pick_i28955;pick item
pick_i19737;pick item
pick_i19630;pick item
pick_i26340;pick item
pick_i17634;pick item
pick_i29692;pick item
pick_i26886;pick item
place_o2207;place order
pick_i30510;pick item
pick_i25238;pick item
pick_i25433;pick item
pick_i23815;pick item
pick_i23355;pick item
place_o2208;place order
pick_i27739;pick item
pick_i27653;pick item
pick_i15163;pick item
pick_i20261;pick item
pick_i20109;pick item
pick_i17811;pick item
pick_i27639;pick item
pick_i30513;pick item
pick_i23705;pick item
pick_i22804;pick item
pick_i22717;pick item
pick_i30279;pick item
pick_i28290;pick item
pick_i27384;pick item
pick_i26301;pick item
pick_i25223;pick item
pick_i20361;pick item
pick_i30808;pick item
pick_i22506;pick item
pick_i25436;pick item
pick_i28801;pick item
place_o2209;place order
pick_i28559;pick item
pick_i20041;pick item
pick_i30382;pick item
pick_i21895;pick item
pick_i29568;pick item
pick_i25079;pick item
pick_i30014;pick item
pick_i24994;pick item
pick_i19897;pick item
pick_i15649;pick item
pick_i24041;pick item
place_o2210;place order
pick_i29703;pick item
pick_i22698;pick item
pick_i13969;pick item
pick_i30378;pick item
ship_o1403;ship order
pick_i28681;pick item
pick_i26211;pick item
pick_i27331;pick item
pick_i27152;pick item
pick_i22268;pick item
pick_i29173;pick item
pick_i22975;pick item
pick_i21801;pick item
place_o2211;place order
pick_i27929;pick item
pick_i25221;pick item
pick_i21144;pick item
pick_i30068;pick item
pick_i23155;pick item
pick_i23591;pick item
pick_i23506;pick item
pick_i23164;pick item
place_o2212;place order
pick_i24288;pick item
pick_i22182;pick item
pick_i21611;pick item
pick_i29119;pick item
pick_i30354;pick item
place_o2213;place order
pick_i18255;pick item
pick_i18818;pick item
pick_i28078;pick item
pick_i26618;pick item
pick_i28557;pick item
pick_i13583;pick item
pick_i30217;pick item
pick_i24535;pick item
pick_i30830;pick item
pick_i28245;pick item
pick_i18856;pick item
pick_i27173;pick item
pick_i21938;pick item
pick_i24908;pick item
pick_i24736;pick item
pick_i20594;pick item
pick_i17773;pick item
pick_i12397;pick item
ship_o1310;ship order
pick_i19163;pick item
pick_i29194;pick item
pick_i24432;pick item
pick_i23786;pick item
pick_i18866;pick item
pick_i22780;pick item
pick_i24502;pick item
pick_i27627;pick item
pick_i30893;pick item
pick_i29007;pick item
pick_i28199;pick item
pick_i16665;pick item
pick_i26327;pick item
place_o2214;place order
pick_i26385;pick item
pick_i25810;pick item
pick_i21752;pick item
pick_i28171;pick item
pick_i20227;pick item
pick_i19385;pick item
pick_i24654;pick item
pick_i19075;pick item
pick_i24084;pick item
pick_i28026;pick item
pick_i28659;pick item
pick_i23588;pick item
pick_i26091;pick item
pick_i22909;pick item
pick_i26718;pick item
pick_i25387;pick item
pick_i19168;pick item
pick_i28580;pick item
pick_i18242;pick item
pick_i21674;pick item
pick_i28313;pick item
place_o2215;place order
pick_i19752;pick item
pick_i28408;pick item
pick_i16102;pick item
pick_i29514;pick item
pick_i21598;pick item
pick_i31056;pick item
pick_i25104;pick item
pick_i30058;pick item
pick_i27813;pick item
pick_i27944;pick item
pick_i25275;pick item
pick_i26750;pick item
pick_i23613;pick item
pick_i20000;pick item
pick_i21785;pick item
pick_i30742;pick item
pick_i24834;pick item
pick_i20353;pick item
pick_i30803;pick item
pick_i27489;pick item
pick_i14202;pick item
pick_i25076;pick item
pick_i30942;pick item
place_o2216;place order
pick_i30413;pick item
pick_i29772;pick item
pick_i28204;pick item
pick_i27789;pick item
pick_i22442;pick item
pick_i23103;pick item
place_o2217;place order
pick_i27926;pick item
pick_i29916;pick item
pick_i30988;pick item
pick_i26465;pick item
pick_i26514;pick item
pick_i27943;pick item
pick_i22318;pick item
pick_i29751;pick item
pick_i22243;pick item
pick_i25091;pick item
pick_i28225;pick item
pick_i30868;pick item
pick_i21114;pick item
pick_i19067;pick item
pick_i21593;pick item
pick_i19586;pick item
place_o2218;place order
pick_i18286;pick item
pick_i24682;pick item
pick_i21050;pick item
pick_i28132;pick item
pick_i28746;pick item
pick_i24653;pick item
pick_i18857;pick item
pick_i21567;pick item
pick_i22942;pick item
pick_i29192;pick item
pick_i29253;pick item
pick_i29169;pick item
pick_i21357;pick item
pick_i21624;pick item
pick_i27652;pick item
place_o2219;place order
pick_i18671;pick item
pick_i30043;pick item
pick_i20016;pick item
pick_i28312;pick item
pick_i23492;pick item
pick_i21054;pick item
pick_i26266;pick item
pick_i24072;pick item
pick_i27947;pick item
pick_i30443;pick item
pick_i30952;pick item
pick_i25080;pick item
pick_i29937;pick item
pick_i17255;pick item
pick_i22540;pick item
pick_i19512;pick item
pick_i25974;pick item
pick_i14964;pick item
pick_i23459;pick item
pick_i25965;pick item
pick_i19541;pick item
place_o2220;place order
pick_i14790;pick item
pick_i28460;pick item
pick_i20970;pick item
pick_i21281;pick item
pick_i27689;pick item
pick_i15988;pick item
pick_i27884;pick item
pick_i27133;pick item
place_o2221;place order
pick_i25538;pick item
pick_i14369;pick item
pick_i29872;pick item
pick_i21363;pick item
place_o2222;place order
pick_i30276;pick item
pick_i30335;pick item
pick_i20764;pick item
pick_i19767;pick item
pick_i30409;pick item
pick_i16038;pick item
pick_i26072;pick item
pick_i29666;pick item
pick_i30380;pick item
pick_i27438;pick item
pick_i21442;pick item
pick_i20372;pick item
place_o2223;place order
pick_i30536;pick item
pick_i27241;pick item
pick_i16354;pick item
pick_i24642;pick item
pick_i29002;pick item
pick_i23653;pick item
place_o2224;place order
pick_i21666;pick item
pick_i19309;pick item
pick_i21914;pick item
pick_i17248;pick item
pick_i22262;pick item
pick_i28979;pick item
pick_i25271;pick item
place_o2225;place order
pick_i23377;pick item
pick_i24614;pick item
pick_i16346;pick item
pick_i25265;pick item
place_o2226;place order
pick_i29269;pick item
pick_i30233;pick item
pick_i23673;pick item
pick_i26107;pick item
pick_i23571;pick item
pick_i14143;pick item
pick_i26993;pick item
place_o2227;place order
pick_i20843;pick item
pick_i28736;pick item
pick_i26278;pick item
pick_i27004;pick item
pick_i25161;pick item
pick_i31404;pick item
pick_i30534;pick item
pick_i17847;pick item
pick_i30226;pick item
pick_i25653;pick item
pick_i27488;pick item
pick_i27344;pick item
place_o2228;place order
pick_i24873;pick item
pick_i22492;pick item
pick_i31124;pick item
pick_i20182;pick item
pick_i31120;pick item
pick_i20406;pick item
pick_i30183;pick item
pick_i24305;pick item
place_o2229;place order
pick_i27390;pick item
pick_i22668;pick item
pick_i18460;pick item
pick_i25507;pick item
pick_i16427;pick item
pick_i29359;pick item
pick_i27948;pick item
pick_i13563;pick item
pick_i25581;pick item
pick_i25110;pick item
pick_i26804;pick item
pick_i26966;pick item
pick_i19948;pick item
pick_i25844;pick item
pick_i25117;pick item
pick_i28064;pick item
pick_i28175;pick item
pick_i14139;pick item
place_o2230;place order
pick_i21463;pick item
pick_i30311;pick item
pick_i25678;pick item
pick_i29714;pick item
pick_i24865;pick item
pick_i20335;pick item
pick_i30299;pick item
pick_i22591;pick item
pick_i25108;pick item
pick_i20849;pick item
pick_i24863;pick item
pick_i22165;pick item
pick_i19637;pick item
pick_i26685;pick item
pick_i15817;pick item
pick_i19136;pick item
pick_i31295;pick item
pick_i27643;pick item
pick_i21640;pick item
pick_i20378;pick item
pick_i18951;pick item
place_o2231;place order
pick_i31189;pick item
pick_i25103;pick item
pick_i29720;pick item
pick_i26160;pick item
pick_i22854;pick item
pick_i24850;pick item
pick_i26303;pick item
pick_i28190;pick item
pick_i25828;pick item
pick_i25314;pick item
pick_i18620;pick item
pick_i18204;pick item
place_o2232;place order
pick_i29051;pick item
pick_i26604;pick item
pick_i26062;pick item
pick_i31330;pick item
pick_i27693;pick item
place_o2233;place order
pick_i30663;pick item
pick_i23876;pick item
pick_i31107;pick item
pick_i14550;pick item
pick_i30763;pick item
pick_i31026;pick item
pick_i30515;pick item
pick_i25728;pick item
pick_i19122;pick item
pick_i30052;pick item
pick_i20022;pick item
pick_i13743;pick item
pick_i29756;pick item
pick_i30214;pick item
pick_i29449;pick item
pick_i17649;pick item
pick_i31043;pick item
pick_i26504;pick item
pick_i27127;pick item
pick_i25133;pick item
pick_i30367;pick item
pick_i30128;pick item
pick_i23750;pick item
pick_i24827;pick item
pick_i22390;pick item
pick_i25513;pick item
pick_i31035;pick item
pick_i30500;pick item
place_o2234;place order
pick_i27197;pick item
pick_i27280;pick item
pick_i29551;pick item
pick_i22816;pick item
pick_i19523;pick item
pick_i27476;pick item
pick_i21806;pick item
pick_i23176;pick item
pick_i26968;pick item
pick_i27852;pick item
pick_i17307;pick item
place_o2235;place order
pick_i30009;pick item
pick_i29195;pick item
pick_i28700;pick item
pick_i22269;pick item
place_o2236;place order
pick_i31591;pick item
pick_i30821;pick item
pick_i13774;pick item
ship_o1390;ship order
pick_i16485;pick item
pick_i31063;pick item
pick_i17260;pick item
pick_i27020;pick item
pick_i22482;pick item
place_o2237;place order
pick_i27400;pick item
pick_i27144;pick item
pick_i27663;pick item
pick_i22246;pick item
pick_i25038;pick item
pick_i22253;pick item
place_o2238;place order
pick_i26607;pick item
pick_i21768;pick item
pick_i31546;pick item
pick_i14256;pick item
pick_i31635;pick item
pick_i29189;pick item
pick_i30726;pick item
pick_i29256;pick item
pick_i19033;pick item
pick_i23293;pick item
pick_i26593;pick item
pick_i19414;pick item
pick_i16345;pick item
pick_i31234;pick item
pick_i19806;pick item
pick_i25485;pick item
pick_i20121;pick item
pick_i20290;pick item
pick_i25945;pick item
pick_i29582;pick item
pick_i24260;pick item
pick_i20896;pick item
pick_i24510;pick item
pick_i26976;pick item
pick_i17813;pick item
pick_i30247;pick item
place_o2239;place order
pick_i19772;pick item
pick_i28474;pick item
pick_i29172;pick item
pick_i30145;pick item
pick_i22973;pick item
pick_i21176;pick item
pick_i31399;pick item
pick_i28859;pick item
pick_i20559;pick item
pick_i30812;pick item
pick_i28019;pick item
pick_i30390;pick item
pick_i21072;pick item
pick_i26219;pick item
pick_i26393;pick item
pick_i27516;pick item
pick_i15090;pick item
pick_i27187;pick item
pick_i21643;pick item
pick_i29466;pick item
pick_i27215;pick item
pick_i28466;pick item
pick_i28755;pick item
pick_i28715;pick item
pick_i15923;pick item
place_o2240;place order
pick_i26307;pick item
pick_i27595;pick item
pick_i29641;pick item
pick_i21789;pick item
pick_i28910;pick item
pick_i21982;pick item
pick_i23929;pick item
pick_i31157;pick item
pick_i29914;pick item
pick_i28476;pick item
pick_i30098;pick item
pick_i23376;pick item
place_o2241;place order
pick_i28707;pick item
pick_i29819;pick item
pick_i31291;pick item
pick_i23127;pick item
place_o2242;place order
pick_i22493;pick item
pick_i24234;pick item
pick_i26919;pick item
pick_i21378;pick item
pick_i30333;pick item
pick_i29020;pick item
pick_i31514;pick item
pick_i26247;pick item
pick_i31646;pick item
pick_i29263;pick item
pick_i19868;pick item
pick_i30967;pick item
pick_i18922;pick item
pick_i12733;pick item
pick_i30522;pick item
ship_o1330;ship order
place_o2243;place order
pick_i23514;pick item
pick_i30502;pick item
pick_i19449;pick item
pick_i29488;pick item
pick_i31131;pick item
pick_i21940;pick item
pick_i31003;pick item
pick_i27545;pick item
pick_i25869;pick item
pick_i23703;pick item
pick_i20500;pick item
pick_i15102;pick item
pick_i23827;pick item
pick_i30874;pick item
pick_i26111;pick item
pick_i18399;pick item
pick_i24095;pick item
place_o2244;place order
pick_i22958;pick item
pick_i28533;pick item
pick_i29222;pick item
pick_i25948;pick item
pick_i31561;pick item
pick_i29102;pick item
place_o2245;place order
pick_i31315;pick item
pick_i31091;pick item
pick_i19181;pick item
pick_i25313;pick item
pick_i30457;pick item
pick_i16502;pick item
pick_i29006;pick item
pick_i30231;pick item
pick_i23711;pick item
pick_i28818;pick item
pick_i21453;pick item
place_o2246;place order
pick_i27780;pick item
pick_i26552;pick item
pick_i28319;pick item
pick_i28841;pick item
pick_i23887;pick item
pick_i28501;pick item
pick_i24090;pick item
pick_i22174;pick item
pick_i30845;pick item
pick_i25309;pick item
place_o2247;place order
pick_i29927;pick item
pick_i30877;pick item
place_o2248;place order
pick_i21394;pick item
pick_i20098;pick item
pick_i28554;pick item
pick_i26567;pick item
pick_i27871;pick item
pick_i27304;pick item
pick_i30643;pick item
pick_i28834;pick item
pick_i31216;pick item
pick_i30751;pick item
pick_i29794;pick item
pick_i19835;pick item
pick_i27346;pick item
pick_i21130;pick item
pick_i25690;pick item
pick_i30818;pick item
pick_i23486;pick item
pick_i14483;pick item
pick_i29224;pick item
pick_i23348;pick item
pick_i31302;pick item
pick_i20638;pick item
pick_i16458;pick item
pick_i26716;pick item
pick_i28564;pick item
pick_i26443;pick item
pick_i28742;pick item
place_o2249;place order
pick_i24138;pick item
pick_i26616;pick item
pick_i25905;pick item
pick_i20845;pick item
pick_i26598;pick item
pick_i22335;pick item
pick_i24263;pick item
pick_i26872;pick item
pick_i27581;pick item
pick_i26179;pick item
pick_i26163;pick item
pick_i21046;pick item
pick_i23360;pick item
pick_i16626;pick item
pick_i29562;pick item
pick_i22309;pick item
pick_i29425;pick item
pick_i20631;pick item
pick_i28862;pick item
place_o2250;place order
pick_i20943;pick item
pick_i27954;pick item
pick_i25984;pick item
pick_i25512;pick item
pick_i28540;pick item
pick_i29982;pick item
pick_i21009;pick item
pick_i31771;pick item
place_o2251;place order
pick_i30018;pick item
pick_i28944;pick item
pick_i27471;pick item
place_o2252;place order
pick_i27772;pick item
pick_i27019;pick item
pick_i24383;pick item
place_o2253;place order
pick_i30007;pick item
pick_i18231;pick item
pick_i18776;pick item
pick_i31878;pick item
pick_i17994;pick item
pick_i21872;pick item
pick_i17245;pick item
pick_i26843;pick item
pick_i17765;pick item
pick_i18684;pick item
pick_i29705;pick item
place_o2254;place order
pick_i22931;pick item
pick_i21302;pick item
pick_i29118;pick item
pick_i28896;pick item
place_o2255;place order
pick_i21646;pick item
pick_i31683;pick item
pick_i20299;pick item
pick_i18263;pick item
pick_i17264;pick item
place_o2256;place order
pick_i20073;pick item
pick_i27727;pick item
pick_i23951;pick item
pick_i28810;pick item
pick_i31828;pick item
pick_i26747;pick item
pick_i28658;pick item
pick_i30529;pick item
pick_i16372;pick item
pick_i11521;pick item
pick_i26875;pick item
ship_o1255;ship order
pick_i19957;pick item
pick_i30638;pick item
pick_i18347;pick item
pick_i30123;pick item
place_o2257;place order
pick_i31005;pick item
pick_i29030;pick item
pick_i11763;pick item
pick_i21538;pick item
ship_o1270;ship order
pick_i22850;pick item
pick_i26071;pick item
place_o2258;place order
pick_i28471;pick item
pick_i25049;pick item
pick_i21939;pick item
pick_i24868;pick item
pick_i19330;pick item
pick_i29684;pick item
pick_i21262;pick item
pick_i20728;pick item
pick_i27666;pick item
place_o2259;place order
pick_i29503;pick item
pick_i20605;pick item
pick_i29308;pick item
pick_i19626;pick item
pick_i21874;pick item
pick_i18966;pick item
pick_i30841;pick item
pick_i30846;pick item
pick_i23907;pick item
pick_i24146;pick item
pick_i27407;pick item
pick_i27392;pick item
pick_i26851;pick item
pick_i26046;pick item
pick_i26896;pick item
place_o2260;place order
pick_i28789;pick item
pick_i30787;pick item
pick_i30301;pick item
pick_i28194;pick item
pick_i19247;pick item
pick_i24457;pick item
pick_i24372;pick item
pick_i27362;pick item
pick_i14298;pick item
place_o2261;place order
pick_i23371;pick item
pick_i28890;pick item
pick_i24222;pick item
pick_i21955;pick item
pick_i25502;pick item
pick_i22853;pick item
pick_i31079;pick item
pick_i29556;pick item
pick_i19073;pick item
pick_i19869;pick item
pick_i29193;pick item
pick_i25323;pick item
pick_i17914;pick item
pick_i18118;pick item
pick_i26420;pick item
pick_i27697;pick item
pick_i27810;pick item
pick_i32158;pick item
pick_i15862;pick item
pick_i21962;pick item
pick_i20366;pick item
place_o2262;place order
pick_i23023;pick item
pick_i19876;pick item
pick_i27788;pick item
pick_i31230;pick item
pick_i30466;pick item
place_o2263;place order
pick_i31687;pick item
pick_i23427;pick item
pick_i24075;pick item
pick_i18663;pick item
pick_i13749;pick item
pick_i32198;pick item
ship_o1389;ship order
pick_i25633;pick item
pick_i20336;pick item
pick_i13997;pick item
ship_o1404;ship order
pick_i31158;pick item
pick_i28104;pick item
pick_i20075;pick item
pick_i16764;pick item
pick_i32099;pick item
pick_i18566;pick item
pick_i26908;pick item
pick_i28109;pick item
pick_i25760;pick item
pick_i23700;pick item
pick_i26670;pick item
pick_i20914;pick item
pick_i30120;pick item
pick_i26421;pick item
pick_i24973;pick item
place_o2264;place order
pick_i32059;pick item
pick_i30854;pick item
pick_i22340;pick item
pick_i27306;pick item
pick_i26811;pick item
pick_i31999;pick item
pick_i30438;pick item
pick_i21228;pick item
pick_i31459;pick item
pick_i31762;pick item
pick_i16010;pick item
pick_i25488;pick item
pick_i31452;pick item
place_o2265;place order
pick_i15629;pick item
pick_i28875;pick item
pick_i24229;pick item
pick_i31175;pick item
pick_i25811;pick item
pick_i17294;pick item
pick_i29650;pick item
pick_i30575;pick item
pick_i27821;pick item
pick_i29715;pick item
pick_i31774;pick item
pick_i20023;pick item
pick_i29133;pick item
pick_i24571;pick item
pick_i28610;pick item
pick_i23622;pick item
pick_i27903;pick item
pick_i31487;pick item
pick_i32359;pick item
pick_i19766;pick item
pick_i26354;pick item
place_o2266;place order
pick_i29980;pick item
pick_i21833;pick item
pick_i22501;pick item
pick_i27244;pick item
pick_i30880;pick item
pick_i13555;pick item
ship_o1377;ship order
pick_i20833;pick item
place_o2267;place order
pick_i26816;pick item
pick_i25940;pick item
pick_i16082;pick item
pick_i28644;pick item
pick_i19831;pick item
pick_i22120;pick item
pick_i32290;pick item
pick_i31349;pick item
place_o2268;place order
pick_i24112;pick item
pick_i29465;pick item
place_o2269;place order
pick_i20641;pick item
pick_i27927;pick item
pick_i25596;pick item
pick_i21639;pick item
pick_i25284;pick item
pick_i31826;pick item
pick_i29027;pick item
pick_i29891;pick item
pick_i26291;pick item
pick_i21649;pick item
pick_i21057;pick item
place_o2270;place order
pick_i27015;pick item
pick_i27707;pick item
pick_i30197;pick item
pick_i22553;pick item
pick_i18627;pick item
pick_i31214;pick item
pick_i27923;pick item
pick_i27798;pick item
pick_i29887;pick item
pick_i31034;pick item
pick_i29355;pick item
pick_i21545;pick item
pick_i21409;pick item
pick_i29031;pick item
pick_i26969;pick item
pick_i26382;pick item
pick_i31010;pick item
pick_i25114;pick item
pick_i30804;pick item
pick_i29418;pick item
pick_i22519;pick item
pick_i22407;pick item
pick_i23208;pick item
pick_i24219;pick item
place_o2271;place order
pick_i23686;pick item
pick_i31154;pick item
pick_i32104;pick item
pick_i25007;pick item
pick_i31045;pick item
pick_i28348;pick item
pick_i28691;pick item
place_o2272;place order
pick_i15772;pick item
pick_i20284;pick item
ship_o1507;ship order
pick_i27065;pick item
pick_i18397;pick item
pick_i20986;pick item
ship_o1648;ship order
place_o2273;place order
pick_i26959;pick item
pick_i31786;pick item
pick_i27941;pick item
pick_i21408;pick item
pick_i28129;pick item
pick_i21642;pick item
pick_i17288;pick item
pick_i17037;pick item
pick_i27928;pick item
pick_i31661;pick item
pick_i31347;pick item
pick_i28579;pick item
pick_i24135;pick item
pick_i31662;pick item
pick_i27575;pick item
pick_i31755;pick item
pick_i22824;pick item
pick_i20186;pick item
pick_i28181;pick item
pick_i28060;pick item
place_o2274;place order
pick_i17917;pick item
pick_i29936;pick item
pick_i27635;pick item
pick_i29247;pick item
pick_i29356;pick item
pick_i31416;pick item
pick_i26783;pick item
pick_i22994;pick item
pick_i28016;pick item
pick_i25802;pick item
pick_i28549;pick item
pick_i27226;pick item
pick_i31928;pick item
pick_i31953;pick item
pick_i31285;pick item
pick_i31242;pick item
pick_i25671;pick item
pick_i32478;pick item
pick_i24486;pick item
pick_i25106;pick item
pick_i30417;pick item
place_o2275;place order
pick_i32180;pick item
pick_i20175;pick item
pick_i28927;pick item
pick_i30549;pick item
pick_i27995;pick item
pick_i28905;pick item
pick_i28771;pick item
pick_i25396;pick item
pick_i24060;pick item
pick_i25882;pick item
pick_i30670;pick item
pick_i32130;pick item
pick_i28657;pick item
pick_i31839;pick item
pick_i23649;pick item
pick_i23266;pick item
pick_i19355;pick item
pick_i32187;pick item
pick_i23721;pick item
pick_i18316;pick item
pick_i22034;pick item
pick_i22764;pick item
pick_i28804;pick item
pick_i25465;pick item
pick_i22876;pick item
pick_i23298;pick item
pick_i24582;pick item
place_o2276;place order
pick_i26600;pick item
pick_i19401;pick item
pick_i30017;pick item
place_o2277;place order
pick_i32257;pick item
pick_i19243;pick item
pick_i28443;pick item
pick_i30166;pick item
pick_i31069;pick item
pick_i32455;pick item
pick_i25851;pick item
pick_i25240;pick item
pick_i26739;pick item
pick_i27073;pick item
pick_i21299;pick item
pick_i30212;pick item
pick_i31254;pick item
pick_i30964;pick item
pick_i24452;pick item
pick_i22016;pick item
pick_i14080;pick item
pick_i20626;pick item
place_o2278;place order
pick_i27200;pick item
pick_i18491;pick item
pick_i30720;pick item
pick_i23943;pick item
pick_i28686;pick item
pick_i21576;pick item
pick_i14622;pick item
place_o2279;place order
pick_i21620;pick item
pick_i11128;pick item
pick_i30154;pick item
ship_o1231;ship order
pick_i30862;pick item
pick_i19443;pick item
pick_i21473;pick item
pick_i30019;pick item
pick_i29679;pick item
pick_i31652;pick item
pick_i26197;pick item
pick_i32129;pick item
pick_i30516;pick item
pick_i14736;pick item
pick_i19146;pick item
place_o2280;place order
pick_i28042;pick item
pick_i26531;pick item
pick_i32351;pick item
pick_i28123;pick item
pick_i24671;pick item
pick_i31943;pick item
place_o2281;place order
pick_i24403;pick item
pick_i23719;pick item
place_o2282;place order
pick_i32238;pick item
pick_i28718;pick item
pick_i31548;pick item
pick_i31573;pick item
place_o2283;place order
pick_i31018;pick item
pick_i28003;pick item
pick_i23958;pick item
pick_i25213;pick item
pick_i29369;pick item
place_o2284;place order
pick_i31109;pick item
pick_i17554;pick item
pick_i32828;pick item
pick_i23534;pick item
pick_i25747;pick item
pick_i30747;pick item
pick_i31288;pick item
pick_i24386;pick item
pick_i21091;pick item
pick_i30194;pick item
pick_i13496;pick item
place_o2285;place order
pick_i28725;pick item
pick_i30133;pick item
pick_i25041;pick item
pick_i26761;pick item
place_o2286;place order
pick_i21775;pick item
pick_i30490;pick item
pick_i22902;pick item
pick_i25347;pick item
pick_i32408;pick item
pick_i27711;pick item
pick_i32601;pick item
pick_i25039;pick item
pick_i18717;pick item
pick_i19839;pick item
place_o2287;place order
pick_i25008;pick item
pick_i30673;pick item
pick_i29548;pick item
pick_i32136;pick item
pick_i26735;pick item
pick_i21014;pick item
pick_i32892;pick item
pick_i27719;pick item
pick_i19991;pick item
pick_i22422;pick item
pick_i28361;pick item
pick_i28103;pick item
pick_i25229;pick item
pick_i22647;pick item
pick_i31313;pick item
pick_i28255;pick item
place_o2288;place order
pick_i18310;pick item
pick_i28758;pick item
pick_i28624;pick item
pick_i23911;pick item
place_o2289;place order
pick_i22543;pick item
pick_i19244;pick item
pick_i19757;pick item
pick_i18893;pick item
pick_i28835;pick item
pick_i26191;pick item
pick_i20431;pick item
pick_i27317;pick item
pick_i31977;pick item
pick_i29734;pick item
pick_i32401;pick item
pick_i27920;pick item
pick_i30209;pick item
pick_i29170;pick item
pick_i26077;pick item
pick_i26457;pick item
pick_i31435;pick item
pick_i23323;pick item
pick_i32782;pick item
pick_i32740;pick item
pick_i31415;pick item
place_o2290;place order
pick_i22651;pick item
pick_i25400;pick item
pick_i23245;pick item
pick_i30002;pick item
pick_i14263;pick item
pick_i23006;pick item
pick_i23771;pick item
pick_i25159;pick item
pick_i20674;pick item
pick_i25283;pick item
pick_i16166;pick item
pick_i31792;pick item
pick_i30890;pick item
pick_i32890;pick item
pick_i22631;pick item
pick_i32569;pick item
pick_i30245;pick item
pick_i24938;pick item
pick_i25466;pick item
place_o2291;place order
pick_i23345;pick item
pick_i25630;pick item
pick_i25975;pick item
pick_i15624;pick item
pick_i30189;pick item
pick_i32978;pick item
pick_i26880;pick item
pick_i27281;pick item
pick_i28665;pick item
pick_i32809;pick item
pick_i32758;pick item
pick_i22911;pick item
pick_i25518;pick item
pick_i29949;pick item
pick_i31868;pick item
pick_i28379;pick item
pick_i31014;pick item
pick_i25765;pick item
pick_i26494;pick item
place_o2292;place order
pick_i19500;pick item
pick_i25572;pick item
pick_i26591;pick item
pick_i26890;pick item
place_o2293;place order
pick_i27999;pick item
pick_i12309;pick item
pick_i24365;pick item
ship_o1304;ship order
pick_i30900;pick item
pick_i31296;pick item
pick_i19363;pick item
pick_i31983;pick item
pick_i32142;pick item
place_o2294;place order
pick_i22107;pick item
pick_i32224;pick item
pick_i30620;pick item
pick_i17692;pick item
pick_i32975;pick item
pick_i25938;pick item
pick_i26252;pick item
pick_i24561;pick item
place_o2295;place order
pick_i21489;pick item
pick_i29859;pick item
pick_i24342;pick item
pick_i30647;pick item
pick_i31888;pick item
pick_i24110;pick item
place_o2296;place order
pick_i21288;pick item
pick_i22783;pick item
pick_i31431;pick item
pick_i20533;pick item
pick_i32896;pick item
pick_i22852;pick item
pick_i15093;pick item
pick_i27985;pick item
place_o2297;place order
pick_i29613;pick item
pick_i21061;pick item
place_o2298;place order
pick_i23112;pick item
pick_i26961;pick item
pick_i21465;pick item
pick_i12703;pick item
pick_i24292;pick item
place_o2299;place order
pick_i30077;pick item
pick_i29188;pick item
pick_i24474;pick item
pick_i24216;pick item
pick_i32552;pick item
pick_i24080;pick item
pick_i25270;pick item
pick_i24843;pick item
pick_i31182;pick item
pick_i26154;pick item
pick_i28652;pick item
pick_i32307;pick item
pick_i29430;pick item
pick_i25206;pick item
pick_i16941;pick item
pick_i22109;pick item
pick_i18369;pick item
pick_i22917;pick item
pick_i26361;pick item
pick_i26216;pick item
pick_i14486;pick item
ship_o1434;ship order
pick_i18276;pick item
pick_i25291;pick item
pick_i28670;pick item
pick_i18426;pick item
pick_i23881;pick item
pick_i17438;pick item
pick_i16793;pick item
pick_i32934;pick item
pick_i26741;pick item
place_o2300;place order
pick_i17628;pick item
pick_i28999;pick item
pick_i31226;pick item
pick_i21742;pick item
pick_i29771;pick item
pick_i32298;pick item
pick_i28719;pick item
pick_i30026;pick item
place_o2301;place order
pick_i22399;pick item
pick_i30815;pick item
pick_i31744;pick item
pick_i27142;pick item
pick_i31081;pick item
pick_i20125;pick item
place_o2302;place order
pick_i31759;pick item
pick_i29166;pick item
pick_i26664;pick item
pick_i28451;pick item
pick_i21104;pick item
pick_i26584;pick item
pick_i28342;pick item
pick_i30296;pick item
pick_i23147;pick item
place_o2303;place order
pick_i26113;pick item
pick_i28333;pick item
pick_i14441;pick item
pick_i27478;pick item
pick_i29238;pick item
pick_i17873;pick item
pick_i28566;pick item
pick_i32002;pick item
pick_i22037;pick item
pick_i31638;pick item
pick_i26449;pick item
pick_i30199;pick item
pick_i29885;pick item
pick_i21948;pick item
pick_i27349;pick item
pick_i30703;pick item
pick_i30907;pick item
pick_i21996;pick item
pick_i14928;pick item
pick_i31633;pick item
pick_i23500;pick item
pick_i31490;pick item
pick_i26339;pick item
place_o2304;place order
pick_i31698;pick item
pick_i13528;pick item
ship_o1376;ship order
pick_i32126;pick item
pick_i23027;pick item
pick_i26695;pick item
pick_i31052;pick item
pick_i28273;pick item
pick_i28889;pick item
pick_i32388;pick item
pick_i29095;pick item
pick_i29901;pick item
pick_i28845;pick item
pick_i21024;pick item
pick_i30971;pick item
pick_i16110;pick item
pick_i32362;pick item
pick_i24674;pick item
pick_i31257;pick item
pick_i24451;pick item
pick_i32423;pick item
pick_i32274;pick item
pick_i31167;pick item
pick_i30347;pick item
pick_i30317;pick item
pick_i28759;pick item
pick_i22678;pick item
pick_i31448;pick item
pick_i28170;pick item
pick_i30548;pick item
pick_i27851;pick item
pick_i27503;pick item
place_o2305;place order
pick_i20824;pick item
pick_i18250;pick item
pick_i29840;pick item
pick_i31187;pick item
pick_i18360;pick item
pick_i23258;pick item
pick_i27675;pick item
pick_i25379;pick item
pick_i20847;pick item
pick_i29704;pick item
pick_i32619;pick item
place_o2306;place order
pick_i30310;pick item
pick_i25813;pick item
pick_i26141;pick item
place_o2307;place order
pick_i26792;pick item
pick_i14626;pick item
pick_i32984;pick item
pick_i32513;pick item
pick_i23525;pick item
pick_i22956;pick item
pick_i24007;pick item
pick_i16598;pick item
pick_i30823;pick item
pick_i29913;pick item
place_o2308;place order
pick_i29528;pick item
pick_i10546;pick item
place_o2309;place order
ship_o1193;ship order
pick_i25157;pick item
pick_i27963;pick item
pick_i29736;pick item
pick_i32391;pick item
pick_i13006;pick item
pick_i24480;pick item
pick_i27070;pick item
pick_i22468;pick item
pick_i31493;pick item
pick_i30636;pick item
pick_i22240;pick item
pick_i21211;pick item
pick_i21490;pick item
pick_i27364;pick item
pick_i31064;pick item
pick_i32923;pick item
pick_i33357;pick item
pick_i33492;pick item
pick_i26365;pick item
place_o2310;place order
pick_i32000;pick item
pick_i25201;pick item
pick_i13257;pick item
pick_i16180;pick item
place_o2311;place order
pick_i18926;pick item
pick_i22585;pick item
pick_i26314;pick item
pick_i22534;pick item
pick_i33045;pick item
pick_i24709;pick item
place_o2312;place order
pick_i30574;pick item
pick_i31106;pick item
pick_i18471;pick item
pick_i28685;pick item
pick_i32269;pick item
pick_i30576;pick item
pick_i32548;pick item
pick_i22684;pick item
pick_i25554;pick item
pick_i25009;pick item
pick_i31831;pick item
pick_i18617;pick item
place_o2313;place order
pick_i22192;pick item
pick_i33580;pick item
pick_i31073;pick item
pick_i29766;pick item
pick_i30342;pick item
pick_i27189;pick item
pick_i31873;pick item
pick_i28373;pick item
pick_i22999;pick item
pick_i21910;pick item
place_o2314;place order
pick_i29214;pick item
pick_i17218;pick item
pick_i29651;pick item
pick_i26425;pick item
pick_i21190;pick item
place_o2315;place order
pick_i32189;pick item
pick_i32667;pick item
pick_i30337;pick item
place_o2316;place order
pick_i29311;pick item
pick_i20448;pick item
pick_i28174;pick item
pick_i32410;pick item
pick_i26117;pick item
pick_i22734;pick item
pick_i25700;pick item
pick_i19266;pick item
pick_i33571;pick item
pick_i33473;pick item
pick_i25779;pick item
place_o2317;place order
pick_i33109;pick item
pick_i20683;pick item
pick_i22821;pick item
pick_i17805;pick item
pick_i27980;pick item
pick_i21152;pick item
pick_i18002;pick item
pick_i33631;pick item
pick_i23385;pick item
pick_i32610;pick item
pick_i20370;pick item
pick_i14946;pick item
pick_i33404;pick item
pick_i28751;pick item
pick_i25901;pick item
pick_i29076;pick item
pick_i32152;pick item
place_o2318;place order
pick_i31944;pick item
pick_i25132;pick item
pick_i27642;pick item
pick_i31001;pick item
pick_i26400;pick item
place_o2319;place order
pick_i23893;pick item
pick_i13559;pick item
pick_i27582;pick item
pick_i18451;pick item
pick_i30624;pick item
pick_i29070;pick item
pick_i24295;pick item
pick_i14174;pick item
pick_i29455;pick item
pick_i31724;pick item
pick_i27208;pick item
pick_i22065;pick item
pick_i28410;pick item
pick_i27771;pick item
pick_i30475;pick item
pick_i29550;pick item
pick_i26083;pick item
pick_i18499;pick item
pick_i22093;pick item
pick_i23682;pick item
pick_i25693;pick item
pick_i29516;pick item
pick_i20660;pick item
pick_i26044;pick item
pick_i25427;pick item
pick_i25788;pick item
pick_i31960;pick item
pick_i23948;pick item
pick_i28334;pick item
pick_i26972;pick item
pick_i31092;pick item
pick_i27193;pick item
pick_i31346;pick item
place_o2320;place order
pick_i27037;pick item
pick_i33284;pick item
pick_i25060;pick item
pick_i28558;pick item
pick_i23614;pick item
pick_i15138;pick item
pick_i26224;pick item
pick_i21309;pick item
pick_i31489;pick item
pick_i14647;pick item
pick_i24804;pick item
pick_i23737;pick item
pick_i31492;pick item
place_o2321;place order
pick_i31782;pick item
pick_i24470;pick item
pick_i32360;pick item
pick_i32504;pick item
pick_i30969;pick item
pick_i21792;pick item
pick_i21301;pick item
pick_i14240;pick item
pick_i27311;pick item
pick_i29439;pick item
pick_i25621;pick item
pick_i31844;pick item
pick_i18290;pick item
pick_i33593;pick item
pick_i33859;pick item
pick_i30931;pick item
pick_i31274;pick item
pick_i18771;pick item
pick_i31715;pick item
place_o2322;place order
pick_i26220;pick item
pick_i27458;pick item
pick_i24277;pick item
pick_i33538;pick item
pick_i23732;pick item
pick_i29737;pick item
pick_i29863;pick item
pick_i23156;pick item
pick_i29329;pick item
place_o2323;place order
pick_i33887;pick item
pick_i19834;pick item
pick_i22690;pick item
pick_i31447;pick item
pick_i21542;pick item
pick_i31233;pick item
pick_i21967;pick item
pick_i20706;pick item
pick_i31266;pick item
pick_i30699;pick item
pick_i19813;pick item
pick_i27182;pick item
pick_i32252;pick item
pick_i28623;pick item
pick_i32968;pick item
pick_i14560;pick item
pick_i33270;pick item
pick_i25251;pick item
pick_i22463;pick item
pick_i32042;pick item
pick_i33794;pick item
pick_i30047;pick item
pick_i14965;pick item
pick_i29829;pick item
pick_i28840;pick item
pick_i33798;pick item
place_o2324;place order
pick_i24392;pick item
pick_i32529;pick item
pick_i25841;pick item
pick_i28115;pick item
pick_i29145;pick item
pick_i25972;pick item
pick_i22046;pick item
pick_i29069;pick item
pick_i27602;pick item
pick_i30622;pick item
pick_i19160;pick item
pick_i21923;pick item
place_o2325;place order
pick_i25897;pick item
pick_i23823;pick item
pick_i32319;pick item
pick_i31432;pick item
pick_i31809;pick item
place_o2326;place order
pick_i30165;pick item
pick_i26752;pick item
pick_i21428;pick item
pick_i15553;pick item
pick_i23922;pick item
pick_i33946;pick item
pick_i30376;pick item
pick_i30758;pick item
pick_i33613;pick item
place_o2327;place order
pick_i16740;pick item
pick_i25276;pick item
pick_i13963;pick item
pick_i13502;pick item
ship_o1402;ship order
pick_i26316;pick item
pick_i26029;pick item
pick_i29367;pick item
pick_i19189;pick item
pick_i19567;pick item
pick_i32012;pick item
place_o2328;place order
pick_i26253;pick item
pick_i26918;pick item
pick_i20557;pick item
pick_i20977;pick item
pick_i22722;pick item
pick_i23867;pick item
pick_i21090;pick item
pick_i25799;pick item
pick_i26286;pick item
pick_i33345;pick item
pick_i27411;pick item
pick_i32651;pick item
pick_i24814;pick item
pick_i20019;pick item
place_o2329;place order
pick_i33554;pick item
pick_i33851;pick item
pick_i29575;pick item
pick_i29411;pick item
pick_i28598;pick item
pick_i29456;pick item
pick_i26311;pick item
pick_i27469;pick item
pick_i32795;pick item
pick_i25244;pick item
pick_i28004;pick item
pick_i29467;pick item
pick_i31457;pick item
pick_i27855;pick item
pick_i30604;pick item
pick_i28876;pick item
pick_i31735;pick item
pick_i33449;pick item
pick_i24411;pick item
pick_i17347;pick item
pick_i28039;pick item
place_o2330;place order
pick_i21868;pick item
pick_i32064;pick item
pick_i14970;pick item
pick_i32726;pick item
pick_i30321;pick item
pick_i23625;pick item
pick_i27499;pick item
pick_i25651;pick item
pick_i17009;pick item
ship_o1576;ship order
pick_i32431;pick item
pick_i21945;pick item
place_o2331;place order
pick_i22915;pick item
pick_i27786;pick item
pick_i28002;pick item
pick_i16694;pick item
place_o2332;place order
pick_i28293;pick item
pick_i22014;pick item
pick_i26826;pick item
pick_i21280;pick item
pick_i31491;pick item
pick_i27046;pick item
pick_i29429;pick item
pick_i21757;pick item
pick_i24252;pick item
pick_i33510;pick item
pick_i33426;pick item
pick_i21970;pick item
pick_i24275;pick item
pick_i20371;pick item
pick_i21978;pick item
pick_i28738;pick item
pick_i21745;pick item
pick_i22033;pick item
pick_i34019;pick item
pick_i26490;pick item
place_o2333;place order
pick_i27749;pick item
pick_i19838;pick item
pick_i20546;pick item
pick_i33417;pick item
pick_i26960;pick item
pick_i19769;pick item
pick_i26320;pick item
place_o2334;place order
pick_i33363;pick item
pick_i26515;pick item
pick_i31185;pick item
pick_i21705;pick item
pick_i22144;pick item
pick_i32215;pick item
pick_i22700;pick item
pick_i33093;pick item
pick_i26015;pick item
pick_i26724;pick item
pick_i28530;pick item
pick_i33054;pick item
pick_i33467;pick item
pick_i33516;pick item
pick_i27462;pick item
pick_i21239;pick item
pick_i29395;pick item
pick_i16986;pick item
pick_i14275;pick item
pick_i31798;pick item
pick_i32947;pick item
pick_i29718;pick item
pick_i28470;pick item
pick_i27992;pick item
pick_i26637;pick item
pick_i32849;pick item
pick_i33544;pick item
pick_i29660;pick item
pick_i28616;pick item
pick_i21686;pick item
pick_i13643;pick item
pick_i22400;pick item
pick_i33620;pick item
pick_i30055;pick item
pick_i21651;pick item
pick_i25522;pick item
pick_i23177;pick item
pick_i31597;pick item
pick_i16797;pick item
pick_i33806;pick item
pick_i33556;pick item
pick_i30825;pick item
place_o2335;place order
pick_i20675;pick item
pick_i32267;pick item
pick_i26658;pick item
pick_i28631;pick item
pick_i33521;pick item
pick_i26248;pick item
pick_i12996;pick item
ship_o1345;ship order
pick_i26753;pick item
place_o2336;place order
pick_i29039;pick item
pick_i31655;pick item
pick_i26870;pick item
pick_i31535;pick item
place_o2337;place order
pick_i31207;pick item
pick_i32872;pick item
pick_i24407;pick item
pick_i26988;pick item
pick_i20640;pick item
pick_i33578;pick item
pick_i28897;pick item
pick_i26153;pick item
pick_i31896;pick item
place_o2338;place order
pick_i25481;pick item
pick_i32669;pick item
pick_i31895;pick item
pick_i26469;pick item
pick_i33959;pick item
pick_i23560;pick item
pick_i26563;pick item
pick_i34226;pick item
pick_i31536;pick item
pick_i24585;pick item
pick_i32026;pick item
pick_i22220;pick item
pick_i11838;pick item
ship_o1276;ship order
pick_i26277;pick item
pick_i27427;pick item
pick_i16431;pick item
pick_i12189;pick item
pick_i12983;pick item
pick_i18450;pick item
ship_o1344;ship order
pick_i32641;pick item
pick_i32088;pick item
place_o2339;place order
pick_i30734;pick item
pick_i25118;pick item
pick_i24347;pick item
pick_i34100;pick item
pick_i29085;pick item
pick_i33567;pick item
pick_i31737;pick item
pick_i34239;pick item
pick_i32848;pick item
pick_i18971;pick item
pick_i21563;pick item
pick_i18408;pick item
pick_i23482;pick item
pick_i21042;pick item
pick_i29048;pick item
pick_i29987;pick item
pick_i33097;pick item
pick_i33242;pick item
pick_i29567;pick item
pick_i20788;pick item
pick_i33056;pick item
pick_i24899;pick item
pick_i26869;pick item
pick_i21927;pick item
pick_i31441;pick item
place_o2340;place order
pick_i25130;pick item
pick_i21935;pick item
pick_i28872;pick item
place_o2341;place order
pick_i23517;pick item
pick_i20749;pick item
pick_i30564;pick item
pick_i25325;pick item
pick_i27551;pick item
pick_i29001;pick item
pick_i33114;pick item
pick_i31500;pick item
pick_i32632;pick item
pick_i32615;pick item
pick_i32380;pick item
pick_i25328;pick item
pick_i30224;pick item
place_o2342;place order
pick_i20511;pick item
pick_i19090;pick item
pick_i33888;pick item
pick_i34306;pick item
pick_i32506;pick item
pick_i28269;pick item
place_o2343;place order
pick_i30215;pick item
pick_i30750;pick item
pick_i27782;pick item
pick_i32604;pick item
pick_i33151;pick item
pick_i24699;pick item
pick_i32178;pick item
pick_i23373;pick item
pick_i30176;pick item
place_o2344;place order
pick_i27994;pick item
pick_i20360;pick item
pick_i19460;pick item
pick_i31654;pick item
pick_i27822;pick item
pick_i23089;pick item
place_o2345;place order
pick_i22448;pick item
pick_i18133;pick item
pick_i26264;pick item
pick_i24923;pick item
pick_i21825;pick item
place_o2346;place order
pick_i24397;pick item
pick_i26996;pick item
pick_i33729;pick item
pick_i26313;pick item
pick_i26883;pick item
pick_i28563;pick item
pick_i28413;pick item
pick_i26831;pick item
pick_i27425;pick item
place_o2347;place order
pick_i32567;pick item
pick_i20232;pick item
pick_i28072;pick item
pick_i30258;pick item
pick_i32882;pick item
pick_i15807;pick item
pick_i28280;pick item
place_o2348;place order
pick_i23217;pick item
pick_i27103;pick item
pick_i26334;pick item
pick_i28258;pick item
pick_i20105;pick item
pick_i18561;pick item
pick_i21452;pick item
pick_i16957;pick item
pick_i27116;pick item
pick_i30668;pick item
pick_i25807;pick item
pick_i18064;pick item
place_o2349;place order
pick_i24811;pick item
pick_i33115;pick item
pick_i32991;pick item
pick_i20690;pick item
pick_i22979;pick item
pick_i29064;pick item
pick_i26402;pick item
pick_i20974;pick item
pick_i26798;pick item
pick_i16785;pick item
pick_i32588;pick item
pick_i34036;pick item
pick_i21746;pick item
pick_i24760;pick item
pick_i30285;pick item
pick_i31265;pick item
pick_i24891;pick item
pick_i24719;pick item
pick_i34559;pick item
pick_i20513;pick item
pick_i14575;pick item
pick_i34162;pick item
pick_i34628;pick item
place_o2350;place order
pick_i22719;pick item
pick_i28203;pick item
pick_i18428;pick item
pick_i29346;pick item
pick_i31653;pick item
pick_i28734;pick item
pick_i33375;pick item
pick_i26125;pick item
pick_i34433;pick item
pick_i22186;pick item
pick_i22385;pick item
pick_i23894;pick item
pick_i30541;pick item
pick_i17169;pick item
pick_i31054;pick item
pick_i34558;pick item
pick_i22367;pick item
place_o2351;place order
pick_i23498;pick item
pick_i18177;pick item
pick_i32932;pick item
pick_i32987;pick item
pick_i25976;pick item
pick_i16775;pick item
pick_i27558;pick item
pick_i17394;pick item
pick_i25663;pick item
pick_i24703;pick item
pick_i30928;pick item
pick_i20538;pick item
place_o2352;place order
pick_i31913;pick item
pick_i20196;pick item
pick_i20717;pick item
pick_i28300;pick item
pick_i22577;pick item
place_o2353;place order
pick_i33175;pick item
pick_i29271;pick item
pick_i24298;pick item
pick_i29522;pick item
pick_i24554;pick item
pick_i20540;pick item
pick_i14196;pick item
pick_i23681;pick item
pick_i22653;pick item
pick_i28582;pick item
pick_i34187;pick item
pick_i26525;pick item
pick_i22018;pick item
pick_i34470;pick item
pick_i23322;pick item
pick_i17825;pick item
pick_i31689;pick item
pick_i16099;pick item
pick_i15739;pick item
pick_i22829;pick item
pick_i22549;pick item
pick_i18462;pick item
pick_i29023;pick item
pick_i31209;pick item
pick_i31986;pick item
pick_i31568;pick item
pick_i26550;pick item
pick_i26573;pick item
place_o2354;place order
pick_i32531;pick item
pick_i28500;pick item
pick_i32956;pick item
pick_i33783;pick item
pick_i34703;pick item
pick_i29483;pick item
pick_i28732;pick item
pick_i27206;pick item
pick_i26771;pick item
pick_i34366;pick item
pick_i27601;pick item
place_o2355;place order
pick_i26583;pick item
pick_i29233;pick item
pick_i19856;pick item
pick_i23692;pick item
pick_i26422;pick item
pick_i31350;pick item
pick_i25366;pick item
pick_i23811;pick item
pick_i21692;pick item
pick_i22627;pick item
pick_i32383;pick item
pick_i28527;pick item
pick_i17207;pick item
pick_i22749;pick item
pick_i31823;pick item
pick_i30477;pick item
pick_i25754;pick item
pick_i28464;pick item
pick_i20968;pick item
pick_i26868;pick item
pick_i31244;pick item
pick_i30168;pick item
place_o2356;place order
pick_i31229;pick item
pick_i24228;pick item
pick_i33848;pick item
pick_i31767;pick item
pick_i26450;pick item
pick_i29358;pick item
pick_i27260;pick item
pick_i27302;pick item
place_o2357;place order
pick_i30146;pick item
pick_i30163;pick item
pick_i29415;pick item
pick_i29549;pick item
pick_i31213;pick item
place_o2358;place order
pick_i33803;pick item
pick_i21180;pick item
pick_i24208;pick item
pick_i29667;pick item
pick_i27186;pick item
pick_i29789;pick item
pick_i32087;pick item
pick_i22539;pick item
pick_i34241;pick item
pick_i16963;pick item
pick_i32784;pick item
pick_i21519;pick item
pick_i28934;pick item
pick_i25019;pick item
pick_i27645;pick item
pick_i24762;pick item
pick_i25759;pick item
pick_i33285;pick item
pick_i29484;pick item
pick_i31845;pick item
pick_i26254;pick item
pick_i34520;pick item
place_o2359;place order
pick_i24273;pick item
pick_i30692;pick item
pick_i31241;pick item
pick_i34402;pick item
pick_i27748;pick item
pick_i33370;pick item
pick_i32633;pick item
pick_i25871;pick item
pick_i29135;pick item
pick_i23072;pick item
pick_i23987;pick item
pick_i23528;pick item
pick_i23467;pick item
pick_i29098;pick item
pick_i24670;pick item
pick_i29903;pick item
pick_i34122;pick item
pick_i34733;pick item
pick_i34503;pick item
pick_i33746;pick item
pick_i23395;pick item
pick_i34456;pick item
place_o2360;place order
pick_i29197;pick item
pick_i34842;pick item
pick_i29377;pick item
pick_i25174;pick item
pick_i24500;pick item
pick_i32032;pick item
pick_i12640;pick item
pick_i28029;pick item
pick_i28761;pick item
pick_i30957;pick item
pick_i29869;pick item
pick_i25368;pick item
pick_i25547;pick item
pick_i32881;pick item
pick_i28682;pick item
pick_i28207;pick item
pick_i31799;pick item
pick_i33140;pick item
pick_i18979;pick item
pick_i23964;pick item
pick_i32936;pick item
pick_i23759;pick item
pick_i30441;pick item
place_o2361;place order
pick_i30974;pick item
pick_i19423;pick item
pick_i27584;pick item
pick_i29458;pick item
pick_i34913;pick item
pick_i31391;pick item
place_o2362;place order
pick_i30544;pick item
pick_i23679;pick item
pick_i22074;pick item
pick_i23474;pick item
place_o2363;place order
pick_i25684;pick item
pick_i29866;pick item
pick_i32735;pick item
pick_i29380;pick item
pick_i28493;pick item
pick_i25783;pick item
pick_i27880;pick item
pick_i21476;pick item
pick_i16693;pick item
pick_i28423;pick item
pick_i29769;pick item
pick_i13803;pick item
pick_i32108;pick item
pick_i19391;pick item
pick_i21399;pick item
pick_i21492;pick item
pick_i25410;pick item
pick_i32160;pick item
pick_i24997;pick item
pick_i22286;pick item
pick_i33134;pick item
place_o2364;place order
pick_i32626;pick item
pick_i31775;pick item
pick_i32596;pick item
pick_i17657;pick item
pick_i24011;pick item
pick_i30327;pick item
pick_i22616;pick item
pick_i23549;pick item
pick_i19444;pick item
pick_i22503;pick item
pick_i30725;pick item
pick_i33131;pick item
pick_i26441;pick item
pick_i22541;pick item
pick_i30326;pick item
pick_i29302;pick item
pick_i32154;pick item
pick_i29634;pick item
place_o2365;place order
pick_i18546;pick item
pick_i23274;pick item
pick_i34813;pick item
pick_i21786;pick item
pick_i14589;pick item
pick_i30025;pick item
pick_i25125;pick item
pick_i34639;pick item
pick_i34845;pick item
pick_i26971;pick item
pick_i23992;pick item
pick_i22898;pick item
pick_i25812;pick item
pick_i31166;pick item
pick_i17407;pick item
pick_i31889;pick item
place_o2366;place order
pick_i19629;pick item
pick_i30366;pick item
pick_i18182;pick item
place_o2367;place order
pick_i21530;pick item
pick_i30562;pick item
pick_i33920;pick item
pick_i32913;pick item
pick_i24777;pick item
pick_i32699;pick item
pick_i31768;pick item
pick_i21332;pick item
pick_i30322;pick item
pick_i15821;pick item
pick_i29649;pick item
pick_i34866;pick item
pick_i24109;pick item
pick_i31829;pick item
pick_i33128;pick item
pick_i29791;pick item
pick_i19749;pick item
pick_i27678;pick item
pick_i28619;pick item
pick_i29079;pick item
place_o2368;place order
pick_i21607;pick item
pick_i32993;pick item
pick_i14957;pick item
pick_i30728;pick item
pick_i27619;pick item
pick_i34220;pick item
pick_i25391;pick item
pick_i24189;pick item
pick_i34684;pick item
pick_i20092;pick item
pick_i31671;pick item
pick_i19478;pick item
place_o2369;place order
pick_i26308;pick item
pick_i25881;pick item
pick_i26418;pick item
place_o2370;place order
pick_i27893;pick item
pick_i25256;pick item
pick_i24425;pick item
pick_i32117;pick item
pick_i31344;pick item
pick_i32074;pick item
place_o2371;place order
pick_i28472;pick item
pick_i23801;pick item
pick_i32695;pick item
place_o2372;place order
pick_i31880;pick item
pick_i33106;pick item
pick_i29284;pick item
pick_i32960;pick item
pick_i16097;pick item
pick_i25510;pick item
pick_i21937;pick item
pick_i32717;pick item
pick_i16191;pick item
pick_i35091;pick item
pick_i26575;pick item
place_o2373;place order
pick_i28490;pick item
pick_i22274;pick item
pick_i24431;pick item
pick_i31609;pick item
pick_i26992;pick item
pick_i24907;pick item
pick_i28572;pick item
place_o2374;place order
pick_i26917;pick item
pick_i27387;pick item
place_o2375;place order
pick_i15571;pick item
pick_i32294;pick item
pick_i29261;pick item
pick_i27003;pick item
pick_i32505;pick item
place_o2376;place order
pick_i28236;pick item
pick_i24757;pick item
pick_i25565;pick item
pick_i30363;pick item
pick_i32824;pick item
pick_i31668;pick item
pick_i27445;pick item
pick_i23330;pick item
place_o2377;place order
pick_i22992;pick item
pick_i34206;pick item
pick_i21411;pick item
pick_i23192;pick item
pick_i26516;pick item
pick_i15108;pick item
pick_i32432;pick item
ship_o1472;ship order
pick_i27603;pick item
pick_i34990;pick item
pick_i23286;pick item
pick_i27275;pick item
pick_i34472;pick item
place_o2378;place order
pick_i26386;pick item
pick_i26466;pick item
pick_i31495;pick item
pick_i19648;pick item
place_o2379;place order
pick_i34444;pick item
pick_i23049;pick item
pick_i32413;pick item
pick_i31567;pick item
pick_i19866;pick item
pick_i28070;pick item
pick_i32414;pick item
pick_i16950;pick item
pick_i31420;pick item
pick_i19572;pick item
pick_i25277;pick item
pick_i28844;pick item
pick_i22171;pick item
pick_i15304;pick item
pick_i33739;pick item
pick_i13281;pick item
pick_i26979;pick item
ship_o1361;ship order
pick_i32170;pick item
pick_i35253;pick item
pick_i33702;pick item
place_o2380;place order
pick_i31101;pick item
pick_i29747;pick item
pick_i22319;pick item
pick_i33158;pick item
pick_i13215;pick item
pick_i26502;pick item
ship_o1358;ship order
pick_i28589;pick item
pick_i28607;pick item
pick_i32322;pick item
pick_i29806;pick item
pick_i32754;pick item
pick_i32815;pick item
pick_i29912;pick item
pick_i25228;pick item
pick_i24664;pick item
pick_i15425;pick item
pick_i32856;pick item
pick_i27696;pick item
pick_i29110;pick item
pick_i19970;pick item
pick_i25429;pick item
pick_i16783;pick item
place_o2381;place order
pick_i18271;pick item
pick_i21521;pick item
pick_i19614;pick item
pick_i32954;pick item
pick_i25964;pick item
pick_i24519;pick item
pick_i32884;pick item
pick_i34680;pick item
pick_i22919;pick item
pick_i32313;pick item
pick_i21293;pick item
pick_i33667;pick item
pick_i32827;pick item
pick_i12857;pick item
pick_i35001;pick item
ship_o1337;ship order
pick_i24847;pick item
pick_i28006;pick item
pick_i15149;pick item
pick_i20498;pick item
pick_i32125;pick item
pick_i22135;pick item
pick_i33716;pick item
pick_i26312;pick item
pick_i30084;pick item
place_o2382;place order
pick_i30073;pick item
pick_i23576;pick item
pick_i34276;pick item
pick_i32041;pick item
pick_i34829;pick item
pick_i20079;pick item
pick_i23995;pick item
pick_i24893;pick item
pick_i25725;pick item
place_o2383;place order
pick_i25842;pick item
pick_i28690;pick item
pick_i34515;pick item
pick_i33740;pick item
pick_i25564;pick item
pick_i28722;pick item
pick_i16589;pick item
pick_i31712;pick item
pick_i32969;pick item
place_o2384;place order
pick_i31756;pick item
pick_i27826;pick item
pick_i16538;pick item
pick_i35141;pick item
pick_i34985;pick item
pick_i33832;pick item
pick_i29904;pick item
pick_i17280;pick item
pick_i33386;pick item
pick_i29492;pick item
pick_i29615;pick item
pick_i22946;pick item
pick_i27759;pick item
pick_i35327;pick item
pick_i30066;pick item
pick_i26596;pick item
pick_i31496;pick item
pick_i32270;pick item
pick_i20556;pick item
pick_i32326;pick item
pick_i17935;pick item
place_o2385;place order
pick_i20359;pick item
pick_i25439;pick item
pick_i35165;pick item
pick_i31801;pick item
pick_i19337;pick item
pick_i30590;pick item
pick_i19182;pick item
pick_i24161;pick item
pick_i31318;pick item
pick_i33834;pick item
pick_i23292;pick item
pick_i22370;pick item
pick_i34545;pick item
pick_i26356;pick item
pick_i22886;pick item
pick_i19144;pick item
pick_i32317;pick item
pick_i31555;pick item
pick_i23812;pick item
pick_i24487;pick item
place_o2386;place order
pick_i28362;pick item
pick_i33307;pick item
pick_i35421;pick item
pick_i26321;pick item
pick_i22019;pick item
pick_i32145;pick item
pick_i29775;pick item
pick_i32903;pick item
pick_i30882;pick item
pick_i22036;pick item
pick_i31658;pick item
pick_i29340;pick item
pick_i20209;pick item
pick_i32141;pick item
pick_i25243;pick item
pick_i32820;pick item
pick_i24239;pick item
pick_i35082;pick item
pick_i29245;pick item
pick_i19606;pick item
pick_i30537;pick item
pick_i24815;pick item
pick_i30419;pick item
pick_i34490;pick item
pick_i29604;pick item
place_o2387;place order
pick_i23920;pick item
pick_i22256;pick item
pick_i29733;pick item
pick_i32765;pick item
place_o2388;place order
pick_i35383;pick item
pick_i21007;pick item
pick_i29592;pick item
pick_i21388;pick item
pick_i26360;pick item
place_o2389;place order
pick_i26838;pick item
pick_i34053;pick item
place_o2390;place order
pick_i29979;pick item
pick_i29207;pick item
pick_i32333;pick item
pick_i13947;pick item
pick_i21691;pick item
pick_i26162;pick item
pick_i24410;pick item
pick_i26240;pick item
pick_i18760;pick item
pick_i25904;pick item
pick_i27061;pick item
pick_i34057;pick item
pick_i33293;pick item
pick_i34466;pick item
pick_i31833;pick item
pick_i33450;pick item
pick_i34815;pick item
pick_i33452;pick item
pick_i30696;pick item
pick_i24511;pick item
pick_i15533;pick item
pick_i34689;pick item
pick_i26556;pick item
pick_i34805;pick item
pick_i20654;pick item
pick_i31286;pick item
pick_i30819;pick item
pick_i20736;pick item
pick_i31957;pick item
pick_i31847;pick item
pick_i30424;pick item
pick_i27726;pick item
pick_i34887;pick item
pick_i32085;pick item
pick_i29093;pick item
pick_i29990;pick item
pick_i27703;pick item
pick_i32480;pick item
pick_i24213;pick item
pick_i26530;pick item
place_o2391;place order
pick_i20055;pick item
pick_i26041;pick item
pick_i32393;pick item
pick_i34280;pick item
pick_i19692;pick item
pick_i34873;pick item
pick_i33788;pick item
pick_i23383;pick item
pick_i34051;pick item
place_o2392;place order
pick_i25014;pick item
pick_i20937;pick item
pick_i32341;pick item
pick_i15187;pick item
pick_i35686;pick item
place_o2393;place order
pick_i29321;pick item
pick_i27844;pick item
pick_i20619;pick item
pick_i31787;pick item
pick_i33765;pick item
pick_i29040;pick item
pick_i28555;pick item
pick_i13123;pick item
pick_i16151;pick item
pick_i23098;pick item
ship_o1527;ship order
pick_i30914;pick item
pick_i34988;pick item
pick_i24172;pick item
place_o2394;place order
pick_i32465;pick item
pick_i24515;pick item
pick_i29898;pick item
pick_i31948;pick item
pick_i29196;pick item
pick_i21267;pick item
pick_i35533;pick item
pick_i32334;pick item
pick_i32378;pick item
pick_i30203;pick item
pick_i30474;pick item
pick_i23364;pick item
pick_i30340;pick item
pick_i19049;pick item
pick_i30270;pick item
pick_i34585;pick item
pick_i27613;pick item
pick_i27704;pick item
pick_i28513;pick item
pick_i31505;pick item
place_o2395;place order
pick_i32121;pick item
pick_i26778;pick item
place_o2396;place order
pick_i29886;pick item
pick_i32535;pick item
pick_i29460;pick item
pick_i26405;pick item
place_o2397;place order
pick_i23044;pick item
pick_i34395;pick item
pick_i35692;pick item
pick_i29518;pick item
pick_i16947;pick item
pick_i30204;pick item
pick_i25054;pick item
pick_i16853;pick item
pick_i24716;pick item
place_o2398;place order
pick_i33507;pick item
pick_i27842;pick item
pick_i25018;pick item
pick_i21168;pick item
pick_i32580;pick item
pick_i27285;pick item
pick_i21925;pick item
pick_i33809;pick item
pick_i26445;pick item
pick_i33037;pick item
place_o2399;place order
pick_i32054;pick item
pick_i35022;pick item
pick_i31342;pick item
pick_i27993;pick item
pick_i24912;pick item
pick_i32318;pick item
pick_i34697;pick item
pick_i15715;pick item
pick_i34031;pick item
pick_i30996;pick item
pick_i35829;pick item
pick_i16412;pick item
pick_i30997;pick item
pick_i27958;pick item
pick_i33145;pick item
pick_i22866;pick item
pick_i21270;pick item
pick_i28510;pick item
pick_i33596;pick item
pick_i17229;pick item
pick_i23611;pick item
place_o2400;place order
pick_i22789;pick item
pick_i23904;pick item
pick_i32533;pick item
pick_i33136;pick item
pick_i26720;pick item
pick_i35617;pick item
pick_i30238;pick item
place_o2401;place order
pick_i32681;pick item
pick_i23394;pick item
pick_i24586;pick item
pick_i30797;pick item
place_o2402;place order
pick_i32624;pick item
pick_i35754;pick item
pick_i22904;pick item
pick_i16728;pick item
pick_i23720;pick item
pick_i32819;pick item
pick_i22456;pick item
pick_i19907;pick item
pick_i24568;pick item
pick_i28406;pick item
place_o2403;place order
pick_i31989;pick item
pick_i34133;pick item
pick_i32509;pick item
pick_i25287;pick item
pick_i30024;pick item
pick_i35856;pick item
pick_i34794;pick item
pick_i31897;pick item
pick_i15475;pick item
place_o2404;place order
pick_i22212;pick item
pick_i15673;pick item
pick_i30155;pick item
pick_i26207;pick item
pick_i31104;pick item
pick_i34579;pick item
pick_i35093;pick item
pick_i33299;pick item
pick_i33751;pick item
pick_i25006;pick item
pick_i23862;pick item
pick_i32790;pick item
pick_i35119;pick item
place_o2405;place order
pick_i25136;pick item
pick_i20355;pick item
pick_i35375;pick item
pick_i18089;pick item
place_o2406;place order
pick_i25339;pick item
pick_i35566;pick item
pick_i32397;pick item
pick_i22049;pick item
pick_i34337;pick item
pick_i35941;pick item
pick_i35728;pick item
pick_i31990;pick item
pick_i29693;pick item
pick_i34780;pick item
place_o2407;place order
pick_i21093;pick item
pick_i18903;pick item
pick_i32970;pick item
pick_i34705;pick item
pick_i33661;pick item
pick_i31114;pick item
pick_i19416;pick item
pick_i17272;pick item
pick_i31328;pick item
pick_i31264;pick item
pick_i21571;pick item
pick_i31679;pick item
place_o2408;place order
pick_i34704;pick item
pick_i24892;pick item
pick_i28965;pick item
pick_i23655;pick item
place_o2409;place order
pick_i13247;pick item
pick_i19741;pick item
pick_i20935;pick item
pick_i34574;pick item
pick_i24507;pick item
pick_i28815;pick item
pick_i25171;pick item
pick_i31059;pick item
pick_i22732;pick item
pick_i29097;pick item
pick_i33907;pick item
pick_i33201;pick item
pick_i25440;pick item
pick_i30386;pick item
pick_i35240;pick item
pick_i31160;pick item
pick_i33288;pick item
pick_i29602;pick item
pick_i31696;pick item
pick_i17146;pick item
pick_i21866;pick item
pick_i29092;pick item
place_o2410;place order
pick_i30908;pick item
pick_i20007;pick item
pick_i24503;pick item
pick_i22301;pick item
pick_i25740;pick item
pick_i26011;pick item
pick_i35473;pick item
pick_i26037;pick item
pick_i35120;pick item
pick_i18755;pick item
pick_i32271;pick item
place_o2411;place order
pick_i20017;pick item
pick_i25742;pick item
pick_i35821;pick item
pick_i18728;pick item
pick_i35128;pick item
pick_i30948;pick item
pick_i31660;pick item
pick_i22003;pick item
pick_i19809;pick item
pick_i32223;pick item
pick_i31664;pick item
pick_i31802;pick item
pick_i29223;pick item
pick_i23630;pick item
pick_i23879;pick item
pick_i33228;pick item
pick_i35997;pick item
pick_i20048;pick item
pick_i35597;pick item
place_o2412;place order
pick_i16879;pick item
pick_i26477;pick item
pick_i28853;pick item
pick_i31384;pick item
pick_i29037;pick item
pick_i31962;pick item
place_o2413;place order
pick_i31325;pick item
pick_i31748;pick item
place_o2414;place order
pick_i24062;pick item
pick_i31645;pick item
pick_i30460;pick item
pick_i27988;pick item
place_o2415;place order
pick_i34332;pick item
pick_i21505;pick item
pick_i19878;pick item
pick_i31955;pick item
pick_i26353;pick item
pick_i16763;pick item
pick_i33986;pick item
pick_i30954;pick item
pick_i30650;pick item
pick_i34164;pick item
pick_i33079;pick item
pick_i34957;pick item
pick_i24569;pick item
pick_i32405;pick item
pick_i33955;pick item
pick_i21494;pick item
pick_i33499;pick item
place_o2416;place order
pick_i36168;pick item
pick_i32783;pick item
pick_i30897;pick item
pick_i28040;pick item
pick_i25042;pick item
pick_i36051;pick item
pick_i16587;pick item
pick_i21928;pick item
pick_i27119;pick item
pick_i33683;pick item
pick_i36267;pick item
pick_i34571;pick item
pick_i35714;pick item
pick_i25149;pick item
pick_i24800;pick item
pick_i30495;pick item
pick_i33723;pick item
pick_i34507;pick item
pick_i36153;pick item
pick_i34292;pick item
pick_i24801;pick item
pick_i29802;pick item
pick_i30769;pick item
pick_i32275;pick item
pick_i29304;pick item
pick_i30851;pick item
place_o2417;place order
pick_i29992;pick item
pick_i30269;pick item
pick_i17232;pick item
pick_i16051;pick item
ship_o1587;ship order
pick_i27790;pick item
pick_i29474;pick item
pick_i33359;pick item
pick_i20854;pick item
pick_i22288;pick item
place_o2418;place order
pick_i29919;pick item
pick_i31369;pick item
pick_i17877;pick item
pick_i30790;pick item
place_o2419;place order
pick_i35095;pick item
pick_i28366;pick item
pick_i28813;pick item
pick_i22153;pick item
pick_i24140;pick item
pick_i19931;pick item
pick_i35318;pick item
pick_i27066;pick item
pick_i32734;pick item
pick_i31465;pick item
pick_i27543;pick item
pick_i24006;pick item
pick_i27971;pick item
pick_i25694;pick item
pick_i25471;pick item
pick_i27217;pick item
pick_i24374;pick item
pick_i28446;pick item
pick_i24773;pick item
pick_i28479;pick item
pick_i19383;pick item
pick_i36037;pick item
pick_i28821;pick item
pick_i27131;pick item
pick_i35159;pick item
place_o2420;place order
pick_i32670;pick item
pick_i32092;pick item
pick_i27160;pick item
pick_i34683;pick item
pick_i33100;pick item
pick_i31812;pick item
pick_i21415;pick item
pick_i28782;pick item
pick_i30229;pick item
pick_i27935;pick item
pick_i36258;pick item
pick_i23337;pick item
pick_i27319;pick item
pick_i28467;pick item
pick_i30666;pick item
pick_i30802;pick item
pick_i35002;pick item
place_o2421;place order
pick_i33943;pick item
pick_i34693;pick item
pick_i24977;pick item
pick_i21511;pick item
pick_i25457;pick item
pick_i27778;pick item
pick_i23059;pick item
pick_i34901;pick item
pick_i26031;pick item
place_o2422;place order
pick_i32372;pick item
pick_i35149;pick item
pick_i32748;pick item
pick_i22060;pick item
pick_i31543;pick item
place_o2423;place order
pick_i30395;pick item
pick_i30603;pick item
pick_i28382;pick item
pick_i29021;pick item
pick_i13795;pick item
ship_o1392;ship order
pick_i30428;pick item
pick_i23901;pick item
pick_i29525;pick item
pick_i28063;pick item
pick_i34291;pick item
pick_i27336;pick item
pick_i35976;pick item
pick_i19516;pick item
pick_i36474;pick item
pick_i34454;pick item
pick_i34816;pick item
pick_i23010;pick item
pick_i32049;pick item
pick_i25236;pick item
pick_i36544;pick item
pick_i22622;pick item
pick_i30772;pick item
pick_i32207;pick item
pick_i29191;pick item
pick_i23701;pick item
pick_i26330;pick item
place_o2424;place order
pick_i21513;pick item
pick_i19895;pick item
pick_i26793;pick item
pick_i24159;pick item
pick_i32645;pick item
pick_i20204;pick item
pick_i26905;pick item
pick_i32964;pick item
pick_i19202;pick item
pick_i20437;pick item
pick_i34146;pick item
pick_i32083;pick item
pick_i25452;pick item
pick_i21915;pick item
pick_i36560;pick item
pick_i27023;pick item
pick_i15710;pick item
pick_i36111;pick item
pick_i25360;pick item
pick_i19713;pick item
pick_i24692;pick item
pick_i24282;pick item
pick_i25460;pick item
pick_i21842;pick item
pick_i33058;pick item
place_o2425;place order
pick_i31425;pick item
pick_i24422;pick item
pick_i33280;pick item
pick_i29470;pick item
pick_i34625;pick item
pick_i25077;pick item
pick_i28278;pick item
pick_i34396;pick item
pick_i34832;pick item
pick_i31271;pick item
pick_i25735;pick item
pick_i33164;pick item
pick_i33914;pick item
pick_i26183;pick item
pick_i21012;pick item
pick_i14479;pick item
pick_i14350;pick item
pick_i27828;pick item
ship_o1425;ship order
pick_i28866;pick item
pick_i23419;pick item
pick_i30922;pick item
pick_i29363;pick item
pick_i33320;pick item
pick_i30147;pick item
pick_i36381;pick item
place_o2426;place order
pick_i25623;pick item
pick_i32704;pick item
pick_i36527;pick item
pick_i33296;pick item
pick_i33935;pick item
place_o2427;place order
pick_i29010;pick item
pick_i36155;pick item
pick_i30912;pick item
pick_i26709;pick item
pick_i34855;pick item
pick_i33590;pick item
pick_i28463;pick item
pick_i13791;pick item
pick_i36331;pick item
pick_i36596;pick item
pick_i25650;pick item
pick_i28053;pick item
pick_i32491;pick item
pick_i34388;pick item
pick_i30225;pick item
pick_i23566;pick item
pick_i29513;pick item
pick_i24030;pick item
pick_i20285;pick item
pick_i22900;pick item
pick_i23505;pick item
place_o2428;place order
pick_i26396;pick item
pick_i32311;pick item
pick_i31440;pick item
pick_i27572;pick item
pick_i22287;pick item
pick_i33108;pick item
pick_i28765;pick item
pick_i24942;pick item
pick_i28512;pick item
pick_i29730;pick item
pick_i16866;pick item
pick_i36691;pick item
place_o2429;place order
pick_i34268;pick item
pick_i28994;pick item
pick_i33204;pick item
pick_i31648;pick item
pick_i35582;pick item
pick_i32554;pick item
pick_i28475;pick item
pick_i23977;pick item
pick_i34757;pick item
pick_i30737;pick item
pick_i34277;pick item
pick_i31819;pick item
pick_i34234;pick item
pick_i25692;pick item
pick_i17719;pick item
pick_i15196;pick item
pick_i24866;pick item
pick_i35708;pick item
pick_i19234;pick item
pick_i35717;pick item
place_o2430;place order
pick_i35697;pick item
pick_i27556;pick item
pick_i29617;pick item
pick_i15985;pick item
pick_i34375;pick item
pick_i35323;pick item
place_o2431;place order
pick_i31589;pick item
pick_i33263;pick item
place_o2432;place order
pick_i29316;pick item
pick_i31433;pick item
pick_i35092;pick item
pick_i28426;pick item
pick_i28118;pick item
pick_i16016;pick item
pick_i36597;pick item
pick_i35357;pick item
pick_i30081;pick item
pick_i28633;pick item
pick_i25825;pick item
pick_i20418;pick item
pick_i25999;pick item
place_o2433;place order
pick_i21971;pick item
pick_i21006;pick item
pick_i30658;pick item
pick_i26258;pick item
pick_i30961;pick item
pick_i33177;pick item
place_o2434;place order
pick_i28264;pick item
pick_i26672;pick item
pick_i35480;pick item
pick_i36314;pick item
pick_i29996;pick item
place_o2435;place order
pick_i29831;pick item
pick_i24601;pick item
pick_i29121;pick item
pick_i33904;pick item
pick_i17980;pick item
place_o2436;place order
pick_i29096;pick item
pick_i27464;pick item
pick_i35748;pick item
pick_i23230;pick item
pick_i26738;pick item
place_o2437;place order
pick_i26451;pick item
pick_i30289;pick item
pick_i23067;pick item
pick_i18721;pick item
pick_i36940;pick item
pick_i26766;pick item
pick_i33934;pick item
pick_i35035;pick item
place_o2438;place order
pick_i35284;pick item
pick_i26640;pick item
pick_i31978;pick item
pick_i22163;pick item
pick_i19007;pick item
pick_i30580;pick item
pick_i31772;pick item
pick_i35937;pick item
pick_i29084;pick item
pick_i25111;pick item
pick_i23493;pick item
place_o2439;place order
pick_i33229;pick item
pick_i32093;pick item
pick_i24881;pick item
pick_i19241;pick item
pick_i32803;pick item
pick_i28296;pick item
place_o2440;place order
pick_i33557;pick item
pick_i21630;pick item
pick_i25954;pick item
pick_i25026;pick item
pick_i27172;pick item
pick_i16392;pick item
pick_i14126;pick item
pick_i30968;pick item
ship_o1412;ship order
pick_i30607;pick item
pick_i20669;pick item
pick_i36299;pick item
pick_i31103;pick item
pick_i34939;pick item
pick_i30234;pick item
pick_i25500;pick item
pick_i21587;pick item
pick_i25675;pick item
pick_i25665;pick item
pick_i35889;pick item
pick_i33005;pick item
pick_i32568;pick item
pick_i19634;pick item
pick_i26374;pick item
place_o2441;place order
pick_i20296;pick item
pick_i30950;pick item
pick_i30939;pick item
pick_i26737;pick item
pick_i21078;pick item
pick_i24987;pick item
pick_i17633;pick item
pick_i21192;pick item
pick_i36195;pick item
pick_i32723;pick item
pick_i29383;pick item
pick_i31584;pick item
pick_i27168;pick item
pick_i29721;pick item
pick_i22134;pick item
pick_i26931;pick item
pick_i31249;pick item
pick_i27607;pick item
pick_i24684;pick item
pick_i26536;pick item
pick_i30254;pick item
pick_i25272;pick item
pick_i31180;pick item
place_o2442;place order
pick_i18469;pick item
pick_i15118;pick item
pick_i36979;pick item
pick_i31024;pick item
pick_i36662;pick item
pick_i29874;pick item
pick_i30978;pick item
place_o2443;place order
pick_i26818;pick item
pick_i30048;pick item
pick_i24271;pick item
place_o2444;place order
pick_i30716;pick item
pick_i19670;pick item
pick_i30116;pick item
pick_i34042;pick item
pick_i16902;pick item
pick_i25605;pick item
pick_i29421;pick item
pick_i25584;pick item
pick_i29792;pick item
pick_i30448;pick item
pick_i24913;pick item
pick_i29690;pick item
pick_i30180;pick item
pick_i33923;pick item
pick_i27979;pick item
pick_i28450;pick item
pick_i25052;pick item
pick_i25961;pick item
pick_i25718;pick item
pick_i30130;pick item
pick_i31238;pick item
pick_i20031;pick item
pick_i27605;pick item
pick_i34108;pick item
pick_i19384;pick item
pick_i34012;pick item
pick_i23113;pick item
pick_i30979;pick item
place_o2445;place order
pick_i29632;pick item
pick_i34416;pick item
pick_i36497;pick item
pick_i31424;pick item
pick_i26013;pick item
pick_i33845;pick item
pick_i35682;pick item
pick_i35464;pick item
pick_i16552;pick item
pick_i30712;pick item
pick_i33465;pick item
place_o2446;place order
pick_i20926;pick item
pick_i29958;pick item
pick_i19132;pick item
pick_i32046;pick item
place_o2447;place order
pick_i36001;pick item
pick_i32247;pick item
pick_i24313;pick item
pick_i22418;pick item
pick_i28392;pick item
pick_i31412;pick item
pick_i26681;pick item
place_o2448;place order
pick_i26523;pick item
pick_i15396;pick item
pick_i35173;pick item
pick_i29926;pick item
pick_i30892;pick item
place_o2449;place order
pick_i37027;pick item
pick_i28114;pick item
pick_i14075;pick item
ship_o1409;ship order
pick_i33107;pick item
pick_i33654;pick item
pick_i35688;pick item
pick_i32622;pick item
pick_i33089;pick item
pick_i18572;pick item
pick_i24454;pick item
pick_i24946;pick item
pick_i30496;pick item
pick_i27533;pick item
pick_i34978;pick item
pick_i29034;pick item
pick_i24880;pick item
pick_i14823;pick item
ship_o1453;ship order
pick_i31464;pick item
pick_i23725;pick item
pick_i26410;pick item
pick_i26409;pick item
pick_i21253;pick item
pick_i30294;pick item
pick_i34217;pick item
pick_i37044;pick item
pick_i35904;pick item
place_o2450;place order
pick_i35883;pick item
pick_i16440;pick item
pick_i24113;pick item
pick_i28783;pick item
pick_i24632;pick item
pick_i23379;pick item
pick_i19326;pick item
pick_i34111;pick item
pick_i35593;pick item
pick_i29521;pick item
pick_i30283;pick item
pick_i36431;pick item
pick_i20670;pick item
pick_i22048;pick item
pick_i12341;pick item
pick_i34414;pick item
ship_o1306;ship order
pick_i31730;pick item
pick_i27785;pick item
pick_i24336;pick item
pick_i17491;pick item
pick_i26646;pick item
pick_i27389;pick item
pick_i34295;pick item
pick_i25499;pick item
pick_i35338;pick item
pick_i29464;pick item
pick_i34997;pick item
place_o2451;place order
pick_i29053;pick item
pick_i21522;pick item
pick_i31494;pick item
pick_i26632;pick item
pick_i22747;pick item
pick_i26043;pick item
pick_i23224;pick item
place_o2452;place order
pick_i14239;pick item
pick_i34037;pick item
pick_i37055;pick item
pick_i24729;pick item
pick_i31033;pick item
pick_i33552;pick item
pick_i31041;pick item
pick_i34412;pick item
place_o2453;place order
pick_i33646;pick item
pick_i29795;pick item
place_o2454;place order
pick_i36618;pick item
pick_i31622;pick item
pick_i31006;pick item
pick_i28571;pick item
pick_i33527;pick item
pick_i32693;pick item
pick_i36999;pick item
pick_i28180;pick item
pick_i26529;pick item
pick_i29576;pick item
pick_i29004;pick item
pick_i29509;pick item
pick_i17835;pick item
pick_i29024;pick item
pick_i26408;pick item
pick_i28901;pick item
pick_i29015;pick item
pick_i32325;pick item
pick_i36414;pick item
pick_i33651;pick item
pick_i23918;pick item
pick_i23632;pick item
pick_i27918;pick item
pick_i31838;pick item
pick_i23054;pick item
pick_i34715;pick item
pick_i28503;pick item
pick_i24136;pick item
pick_i24286;pick item
pick_i32066;pick item
pick_i34767;pick item
place_o2455;place order
pick_i36277;pick item
pick_i33676;pick item
pick_i31093;pick item
place_o2456;place order
pick_i36080;pick item
pick_i35408;pick item
pick_i36329;pick item
pick_i29894;pick item
pick_i31227;pick item
pick_i29473;pick item
pick_i34516;pick item
pick_i18429;pick item
pick_i20351;pick item
pick_i26546;pick item
pick_i16608;pick item
pick_i14744;pick item
place_o2457;place order
pick_i33850;pick item
pick_i30526;pick item
pick_i18864;pick item
place_o2458;place order
pick_i37427;pick item
pick_i30719;pick item
pick_i27334;pick item
pick_i27463;pick item
pick_i35713;pick item
pick_i30453;pick item
pick_i31860;pick item
pick_i35298;pick item
pick_i23346;pick item
pick_i22637;pick item
pick_i35668;pick item
pick_i34406;pick item
place_o2459;place order
pick_i33461;pick item
pick_i31512;pick item
pick_i23097;pick item
pick_i12018;pick item
ship_o1287;ship order
pick_i25233;pick item
pick_i15779;pick item
pick_i35911;pick item
ship_o1508;ship order
pick_i19678;pick item
pick_i31710;pick item
pick_i36974;pick item
pick_i20887;pick item
pick_i17991;pick item
pick_i20267;pick item
pick_i31813;pick item
pick_i32488;pick item
pick_i22027;pick item
pick_i31406;pick item
pick_i35387;pick item
pick_i28147;pick item
pick_i34615;pick item
pick_i35266;pick item
pick_i27394;pick item
pick_i25900;pick item
place_o2460;place order
pick_i27552;pick item
pick_i35793;pick item
pick_i36558;pick item
pick_i37514;pick item
pick_i24043;pick item
pick_i31506;pick item
pick_i35864;pick item
pick_i37537;pick item
pick_i37241;pick item
pick_i28087;pick item
pick_i32454;pick item
pick_i21986;pick item
pick_i35285;pick item
pick_i29045;pick item
pick_i34326;pick item
pick_i29270;pick item
pick_i35277;pick item
pick_i26126;pick item
pick_i27965;pick item
pick_i31864;pick item
pick_i28799;pick item
pick_i34171;pick item
pick_i36399;pick item
place_o2461;place order
pick_i20678;pick item
pick_i32086;pick item
pick_i37569;pick item
pick_i33008;pick item
pick_i36528;pick item
pick_i17983;pick item
pick_i31752;pick item
pick_i22825;pick item
place_o2462;place order
pick_i32225;pick item
pick_i19723;pick item
pick_i36939;pick item
pick_i36279;pick item
pick_i34088;pick item
place_o2463;place order
pick_i30973;pick item
pick_i17850;pick item
pick_i20523;pick item
pick_i14757;pick item
pick_i34691;pick item
pick_i37151;pick item
pick_i35428;pick item
place_o2464;place order
pick_i32183;pick item
pick_i34751;pick item
pick_i27207;pick item
place_o2465;place order
pick_i28515;pick item
pick_i34742;pick item
pick_i21808;pick item
pick_i34991;pick item
pick_i26066;pick item
pick_i30770;pick item
pick_i22570;pick item
pick_i32089;pick item
pick_i33313;pick item
pick_i21885;pick item
pick_i36075;pick item
pick_i32951;pick item
pick_i17055;pick item
pick_i37536;pick item
place_o2466;place order
pick_i27040;pick item
pick_i25947;pick item
place_o2467;place order
pick_i24509;pick item
pick_i36451;pick item
pick_i24464;pick item
pick_i33069;pick item
pick_i33817;pick item
pick_i36348;pick item
pick_i33536;pick item
pick_i18930;pick item
pick_i27477;pick item
pick_i27051;pick item
pick_i33900;pick item
pick_i30609;pick item
pick_i28320;pick item
pick_i36897;pick item
pick_i30015;pick item
pick_i17042;pick item
place_o2468;place order
pick_i30651;pick item
pick_i33161;pick item
pick_i33644;pick item
pick_i37308;pick item
pick_i21275;pick item
pick_i15886;pick item
pick_i33411;pick item
pick_i33094;pick item
pick_i27450;pick item
pick_i29125;pick item
pick_i15201;pick item
pick_i20639;pick item
pick_i24713;pick item
pick_i33119;pick item
place_o2469;place order
pick_i27596;pick item
pick_i21974;pick item
pick_i27902;pick item
pick_i19522;pick item
pick_i17494;pick item
place_o2470;place order
pick_i33239;pick item
pick_i35862;pick item
pick_i16249;pick item
pick_i25160;pick item
pick_i29211;pick item
pick_i36492;pick item
pick_i34275;pick item
pick_i29952;pick item
pick_i26694;pick item
pick_i18355;pick item
pick_i33292;pick item
pick_i27661;pick item
pick_i36248;pick item
pick_i36268;pick item
pick_i34695;pick item
pick_i30981;pick item
pick_i25310;pick item
place_o2471;place order
pick_i35024;pick item
pick_i19690;pick item
pick_i30357;pick item
pick_i23598;pick item
pick_i32411;pick item
pick_i35438;pick item
pick_i37245;pick item
pick_i23623;pick item
pick_i25190;pick item
pick_i37261;pick item
pick_i33355;pick item
pick_i27600;pick item
pick_i26915;pick item
place_o2472;place order
pick_i30561;pick item
pick_i32563;pick item
pick_i27783;pick item
pick_i33991;pick item
pick_i31108;pick item
pick_i37620;pick item
pick_i28649;pick item
pick_i31991;pick item
pick_i32447;pick item
place_o2473;place order
pick_i36229;pick item
pick_i34459;pick item
pick_i28993;pick item
pick_i24291;pick item
place_o2474;place order
pick_i27191;pick item
pick_i23616;pick item
pick_i20113;pick item
pick_i33086;pick item
pick_i35989;pick item
pick_i21743;pick item
pick_i28743;pick item
pick_i23028;pick item
pick_i33305;pick item
pick_i31534;pick item
pick_i24379;pick item
pick_i21387;pick item
pick_i30067;pick item
pick_i34546;pick item
pick_i36986;pick item
pick_i36861;pick item
pick_i33727;pick item
pick_i26654;pick item
pick_i21099;pick item
place_o2475;place order
pick_i33985;pick item
pick_i33998;pick item
pick_i28227;pick item
pick_i35833;pick item
pick_i24442;pick item
pick_i33423;pick item
pick_i26391;pick item
pick_i18124;pick item
pick_i36456;pick item
place_o2476;place order
pick_i24398;pick item
pick_i28137;pick item
pick_i36304;pick item
pick_i32702;pick item
pick_i31875;pick item
pick_i29954;pick item
pick_i17168;pick item
pick_i29688;pick item
pick_i37194;pick item
pick_i31289;pick item
pick_i26149;pick item
pick_i22965;pick item
pick_i25385;pick item
pick_i37025;pick item
pick_i24532;pick item
pick_i36147;pick item
pick_i32234;pick item
pick_i37037;pick item
pick_i18969;pick item
pick_i36996;pick item
pick_i29963;pick item
pick_i34894;pick item
pick_i33675;pick item
pick_i35553;pick item
pick_i21564;pick item
pick_i12132;pick item
pick_i33738;pick item
pick_i28505;pick item
pick_i37416;pick item
pick_i27517;pick item
pick_i34340;pick item
pick_i22533;pick item
pick_i21396;pick item
pick_i31027;pick item
pick_i25295;pick item
pick_i22652;pick item
pick_i33471;pick item
pick_i26974;pick item
pick_i33365;pick item
place_o2477;place order
pick_i31644;pick item
pick_i35393;pick item
pick_i27473;pick item
pick_i28857;pick item
pick_i37898;pick item
pick_i31795;pick item
place_o2478;place order
pick_i34709;pick item
pick_i24877;pick item
pick_i17950;pick item
place_o2479;place order
ship_o1623;ship order
pick_i32407;pick item
pick_i31650;pick item
pick_i24473;pick item
pick_i31246;pick item
pick_i36655;pick item
pick_i38048;pick item
pick_i30927;pick item
pick_i33178;pick item
pick_i17277;pick item
pick_i24706;pick item
pick_i26814;pick item
pick_i33836;pick item
pick_i36752;pick item
pick_i32508;pick item
pick_i35635;pick item
pick_i29162;pick item
pick_i22125;pick item
pick_i32097;pick item
pick_i18134;pick item
pick_i36918;pick item
pick_i36091;pick item
place_o2480;place order
pick_i34812;pick item
pick_i28948;pick item
pick_i16214;pick item
pick_i22808;pick item
pick_i36921;pick item
pick_i24002;pick item
pick_i32826;pick item
pick_i19473;pick item
pick_i20306;pick item
pick_i29967;pick item
pick_i33947;pick item
pick_i37215;pick item
pick_i35638;pick item
pick_i28706;pick item
pick_i21710;pick item
pick_i24546;pick item
pick_i25850;pick item
pick_i26159;pick item
pick_i32494;pick item
pick_i35010;pick item
pick_i35803;pick item
pick_i33505;pick item
pick_i26306;pick item
pick_i29678;pick item
pick_i30569;pick item
pick_i25532;pick item
pick_i24102;pick item
pick_i31455;pick item
place_o2481;place order
pick_i28231;pick item
pick_i23838;pick item
pick_i33679;pick item
pick_i26003;pick item
pick_i28322;pick item
pick_i37397;pick item
pick_i37900;pick item
pick_i27715;pick item
pick_i28238;pick item
pick_i33468;pick item
pick_i36429;pick item
pick_i23678;pick item
pick_i31443;pick item
pick_i18592;pick item
place_o2482;place order
pick_i18257;pick item
pick_i34113;pick item
pick_i32185;pick item
place_o2483;place order
pick_i24341;pick item
pick_i27067;pick item
pick_i36745;pick item
pick_i32338;pick item
place_o2484;place order
pick_i27519;pick item
pick_i24408;pick item
pick_i32655;pick item
pick_i37741;pick item
pick_i36432;pick item
pick_i30265;pick item
pick_i34975;pick item
pick_i31703;pick item
pick_i29975;pick item
pick_i36683;pick item
pick_i24058;pick item
pick_i19564;pick item
pick_i26435;pick item
pick_i31478;pick item
pick_i25936;pick item
pick_i34077;pick item
pick_i28933;pick item
pick_i21242;pick item
pick_i29699;pick item
pick_i35996;pick item
pick_i22316;pick item
pick_i30518;pick item
pick_i34840;pick item
pick_i34903;pick item
pick_i26226;pick item
pick_i28886;pick item
pick_i24652;pick item
pick_i30909;pick item
pick_i30676;pick item
pick_i29501;pick item
place_o2485;place order
pick_i22029;pick item
pick_i29082;pick item
pick_i16018;pick item
pick_i38134;pick item
pick_i26180;pick item
pick_i37324;pick item
pick_i27525;pick item
pick_i38106;pick item
pick_i27819;pick item
pick_i37640;pick item
pick_i24689;pick item
pick_i28484;pick item
pick_i29181;pick item
pick_i25373;pick item
pick_i32708;pick item
pick_i31528;pick item
pick_i22661;pick item
pick_i35594;pick item
pick_i37798;pick item
pick_i25815;pick item
pick_i35243;pick item
pick_i30705;pick item
pick_i30827;pick item
pick_i34658;pick item
pick_i36395;pick item
place_o2486;place order
pick_i37126;pick item
pick_i30649;pick item
pick_i15314;pick item
pick_i22413;pick item
pick_i30137;pick item
pick_i36520;pick item
pick_i25613;pick item
pick_i26147;pick item
pick_i26057;pick item
place_o2487;place order
pick_i28516;pick item
pick_i34537;pick item
pick_i38121;pick item
pick_i21229;pick item
pick_i29577;pick item
pick_i35373;pick item
pick_i37574;pick item
pick_i37555;pick item
pick_i33335;pick item
pick_i29276;pick item
place_o2488;place order
pick_i11355;pick item
pick_i37276;pick item
ship_o1244;ship order
pick_i27216;pick item
pick_i36696;pick item
pick_i34235;pick item
pick_i21769;pick item
pick_i25839;pick item
pick_i24858;pick item
pick_i29003;pick item
pick_i20070;pick item
pick_i30615;pick item
pick_i20393;pick item
pick_i34154;pick item
pick_i35027;pick item
pick_i25611;pick item
pick_i25746;pick item
pick_i35203;pick item
pick_i33598;pick item
pick_i23502;pick item
pick_i30450;pick item
place_o2489;place order
pick_i32662;pick item
pick_i19485;pick item
pick_i36802;pick item
pick_i33384;pick item
pick_i34299;pick item
pick_i37195;pick item
pick_i35329;pick item
pick_i21150;pick item
pick_i33253;pick item
pick_i35949;pick item
pick_i19574;pick item
pick_i32589;pick item
pick_i36145;pick item
pick_i26485;pick item
pick_i32811;pick item
pick_i36540;pick item
pick_i24492;pick item
pick_i24166;pick item
place_o2490;place order
pick_i32425;pick item
pick_i31290;pick item
pick_i22640;pick item
pick_i35334;pick item
pick_i18628;pick item
place_o2491;place order
pick_i27615;pick item
pick_i30523;pick item
pick_i35088;pick item
pick_i30125;pick item
pick_i25575;pick item
pick_i37622;pick item
place_o2492;place order
pick_i33121;pick item
pick_i28473;pick item
pick_i37197;pick item
pick_i26577;pick item
pick_i34690;pick item
pick_i29362;pick item
place_o2493;place order
pick_i23439;pick item
pick_i28730;pick item
pick_i37329;pick item
pick_i34538;pick item
pick_i15518;pick item
pick_i18281;pick item
place_o2494;place order
pick_i29930;pick item
pick_i30368;pick item
pick_i33619;pick item
pick_i27717;pick item
pick_i28767;pick item
pick_i36860;pick item
pick_i35661;pick item
pick_i35823;pick item
pick_i31371;pick item
pick_i30780;pick item
pick_i36530;pick item
pick_i35767;pick item
pick_i32927;pick item
pick_i32528;pick item
pick_i36943;pick item
pick_i34523;pick item
pick_i19437;pick item
place_o2495;place order
pick_i26856;pick item
pick_i31869;pick item
pick_i31149;pick item
pick_i30925;pick item
place_o2496;place order
pick_i17840;pick item
pick_i38496;pick item
pick_i35312;pick item
pick_i32437;pick item
pick_i35931;pick item
pick_i33318;pick item
place_o2497;place order
pick_i35982;pick item
pick_i27111;pick item
pick_i28018;pick item
pick_i34480;pick item
pick_i32464;pick item
pick_i30131;pick item
pick_i14236;pick item
pick_i31692;pick item
ship_o1418;ship order
pick_i29713;pick item
pick_i35000;pick item
pick_i33448;pick item
pick_i25668;pick item
pick_i34320;pick item
pick_i33433;pick item
place_o2498;place order
pick_i36180;pick item
pick_i20381;pick item
pick_i22978;pick item
pick_i36032;pick item
pick_i33844;pick item
pick_i22914;pick item
pick_i35972;pick item
place_o2499;place order
pick_i38429;pick item
pick_i35525;pick item
pick_i28628;pick item
pick_i36047;pick item
pick_i35940;pick item
pick_i36383;pick item
pick_i33154;pick item
pick_i35516;pick item
pick_i16279;pick item
pick_i38217;pick item
pick_i27839;pick item
pick_i36054;pick item
pick_i37114;pick item
pick_i35038;pick item
pick_i36068;pick item
pick_i35847;pick item
pick_i30141;pick item
pick_i36728;pick item
pick_i25832;pick item
pick_i36598;pick item
pick_i28780;pick item
pick_i24360;pick item
pick_i17756;pick item
pick_i38343;pick item
pick_i21641;pick item
pick_i37646;pick item
pick_i29026;pick item
place_o2500;place order
pick_i16687;pick item
pick_i34072;pick item
ship_o1557;ship order
pick_i25920;pick item
pick_i29878;pick item
pick_i27809;pick item
pick_i35006;pick item
pick_i29778;pick item
pick_i28098;pick item
pick_i35368;pick item
pick_i35436;pick item
pick_i38474;pick item
pick_i17662;pick item
pick_i23843;pick item
pick_i21697;pick item
pick_i34273;pick item
pick_i34935;pick item
pick_i27490;pick item
pick_i35775;pick item
pick_i37783;pick item
pick_i29379;pick item
pick_i29482;pick item
pick_i32103;pick item
pick_i27090;pick item
pick_i32390;pick item
pick_i32771;pick item
pick_i33553;pick item
pick_i30001;pick item
pick_i34105;pick item
pick_i34355;pick item
pick_i25478;pick item
pick_i33963;pick item
pick_i35319;pick item
pick_i14883;pick item
pick_i17635;pick item
pick_i22200;pick item
pick_i30581;pick item
pick_i25817;pick item
pick_i38143;pick item
pick_i25068;pick item
pick_i24108;pick item
pick_i28694;pick item
pick_i27174;pick item
pick_i26436;pick item
pick_i21068;pick item
pick_i35437;pick item
pick_i30143;pick item
pick_i33219;pick item
pick_i13918;pick item
pick_i26790;pick item
pick_i27504;pick item
pick_i28432;pick item
pick_i23363;pick item
pick_i33303;pick item
pick_i38393;pick item
pick_i34551;pick item
pick_i34664;pick item
pick_i36525;pick item
pick_i34754;pick item
pick_i21070;pick item
pick_i26948;pick item
pick_i27139;pick item
pick_i28915;pick item
pick_i38260;pick item
pick_i36402;pick item
pick_i30372;pick item
pick_i26726;pick item
pick_i23545;pick item
pick_i36916;pick item
pick_i27045;pick item
pick_i31228;pick item
pick_i35278;pick item
pick_i29590;pick item
pick_i36446;pick item
pick_i28153;pick item
pick_i34391;pick item
pick_i33392;pick item
pick_i38132;pick item
pick_i20365;pick item
pick_i34086;pick item
pick_i30440;pick item
pick_i20730;pick item
pick_i34481;pick item
pick_i34197;pick item
pick_i27022;pick item
pick_i28084;pick item
pick_i18613;pick item
pick_i36240;pick item
pick_i24552;pick item
pick_i33038;pick item
pick_i25910;pick item
pick_i36987;pick item
pick_i30404;pick item
pick_i28166;pick item
pick_i24929;pick item
pick_i27369;pick item
pick_i28228;pick item
pick_i29750;pick item
pick_i38388;pick item
pick_i30570;pick item
pick_i26939;pick item
pick_i22285;pick item
pick_i37666;pick item
pick_i36181;pick item
pick_i37556;pick item
pick_i35658;pick item
pick_i30030;pick item
pick_i38180;pick item
pick_i18791;pick item
pick_i24382;pick item
pick_i32831;pick item
pick_i20903;pick item
pick_i26229;pick item
pick_i29743;pick item
pick_i25830;pick item
pick_i31110;pick item
pick_i33847;pick item
pick_i29018;pick item
pick_i34043;pick item
pick_i21312;pick item
pick_i38274;pick item
pick_i25594;pick item
pick_i30468;pick item
pick_i34014;pick item
pick_i22162;pick item
pick_i28025;pick item
pick_i24022;pick item
pick_i37774;pick item
pick_i30360;pick item
pick_i27118;pick item
pick_i27337;pick item
pick_i22433;pick item
pick_i18065;pick item
pick_i33120;pick item
pick_i13510;pick item
pick_i34881;pick item
pick_i27075;pick item
pick_i35414;pick item
pick_i29578;pick item
pick_i30563;pick item
pick_i24619;pick item
pick_i27354;pick item
pick_i35557;pick item
pick_i29343;pick item
pick_i33599;pick item
pick_i31632;pick item
pick_i28215;pick item
pick_i28985;pick item
pick_i25750;pick item
pick_i33208;pick item
pick_i36732;pick item
pick_i36116;pick item
pick_i33952;pick item
pick_i29932;pick item
pick_i19701;pick item
pick_i31693;pick item
pick_i26932;pick item
pick_i31574;pick item
pick_i28924;pick item
pick_i30107;pick item
pick_i32169;pick item
pick_i36984;pick item
pick_i34795;pick item
pick_i32791;pick item
pick_i34760;pick item
pick_i35279;pick item
pick_i35186;pick item
pick_i34965;pick item
pick_i32885;pick item
pick_i33012;pick item
pick_i33437;pick item
pick_i28285;pick item
pick_i32119;pick item
pick_i18262;pick item
pick_i30956;pick item
pick_i36843;pick item
pick_i34627;pick item
pick_i30686;pick item
pick_i33087;pick item
pick_i23999;pick item
pick_i25738;pick item
pick_i37764;pick item
pick_i35353;pick item
pick_i38411;pick item
pick_i25956;pick item
pick_i38040;pick item
pick_i21113;pick item
pick_i34578;pick item
pick_i33686;pick item
pick_i28826;pick item
pick_i36472;pick item
pick_i37463;pick item
pick_i30040;pick item
pick_i30399;pick item
pick_i29748;pick item
pick_i37909;pick item
pick_i16206;pick item
pick_i16376;pick item
pick_i25555;pick item
pick_i28773;pick item
pick_i30613;pick item
pick_i26592;pick item
pick_i34671;pick item
pick_i26586;pick item
pick_i34856;pick item
pick_i37684;pick item
pick_i14953;pick item
pick_i23256;pick item
ship_o1462;ship order
pick_i29546;pick item
pick_i26019;pick item
pick_i12514;pick item
pick_i28089;pick item
ship_o1316;ship order
pick_i33216;pick item
pick_i31439;pick item
pick_i28478;pick item
pick_i34182;pick item
pick_i38366;pick item
pick_i30122;pick item
pick_i24634;pick item
pick_i29873;pick item
pick_i34369;pick item
pick_i24248;pick item
pick_i26517;pick item
pick_i38062;pick item
pick_i35801;pick item
pick_i36961;pick item
pick_i33701;pick item
pick_i30814;pick item
pick_i18122;pick item
pick_i30936;pick item
pick_i37849;pick item
pick_i37406;pick item
pick_i37999;pick item
pick_i28387;pick item
pick_i28534;pick item
pick_i20115;pick item
pick_i35926;pick item
pick_i31152;pick item
pick_i36516;pick item
pick_i30783;pick item
pick_i24173;pick item
pick_i29731;pick item
pick_i23369;pick item
pick_i22201;pick item
pick_i37615;pick item
pick_i24200;pick item
pick_i23328;pick item
pick_i20616;pick item
pick_i33464;pick item
pick_i33372;pick item
pick_i24391;pick item
pick_i37980;pick item
pick_i28634;pick item
pick_i33735;pick item
pick_i23642;pick item
pick_i36020;pick item
pick_i22738;pick item
pick_i36342;pick item
pick_i29770;pick item
pick_i34186;pick item
pick_i30483;pick item
pick_i23415;pick item
pick_i32303;pick item
pick_i27437;pick item
pick_i37230;pick item
pick_i31419;pick item
pick_i36478;pick item
pick_i35636;pick item
pick_i38330;pick item
pick_i25474;pick item
pick_i29150;pick item
pick_i27341;pick item
pick_i31174;pick item
pick_i33633;pick item
pick_i27468;pick item
pick_i37876;pick item
pick_i22305;pick item
pick_i38508;pick item
pick_i36118;pick item
pick_i21638;pick item
pick_i35750;pick item
pick_i36104;pick item
pick_i37319;pick item
pick_i27098;pick item
pick_i32482;pick item
pick_i27541;pick item
pick_i32760;pick item
pick_i36793;pick item
pick_i29853;pick item
pick_i23878;pick item
pick_i30628;pick item
pick_i28769;pick item
pick_i27481;pick item
pick_i19251;pick item
pick_i29884;pick item
pick_i37013;pick item
pick_i31690;pick item
pick_i37725;pick item
pick_i35765;pick item
pick_i37974;pick item
pick_i19098;pick item
pick_i30159;pick item
pick_i38208;pick item
pick_i27401;pick item
pick_i32908;pick item
pick_i38620;pick item
pick_i37163;pick item
pick_i35938;pick item
pick_i37688;pick item
pick_i29810;pick item
pick_i21167;pick item
pick_i26302;pick item
pick_i38129;pick item
pick_i25432;pick item
pick_i32120;pick item
pick_i27288;pick item
pick_i38173;pick item
pick_i19627;pick item
pick_i31450;pick item
pick_i19720;pick item
pick_i36174;pick item
pick_i26014;pick item
pick_i22586;pick item
pick_i28337;pick item
pick_i29205;pick item
pick_i31210;pick item
pick_i18511;pick item
pick_i17151;pick item
pick_i25969;pick item
pick_i14580;pick item
pick_i31588;pick item
pick_i29389;pick item
pick_i20905;pick item
pick_i17788;pick item
pick_i27365;pick item
pick_i28243;pick item
pick_i27756;pick item
pick_i34769;pick item
pick_i24635;pick item
pick_i20239;pick item
pick_i33205;pick item
pick_i24399;pick item
pick_i30274;pick item
pick_i20551;pick item
pick_i18668;pick item
pick_i24792;pick item
pick_i35003;pick item
pick_i32016;pick item
pick_i26345;pick item
pick_i21941;pick item
pick_i35274;pick item
pick_i32229;pick item
pick_i21755;pick item
pick_i38450;pick item
pick_i34138;pick item
pick_i24558;pick item
pick_i38289;pick item
pick_i33901;pick item
pick_i29246;pick item
pick_i22658;pick item
pick_i33267;pick item
pick_i37947;pick item
pick_i20307;pick item
pick_i28416;pick item
pick_i30121;pick item
pick_i34966;pick item
pick_i34358;pick item
pick_i18751;pick item
pick_i23389;pick item
pick_i32134;pick item
pick_i24149;pick item
pick_i31148;pick item
pick_i18692;pick item
pick_i36119;pick item
pick_i37076;pick item
pick_i28898;pick item
pick_i36041;pick item
pick_i20803;pick item
pick_i37606;pick item
pick_i24134;pick item
pick_i26434;pick item
pick_i32261;pick item
pick_i36011;pick item
pick_i34349;pick item
pick_i32426;pick item
pick_i35309;pick item
pick_i24803;pick item
pick_i29822;pick item
pick_i37891;pick item
pick_i21384;pick item
pick_i28894;pick item
pick_i36160;pick item
pick_i21983;pick item
pick_i30672;pick item
pick_i35040;pick item
pick_i37700;pick item
pick_i25503;pick item
pick_i38238;pick item
pick_i24965;pick item
pick_i18516;pick item
pick_i30383;pick item
pick_i34238;pick item
pick_i25997;pick item
pick_i27698;pick item
pick_i24340;pick item
pick_i19996;pick item
pick_i24028;pick item
pick_i38387;pick item
pick_i25533;pick item
pick_i36893;pick item
pick_i26527;pick item
pick_i31538;pick item
pick_i30715;pick item
pick_i35515;pick item
pick_i36998;pick item
pick_i35906;pick item
pick_i35265;pick item
pick_i34427;pick item
pick_i20646;pick item
pick_i34860;pick item
pick_i34799;pick item
pick_i19351;pick item
pick_i33956;pick item
pick_i30730;pick item
pick_i28038;pick item
pick_i30350;pick item
pick_i33337;pick item
pick_i37083;pick item
pick_i31623;pick item
pick_i32869;pick item
pick_i37011;pick item
pick_i33875;pick item
pick_i33258;pick item
pick_i11910;pick item
pick_i15122;pick item
ship_o1280;ship order
pick_i16886;pick item
pick_i34180;pick item
pick_i31169;pick item
pick_i37916;pick item
pick_i36705;pick item
pick_i25177;pick item
pick_i34350;pick item
pick_i30677;pick item
pick_i24243;pick item
pick_i31969;pick item
pick_i28389;pick item
pick_i19318;pick item
pick_i28059;pick item
pick_i34838;pick item
pick_i35946;pick item
pick_i33826;pick item
pick_i35156;pick item
pick_i35086;pick item
pick_i38058;pick item
pick_i31894;pick item
pick_i32714;pick item
pick_i34635;pick item
pick_i29060;pick item
pick_i27089;pick item
pick_i37251;pick item
pick_i18718;pick item
pick_i34613;pick item
pick_i15993;pick item
pick_i22478;pick item
pick_i38494;pick item
pick_i37029;pick item
pick_i34726;pick item
pick_i38075;pick item
pick_i35474;pick item
pick_i26200;pick item
pick_i19506;pick item
pick_i18859;pick item
pick_i23696;pick item
pick_i36545;pick item
pick_i31196;pick item
pick_i28384;pick item
pick_i17933;pick item
pick_i35858;pick item
pick_i30038;pick item
pick_i32025;pick item
pick_i31779;pick item
pick_i25477;pick item
pick_i30885;pick item
pick_i22062;pick item
pick_i25351;pick item
pick_i23521;pick item
pick_i31250;pick item
pick_i27007;pick item
pick_i34486;pick item
pick_i20587;pick item
pick_i33873;pick item
pick_i33761;pick item
pick_i20578;pick item
pick_i25981;pick item
pick_i34871;pick item
pick_i31594;pick item
pick_i30545;pick item
pick_i24607;pick item
pick_i18838;pick item
pick_i35680;pick item
pick_i33207;pick item
pick_i22349;pick item
pick_i32015;pick item
pick_i37174;pick item
pick_i36788;pick item
pick_i36807;pick item
pick_i17921;pick item
pick_i26802;pick item
pick_i34720;pick item
pick_i24147;pick item
pick_i29929;pick item
pick_i31994;pick item
pick_i33502;pick item
pick_i26059;pick item
pick_i37032;pick item
pick_i32072;pick item
pick_i30426;pick item
pick_i13104;pick item
pick_i25188;pick item
pick_i34527;pick item
pick_i33324;pick item
pick_i29653;pick item
pick_i33684;pick item
pick_i25888;pick item
pick_i27063;pick item
pick_i28553;pick item
pick_i27080;pick item
pick_i30852;pick item
pick_i31135;pick item
pick_i32216;pick item
pick_i28142;pick item
pick_i38491;pick item
pick_i14208;pick item
pick_i30478;pick item
ship_o1416;ship order
pick_i32036;pick item
pick_i27887;pick item
pick_i38175;pick item
pick_i37391;pick item
pick_i27291;pick item
pick_i26053;pick item
pick_i30349;pick item
pick_i32581;pick item
pick_i32853;pick item
pick_i32256;pick item
pick_i31988;pick item
pick_i37631;pick item
pick_i30112;pick item
pick_i33274;pick item
pick_i27679;pick item
pick_i31364;pick item
pick_i33964;pick item
pick_i35259;pick item
pick_i31202;pick item
pick_i20152;pick item
pick_i14680;pick item
pick_i37818;pick item
ship_o1445;ship order
pick_i37468;pick item
pick_i31236;pick item
pick_i19361;pick item
pick_i24349;pick item
pick_i17521;pick item
pick_i37201;pick item
pick_i29642;pick item
pick_i30463;pick item
pick_i26865;pick item
pick_i30192;pick item
pick_i31075;pick item
pick_i26092;pick item
pick_i38122;pick item
pick_i33312;pick item
pick_i26016;pick item
pick_i34455;pick item
pick_i27229;pick item
pick_i27925;pick item
pick_i36947;pick item
pick_i30239;pick item
pick_i32887;pick item
pick_i28119;pick item
pick_i37237;pick item
pick_i17251;pick item
pick_i34223;pick item
pick_i33197;pick item
pick_i37249;pick item
pick_i36873;pick item
pick_i34334;pick item
pick_i23980;pick item
pick_i32030;pick item
pick_i16955;pick item
pick_i18761;pick item
pick_i37491;pick item
pick_i33326;pick item
pick_i32151;pick item
pick_i35433;pick item
pick_i32675;pick item
pick_i35928;pick item
pick_i19462;pick item
pick_i26206;pick item
pick_i27762;pick item
pick_i34851;pick item
pick_i30930;pick item
pick_i38536;pick item
pick_i30433;pick item
pick_i21273;pick item
pick_i26947;pick item
pick_i35920;pick item
pick_i26650;pick item
pick_i26942;pick item
pick_i27594;pick item
pick_i27752;pick item
pick_i35948;pick item
pick_i14035;pick item
pick_i37058;pick item
pick_i27382;pick item
pick_i33196;pick item
pick_i23731;pick item
pick_i25724;pick item
pick_i36360;pick item
pick_i30693;pick item
pick_i28244;pick item
pick_i38030;pick item
pick_i17105;pick item
pick_i34173;pick item
pick_i22970;pick item
pick_i32910;pick item
pick_i29393;pick item
pick_i37731;pick item
pick_i27905;pick item
pick_i33587;pick item
pick_i34662;pick item
pick_i24046;pick item
pick_i37658;pick item
pick_i24499;pick item
pick_i33211;pick item
pick_i16100;pick item
pick_i34609;pick item
pick_i34850;pick item
pick_i26249;pick item
pick_i36993;pick item
pick_i32195;pick item
pick_i30625;pick item
pick_i30826;pick item
pick_i33441;pick item
pick_i21776;pick item
pick_i35017;pick item
pick_i30645;pick item
pick_i14810;pick item
pick_i22451;pick item
pick_i33968;pick item
pick_i33222;pick item
pick_i24766;pick item
pick_i25141;pick item
pick_i24357;pick item
pick_i34836;pick item
pick_i21732;pick item
pick_i38628;pick item
pick_i24559;pick item
pick_i17735;pick item
pick_i27950;pick item
pick_i36167;pick item
pick_i29841;pick item
pick_i32301;pick item
pick_i35573;pick item
pick_i34018;pick item
pick_i32367;pick item
pick_i34221;pick item
pick_i28050;pick item
pick_i28082;pick item
pick_i28444;pick item
pick_i34502;pick item
pick_i34063;pick item
pick_i16798;pick item
pick_i31933;pick item
pick_i32697;pick item
pick_i29633;pick item
pick_i30884;pick item
pick_i14499;pick item
pick_i35794;pick item
pick_i16237;pick item
pick_i25787;pick item
pick_i28495;pick item
pick_i15352;pick item
pick_i25930;pick item
ship_o1485;ship order
pick_i30374;pick item
pick_i32304;pick item
pick_i24741;pick item
pick_i31388;pick item
pick_i19955;pick item
pick_i35806;pick item
pick_i27723;pick item
pick_i30089;pick item
pick_i32981;pick item
pick_i32243;pick item
pick_i28275;pick item
pick_i32263;pick item
pick_i27857;pick item
pick_i38600;pick item
pick_i27997;pick item
pick_i26395;pick item
pick_i28143;pick item
pick_i29788;pick item
pick_i37844;pick item
pick_i30373;pick item
pick_i27297;pick item
pick_i33659;pick item
pick_i38490;pick item
pick_i22648;pick item
pick_i28724;pick item
pick_i25866;pick item
pick_i29805;pick item
pick_i33648;pick item
pick_i28298;pick item
pick_i27085;pick item
pick_i33233;pick item
pick_i15467;pick item
pick_i36639;pick item
pick_i25483;pick item
pick_i30836;pick item
pick_i28721;pick item
pick_i26461;pick item
pick_i29291;pick item
pick_i28620;pick item
pick_i29837;pick item
pick_i33403;pick item
pick_i14866;pick item
pick_i31866;pick item
pick_i12489;pick item
pick_i36371;pick item
ship_o1314;ship order
pick_i33766;pick item
pick_i19546;pick item
pick_i20122;pick item
pick_i28282;pick item
pick_i32935;pick item
pick_i24637;pick item
pick_i15911;pick item
pick_i34998;pick item
pick_i35691;pick item
pick_i38214;pick item
pick_i37744;pick item
pick_i29931;pick item
pick_i37650;pick item
pick_i33967;pick item
pick_i37976;pick item
pick_i14400;pick item
pick_i34735;pick item
ship_o1428;ship order
pick_i25249;pick item
pick_i32053;pick item
pick_i19275;pick item
pick_i25178;pick item
pick_i24710;pick item
pick_i19777;pick item
pick_i36401;pick item
pick_i26893;pick item
pick_i38302;pick item
pick_i30701;pick item
pick_i37337;pick item
pick_i17697;pick item
pick_i35741;pick item
pick_i16198;pick item
pick_i38197;pick item
pick_i28011;pick item
pick_i31979;pick item
pick_i28068;pick item
pick_i19440;pick item
pick_i28112;pick item
pick_i29155;pick item
pick_i36823;pick item
pick_i21355;pick item
pick_i35640;pick item
pick_i22313;pick item
pick_i38590;pick item
pick_i32149;pick item
pick_i18088;pick item
pick_i23957;pick item
pick_i32732;pick item
pick_i37118;pick item
pick_i30661;pick item
pick_i37142;pick item
pick_i32101;pick item
pick_i33383;pick item
pick_i35933;pick item
pick_i20503;pick item
pick_i23618;pick item
pick_i31788;pick item
pick_i38156;pick item
pick_i37594;pick item
pick_i31253;pick item
pick_i36379;pick item
pick_i35307;pick item
pick_i35058;pick item
pick_i28272;pick item
pick_i30524;pick item
pick_i16903;pick item
pick_i33668;pick item
pick_i27824;pick item
pick_i28800;pick item
pick_i29768;pick item
pick_i30480;pick item
pick_i25626;pick item
pick_i37229;pick item
pick_i32048;pick item
pick_i37278;pick item
pick_i36033;pick item
pick_i28847;pick item
pick_i26375;pick item
pick_i20134;pick item
pick_i20068;pick item
pick_i28989;pick item
pick_i35418;pick item
pick_i32253;pick item
pick_i32273;pick item
pick_i34243;pick item
pick_i36152;pick item
pick_i31965;pick item
pick_i36394;pick item
pick_i35202;pick item
pick_i33341;pick item
pick_i27801;pick item
pick_i35071;pick item
pick_i32852;pick item
pick_i30546;pick item
pick_i13125;pick item
pick_i28907;pick item
pick_i32676;pick item
pick_i29066;pick item
pick_i32730;pick item
pick_i27867;pick item
pick_i33439;pick item
pick_i29342;pick item
pick_i38641;pick item
pick_i37951;pick item
pick_i36586;pick item
pick_i32804;pick item
pick_i22278;pick item
pick_i23796;pick item
pick_i37843;pick item
pick_i26758;pick item
pick_i31628;pick item
pick_i32900;pick item
pick_i34951;pick item
pick_i35914;pick item
pick_i15683;pick item
pick_i37761;pick item
ship_o1502;ship order
pick_i34119;pick item
pick_i20964;pick item
pick_i32055;pick item
pick_i33894;pick item
pick_i25359;pick item
pick_i21274;pick item
pick_i27843;pick item
pick_i28937;pick item
pick_i27716;pick item
pick_i31472;pick item
pick_i28543;pick item
pick_i24999;pick item
pick_i23669;pick item
pick_i35596;pick item
pick_i25606;pick item
pick_i37583;pick item
pick_i28375;pick item
pick_i23582;pick item
pick_i36372;pick item
pick_i19461;pick item
pick_i21618;pick item
pick_i31565;pick item
pick_i33075;pick item
pick_i16973;pick item
pick_i32555;pick item
pick_i27268;pick item
pick_i36510;pick item
pick_i21672;pick item
pick_i18377;pick item
pick_i38442;pick item
pick_i34461;pick item
pick_i19256;pick item
pick_i36950;pick item
pick_i24616;pick item
pick_i35831;pick item
pick_i36630;pick item
pick_i26765;pick item
pick_i36206;pick item
pick_i29755;pick item
pick_i27608;pick item
pick_i32375;pick item
pick_i15372;pick item
pick_i16617;pick item
pick_i34636;pick item
pick_i30381;pick item
pick_i26862;pick item
pick_i25399;pick item
pick_i30211;pick item
pick_i31357;pick item
pick_i35470;pick item
pick_i24941;pick item
pick_i38165;pick item
pick_i31270;pick item
pick_i31055;pick item
pick_i37263;pick item
pick_i34283;pick item
pick_i37053;pick item
pick_i31516;pick item
pick_i12292;pick item
pick_i35634;pick item
ship_o1303;ship order
pick_i37068;pick item
pick_i30332;pick item
pick_i28321;pick item
pick_i35820;pick item
pick_i36927;pick item
pick_i35397;pick item
pick_i25448;pick item
pick_i30898;pick item
pick_i28037;pick item
pick_i36968;pick item
pick_i34927;pick item
pick_i29646;pick item
pick_i33520;pick item
pick_i32310;pick item
pick_i38447;pick item
pick_i32683;pick item
pick_i33827;pick item
pick_i25590;pick item
pick_i27544;pick item
pick_i27655;pick item
pick_i27068;pick item
pick_i35291;pick item
pick_i24188;pick item
pick_i27322;pick item
pick_i34853;pick item
pick_i33379;pick item
pick_i33755;pick item
pick_i36126;pick item
pick_i26835;pick item
pick_i37499;pick item
pick_i19038;pick item
pick_i38222;pick item
pick_i34365;pick item
pick_i28044;pick item
pick_i35348;pick item
pick_i29716;pick item
pick_i13785;pick item
pick_i26131;pick item
ship_o1391;ship order
pick_i36514;pick item
pick_i19756;pick item
pick_i29560;pick item
pick_i34052;pick item
pick_i34541;pick item
pick_i20920;pick item
pick_i37389;pick item
pick_i31323;pick item
pick_i20382;pick item
pick_i38637;pick item
pick_i33200;pick item
pick_i20720;pick item
pick_i33185;pick item
pick_i33719;pick item
pick_i20867;pick item
pick_i38215;pick item
pick_i34908;pick item
pick_i33835;pick item
pick_i37350;pick item
pick_i36774;pick item
pick_i33048;pick item
pick_i26508;pick item
pick_i38315;pick item
pick_i38372;pick item
pick_i27803;pick item
pick_i36256;pick item
pick_i28618;pick item
pick_i35973;pick item
pick_i32233;pick item
pick_i32068;pick item
pick_i25635;pick item
pick_i35730;pick item
pick_i37949;pick item
pick_i33748;pick item
pick_i29017;pick item
pick_i31807;pick item
pick_i25699;pick item
pick_i35961;pick item
pick_i28850;pick item
pick_i14549;pick item
pick_i24133;pick item
pick_i38004;pick item
pick_i35227;pick item
pick_i28846;pick item
pick_i36460;pick item
pick_i30045;pick item
pick_i29520;pick item
pick_i24056;pick item
pick_i32394;pick item
pick_i25046;pick item
pick_i29301;pick item
pick_i24964;pick item
pick_i14262;pick item
pick_i21322;pick item
pick_i19702;pick item
pick_i32886;pick item
pick_i36281;pick item
pick_i36978;pick item
pick_i24984;pick item
pick_i30260;pick item
pick_i35897;pick item
pick_i35301;pick item
pick_i23249;pick item
pick_i31183;pick item
pick_i22594;pick item
pick_i21695;pick item
pick_i37868;pick item
pick_i29564;pick item
pick_i32694;pick item
pick_i24047;pick item
pick_i22638;pick item
pick_i23854;pick item
pick_i38520;pick item
pick_i21495;pick item
pick_i19178;pick item
pick_i19910;pick item
pick_i31631;pick item
pick_i32599;pick item
pick_i30983;pick item
pick_i28642;pick item
pick_i30934;pick item
pick_i26287;pick item
pick_i19370;pick item
pick_i34646;pick item
pick_i35359;pick item
pick_i19000;pick item
pick_i34756;pick item
pick_i22450;pick item
pick_i28354;pick item
pick_i19274;pick item
pick_i24851;pick item
pick_i30479;pick item
pick_i35366;pick item
pick_i31742;pick item
pick_i29897;pick item
pick_i31137;pick item
pick_i26605;pick item
pick_i29934;pick item
pick_i35649;pick item
pick_i28838;pick item
pick_i34604;pick item
pick_i35707;pick item
pick_i31877;pick item
pick_i27933;pick item
pick_i31062;pick item
pick_i34310;pick item
pick_i34205;pick item
pick_i29572;pick item
pick_i26028;pick item
pick_i35328;pick item
pick_i36809;pick item
pick_i20658;pick item
pick_i37430;pick item
pick_i36648;pick item
pick_i27561;pick item
pick_i30430;pick item
pick_i33132;pick item
pick_i33259;pick item
pick_i19427;pick item
pick_i34852;pick item
pick_i31171;pick item
pick_i36280;pick item
pick_i27990;pick item
pick_i36285;pick item
pick_i23817;pick item
pick_i37267;pick item
pick_i36098;pick item
pick_i30533;pick item
pick_i33369;pick item
pick_i22348;pick item
pick_i37498;pick item
pick_i21033;pick item
pick_i20645;pick item
pick_i37079;pick item
pick_i27261;pick item
pick_i37093;pick item
pick_i32860;pick item
pick_i21487;pick item
pick_i35286;pick item
pick_i24274;pick item
pick_i21466;pick item
pick_i37994;pick item
pick_i35541;pick item
pick_i23336;pick item
pick_i35521;pick item
pick_i32858;pick item
pick_i36806;pick item
pick_i29242;pick item
pick_i32876;pick item
pick_i22959;pick item
pick_i32955;pick item
pick_i34676;pick item
pick_i31159;pick item
pick_i29357;pick item
pick_i32515;pick item
pick_i21532;pick item
pick_i30765;pick item
pick_i31600;pick item
pick_i38678;pick item
pick_i22105;pick item
pick_i23491;pick item
pick_i25887;pick item
pick_i33167;pick item
pick_i38005;pick item
pick_i27531;pick item
pick_i32710;pick item
pick_i31872;pick item
pick_i27254;pick item
pick_i29436;pick item
pick_i26744;pick item
pick_i33235;pick item
pick_i30865;pick item
pick_i34462;pick item
pick_i30187;pick item
pick_i20724;pick item
pick_i38446;pick item
pick_i30704;pick item
pick_i31537;pick item
pick_i25050;pick item
pick_i30786;pick item
pick_i32139;pick item
pick_i37955;pick item
pick_i21240;pick item
pick_i38139;pick item
pick_i35918;pick item
pick_i15566;pick item
pick_i29870;pick item
pick_i22149;pick item
pick_i35399;pick item
pick_i37158;pick item
pick_i19569;pick item
pick_i34920;pick item
pick_i34707;pick item
pick_i19800;pick item
pick_i31363;pick item
pick_i28651;pick item
pick_i36380;pick item
pick_i32468;pick item
pick_i30946;pick item
pick_i26930;pick item
pick_i37751;pick item
pick_i35965;pick item
pick_i35344;pick item
pick_i32920;pick item
pick_i38157;pick item
pick_i26414;pick item
pick_i31127;pick item
pick_i26772;pick item
pick_i24164;pick item
pick_i29074;pick item
pick_i16806;pick item
pick_i29388;pick item
pick_i19965;pick item
pick_i33373;pick item
pick_i25234;pick item
pick_i22381;pick item
pick_i29917;pick item
pick_i34612;pick item
pick_i22275;pick item
pick_i33362;pick item
pick_i34496;pick item
pick_i26124;pick item
pick_i18227;pick item
pick_i35608;pick item
pick_i35426;pick item
pick_i36889;pick item
pick_i36519;pick item
pick_i28956;pick item
pick_i24304;pick item
pick_i37042;pick item
pick_i32474;pick item
pick_i37113;pick item
pick_i37653;pick item
pick_i37494;pick item
pick_i31541;pick item
pick_i31077;pick item
pick_i30918;pick item
pick_i35733;pick item
pick_i18883;pick item
pick_i30300;pick item
pick_i33018;pick item
pick_i28235;pick item
pick_i28419;pick item
pick_i25063;pick item
pick_i25423;pick item
pick_i26442;pick item
pick_i28085;pick item
pick_i32868;pick item
pick_i25712;pick item
pick_i28409;pick item
pick_i28113;pick item
pick_i28079;pick item
pick_i25290;pick item
pick_i34614;pick item
pick_i38256;pick item
pick_i32838;pick item
pick_i26376;pick item
pick_i36468;pick item
pick_i36185;pick item
pick_i18904;pick item
pick_i26273;pick item
pick_i27831;pick item
pick_i27742;pick item
pick_i22031;pick item
pick_i25444;pick item
pick_i30023;pick item
pick_i24695;pick item
pick_i23792;pick item
pick_i32929;pick item
pick_i20659;pick item
pick_i34004;pick item
pick_i17043;pick item
pick_i37439;pick item
pick_i38549;pick item
pick_i32300;pick item
pick_i23550;pick item
pick_i33349;pick item
pick_i27882;pick item
pick_i36687;pick item
pick_i24163;pick item
pick_i34727;pick item
pick_i33101;pick item
pick_i33677;pick item
pick_i36413;pick item
pick_i36651;pick item
pick_i37484;pick item
pick_i35987;pick item
pick_i30990;pick item
pick_i35023;pick item
pick_i35623;pick item
pick_i25198;pick item
pick_i31956;pick item
pick_i30883;pick item
pick_i37469;pick item
pick_i27176;pick item
pick_i18808;pick item
pick_i31446;pick item
pick_i35346;pick item
pick_i37372;pick item
pick_i37395;pick item
pick_i35192;pick item
pick_i31670;pick item
pick_i29962;pick item
pick_i13876;pick item
ship_o1397;ship order
pick_i24986;pick item
pick_i29139;pick item
pick_i27900;pick item
pick_i27560;pick item
pick_i21804;pick item
pick_i37507;pick item
pick_i23430;pick item
pick_i31258;pick item
pick_i33225;pick item
pick_i36719;pick item
pick_i15400;pick item
pick_i38220;pick item
pick_i30036;pick item
pick_i18210;pick item
pick_i27245;pick item
pick_i33306;pick item
pick_i33528;pick item
pick_i23524;pick item
pick_i23211;pick item
pick_i25326;pick item
pick_i32871;pick item
pick_i18928;pick item
pick_i28020;pick item
pick_i23848;pick item
pick_i32847;pick item
pick_i35054;pick item
pick_i27835;pick item
pick_i34779;pick item
pick_i28107;pick item
pick_i33789;pick item
pick_i32462;pick item
pick_i32646;pick item
pick_i21591;pick item
pick_i36042;pick item
pick_i28440;pick item
pick_i34251;pick item
pick_i27272;pick item
pick_i23925;pick item
pick_i33458;pick item
pick_i19601;pick item
pick_i31184;pick item
pick_i32265;pick item
pick_i30476;pick item
pick_i37997;pick item
pick_i37105;pick item
pick_i37056;pick item
pick_i29444;pick item
pick_i30109;pick item
pick_i34176;pick item
pick_i34194;pick item
pick_i37686;pick item
pick_i27338;pick item
pick_i38094;pick item
pick_i33770;pick item
pick_i28239;pick item
pick_i35392;pick item
pick_i32222;pick item
pick_i38102;pick item
pick_i20534;pick item
pick_i34074;pick item
pick_i35706;pick item
pick_i28522;pick item
pick_i20836;pick item
pick_i38492;pick item
pick_i34419;pick item
pick_i16266;pick item
pick_i28943;pick item
pick_i36649;pick item
pick_i25776;pick item
pick_i22164;pick item
pick_i22792;pick item
pick_i30150;pick item
pick_i37663;pick item
pick_i33772;pick item
pick_i28449;pick item
pick_i24972;pick item
pick_i33000;pick item
pick_i31750;pick item
pick_i22476;pick item
pick_i24489;pick item
pick_i21527;pick item
pick_i27701;pick item
pick_i26715;pick item
pick_i25073;pick item
pick_i38432;pick item
pick_i25012;pick item
pick_i32374;pick item
pick_i31578;pick item
pick_i33539;pick item
pick_i38571;pick item
pick_i36547;pick item
pick_i33600;pick item
pick_i27886;pick item
pick_i22203;pick item
pick_i23513;pick item
pick_i35672;pick item
pick_i28110;pick item
pick_i30832;pick item
pick_i23842;pick item
pick_i26177;pick item
pick_i22544;pick item
pick_i26533;pick item
pick_i30660;pick item
pick_i32974;pick item
pick_i28766;pick item
pick_i30185;pick item
pick_i25120;pick item
pick_i36832;pick item
pick_i37132;pick item
pick_i28453;pick item
pick_i22980;pick item
pick_i30539;pick item
pick_i26292;pick item
pick_i28178;pick item
pick_i34028;pick item
pick_i29171;pick item
pick_i23475;pick item
pick_i34407;pick item
pick_i16490;pick item
pick_i35783;pick item
pick_i34914;pick item
pick_i20723;pick item
pick_i17629;pick item
pick_i28654;pick item
pick_i28005;pick item
pick_i35647;pick item
pick_i26447;pick item
pick_i26692;pick item
pick_i24927;pick item
pick_i15874;pick item
pick_i34857;pick item
pick_i30781;pick item
pick_i35269;pick item
pick_i25417;pick item
pick_i34573;pick item
pick_i17124;pick item
pick_i32631;pick item
pick_i37722;pick item
pick_i31716;pick item
pick_i24895;pick item
pick_i34192;pick item
pick_i32998;pick item
pick_i34955;pick item
pick_i31909;pick item
pick_i21457;pick item
pick_i36935;pick item
pick_i29852;pick item
pick_i31322;pick item
pick_i37969;pick item
pick_i24458;pick item
pick_i34364;pick item
pick_i31938;pick item
pick_i34189;pick item
pick_i29273;pick item
pick_i34356;pick item
pick_i19177;pick item
pick_i33095;pick item
pick_i22815;pick item
pick_i36430;pick item
pick_i25616;pick item
pick_i35507;pick item
pick_i36742;pick item
pick_i15048;pick item
pick_i34674;pick item
pick_i24742;pick item
pick_i22723;pick item
pick_i23301;pick item
pick_i38457;pick item
pick_i28823;pick item
pick_i34599;pick item
pick_i20762;pick item
pick_i24266;pick item
pick_i30272;pick item
pick_i36779;pick item
pick_i28966;pick item
pick_i32769;pick item
pick_i36546;pick item
pick_i35798;pick item
pick_i36266;pick item
pick_i35731;pick item
pick_i23781;pick item
pick_i35540;pick item
pick_i28935;pick item
pick_i36184;pick item
pick_i31630;pick item
pick_i19849;pick item
pick_i28177;pick item
pick_i36532;pick item
pick_i22674;pick item
pick_i24483;pick item
pick_i31726;pick item
pick_i20116;pick item
pick_i35145;pick item
pick_i17842;pick item
pick_i28507;pick item
pick_i31777;pick item
pick_i33954;pick item
pick_i35055;pick item
pick_i26526;pick item
pick_i38682;pick item
pick_i36789;pick item
pick_i23465;pick item
pick_i35587;pick item
pick_i25962;pick item
pick_i32452;pick item
pick_i28289;pick item
pick_i35457;pick item
pick_i27612;pick item
pick_i24676;pick item
pick_i28277;pick item
pick_i38561;pick item
pick_i34766;pick item
pick_i32091;pick item
pick_i12099;pick item
ship_o1291;ship order
pick_i25658;pick item
pick_i15890;pick item
pick_i31401;pick item
ship_o1513;ship order
pick_i32576;pick item
pick_i33532;pick item
pick_i31783;pick item
pick_i26024;pick item
pick_i23329;pick item
pick_i25329;pick item
pick_i21105;pick item
pick_i24205;pick item
pick_i26033;pick item
pick_i27996;pick item
pick_i30594;pick item
pick_i36881;pick item
pick_i33692;pick item
pick_i34227;pick item
pick_i38053;pick item
pick_i37651;pick item
pick_i24980;pick item
pick_i20133;pick item
pick_i20697;pick item
pick_i28368;pick item
pick_i29101;pick item
pick_i25874;pick item
pick_i28842;pick item
pick_i31673;pick item
pick_i28938;pick item
pick_i24361;pick item
pick_i23666;pick item
pick_i29694;pick item
pick_i32873;pick item
pick_i20822;pick item
pick_i32312;pick item
pick_i34321;pick item
pick_i22715;pick item
pick_i29719;pick item
pick_i26358;pick item
pick_i29544;pick item
pick_i34946;pick item
pick_i27008;pick item
pick_i37143;pick item
pick_i38537;pick item
pick_i36857;pick item
pick_i34984;pick item
pick_i21882;pick item
pick_i29864;pick item
pick_i28792;pick item
pick_i26370;pick item
pick_i29510;pick item
pick_i32282;pick item
pick_i18159;pick item
pick_i38267;pick item
pick_i18852;pick item
pick_i29309;pick item
pick_i31298;pick item
pick_i30421;pick item
pick_i20606;pick item
pick_i31899;pick item
pick_i38566;pick item
pick_i35158;pick item
pick_i29683;pick item
pick_i29921;pick item
pick_i31503;pick item
pick_i37262;pick item
pick_i33865;pick item
pick_i37285;pick item
pick_i20922;pick item
pick_i30339;pick item
pick_i19865;pick item
pick_i36400;pick item
pick_i25654;pick item
pick_i21727;pick item
pick_i24759;pick item
pick_i38588;pick item
pick_i35388;pick item
pick_i35901;pick item
pick_i31815;pick item
pick_i37073;pick item
pick_i33301;pick item
pick_i35152;pick item
pick_i37451;pick item
pick_i18187;pick item
pick_i21930;pick item
pick_i34962;pick item
pick_i33488;pick item
pick_i34567;pick item
pick_i37877;pick item
pick_i35994;pick item
pick_i21507;pick item
pick_i29025;pick item
pick_i33773;pick item
pick_i29536;pick item
pick_i33607;pick item
pick_i35425;pick item
pick_i28048;pick item
pick_i30530;pick item
pick_i35214;pick item
pick_i34359;pick item
pick_i33764;pick item
pick_i35073;pick item
pick_i30235;pick item
pick_i34952;pick item
pick_i36136;pick item
pick_i27230;pick item
pick_i36410;pick item
pick_i20388;pick item
pick_i28552;pick item
pick_i21285;pick item
pick_i35727;pick item
pick_i33170;pick item
pick_i33918;pick item
pick_i37801;pick item
pick_i23034;pick item
pick_i23751;pick item
pick_i29844;pick item
pick_i27373;pick item
pick_i26953;pick item
pick_i38456;pick item
pick_i30076;pick item
pick_i28720;pick item
pick_i24678;pick item
pick_i30587;pick item
pick_i14806;pick item
pick_i37282;pick item
ship_o1452;ship order
pick_i29164;pick item
pick_i30517;pick item
pick_i36008;pick item
pick_i23974;pick item
pick_i36349;pick item
pick_i34140;pick item
pick_i16545;pick item
pick_i37883;pick item
pick_i19435;pick item
pick_i35440;pick item
pick_i28452;pick item
pick_i36605;pick item
pick_i29652;pick item
pick_i21416;pick item
pick_i13558;pick item
ship_o1378;ship order
pick_i28741;pick item
pick_i31293;pick item
pick_i35229;pick item
pick_i37252;pick item
pick_i25264;pick item
pick_i26943;pick item
pick_i29435;pick item
pick_i28157;pick item
pick_i32327;pick item
pick_i20215;pick item
pick_i20738;pick item
pick_i30111;pick item
pick_i32802;pick item
pick_i31086;pick item
pick_i31362;pick item
pick_i36641;pick item
pick_i26749;pick item
pick_i21648;pick item
pick_i20912;pick item
pick_i35662;pick item
pick_i38091;pick item
pick_i36269;pick item
pick_i22807;pick item
pick_i34141;pick item
pick_i37811;pick item
pick_i30749;pick item
pick_i22687;pick item
pick_i35970;pick item
pick_i34298;pick item
pick_i33276;pick item
pick_i26611;pick item
pick_i36796;pick item
pick_i36997;pick item
pick_i28932;pick item
pick_i37209;pick item
pick_i34357;pick item
pick_i33314;pick item
pick_i37544;pick item
pick_i32739;pick item
pick_i34666;pick item
pick_i19239;pick item
pick_i33257;pick item
pick_i22117;pick item
pick_i32690;pick item
pick_i22819;pick item
pick_i32433;pick item
pick_i36631;pick item
pick_i32774;pick item
pick_i29598;pick item
pick_i30760;pick item
pick_i35109;pick item
pick_i28365;pick item
pick_i32037;pick item
pick_i38017;pick item
pick_i25193;pick item
pick_i19688;pick item
pick_i18030;pick item
pick_i38340;pick item
pick_i38242;pick item
pick_i33562;pick item
pick_i33626;pick item
pick_i20462;pick item
pick_i32854;pick item
pick_i23802;pick item
pick_i34802;pick item
pick_i35441;pick item
pick_i32441;pick item
pick_i38045;pick item
pick_i30423;pick item
pick_i30723;pick item
pick_i31904;pick item
pick_i36301;pick item
pick_i26729;pick item
pick_i17355;pick item
pick_i27378;pick item
pick_i38078;pick item
pick_i28076;pick item
pick_i28080;pick item
pick_i21001;pick item
pick_i34179;pick item
pick_i33179;pick item
pick_i17215;pick item
pick_i31820;pick item
ship_o1586;ship order
pick_i21247;pick item
pick_i29392;pick item
pick_i20815;pick item
pick_i14253;pick item
pick_i28918;pick item
pick_i37172;pick item
pick_i36251;pick item
pick_i32415;pick item
pick_i29881;pick item
pick_i36353;pick item
pick_i23273;pick item
pick_i27667;pick item
pick_i22520;pick item
pick_i18990;pick item
pick_i25194;pick item
pick_i23284;pick item
pick_i19031;pick item
pick_i20987;pick item
pick_i34329;pick item
pick_i32460;pick item
pick_i35556;pick item
pick_i35361;pick item
pick_i38430;pick item
pick_i28583;pick item
pick_i26625;pick item
pick_i36200;pick item
pick_i21968;pick item
pick_i17463;pick item
pick_i24419;pick item
pick_i25469;pick item
pick_i28369;pick item
pick_i24332;pick item
pick_i32613;pick item
pick_i36653;pick item
pick_i35564;pick item
pick_i28967;pick item
pick_i32971;pick item
pick_i26217;pick item
pick_i28969;pick item
pick_i17202;pick item
pick_i33254;pick item
pick_i21762;pick item
pick_i30962;pick item
pick_i22035;pick item
pick_i19797;pick item
pick_i27121;pick item
pick_i33010;pick item
pick_i28764;pick item
pick_i35336;pick item
pick_i38235;pick item
pick_i35481;pick item
pick_i17685;pick item
pick_i33863;pick item
pick_i32058;pick item
pick_i20424;pick item
pick_i24786;pick item
pick_i31674;pick item
pick_i33611;pick item
pick_i18880;pick item
pick_i35654;pick item
ship_o1674;ship order
pick_i32098;pick item
pick_i29062;pick item
pick_i30951;pick item
pick_i36162;pick item
pick_i31921;pick item
pick_i38383;pick item
pick_i36837;pick item
pick_i36654;pick item
pick_i37045;pick item
pick_i36629;pick item
pick_i29407;pick item
pick_i36773;pick item
pick_i34930;pick item
pick_i35974;pick item
pick_i26089;pick item
pick_i20132;pick item
pick_i23998;pick item
pick_i20358;pick item
pick_i36838;pick item
pick_i34501;pick item
pick_i29108;pick item
pick_i35432;pick item
pick_i24388;pick item
pick_i36366;pick item
pick_i35094;pick item
pick_i28676;pick item
pick_i36632;pick item
pick_i38576;pick item
pick_i17254;pick item
pick_i23634;pick item
pick_i24311;pick item
pick_i27064;pick item
pick_i30115;pick item
pick_i28017;pick item
pick_i35260;pick item
pick_i30157;pick item
pick_i22484;pick item
pick_i32973;pick item
pick_i28302;pick item
pick_i16654;pick item
pick_i36594;pick item
pick_i33127;pick item
pick_i27482;pick item
pick_i34222;pick item
pick_i31022;pick item
pick_i28588;pick item
pick_i31125;pick item
pick_i27864;pick item
pick_i25437;pick item
pick_i21998;pick item
pick_i26657;pick item
pick_i22633;pick item
pick_i25361;pick item
pick_i37509;pick item
pick_i30640;pick item
pick_i38505;pick item
pick_i27623;pick item
pick_i19215;pick item
pick_i31396;pick item
pick_i23824;pick item
pick_i37626;pick item
pick_i33356;pick item
pick_i34261;pick item
pick_i22558;pick item
pick_i24551;pick item
pick_i23189;pick item
pick_i19071;pick item
pick_i36443;pick item
pick_i28655;pick item
pick_i33754;pick item
pick_i20494;pick item
pick_i26780;pick item
pick_i30420;pick item
pick_i34582;pick item
pick_i26505;pick item
pick_i26559;pick item
pick_i29570;pick item
pick_i35087;pick item
pick_i30538;pick item
pick_i31592;pick item
pick_i21979;pick item
pick_i32997;pick item
pick_i31867;pick item
pick_i18553;pick item
pick_i26986;pick item
pick_i28377;pick item
pick_i32201;pick item
pick_i22273;pick item
pick_i25796;pick item
pick_i33346;pick item
pick_i34389;pick item
pick_i33592;pick item
pick_i36941;pick item
pick_i37046;pick item
pick_i38685;pick item
pick_i23268;pick item
pick_i29657;pick item
pick_i33427;pick item
pick_i27265;pick item
pick_i23903;pick item
pick_i27865;pick item
pick_i38317;pick item
pick_i31016;pick item
pick_i17703;pick item
pick_i24151;pick item
pick_i26329;pick item
pick_i30583;pick item
pick_i27773;pick item
pick_i31177;pick item
pick_i21328;pick item
pick_i20917;pick item
pick_i32159;pick item
pick_i36735;pick item
pick_i31042;pick item
pick_i23201;pick item
pick_i35753;pick item
pick_i30975;pick item
pick_i36820;pick item
pick_i35988;pick item
pick_i31963;pick item
pick_i37530;pick item
pick_i31170;pick item
pick_i25473;pick item
pick_i27754;pick item
pick_i20027;pick item
pick_i31663;pick item
pick_i30875;pick item
pick_i32349;pick item
pick_i20425;pick item
pick_i34824;pick item
pick_i38586;pick item
pick_i34425;pick item
pick_i33409;pick item
pick_i34825;pick item
pick_i35689;pick item
pick_i27113;pick item
pick_i35179;pick item
pick_i28303;pick item
pick_i22402;pick item
pick_i17133;pick item
pick_i26564;pick item
pick_i24697;pick item
pick_i32677;pick item
pick_i36958;pick item
pick_i30406;pick item
pick_i31945;pick item
pick_i23401;pick item
pick_i29116;pick item
pick_i29310;pick item
pick_i20840;pick item
pick_i23039;pick item
pick_i32236;pick item
pick_i37442;pick item
pick_i34657;pick item
pick_i27194;pick item
pick_i32419;pick item
pick_i19608;pick item
pick_i27589;pick item
pick_i25814;pick item
pick_i21374;pick item
pick_i35781;pick item
pick_i28346;pick item
pick_i35029;pick item
pick_i38578;pick item
pick_i28412;pick item
pick_i15604;pick item
pick_i22466;pick item
pick_i30401;pick item
pick_i22899;pick item
pick_i33015;pick item
pick_i37922;pick item
pick_i37444;pick item
pick_i36278;pick item
pick_i31695;pick item
pick_i27027;pick item
pick_i38554;pick item
pick_i29701;pick item
pick_i23375;pick item
pick_i27967;pick item
pick_i25137;pick item
pick_i36671;pick item
pick_i37474;pick item
pick_i24691;pick item
pick_i21198;pick item
pick_i29893;pick item
pick_i27720;pick item
pick_i36967;pick item
pick_i32959;pick item
pick_i17061;pick item
pick_i34652;pick item
pick_i25383;pick item
pick_i35848;pick item
pick_i34348;pick item
pick_i32332;pick item
pick_i23060;pick item
pick_i24005;pick item
pick_i33478;pick item
pick_i17559;pick item
pick_i13518;pick item
ship_o1375;ship order
pick_i30782;pick item
pick_i34752;pick item
pick_i18670;pick item
pick_i31923;pick item
pick_i37691;pick item
pick_i38597;pick item
pick_i22888;pick item
pick_i25226;pick item
pick_i28953;pick item
pick_i26380;pick item
pick_i35985;pick item
pick_i31910;pick item
pick_i36273;pick item
pick_i29776;pick item
pick_i28117;pick item
pick_i29599;pick item
pick_i24935;pick item
pick_i21917;pick item
pick_i28267;pick item
pick_i23304;pick item
pick_i17637;pick item
pick_i26373;pick item
pick_i21990;pick item
pick_i35709;pick item
pick_i30857;pick item
pick_i24414;pick item
pick_i34147;pick item
pick_i27316;pick item
pick_i29742;pick item
pick_i36533;pick item
pick_i34603;pick item
pick_i37511;pick item
pick_i35447;pick item
pick_i29842;pick item
pick_i33744;pick item
pick_i36196;pick item
pick_i23753;pick item
pick_i35657;pick item
pick_i25487;pick item
pick_i26964;pick item
pick_i18287;pick item
pick_i33637;pick item
pick_i34926;pick item
pick_i18611;pick item
pick_i21777;pick item
pick_i37758;pick item
pick_i30527;pick item
pick_i28569;pick item
pick_i35304;pick item
pick_i34960;pick item
pick_i22976;pick item
pick_i15454;pick item
ship_o1491;ship order
pick_i35502;pick item
pick_i34581;pick item
pick_i33852;pick item
pick_i37636;pick item
pick_i25902;pick item
pick_i23308;pick item
pick_i26116;pick item
pick_i31701;pick item
pick_i35539;pick item
pick_i29146;pick item
pick_i20771;pick item
pick_i37608;pick item
pick_i34655;pick item
pick_i27616;pick item
pick_i36578;pick item
pick_i36872;pick item
pick_i32941;pick item
pick_i14547;pick item
pick_i37268;pick item
pick_i23405;pick item
pick_i27646;pick item
pick_i31392;pick item
pick_i32638;pick item
pick_i26601;pick item
pick_i36842;pick item
pick_i37549;pick item
pick_i32038;pick item
pick_i17781;pick item
pick_i32963;pick item
pick_i37682;pick item
pick_i29616;pick item
pick_i25995;pick item
pick_i26069;pick item
pick_i29933;pick item
pick_i29161;pick item
pick_i33430;pick item
pick_i32816;pick item
pick_i31987;pick item
pick_i23778;pick item
pick_i26427;pick item
pick_i25335;pick item
pick_i38416;pick item
pick_i28754;pick item
pick_i38634;pick item
pick_i34082;pick item
pick_i32855;pick item
pick_i28367;pick item
pick_i34811;pick item
pick_i25840;pick item
pick_i26589;pick item
pick_i26474;pick item
pick_i24493;pick item
pick_i30729;pick item
pick_i28422;pick item
pick_i36296;pick item
pick_i28592;pick item
pick_i21110;pick item
pick_i32240;pick item
pick_i34869;pick item
pick_i27959;pick item
pick_i32067;pick item
pick_i33169;pick item
pick_i36508;pick item
pick_i37425;pick item
pick_i23105;pick item
pick_i31499;pick item
pick_i36093;pick item
pick_i36976;pick item
pick_i23399;pick item
pick_i38142;pick item
pick_i33194;pick item
pick_i32722;pick item
pick_i31851;pick item
pick_i33868;pick item
pick_i37367;pick item
pick_i19467;pick item
pick_i22692;pick item
pick_i17306;pick item
pick_i28945;pick item
pick_i22772;pick item
pick_i24823;pick item
pick_i37493;pick item
pick_i35303;pick item
pick_i16643;pick item
pick_i37538;pick item
pick_i27159;pick item
pick_i27794;pick item
pick_i37392;pick item
pick_i25305;pick item
pick_i23567;pick item
pick_i26503;pick item
pick_i25717;pick item
pick_i30228;pick item
pick_i34717;pick item
pick_i36244;pick item
pick_i36534;pick item
pick_i20810;pick item
pick_i32902;pick item
pick_i31355;pick item
pick_i37642;pick item
pick_i36503;pick item
pick_i25344;pick item
pick_i32014;pick item
pick_i33704;pick item
pick_i26343;pick item
pick_i36969;pick item
pick_i29533;pick item
pick_i15162;pick item
pick_i38648;pick item
pick_i19307;pick item
pick_i25197;pick item
pick_i36135;pick item
pick_i20264;pick item
pick_i21771;pick item
pick_i35247;pick item
pick_i29412;pick item
pick_i23456;pick item
pick_i30364;pick item
pick_i24896;pick item
pick_i34021;pick item
pick_i36489;pick item
pick_i31012;pick item
pick_i34324;pick item
pick_i19538;pick item
pick_i23587;pick item
pick_i34421;pick item
pick_i38231;pick item
pick_i28971;pick item
pick_i35021;pick item
pick_i34602;pick item
pick_i30743;pick item
pick_i22696;pick item
pick_i30924;pick item
pick_i23153;pick item
pick_i24577;pick item
pick_i35710;pick item
pick_i32428;pick item
pick_i20106;pick item
pick_i33339;pick item
pick_i20707;pick item
pick_i33905;pick item
pick_i35231;pick item
pick_i34279;pick item
pick_i37910;pick item
pick_i28506;pick item
pick_i33347;pick item
pick_i35219;pick item
pick_i31810;pick item
pick_i19818;pick item
pick_i19493;pick item
pick_i34592;pick item
pick_i27930;pick item
pick_i24633;pick item
pick_i31797;pick item
pick_i36486;pick item
pick_i25214;pick item
pick_i34245;pick item
pick_i31884;pick item
pick_i33255;pick item
pick_i35288;pick item
pick_i21460;pick item
pick_i17801;pick item
pick_i17060;pick item
pick_i35751;pick item
pick_i36749;pick item
pick_i29029;pick item
pick_i24557;pick item
pick_i31575;pick item
pick_i36096;pick item
pick_i29382;pick item
pick_i34945;pick item
pick_i25876;pick item
pick_i27000;pick item
pick_i24793;pick item
pick_i34211;pick item
pick_i24128;pick item
pick_i25737;pick item
pick_i19622;pick item
pick_i36767;pick item
pick_i34267;pick item
pick_i23129;pick item
pick_i37515;pick item
pick_i14668;pick item
pick_i32288;pick item
pick_i21566;pick item
pick_i38039;pick item
pick_i25624;pick item
pick_i30105;pick item
pick_i27576;pick item
pick_i23450;pick item
pick_i30593;pick item
pick_i25667;pick item
pick_i36824;pick item
pick_i27514;pick item
pick_i34316;pick item
pick_i29896;pick item
pick_i21828;pick item
pick_i36702;pick item
pick_i30313;pick item
pick_i30741;pick item
pick_i35639;pick item
pick_i38652;pick item
pick_i27426;pick item
pick_i30207;pick item
pick_i32687;pick item
pick_i21831;pick item
pick_i26864;pick item
pick_i27083;pick item
pick_i23808;pick item
pick_i26963;pick item
pick_i35743;pick item
pick_i30887;pick item
pick_i26631;pick item
pick_i31389;pick item
pick_i38550;pick item
pick_i28154;pick item
pick_i26068;pick item
pick_i29850;pick item
pick_i22459;pick item
pick_i36129;pick item
pick_i34309;pick item
pick_i30993;pick item
pick_i36847;pick item
pick_i18178;pick item
pick_i38489;pick item
pick_i25862;pick item
pick_i27467;pick item
pick_i19194;pick item
pick_i38363;pick item
pick_i21003;pick item
pick_i24000;pick item
pick_i37753;pick item
pick_i23748;pick item
pick_i34005;pick item
pick_i19286;pick item
pick_i32211;pick item
pick_i31760;pick item
pick_i27549;pick item
pick_i24725;pick item
pick_i22930;pick item
pick_i32682;pick item
pick_i26212;pick item
pick_i34971;pick item
pick_i18052;pick item
pick_i34848;pick item
pick_i37173;pick item
pick_i29107;pick item
pick_i26954;pick item
pick_i16344;pick item
ship_o1537;ship order
pick_i38023;pick item
pick_i38371;pick item
pick_i36214;pick item
pick_i30288;pick item
pick_i33150;pick item
pick_i28975;pick item
pick_i25769;pick item
pick_i37317;pick item
pick_i28428;pick item
pick_i38035;pick item
pick_i33782;pick item
pick_i15288;pick item
pick_i30485;pick item
ship_o1482;ship order
pick_i33497;pick item
pick_i31553;pick item
pick_i35641;pick item
pick_i36800;pick item
pick_i37128;pick item
pick_i23238;pick item
pick_i36805;pick item
pick_i38084;pick item
pick_i36391;pick item
pick_i17551;pick item
pick_i29022;pick item
pick_i32612;pick item
pick_i33033;pick item
pick_i31659;pick item
pick_i36261;pick item
pick_i35196;pick item
pick_i19338;pick item
pick_i30090;pick item
pick_i17345;pick item
pick_i22760;pick item
pick_i37298;pick item
pick_i26246;pick item
pick_i30114;pick item
pick_i37019;pick item
pick_i36867;pick item
pick_i26635;pick item
pick_i22095;pick item
pick_i35483;pick item
pick_i36059;pick item
pick_i30432;pick item
pick_i32477;pick item
pick_i38292;pick item
pick_i37326;pick item
pick_i33410;pick item
pick_i38689;pick item
pick_i34278;pick item
pick_i34092;pick item
pick_i32989;pick item
pick_i29351;pick item
pick_i23584;pick item
pick_i28266;pick item
pick_i34440;pick item
pick_i34071;pick item
pick_i35825;pick item
pick_i34948;pick item
pick_i27151;pick item
pick_i26568;pick item
pick_i28625;pick item
pick_i27586;pick item
pick_i29523;pick item
pick_i25794;pick item
pick_i24053;pick item
pick_i35134;pick item
pick_i33700;pick item
pick_i31776;pick item
pick_i34202;pick item
pick_i26411;pick item
pick_i31611;pick item
pick_i25758;pick item
pick_i21008;pick item
pick_i22954;pick item
pick_i38328;pick item
pick_i23388;pick item
pick_i26439;pick item
pick_i36003;pick item
pick_i24099;pick item
pick_i34216;pick item
pick_i29447;pick item
pick_i28116;pick item
pick_i16799;pick item
pick_i31146;pick item
pick_i30965;pick item
pick_i35484;pick item
pick_i25382;pick item
pick_i20955;pick item
pick_i34800;pick item
pick_i17876;pick item
pick_i27781;pick item
pick_i36396;pick item
pick_i31996;pick item
pick_i37325;pick item
pick_i26957;pick item
pick_i29555;pick item
pick_i33999;pick item
pick_i26759;pick item
pick_i31225;pick item
pick_i22895;pick item
pick_i18119;pick item
pick_i23966;pick item
pick_i18842;pick item
ship_o1672;ship order
pick_i38044;pick item
pick_i29163;pick item
pick_i35602;pick item
pick_i32076;pick item
pick_i23311;pick item
pick_i20505;pick item
pick_i26839;pick item
pick_i31094;pick item
pick_i38352;pick item
pick_i26719;pick item
pick_i23596;pick item
pick_i33712;pick item
pick_i21368;pick item
pick_i28386;pick item
pick_i30955;pick item
pick_i34644;pick item
pick_i35868;pick item
pick_i28891;pick item
pick_i26102;pick item
pick_i37767;pick item
pick_i31713;pick item
pick_i26756;pick item
pick_i33543;pick item
pick_i34199;pick item
pick_i32895;pick item
pick_i35620;pick item
pick_i26833;pick item
pick_i38024;pick item
pick_i21362;pick item
pick_i29685;pick item
pick_i26537;pick item
pick_i38213;pick item
pick_i32837;pick item
pick_i23612;pick item
pick_i37301;pick item
pick_i29918;pick item
pick_i24778;pick item
pick_i35772;pick item
pick_i22985;pick item
pick_i32658;pick item
pick_i31413;pick item
pick_i29656;pick item
pick_i22532;pick item
pick_i28925;pick item
pick_i33096;pick item
pick_i29159;pick item
pick_i17077;pick item
pick_i22922;pick item
pick_i30035;pick item
pick_i22092;pick item
pick_i23969;pick item
pick_i37858;pick item
pick_i33640;pick item
pick_i28562;pick item
pick_i28477;pick item
pick_i29868;pick item
pick_i22227;pick item
pick_i27657;pick item
pick_i36690;pick item
pick_i28664;pick item
pick_i28939;pick item
pick_i28077;pick item
pick_i28942;pick item
pick_i27422;pick item
pick_i17193;pick item
pick_i30065;pick item
pick_i34827;pick item
pick_i23499;pick item
pick_i26392;pick item
pick_i36573;pick item
pick_i23195;pick item
pick_i36438;pick item
pick_i35762;pick item
pick_i21022;pick item
pick_i34989;pick item
pick_i32284;pick item
pick_i21250;pick item
pick_i32323;pick item
pick_i37930;pick item
pick_i18193;pick item
pick_i35172;pick item
pick_i23543;pick item
pick_i33950;pick item
pick_i35606;pick item
pick_i32272;pick item
pick_i21286;pick item
pick_i37852;pick item
pick_i35703;pick item
pick_i33279;pick item
pick_i29631;pick item
pick_i28752;pick item
pick_i18202;pick item
pick_i14445;pick item
ship_o1431;ship order
pick_i34360;pick item
pick_i37264;pick item
pick_i30626;pick item
pick_i36758;pick item
pick_i36722;pick item
pick_i32172;pick item
pick_i37432;pick item
pick_i36855;pick item
pick_i20677;pick item
pick_i22334;pick item
pick_i17467;pick item
pick_i30853;pick item
pick_i33190;pick item
pick_i34552;pick item
pick_i27883;pick item
pick_i32496;pick item
pick_i38128;pick item
pick_i31818;pick item
pick_i35699;pick item
pick_i33485;pick item
pick_i27155;pick item
pick_i26576;pick item
pick_i38377;pick item
pick_i29212;pick item
pick_i35364;pick item
pick_i35744;pick item
pick_i14853;pick item
ship_o1456;ship order
pick_i27694;pick item
pick_i23657;pick item
pick_i34713;pick item
pick_i31915;pick item
pick_i27005;pick item
pick_i34823;pick item
pick_i36387;pick item
pick_i38673;pick item
pick_i35488;pick item
pick_i26711;pick item
pick_i24476;pick item
pick_i34979;pick item
pick_i18198;pick item
pick_i25586;pick item
pick_i28364;pick item
pick_i32268;pick item
pick_i33059;pick item
pick_i32967;pick item
pick_i36365;pick item
pick_i38046;pick item
pick_i32073;pick item
pick_i33721;pick item
pick_i14511;pick item
ship_o1435;ship order
pick_i37729;pick item
pick_i15835;pick item
pick_i38336;pick item
pick_i38047;pick item
pick_i29940;pick item
pick_i34685;pick item
pick_i29307;pick item
pick_i37780;pick item
pick_i33459;pick item
pick_i33698;pick item
pick_i38081;pick item
pick_i27685;pick item
pick_i13346;pick item
pick_i28283;pick item
pick_i36056;pick item
pick_i14481;pick item
pick_i34473;pick item
pick_i19566;pick item
pick_i28220;pick item
pick_i23919;pick item
pick_i30632;pick item
pick_i28697;pick item
pick_i38623;pick item
pick_i34618;pick item
pick_i26730;pick item
pick_i31848;pick item
pick_i36385;pick item
pick_i34748;pick item
pick_i38656;pick item
pick_i35485;pick item
pick_i36426;pick item
pick_i32109;pick item
pick_i29472;pick item
pick_i29077;pick item
pick_i32547;pick item
pick_i28086;pick item
pick_i21627;pick item
pick_i27836;pick item
pick_i37035;pick item
pick_i28200;pick item
pick_i37415;pick item
pick_i31471;pick item
pick_i34174;pick item
pick_i35079;pick item
pick_i22885;pick item
pick_i31386;pick item
pick_i21597;pick item
pick_i37283;pick item
pick_i28609;pick item
pick_i31587;pick item
pick_i19405;pick item
pick_i26145;pick item
pick_i20107;pick item
pick_i27380;pick item
pick_i34969;pick item
pick_i36607;pick item
pick_i14485;pick item
pick_i33066;pick item
pick_i37218;pick item
pick_i33982;pick item
pick_i38225;pick item
pick_i36906;pick item
pick_i25835;pick item
pick_i33360;pick item
pick_i31706;pick item
pick_i23522;pick item
pick_i33310;pick item
pick_i32029;pick item
pick_i25963;pick item
pick_i30095;pick item
pick_i35512;pick item
pick_i20573;pick item
pick_i36499;pick item
pick_i36600;pick item
pick_i30398;pick item
pick_i30612;pick item
pick_i30444;pick item
pick_i30402;pick item
pick_i34890;pick item
pick_i19697;pick item
pick_i33793;pick item
pick_i37887;pick item
pick_i33042;pick item
pick_i31930;pick item
pick_i29835;pick item
pick_i37912;pick item
pick_i35102;pick item
pick_i20925;pick item
pick_i29485;pick item
pick_i32846;pick item
pick_i27440;pick item
pick_i36026;pick item
pick_i20072;pick item
pick_i27535;pick item
pick_i32556;pick item
pick_i36989;pick item
pick_i32031;pick item
pick_i30392;pick item
pick_i30843;pick item
pick_i34859;pick item
pick_i18788;pick item
pick_i20784;pick item
ship_o1668;ship order
pick_i36592;pick item
pick_i24067;pick item
pick_i27940;pick item
pick_i33051;pick item
pick_i33028;pick item
pick_i26169;pick item
pick_i23484;pick item
pick_i20813;pick item
pick_i34512;pick item
pick_i31837;pick item
pick_i37380;pick item
pick_i25804;pick item
pick_i27909;pick item
pick_i37917;pick item
pick_i20628;pick item
pick_i28007;pick item
pick_i34465;pick item
pick_i34006;pick item
pick_i33581;pick item
pick_i33917;pick item
pick_i23212;pick item
pick_i35180;pick item
pick_i31320;pick item
pick_i31113;pick item
pick_i35198;pick item
pick_i34953;pick item
pick_i22263;pick item
pick_i33747;pick item
pick_i36398;pick item
pick_i20047;pick item
pick_i37879;pick item
pick_i34131;pick item
pick_i32736;pick item
pick_i15568;pick item
pick_i29432;pick item
pick_i29836;pick item
pick_i35110;pick item
pick_i33361;pick item
pick_i35258;pick item
pick_i27396;pick item
pick_i34367;pick item
pick_i30028;pick item
pick_i36902;pick item
pick_i31566;pick item
pick_i25468;pick item
pick_i27141;pick item
pick_i25648;pick item
pick_i31023;pick item
pick_i20868;pick item
pick_i38318;pick item
pick_i36389;pick item
pick_i33334;pick item
pick_i34070;pick item
pick_i24178;pick item
pick_i32557;pick item
pick_i32501;pick item
pick_i31688;pick item
pick_i33003;pick item
pick_i18068;pick item
pick_i37888;pick item
pick_i36337;pick item
pick_i37647;pick item
pick_i37551;pick item
pick_i38504;pick item
pick_i23647;pick item
pick_i15085;pick item
pick_i33734;pick item
pick_i27737;pick item
pick_i34095;pick item
pick_i32324;pick item
pick_i28748;pick item
pick_i25000;pick item
pick_i22603;pick item
pick_i23118;pick item
pick_i20038;pick item
pick_i36109;pick item
pick_i29671;pick item
pick_i30774;pick item
pick_i31586;pick item
pick_i31164;pick item
pick_i34493;pick item
pick_i29080;pick item
pick_i32788;pick item
pick_i20906;pick item
pick_i22877;pick item
pick_i26847;pick item
pick_i29892;pick item
pick_i35262;pick item
pick_i18834;pick item
pick_i38022;pick item
pick_i28229;pick item
pick_i35898;pick item
pick_i38080;pick item
pick_i38320;pick item
pick_i33892;pick item
pick_i33395;pick item
pick_i17131;pick item
pick_i35637;pick item
pick_i23117;pick item
pick_i28358;pick item
pick_i33624;pick item
pick_i25048;pick item
pick_i27357;pick item
pick_i37286;pick item
pick_i35871;pick item
pick_i38544;pick item
pick_i20831;pick item
pick_i33795;pick item
pick_i35579;pick item
pick_i34934;pick item
pick_i37434;pick item
pick_i28546;pick item
pick_i35124;pick item
pick_i29103;pick item
pick_i38068;pick item
pick_i36215;pick item
pick_i37022;pick item
pick_i32168;pick item
pick_i31488;pick item
pick_i19917;pick item
pick_i15417;pick item
pick_i14640;pick item
pick_i31331;pick item
pick_i37956;pick item
pick_i23982;pick item
pick_i27577;pick item
pick_i30606;pick item
pick_i17166;pick item
pick_i25145;pick item
pick_i38230;pick item
pick_i21912;pick item
pick_i21679;pick item
pick_i23122;pick item
pick_i35735;pick item
pick_i31773;pick item
pick_i31173;pick item
pick_i37619;pick item
pick_i33983;pick item
pick_i31021;pick item
pick_i37408;pick item
pick_i26989;pick item
pick_i26184;pick item
pick_i31610;pick item
pick_i24267;pick item
pick_i27952;pick item
pick_i37772;pick item
pick_i36140;pick item
pick_i28517;pick item
pick_i31518;pick item
pick_i22659;pick item
pick_i30678;pick item
pick_i26624;pick item
pick_i15399;pick item
pick_i26585;pick item
pick_i36345;pick item
pick_i32657;pick item
pick_i37718;pick item
pick_i22791;pick item
pick_i36659;pick item
pick_i23554;pick item
pick_i32620;pick item
pick_i17513;pick item
pick_i34861;pick item
pick_i21700;pick item
pick_i34749;pick item
pick_i31283;pick item
pick_i17709;pick item
pick_i33849;pick item
pick_i29529;pick item
pick_i22968;pick item
pick_i36775;pick item
pick_i36077;pick item
pick_i35337;pick item
pick_i38186;pick item
pick_i37344;pick item
pick_i37371;pick item
pick_i30388;pick item
pick_i29784;pick item
pick_i33247;pick item
pick_i38195;pick item
pick_i30195;pick item
pick_i34281;pick item
pick_i30794;pick item
pick_i33649;pick item
pick_i29725;pick item
pick_i28456;pick item
pick_i27417;pick item
pick_i38653;pick item
pick_i31758;pick item
pick_i34269;pick item
pick_i29774;pick item
pick_i34844;pick item
pick_i30556;pick item
pick_i35644;pick item
pick_i30427;pick item
pick_i26027;pick item
pick_i21965;pick item
pick_i36667;pick item
pick_i37238;pick item
pick_i34511;pick item
pick_i35189;pick item
pick_i26937;pick item
pick_i21222;pick item
pick_i29846;pick item
pick_i15088;pick item
pick_i29032;pick item
pick_i16210;pick item
pick_i25004;pick item
pick_i25205;pick item
pick_i38273;pick item
pick_i30139;pick item
pick_i31707;pick item
pick_i36538;pick item
pick_i24160;pick item
pick_i33013;pick item
pick_i27483;pick item
pick_i38487;pick item
pick_i34568;pick item
pick_i27656;pick item
pick_i37860;pick item
pick_i22546;pick item
pick_i34556;pick item
pick_i35628;pick item
pick_i34161;pick item
pick_i30509;pick item
pick_i22041;pick item
pick_i36862;pick item
pick_i24754;pick item
pick_i29318;pick item
pick_i36370;pick item
pick_i30361;pick item
pick_i21047;pick item
pick_i14344;pick item
pick_i29240;pick item
pick_i27078;pick item
pick_i27718;pick item
pick_i23086;pick item
pick_i36271;pick item
pick_i31636;pick item
pick_i33625;pick item
pick_i32891;pick item
pick_i30709;pick item
pick_i29505;pick item
pick_i27156;pick item
pick_i23740;pick item
pick_i29290;pick item
pick_i31301;pick item
pick_i32943;pick item
pick_i35205;pick item
pick_i33414;pick item
pick_i32111;pick item
pick_i25527;pick item
pick_i31643;pick item
pick_i26390;pick item
pick_i34225;pick item
pick_i18047;pick item
pick_i29481;pick item
pick_i20002;pick item
pick_i36023;pick item
pick_i33937;pick item
pick_i27484;pick item
pick_i30744;pick item
pick_i23490;pick item
pick_i35166;pick item
pick_i30387;pick item
pick_i36142;pick item
pick_i29186;pick item
pick_i36334;pick item
pick_i26081;pick item
pick_i29998;pick item
pick_i27906;pick item
pick_i32542;pick item
pick_i35136;pick item
pick_i35209;pick item
pick_i36524;pick item
pick_i22993;pick item
pick_i35420;pick item
pick_i34336;pick item
pick_i27753;pick item
pick_i28604;pick item
pick_i32691;pick item
pick_i35712;pick item
pick_i32448;pick item
pick_i30991;pick item
pick_i32368;pick item
pick_i32276;pick item
pick_i27736;pick item
pick_i25645;pick item
pick_i29475;pick item
pick_i30184;pick item
pick_i35461;pick item
pick_i35729;pick item
pick_i38150;pick item
pick_i31142;pick item
pick_i31562;pick item
pick_i30171;pick item
pick_i33503;pick item
pick_i34638;pick item
pick_i29609;pick item
pick_i23565;pick item
pick_i30943;pick item
pick_i30459;pick item
pick_i33545;pick item
pick_i26991;pick item
pick_i25346;pick item
pick_i34820;pick item
pick_i36700;pick item
pick_i37965;pick item
pick_i35687;pick item
pick_i21716;pick item
pick_i36536;pick item
pick_i24345;pick item
pick_i38324;pick item
pick_i32449;pick item
pick_i36529;pick item
pick_i32308;pick item
pick_i25303;pick item
pick_i27895;pick item
pick_i29797;pick item
pick_i37460;pick item
pick_i29081;pick item
pick_i32591;pick item
pick_i22933;pick item
pick_i29087;pick item
pick_i29416;pick item
pick_i29486;pick item
pick_i29762;pick item
pick_i35642;pick item
pick_i32909;pick item
pick_i21848;pick item
pick_i26623;pick item
pick_i30464;pick item
pick_i18017;pick item
pick_i33163;pick item
pick_i32399;pick item
pick_i30966;pick item
pick_i19505;pick item
pick_i33327;pick item
pick_i36901;pick item
pick_i34876;pick item
pick_i28152;pick item
pick_i28756;pick item
pick_i33627;pick item
pick_i22580;pick item
pick_i26096;pick item
pick_i37107;pick item
pick_i23387;pick item
pick_i36338;pick item
pick_i28781;pick item
pick_i31637;pick item
pick_i35891;pick item
pick_i33493;pick item
pick_i29068;pick item
pick_i22116;pick item
pick_i32898;pick item
pick_i15721;pick item
pick_i35719;pick item
pick_i37884;pick item
pick_i37736;pick item
pick_i16133;pick item
ship_o1526;ship order
pick_i36703;pick item
pick_i27266;pick item
pick_i26228;pick item
pick_i30591;pick item
pick_i32608;pick item
pick_i36612;pick item
pick_i37190;pick item
pick_i18544;pick item
pick_i23137;pick item
pick_i25943;pick item
pick_i18865;pick item
pick_i22427;pick item
pick_i37903;pick item
pick_i28573;pick item
pick_i22718;pick item
pick_i19552;pick item
pick_i26507;pick item
pick_i30921;pick item
pick_i22356;pick item
pick_i27620;pick item
pick_i24990;pick item
pick_i25932;pick item
pick_i27091;pick item
pick_i25773;pick item
pick_i24098;pick item
pick_i36172;pick item
pick_i34632;pick item
pick_i29078;pick item
pick_i35766;pick item
pick_i23290;pick item
pick_i30481;pick item
pick_i32666;pick item
pick_i36309;pick item
pick_i27973;pick item
pick_i29970;pick item
pick_i30060;pick item
pick_i33703;pick item
pick_i33317;pick item
pick_i31939;pick item
pick_i36951;pick item
pick_i35321;pick item
pick_i36408;pick item
pick_i28727;pick item
pick_i34315;pick item
pick_i11724;pick item
pick_i36844;pick item
ship_o1267;ship order
pick_i37345;pick item
pick_i31481;pick item
pick_i35804;pick item
pick_i38461;pick item
pick_i32277;pick item
pick_i31508;pick item
pick_i21216;pick item
pick_i34597;pick item
pick_i19726;pick item
pick_i22831;pick item
pick_i33350;pick item
pick_i38465;pick item
pick_i35012;pick item
pick_i21961;pick item
pick_i31711;pick item
pick_i31971;pick item
pick_i34260;pick item
pick_i28205;pick item
pick_i27911;pick item
pick_i31268;pick item
pick_i35646;pick item
pick_i37870;pick item
pick_i19905;pick item
pick_i31375;pick item
pick_i34702;pick item
pick_i27221;pick item
pick_i18184;pick item
pick_i31261;pick item
pick_i37360;pick item
pick_i30602;pick item
pick_i36290;pick item
pick_i26849;pick item
pick_i28668;pick item
pick_i36226;pick item
pick_i37175;pick item
pick_i36321;pick item
pick_i37176;pick item
pick_i23283;pick item
pick_i34056;pick item
pick_i32917;pick item
pick_i25254;pick item
pick_i21864;pick item
pick_i36448;pick item
pick_i25402;pick item
pick_i17432;pick item
pick_i32948;pick item
pick_i36218;pick item
pick_i36882;pick item
pick_i30684;pick item
pick_i32371;pick item
pick_i37433;pick item
pick_i19827;pick item
pick_i36679;pick item
pick_i22498;pick item
pick_i36905;pick item
pick_i35407;pick item
pick_i31038;pick item
pick_i31704;pick item
pick_i10280;pick item
pick_i26548;pick item
ship_o1174;ship order
pick_i26982;pick item
pick_i29647;pick item
pick_i36743;pick item
pick_i33524;pick item
pick_i21843;pick item
pick_i32063;pick item
pick_i30867;pick item
pick_i24156;pick item
pick_i35674;pick item
pick_i30308;pick item
pick_i18593;pick item
pick_i36213;pick item
pick_i35283;pick item
pick_i18410;pick item
pick_i33398;pick item
pick_i25461;pick item
pick_i32340;pick item
pick_i33052;pick item
pick_i34409;pick item
pick_i35659;pick item
pick_i33474;pick item
pick_i32132;pick item
pick_i28027;pick item
pick_i31414;pick item
pick_i23946;pick item
pick_i35999;pick item
pick_i32985;pick item
pick_i27284;pick item
pick_i13634;pick item
pick_i36581;pick item
ship_o1382;ship order
pick_i34791;pick item
pick_i32287;pick item
pick_i30748;pick item
pick_i37125;pick item
pick_i33816;pick item
pick_i35493;pick item
pick_i31343;pick item
pick_i32258;pick item
pick_i12152;pick item
pick_i28219;pick item
ship_o1294;ship order
pick_i27802;pick item
pick_i26767;pick item
pick_i33251;pick item
pick_i29280;pick item
pick_i31409;pick item
pick_i24187;pick item
pick_i36088;pick item
pick_i25266;pick item
pick_i32832;pick item
pick_i38501;pick item
pick_i32597;pick item
pick_i32773;pick item
pick_i34353;pick item
pick_i20552;pick item
pick_i36234;pick item
pick_i36663;pick item
pick_i27351;pick item
pick_i36634;pick item
pick_i33112;pick item
pick_i29951;pick item
pick_i28574;pick item
pick_i33541;pick item
pick_i28683;pick item
pick_i19321;pick item
pick_i38640;pick item
pick_i23372;pick item
pick_i28861;pick item
pick_i36019;pick item
pick_i29073;pick item
pick_i36336;pick item
pick_i19531;pick item
pick_i20272;pick item
pick_i30778;pick item
pick_i37165;pick item
pick_i37170;pick item
pick_i36602;pick item
pick_i34944;pick item
pick_i33070;pick item
pick_i24871;pick item
pick_i35374;pick item
pick_i38502;pick item
pick_i36403;pick item
pick_i30773;pick item
pick_i38259;pick item
pick_i25595;pick item
pick_i28329;pick item
pick_i33152;pick item
pick_i30461;pick item
pick_i36606;pick item
pick_i18266;pick item
pick_i15499;pick item
pick_i38212;pick item
pick_i32209;pick item
pick_i21260;pick item
pick_i32698;pick item
pick_i29823;pick item
pick_i33802;pick item
pick_i37673;pick item
pick_i28404;pick item
pick_i36407;pick item
pick_i21153;pick item
pick_i23541;pick item
pick_i16631;pick item
pick_i22988;pick item
pick_i25416;pick item
pick_i34346;pick item
pick_i21366;pick item
pick_i28045;pick item
pick_i29325;pick item
pick_i35673;pick item
pick_i38258;pick item
pick_i31545;pick item
pick_i28424;pick item
pick_i30126;pick item
pick_i18599;pick item
pick_i28873;pick item
pick_i30034;pick item
pick_i30992;pick item
pick_i17879;pick item
pick_i22075;pick item
pick_i31408;pick item
pick_i27134;pick item
pick_i28202;pick item
pick_i31074;pick item
pick_i16493;pick item
pick_i37166;pick item
pick_i30257;pick item
pick_i30445;pick item
pick_i35146;pick item
pick_i26440;pick item
pick_i28980;pick item
pick_i27459;pick item
pick_i36643;pick item
pick_i36868;pick item
pick_i32043;pick item
pick_i19111;pick item
ship_o1686;ship order
pick_i21851;pick item
pick_i28308;pick item
pick_i32438;pick item
pick_i28695;pick item
pick_i35068;pick item
pick_i38607;pick item
pick_i37857;pick item
pick_i32354;pick item
pick_i26453;pick item
pick_i23858;pick item
pick_i18189;pick item
pick_i37129;pick item
pick_i37242;pick item
pick_i15922;pick item
pick_i22828;pick item
pick_i35170;pick item
pick_i14180;pick item
ship_o1414;ship order
pick_i28284;pick item
pick_i17179;pick item
ship_o1584;ship order
pick_i34476;pick item
pick_i34083;pick item
pick_i35315;pick item
pick_i24615;pick item
pick_i36980;pick item
pick_i21973;pick item
pick_i25389;pick item
pick_i36335;pick item
pick_i34302;pick item
pick_i29272;pick item
pick_i20761;pick item
pick_i24249;pick item
pick_i38360;pick item
pick_i28442;pick item
pick_i19009;pick item
pick_i35499;pick item
pick_i29144;pick item
pick_i18500;pick item
pick_i37557;pick item
pick_i28735;pick item
pick_i11926;pick item
ship_o1281;ship order
pick_i34431;pick item
pick_i28301;pick item
pick_i24870;pick item
pick_i35151;pick item
pick_i36942;pick item
pick_i35059;pick item
pick_i28757;pick item
pick_i24809;pick item
pick_i35174;pick item
pick_i20818;pick item
pick_i22512;pick item
pick_i23602;pick item
pick_i33932;pick item
pick_i32992;pick item
pick_i34810;pick item
pick_i37618;pick item
pick_i18621;pick item
pick_i34253;pick item
pick_i29300;pick item
pick_i13263;pick item
pick_i37153;pick item
pick_i22587;pick item
pick_i34351;pick item
pick_i23236;pick item
pick_i22063;pick item
pick_i33948;pick item
pick_i38233;pick item
pick_i26074;pick item
pick_i36198;pick item
pick_i32888;pick item
pick_i34947;pick item
pick_i37791;pick item
pick_i19949;pick item
pick_i32395;pick item
pick_i26665;pick item
pick_i20718;pick item
pick_i37184;pick item
pick_i32493;pick item
pick_i33342;pick item
pick_i26794;pick item
pick_i32952;pick item
pick_i21950;pick item
pick_i34874;pick item
pick_i34963;pick item
pick_i16838;pick item
pick_i34266;pick item
pick_i29595;pick item
pick_i28480;pick item
pick_i34498;pick item
pick_i34792;pick item
pick_i36574;pick item
pick_i20613;pick item
pick_i36217;pick item
pick_i23981;pick item
pick_i20615;pick item
pick_i34672;pick item
pick_i28430;pick item
pick_i34208;pick item
pick_i26114;pick item
pick_i36665;pick item
pick_i36110;pick item
pick_i28585;pick item
pick_i36759;pick item
pick_i30092;pick item
pick_i30471;pick item
pick_i27854;pick item
pick_i30937;pick item
pick_i27522;pick item
pick_i24981;pick item
pick_i38240;pick item
pick_i31312;pick item
pick_i32204;pick item
pick_i30307;pick item
pick_i30555;pick item
pick_i38420;pick item
pick_i23425;pick item
pick_i35879;pick item
pick_i35777;pick item
pick_i26791;pick item
pick_i37219;pick item
pick_i36955;pick item
pick_i30104;pick item
pick_i26656;pick item
pick_i10316;pick item
ship_o1178;ship order
pick_i36579;pick item
pick_i37327;pick item
pick_i12605;pick item
pick_i33889;pick item
ship_o1322;ship order
pick_i31524;pick item
pick_i32648;pick item
pick_i36318;pick item
pick_i32647;pick item
pick_i31522;pick item
pick_i19345;pick item
pick_i17163;pick item
pick_i33495;pick item
pick_i23182;pick item
pick_i31911;pick item
pick_i35384;pick item
pick_i37710;pick item
pick_i28667;pick item
pick_i18282;pick item
pick_i34047;pick item
pick_i30134;pick item
pick_i22998;pick item
pick_i38410;pick item
pick_i32057;pick item
pick_i37495;pick item
pick_i38530;pick item
pick_i37419;pick item
pick_i32017;pick item
pick_i33084;pick item
pick_i29495;pick item
pick_i30119;pick item
pick_i35394;pick item
pick_i30160;pick item
pick_i14969;pick item
pick_i28904;pick item
pick_i37254;pick item
pick_i22625;pick item
pick_i29381;pick item
pick_i32731;pick item
pick_i25739;pick item
pick_i33413;pick item
pick_i25237;pick item
pick_i33606;pick item
pick_i36513;pick item
pick_i29459;pick item
pick_i25552;pick item
pick_i30578;pick item
pick_i29977;pick item
pick_i31458;pick item
pick_i27924;pick item
pick_i28852;pick item
pick_i21010;pick item
pick_i33017;pick item
pick_i37400;pick item
pick_i18272;pick item
pick_i35320;pick item
pick_i23772;pick item
pick_i30785;pick item
pick_i37803;pick item
pick_i30346;pick item
pick_i30153;pick item
pick_i28570;pick item
pick_i16870;pick item
pick_i35495;pick item
pick_i31263;pick item
pick_i35289;pick item
pick_i21146;pick item
pick_i26075;pick item
pick_i23908;pick item
pick_i29422;pick item
pick_i21958;pick item
pick_i28831;pick item
pick_i26462;pick item
pick_i25683;pick item
pick_i35236;pick item
pick_i36926;pick item
pick_i32709;pick item
pick_i31333;pick item
pick_i36833;pick item
pick_i38018;pick item
pick_i34730;pick item
pick_i23398;pick item
pick_i30682;pick item
pick_i38573;pick item
pick_i36421;pick item
pick_i25095;pick item
pick_i34038;pick item
pick_i37207;pick item
pick_i38630;pick item
pick_i27013;pick item
pick_i38055;pick item
pick_i19822;pick item
pick_i24693;pick item
pick_i31657;pick item
pick_i33742;pick item
pick_i33266;pick item
pick_i33412;pick item
pick_i35958;pick item
pick_i16653;pick item
pick_i36015;pick item
pick_i37695;pick item
pick_i26951;pick item
pick_i34764;pick item
pick_i20088;pick item
pick_i33480;pick item
pick_i37504;pick item
pick_i36275;pick item
pick_i37284;pick item
pick_i28140;pick item
pick_i34017;pick item
pick_i37486;pick item
pick_i35859;pick item
pick_i30552;pick item
pick_i28390;pick item
pick_i30637;pick item
pick_i26363;pick item
pick_i28240;pick item
pick_i32278;pick item
pick_i37043;pick item
pick_i22786;pick item
pick_i33227;pick item
pick_i29334;pick item
pick_i33981;pick item
pick_i37959;pick item
pick_i32602;pick item
pick_i38305;pick item
pick_i20465;pick item
pick_i30088;pick item
pick_i30828;pick item
pick_i31964;pick item
pick_i20499;pick item
pick_i38394;pick item
pick_i36928;pick item
pick_i27875;pick item
pick_i28778;pick item
pick_i35788;pick item
pick_i34696;pick item
pick_i22874;pick item
pick_i30820;pick item
pick_i23344;pick item
pick_i27904;pick item
pick_i26245;pick item
pick_i38284;pick item
pick_i29176;pick item
pick_i37525;pick item
pick_i31504;pick item
pick_i37428;pick item
pick_i34415;pick item
pick_i26448;pick item
pick_i36565;pick item
pick_i29961;pick item
pick_i26164;pick item
pick_i13953;pick item
pick_i26522;pick item
pick_i34768;pick item
pick_i36378;pick item
pick_i28254;pick item
pick_i19229;pick item
pick_i35522;pick item
pick_i30169;pick item
pick_i37139;pick item
pick_i19310;pick item
pick_i28710;pick item
pick_i33110;pick item
pick_i31841;pick item
pick_i30328;pick item
pick_i38216;pick item
pick_i20918;pick item
pick_i38562;pick item
pick_i31222;pick item
pick_i37136;pick item
pick_i30414;pick item
pick_i31893;pick item
pick_i31747;pick item
pick_i34333;pick item
pick_i26296;pick item
pick_i37036;pick item
pick_i27628;pick item
pick_i30271;pick item
pick_i35317;pick item
pick_i31931;pick item
pick_i36587;pick item
pick_i32221;pick item
pick_i20489;pick item
pick_i28723;pick item
pick_i34362;pick item
pick_i36151;pick item
pick_i20401;pick item
pick_i30484;pick item
pick_i37598;pick item
pick_i26755;pick item
pick_i27359;pick item
pick_i23501;pick item
pick_i37472;pick item
pick_i35008;pick item
pick_i30762;pick item
pick_i23404;pick item
pick_i21148;pick item
pick_i27324;pick item
pick_i32538;pick item
pick_i29296;pick item
pick_i25647;pick item
pick_i28978;pick item
pick_i26196;pick item
pick_i31526;pick item
pick_i36933;pick item
pick_i20104;pick item
pick_i22812;pick item
pick_i35595;pick item
pick_i31436;pick item
pick_i37109;pick item
pick_i33612;pick item
pick_i38483;pick item
pick_i20438;pick item
pick_i35892;pick item
pick_i32564;pick item
pick_i38245;pick item
pick_i17745;pick item
pick_i27523;pick item
pick_i36148;pick item
pick_i34393;pick item
pick_i16062;pick item
pick_i31685;pick item
pick_i21471;pick item
pick_i33340;pick item
pick_i36293;pick item
pick_i33397;pick item
pick_i38469;pick item
pick_i26406;pick item
pick_i18557;pick item
pick_i24955;pick item
pick_i27301;pick item
pick_i33533;pick item
pick_i34293;pick item
pick_i27644;pick item
pick_i33558;pick item
pick_i35050;pick item
pick_i26243;pick item
pick_i27955;pick item
pick_i25909;pick item
pick_i31449;pick item
pick_i29922;pick item
pick_i37226;pick item
pick_i20411;pick item
pick_i29605;pick item
pick_i36672;pick item
pick_i29554;pick item
pick_i17156;pick item
pick_i24323;pick item
pick_i31577;pick item
pick_i27972;pick item
pick_i35072;pick item
pick_i14770;pick item
pick_i27658;pick item
pick_i33591;pick item
pick_i33867;pick item
pick_i24771;pick item
pick_i37287;pick item
pick_i38096;pick item
pick_i23756;pick item
pick_i32696;pick item
pick_i34895;pick item
pick_i33434;pick item
pick_i30508;pick item
pick_i34041;pick item
pick_i32766;pick item
pick_i20502;pick item
pick_i26990;pick item
pick_i25583;pick item
pick_i27052;pick item
pick_i38011;pick item
pick_i27147;pick item
pick_i27497;pick item
pick_i24822;pick item
pick_i38026;pick item
pick_i35242;pick item
pick_i19203;pick item
pick_i33186;pick item
pick_i23378;pick item
pick_i37704;pick item
pick_i36815;pick item
pick_i25636;pick item
pick_i31789;pick item
pick_i30499;pick item
pick_i37140;pick item
pick_i38647;pick item
pick_i33818;pick item
pick_i24071;pick item
pick_i27750;pick item
pick_i35626;pick item
pick_i26039;pick item
pick_i37655;pick item
pick_i33243;pick item
pick_i26086;pick item
pick_i34078;pick item
pick_i22960;pick item
pick_i22371;pick item
pick_i35950;pick item
pick_i22233;pick item
pick_i36848;pick item
pick_i27487;pick item
pick_i20475;pick item
pick_i16044;pick item
pick_i29738;pick item
pick_i20030;pick item
pick_i33210;pick item
pick_i24085;pick item
pick_i34483;pick item
pick_i27296;pick item
pick_i37466;pick item
pick_i24667;pick item
pick_i24285;pick item
pick_i19728;pick item
pick_i37743;pick item
pick_i35111;pick item
pick_i32003;pick item
pick_i33799;pick item
pick_i38088;pick item
pick_i21255;pick item
pick_i15493;pick item
pick_i38539;pick item
pick_i23594;pick item
pick_i33839;pick item
pick_i34865;pick item
pick_i33824;pick item
pick_i31453;pick item
pick_i35053;pick item
pick_i22602;pick item
pick_i37266;pick item
pick_i35455;pick item
pick_i31751;pick item
pick_i31186;pick item
pick_i38523;pick item
pick_i27859;pick item
pick_i17659;pick item
pick_i26970;pick item
pick_i37614;pick item
pick_i38464;pick item
pick_i29674;pick item
pick_i37459;pick item
pick_i27846;pick item
pick_i23563;pick item
pick_i19976;pick item
pick_i26549;pick item
pick_i37769;pick item
pick_i25761;pick item
pick_i35131;pick item
pick_i26078;pick item
pick_i24175;pick item
pick_i19754;pick item
pick_i33389;pick item
pick_i34557;pick item
pick_i27138;pick item
pick_i37410;pick item
pick_i30585;pick item
pick_i18552;pick item
pick_i30919;pick item
pick_i28126;pick item
pick_i21058;pick item
pick_i16768;pick item
pick_i36340;pick item
pick_i35048;pick item
pick_i18093;pick item
pick_i29972;pick item
pick_i35155;pick item
pick_i20745;pick item
pick_i25556;pick item
pick_i34759;pick item
pick_i31615;pick item
pick_i36030;pick item
pick_i26497;pick item
pick_i19544;pick item
pick_i20179;pick item
pick_i26204;pick item
pick_i23693;pick item
pick_i23026;pick item
pick_i27684;pick item
pick_i36521;pick item
pick_i33972;pick item
pick_i30698;pick item
pick_i31044;pick item
pick_i25612;pick item
pick_i35056;pick item
pick_i34932;pick item
pick_i35666;pick item
pick_i22199;pick item
pick_i23883;pick item
pick_i21031;pick item
pick_i20273;pick item
pick_i30932;pick item
pick_i25991;pick item
pick_i36163;pick item
pick_i33808;pick item
pick_i34386;pick item
pick_i26636;pick item
pick_i29687;pick item
pick_i20644;pick item
pick_i32893;pick item
pick_i23353;pick item
pick_i36877;pick item
pick_i17134;pick item
pick_i25156;pick item
ship_o1582;ship order
pick_i23080;pick item
pick_i20885;pick item
pick_i13605;pick item
pick_i29446;pick item
pick_i32489;pick item
pick_i19021;pick item
pick_i18238;pick item
pick_i30375;pick item
pick_i22969;pick item
pick_i36625;pick item
pick_i30886;pick item
pick_i33924;pick item
pick_i37938;pick item
pick_i21315;pick item
pick_i30722;pick item
pick_i36014;pick item
pick_i22103;pick item
pick_i37024;pick item
pick_i24838;pick item
pick_i34383;pick item
pick_i33130;pick item
pick_i38228;pick item
pick_i18312;pick item
pick_i31095;pick item
pick_i16844;pick item
ship_o1567;ship order
pick_i29315;pick item
pick_i32077;pick item
pick_i36415;pick item
pick_i33187;pick item
pick_i36782;pick item
pick_i29306;pick item
pick_i17104;pick item
pick_i34013;pick item
pick_i15377;pick item
pick_i19489;pick item
pick_i35333;pick item
pick_i36878;pick item
pick_i35505;pick item
pick_i33731;pick item
pick_i37092;pick item
pick_i26045;pick item
pick_i36341;pick item
pick_i33942;pick item
pick_i36938;pick item
pick_i34888;pick item
pick_i20560;pick item
pick_i27981;pick item
pick_i33331;pick item
pick_i37679;pick item
pick_i31111;pick item
pick_i21215;pick item
pick_i33330;pick item
pick_i35624;pick item
pick_i36957;pick item
pick_i24650;pick item
pick_i36083;pick item
pick_i35778;pick item
pick_i27583;pick item
pick_i33891;pick item
pick_i20309;pick item
pick_i28561;pick item
pick_i24082;pick item
pick_i25195;pick item
pick_i24707;pick item
pick_i33454;pick item
pick_i29339;pick item
pick_i33246;pick item
pick_i19184;pick item
pick_i36559;pick item
pick_i33268;pick item
pick_i36236;pick item
pick_i29450;pick item
pick_i20110;pick item
pick_i37423;pick item
pick_i34744;pick item
pick_i33171;pick item
pick_i37368;pick item
pick_i37881;pick item
pick_i24366;pick item
pick_i29201;pick item
pick_i27102;pick item
pick_i24617;pick item
pick_i29063;pick item
pick_i35932;pick item
pick_i34132;pick item
pick_i38521;pick item
pick_i38473;pick item
pick_i30554;pick item
pick_i23310;pick item
pick_i19587;pick item
pick_i36043;pick item
pick_i22357;pick item
pick_i36036;pick item
pick_i36840;pick item
pick_i20716;pick item
pick_i32551;pick item
pick_i22551;pick item
pick_i25603;pick item
pick_i37467;pick item
pick_i21878;pick item
pick_i28716;pick item
pick_i26026;pick item
pick_i32232;pick item
pick_i21178;pick item
pick_i23538;pick item
pick_i37775;pick item
pick_i29396;pick item
pick_i34429;pick item
pick_i29345;pick item
pick_i28689;pick item
pick_i28043;pick item
pick_i26097;pick item
pick_i37699;pick item
pick_i34247;pick item
pick_i24540;pick item
pick_i26987;pick item
pick_i33209;pick item
pick_i36090;pick item
pick_i38327;pick item
pick_i37862;pick item
pick_i30980;pick item
pick_i32965;pick item
pick_i30162;pick item
pick_i35826;pick item
pick_i21289;pick item
pick_i31509;pick item
pick_i38547;pick item
pick_i33880;pick item
pick_i30811;pick item
pick_i33137;pick item
pick_i36835;pick item
pick_i34446;pick item
pick_i30987;pick item
pick_i31682;pick item
pick_i34046;pick item
pick_i32379;pick item
pick_i38038;pick item
pick_i34694;pick item
pick_i36522;pick item
pick_i34529;pick item
pick_i33583;pick item
pick_i35463;pick item
pick_i37723;pick item
pick_i36772;pick item
pick_i32689;pick item
pick_i19513;pick item
pick_i23056;pick item
pick_i21218;pick item
pick_i32874;pick item
pick_i33573;pick item
pick_i34600;pick item
pick_i19054;pick item
pick_i32173;pick item
pick_i36995;pick item
pick_i27637;pick item
pick_i38361;pick item
pick_i33854;pick item
pick_i34687;pick item
pick_i36504;pick item
pick_i25868;pick item
pick_i20268;pick item
pick_i33534;pick item
pick_i27536;pick item
pick_i36193;pick item
pick_i37122;pick item
pick_i27651;pick item
pick_i37757;pick item
pick_i30697;pick item
pick_i34382;pick item
pick_i35645;pick item
pick_i26070;pick item
pick_i34143;pick item
pick_i31252;pick item
pick_i30916;pick item
pick_i18813;pick item
ship_o1670;ship order
pick_i25877;pick item
pick_i37477;pick item
pick_i30681;pick item
pick_i20543;pick item
pick_i27832;pick item
pick_i37737;pick item
pick_i33829;pick item
pick_i37807;pick item
pick_i31080;pick item
pick_i35097;pick item
pick_i33111;pick item
pick_i37002;pick item
pick_i36891;pick item
pick_i18361;pick item
pick_i25968;pick item
pick_i37644;pick item
pick_i17159;pick item
pick_i27677;pick item
pick_i32785;pick item
pick_i33762;pick item
pick_i37213;pick item
pick_i27205;pick item
pick_i25480;pick item
pick_i38644;pick item
pick_i31557;pick item
pick_i36282;pick item
pick_i36067;pick item
pick_i35244;pick item
pick_i37356;pick item
pick_i34743;pick item
pick_i28692;pick item
pick_i26203;pick item
pick_i24599;pick item
pick_i34540;pick item
pick_i36685;pick item
pick_i26740;pick item
pick_i29058;pick item
pick_i37010;pick item
pick_i24185;pick item
pick_i33860;pick item
pick_i32430;pick item
pick_i13017;pick item
ship_o1346;ship order
pick_i25172;pick item
pick_i19314;pick item
pick_i30756;pick item
pick_i26424;pick item
pick_i35861;pick item
pick_i36368;pick item
pick_i25093;pick item
pick_i27797;pick item
pick_i26679;pick item
pick_i31428;pick item
pick_i30264;pick item
pick_i23047;pick item
pick_i38089;pick item
pick_i38019;pick item
pick_i30320;pick item
pick_i35720;pick item
pick_i24580;pick item
pick_i24584;pick item
pick_i31721;pick item
pick_i30455;pick item
pick_i38271;pick item
pick_i28981;pick item
pick_i23850;pick item
pick_i37375;pick item
pick_i38029;pick item
pick_i27069;pick item
pick_i28099;pick item
pick_i24816;pick item
pick_i29804;pick item
pick_i19375;pick item
pick_i32789;pick item
pick_i16220;pick item
pick_i23825;pick item
pick_i26898;pick item
pick_i23131;pick item
pick_i20701;pick item
pick_i37103;pick item
pick_i21560;pick item
pick_i30610;pick item
pick_i30986;pick item
pick_i31115;pick item
pick_i23940;pick item
pick_i27335;pick item
pick_i36210;pick item
pick_i33912;pick item
pick_i30525;pick item
pick_i33804;pick item
pick_i20054;pick item
pick_i28760;pick item
pick_i37970;pick item
pick_i34535;pick item
pick_i26304;pick item
pick_i33717;pick item
pick_i24669;pick item
pick_i34936;pick item
pick_i34925;pick item
pick_i34896;pick item
pick_i31398;pick item
pick_i37449;pick item
pick_i17595;pick item
pick_i35350;pick item
pick_i17812;pick item
pick_i23473;pick item
pick_i35271;pick item
pick_i35665;pick item
pick_i28030;pick item
pick_i38002;pick item
pick_i31853;pick item
pick_i33265;pick item
pick_i36346;pick item
pick_i36146;pick item
pick_i36112;pick item
pick_i19744;pick item
pick_i31020;pick item
pick_i36509;pick item
pick_i37306;pick item
pick_i34373;pick item
pick_i31832;pick item
pick_i32051;pick item
pick_i36326;pick item
pick_i24867;pick item
pick_i30848;pick item
pick_i15209;pick item
pick_i31507;pick item
pick_i37335;pick item
pick_i35137;pick item
pick_i37759;pick item
pick_i32605;pick item
pick_i33994;pick item
pick_i19086;pick item
pick_i32521;pick item
pick_i34549;pick item
pick_i23121;pick item
pick_i24088;pick item
pick_i38226;pick item
pick_i36425;pick item
pick_i24861;pick item
pick_i14345;pick item
ship_o1424;ship order
pick_i32345;pick item
pick_i37839;pick item
pick_i34020;pick item
pick_i30255;pick item
pick_i31870;pick item
pick_i32806;pick item
pick_i36404;pick item
pick_i36289;pick item
pick_i22937;pick item
pick_i35462;pick item
pick_i37497;pick item
pick_i33256;pick item
pick_i26112;pick item
pick_i29493;pick item
pick_i19946;pick item
pick_i18577;pick item
pick_i36880;pick item
pick_i20740;pick item
pick_i26815;pick item
pick_i37340;pick item
pick_i37721;pick item
pick_i23680;pick item
pick_i35037;pick item
pick_i22409;pick item
pick_i33213;pick item
pick_i27385;pick item
pick_i28565;pick item
pick_i35264;pick item
pick_i26825;pick item
pick_i28972;pick item
pick_i38009;pick item
pick_i31335;pick item
pick_i18324;pick item
ship_o1644;ship order
pick_i31579;pick item
pick_i16800;pick item
pick_i32537;pick item
ship_o1565;ship order
pick_i24119;pick item
pick_i28055;pick item
pick_i31729;pick item
pick_i34169;pick item
pick_i25958;pick item
pick_i37506;pick item
pick_i38441;pick item
pick_i33856;pick item
pick_i37535;pick item
pick_i38379;pick item
pick_i38036;pick item
pick_i31082;pick item
pick_i27774;pick item
pick_i22746;pick item
pick_i19096;pick item
pick_i32194;pick item
pick_i37455;pick item
pick_i35458;pick item
pick_i37771;pick item
pick_i37834;pick item
pick_i31486;pick item
pick_i33124;pick item
pick_i33669;pick item
pick_i34692;pick item
pick_i36377;pick item
pick_i28833;pick item
pick_i24461;pick item
pick_i33315;pick item
pick_i33099;pick item
pick_i28435;pick item
pick_i27505;pick item
pick_i26828;pick item
pick_i27874;pick item
pick_i27048;pick item
pick_i30135;pick item
pick_i32584;pick item
pick_i20069;pick item
pick_i33618;pick item
pick_i27179;pick item
pick_i38176;pick item
pick_i28208;pick item
pick_i23315;pick item
pick_i29390;pick item
pick_i32579;pick item
pick_i37349;pick item
pick_i35402;pick item
pick_i30953;pick item
pick_i25879;pick item
pick_i33987;pick item
pick_i11680;pick item
pick_i23077;pick item
ship_o1265;ship order
pick_i24244;pick item
pick_i34681;pick item
pick_i27074;pick item
pick_i26887;pick item
pick_i20084;pick item
pick_i28973;pick item
pick_i30309;pick item
pick_i26967;pick item
pick_i17828;pick item
pick_i29672;pick item
pick_i37664;pick item
pick_i34504;pick item
pick_i17809;pick item
pick_i28868;pick item
pick_i35992;pick item
pick_i37837;pick item
pick_i31128;pick item
pick_i35452;pick item
pick_i21788;pick item
pick_i30061;pick item
pick_i34656;pick item
pick_i23581;pick item
pick_i29711;pick item
pick_i31649;pick item
pick_i29995;pick item
pick_i20991;pick item
pick_i23165;pick item
pick_i37991;pick item
pick_i33394;pick item
pick_i32436;pick item
pick_i35529;pick item
pick_i26032;pick item
pick_i35235;pick item
pick_i25225;pick item
pick_i36746;pick item
pick_i32851;pick item
pick_i26178;pick item
pick_i38218;pick item
pick_i32996;pick item
pick_i24235;pick item
pick_i31926;pick item
pick_i36826;pick item
pick_i37554;pick item
pick_i34706;pick item
pick_i21722;pick item
pick_i24236;pick item
pick_i20456;pick item
pick_i30393;pick item
pick_i32193;pick item
pick_i27827;pick item
pick_i33549;pick item
pick_i20230;pick item
pick_i16192;pick item
pick_i29333;pick item
pick_i33780;pick item
pick_i29158;pick item
pick_i37677;pick item
pick_i31013;pick item
pick_i27444;pick item
pick_i31949;pick item
pick_i37534;pick item
pick_i35372;pick item
pick_i36971;pick item
pick_i22100;pick item
pick_i30679;pick item
pick_i29041;pick item
pick_i29330;pick item
pick_i30894;pick item
pick_i32600;pick item
pick_i37960;pick item
pick_i33540;pick item
pick_i36017;pick item
pick_i36437;pick item
pick_i27632;pick item
pick_i30621;pick item
pick_i34484;pick item
pick_i16314;pick item
pick_i30008;pick item
pick_i22695;pick item
pick_i30293;pick item
pick_i32539;pick item
pick_i36711;pick item
pick_i19792;pick item
pick_i30711;pick item
pick_i35039;pick item
pick_i28066;pick item
pick_i37256;pick item
pick_i15257;pick item
pick_i24523;pick item
pick_i33726;pick item
pick_i27273;pick item
pick_i29228;pick item
pick_i35208;pick item
pick_i20028;pick item
pick_i34304;pick item
pick_i36390;pick item
pick_i37059;pick item
pick_i31753;pick item
pick_i16031;pick item
ship_o1521;ship order
pick_i32507;pick item
pick_i24105;pick item
pick_i35616;pick item
pick_i37258;pick item
pick_i26336;pick item
pick_i29540;pick item
pick_i23040;pick item
pick_i31725;pick item
pick_i26132;pick item
pick_i20354;pick item
pick_i32639;pick item
pick_i25492;pick item
pick_i28666;pick item
pick_i22474;pick item
pick_i24423;pick item
pick_i33784;pick item
pick_i34562;pick item
pick_i20911;pick item
pick_i31891;pick item
pick_i36165;pick item
pick_i29443;pick item
pick_i19014;pick item
pick_i36039;pick item
pick_i30560;pick item
pick_i33415;pick item
pick_i32481;pick item
pick_i31901;pick item
pick_i32523;pick item
pick_i26487;pick item
pick_i35431;pick item
pick_i31353;pick item
pick_i26894;pick item
pick_i31382;pick item
pick_i30220;pick item
pick_i34158;pick item
pick_i29593;pick item
pick_i35921;pick item
pick_i31941;pick item
pick_i31639;pick item
pick_i25870;pick item
pick_i33936;pick item
pick_i37625;pick item
pick_i33645;pick item
pick_i28049;pick item
pick_i31280;pick item
pick_i35143;pick item
pick_i25929;pick item
pick_i19915;pick item
pick_i37134;pick item
pick_i31985;pick item
pick_i31201;pick item
pick_i24606;pick item
pick_i37087;pick item
pick_i31275;pick item
pick_i26284;pick item
pick_i28176;pick item
pick_i33442;pick item
pick_i21174;pick item
pick_i23008;pick item
pick_i36164;pick item
pick_i38621;pick item
pick_i21241;pick item
pick_i34724;pick item
pick_i26214;pick item
pick_i35246;pick item
pick_i33498;pick item
pick_i32994;pick item
pick_i35878;pick item
pick_i31784;pick item
pick_i33396;pick item
pick_i21485;pick item
pick_i16026;pick item
pick_i32979;pick item
pick_i30452;pick item
pick_i38020;pick item
pick_i37202;pick item
pick_i31883;pick item
pick_i29229;pick item
pick_i24384;pick item
pick_i29016;pick item
pick_i17070;pick item
pick_i29845;pick item
pick_i32078;pick item
pick_i29281;pick item
pick_i36808;pick item
pick_i35711;pick item
pick_i37020;pick item
pick_i21536;pick item
pick_i21351;pick item
pick_i22757;pick item
pick_i29624;pick item
pick_i38645;pick item
pick_i37532;pick item
pick_i36511;pick item
pick_i24751;pick item
pick_i17997;pick item
pick_i18048;pick item
pick_i37069;pick item
pick_i34079;pick item
pick_i29676;pick item
pick_i26914;pick item
pick_i31269;pick item
pick_i37135;pick item
pick_i25727;pick item
pick_i20685;pick item
pick_i36688;pick item
pick_i27250;pick item
pick_i16468;pick item
pick_i27676;pick item
pick_i23690;pick item
pick_i35117;pick item
pick_i31993;pick item
pick_i19893;pick item
ship_o1724;ship order
pick_i37051;pick item
pick_i19339;pick item
pick_i31691;pick item
pick_i34663;pick item
pick_i31874;pick item
pick_i28163;pick item
pick_i28599;pick item
pick_i36512;pick item
pick_i25043;pick item
pick_i20340;pick item
pick_i19301;pick item
pick_i31076;pick item
pick_i34641;pick item
pick_i32512;pick item
pick_i22077;pick item
pick_i28250;pick item
pick_i26275;pick item
pick_i34880;pick item
pick_i33574;pick item
pick_i21800;pick item
pick_i32737;pick item
pick_i32366;pick item
pick_i35267;pick item
pick_i15514;pick item
pick_i28015;pick item
pick_i32188;pick item
pick_i27276;pick item
pick_i34123;pick item
pick_i22332;pick item
pick_i25196;pick item
pick_i14893;pick item
pick_i35951;pick item
pick_i28196;pick item
pick_i34426;pick item
pick_i38617;pick item
pick_i18730;pick item
pick_i27428;pick item
pick_i27347;pick item
pick_i18940;pick item
pick_i29558;pick item
pick_i32210;pick item
pick_i38065;pick item
pick_i26438;pick item
pick_i22114;pick item
pick_i30003;pick item
pick_i33960;pick item
pick_i32808;pick item
pick_i38385;pick item
pick_i38480;pick item
pick_i33708;pick item
pick_i32280;pick item
pick_i36343;pick item
pick_i32719;pick item
pick_i27868;pick item
pick_i36300;pick item
pick_i35607;pick item
pick_i24590;pick item
pick_i30558;pick item
pick_i17335;pick item
pick_i29199;pick item
pick_i29681;pick item
pick_i20300;pick item
pick_i29809;pick item
pick_i23902;pick item
pick_i16303;pick item
pick_i30721;pick item
pick_i22935;pick item
pick_i22465;pick item
pick_i32671;pick item
pick_i37948;pick item
pick_i37805;pick item
pick_i36571;pick item
pick_i32034;pick item
pick_i37155;pick item
pick_i18774;pick item
pick_i30511;pick item
pick_i33297;pick item
pick_i35276;pick item
pick_i30244;pick item
pick_i34125;pick item
pick_i24276;pick item
pick_i20278;pick item
pick_i26309;pick item
pick_i33080;pick item
pick_i30344;pick item
pick_i26736;pick item
pick_i38392;pick item
pick_i35300;pick item
pick_i33775;pick item
pick_i16756;pick item
pick_i33036;pick item
pick_i37550;pick item
pick_i23926;pick item
pick_i25446;pick item
pick_i30286;pick item
pick_i35154;pick item
pick_i24629;pick item
pick_i38435;pick item
pick_i32706;pick item
pick_i21477;pick item
pick_i33006;pick item
pick_i29971;pick item
pick_i34390;pick item
pick_i16073;pick item
pick_i36584;pick item
pick_i36500;pick item
pick_i21589;pick item
pick_i33774;pick item
pick_i11494;pick item
pick_i26651;pick item
pick_i22188;pick item
pick_i27500;pick item
pick_i35448;pick item
pick_i29628;pick item
pick_i29630;pick item
pick_i33252;pick item
pick_i24611;pick item
pick_i38479;pick item
pick_i27725;pick item
pick_i38246;pick item
pick_i16086;pick item
pick_i33974;pick item
pick_i28532;pick item
pick_i33643;pick item
pick_i32779;pick item
pick_i21402;pick item
pick_i15268;pick item
pick_i16404;pick item
pick_i37518;pick item
pick_i34085;pick item
pick_i23670;pick item
pick_i38642;pick item
pick_i36120;pick item
pick_i30641;pick item
pick_i35925;pick item
pick_i32904;pick item
pick_i31770;pick item
pick_i29754;pick item
pick_i37929;pick item
pick_i31151;pick item
pick_i26787;pick item
pick_i30031;pick item
pick_i32502;pick item
pick_i27029;pick item
pick_i38404;pick item
pick_i23744;pick item
pick_i35551;pick item
pick_i36115;pick item
pick_i31920;pick item
pick_i32255;pick item
pick_i32498;pick item
pick_i21305;pick item
pick_i33699;pick item
pick_i28590;pick item
pick_i23024;pick item
pick_i35630;pick item
pick_i25258;pick item
pick_i29088;pick item
pick_i34883;pick item
pick_i30629;pick item
pick_i30834;pick item
pick_i36619;pick item
pick_i23793;pick item
pick_i36517;pick item
pick_i31970;pick item
pick_i34423;pick item
pick_i25806;pick item
pick_i28995;pick item
pick_i31666;pick item
pick_i30840;pick item
pick_i35014;pick item
pick_i32865;pick item
pick_i35167;pick item
pick_i25573;pick item
pick_i29386;pick item
pick_i28405;pick item
pick_i23466;pick item
pick_i29923;pick item
pick_i34781;pick item
pick_i23210;pick item
pick_i25381;pick item
pick_i35860;pick item
pick_i27611;pick item
pick_i36178;pick item
pick_i30944;pick item
pick_i25786;pick item
pick_i16890;pick item
pick_i31068;pick item
pick_i36265;pick item
pick_i31946;pick item
pick_i28013;pick item
pick_i24077;pick item
pick_i28311;pick item
pick_i37787;pick item
pick_i28399;pick item
pick_i37429;pick item
pick_i31822;pick item
pick_i28167;pick item
pick_i29341;pick item
pick_i34931;pick item
pick_i35827;pick item
pick_i34097;pick item
pick_i34974;pick item
pick_i38594;pick item
pick_i37671;pick item
pick_i24218;pick item
pick_i37563;pick item
pick_i36769;pick item
pick_i29243;pick item
pick_i38209;pick item
pick_i37154;pick item
pick_i17529;pick item
pick_i21835;pick item
pick_i37950;pick item
pick_i35653;pick item
pick_i28508;pick item
pick_i38643;pick item
pick_i37578;pick item
pick_i36114;pick item
pick_i27640;pick item
pick_i33062;pick item
pick_i35465;pick item
pick_i34049;pick item
pick_i30222;pick item
pick_i37810;pick item
pick_i37861;pick item
pick_i36064;pick item
pick_i35893;pick item
pick_i37984;pick item
pick_i34482;pick item
pick_i30206;pick item
pick_i24836;pick item
pick_i21539;pick item
pick_i34343;pick item
pick_i22644;pick item
pick_i21815;pick item
pick_i32402;pick item
pick_i28376;pick item
pick_i34457;pick item
pick_i24776;pick item
pick_i38012;pick item
pick_i22376;pick item
pick_i33811;pick item
pick_i23109;pick item
pick_i31119;pick item
pick_i17782;pick item
pick_i34841;pick item
pick_i27888;pick item
pick_i32566;pick item
pick_i28131;pick item
pick_i35477;pick item
pick_i38152;pick item
pick_i26895;pick item
pick_i37008;pick item
pick_i36706;pick item
pick_i24728;pick item
pick_i37465;pick item
pick_i29603;pick item
pick_i21764;pick item
pick_i37732;pick item
pick_i38400;pick item
pick_i36012;pick item
pick_i28958;pick item
pick_i29499;pick item
pick_i30221;pick item
pick_i38031;pick item
pick_i36716;pick item
pick_i20178;pick item
pick_i31540;pick item
pick_i36467;pick item
pick_i32750;pick item
pick_i30589;pick item
pick_i13443;pick item
ship_o1371;ship order
pick_i36515;pick item
pick_i33711;pick item
pick_i35808;pick item
pick_i27624;pick item
pick_i33496;pick item
pick_i35796;pick item
pick_i37411;pick item
pick_i36635;pick item
pick_i34569;pick item
pick_i31569;pick item
pick_i29862;pick item
pick_i26208;pick item
pick_i30053;pick item
pick_i21850;pick item
pick_i22302;pick item
pick_i32157;pick item
pick_i32190;pick item
pick_i31030;pick item
pick_i27259;pick item
pick_i26325;pick item
pick_i36593;pick item
pick_i36576;pick item
pick_i33525;pick item
pick_i38248;pick item
pick_i33707;pick item
pick_i24086;pick item
pick_i35062;pick item
pick_i34166;pick item
pick_i20715;pick item
pick_i30275;pick item
pick_i23709;pick item
pick_i24435;pick item
pick_i20539;pick item
pick_i37724;pick item
pick_i29552;pick item
pick_i22702;pick item
pick_i31340;pick item
pick_i28630;pick item
pick_i29497;pick item
pick_i23004;pick item
pick_i30142;pick item
pick_i35178;pick item
pick_i30087;pick item
pick_i24359;pick item
pick_i36483;pick item
pick_i31804;pick item
pick_i30156;pick item
pick_i27574;pick item
pick_i24362;pick item
pick_i30837;pick item
pick_i35684;pick item
pick_i22887;pick item
pick_i30330;pick item
pick_i36263;pick item
pick_i25058;pick item
pick_i24772;pick item
pick_i22934;pick item
pick_i32738;pick item
pick_i26554;pick item
pick_i38611;pick item
pick_i27024;pick item
pick_i29427;pick item
pick_i35256;pick item
pick_i25472;pick item
pick_i29468;pick item
pick_i37806;pick item
pick_i33929;pick item
pick_i26949;pick item
pick_i31805;pick item
pick_i34135;pick item
pick_i21232;pick item
pick_i25064;pick item
pick_i24911;pick item
pick_i33212;pick item
pick_i32444;pick item
pick_i36243;pick item
pick_i33597;pick item
pick_i22066;pick item
pick_i34899;pick item
pick_i27145;pick item
pick_i36159;pick item
pick_i30595;pick item
pick_i23909;pick item
pick_i22557;pick item
pick_i30037;pick item
pick_i27399;pick item
pick_i37489;pick item
pick_i16609;pick item
pick_i36963;pick item
ship_o1553;ship order
pick_i37973;pick item
pick_i36052;pick item
pick_i28288;pick item
pick_i38059;pick item
pick_i38407;pick item
pick_i20705;pick item
pick_i35295;pick item
pick_i24662;pick item
pick_i20872;pick item
pick_i20341;pick item
pick_i26080;pick item
pick_i37305;pick item
pick_i33662;pick item
pick_i21744;pick item
pick_i31083;pick item
pick_i37825;pick item
pick_i26702;pick item
pick_i33713;pick item
pick_i37292;pick item
pick_i30736;pick item
pick_i26470;pick item
pick_i19621;pick item
pick_i25066;pick item
pick_i37627;pick item
pick_i24730;pick item
pick_i27494;pick item
pick_i25262;pick item
pick_i29669;pick item
pick_i38548;pick item
pick_i37355;pick item
pick_i31085;pick item
pick_i33019;pick item
pick_i34835;pick item
pick_i37348;pick item
pick_i34598;pick item
pick_i27779;pick item
pick_i31959;pick item
pick_i37141;pick item
pick_i15193;pick item
pick_i32146;pick item
pick_i36753;pick item
pick_i22796;pick item
pick_i17941;pick item
pick_i24890;pick item
pick_i24888;pick item
pick_i29960;pick item
pick_i26023;pick item
pick_i33026;pick item
pick_i29100;pick item
pick_i34961;pick item
pick_i37314;pick item
pick_i29662;pick item
pick_i34374;pick item
pick_i33007;pick item
pick_i36912;pick item
pick_i38350;pick item
pick_i19223;pick item
pick_i36170;pick item
pick_i38268;pick item
pick_i16735;pick item
pick_i26903;pick item
pick_i37547;pick item
pick_i25676;pick item
pick_i21432;pick item
pick_i38423;pick item
pick_i36790;pick item
pick_i28481;pick item
pick_i29571;pick item
pick_i19947;pick item
pick_i25501;pick item
pick_i35615;pick item
pick_i35603;pick item
pick_i37978;pick item
pick_i26980;pick item
pick_i33041;pick item
pick_i35690;pick item
pick_i27795;pick item
pick_i35310;pick item
pick_i33871;pick item
pick_i36616;pick item
pick_i32558;pick item
pick_i35197;pick item
pick_i24104;pick item
pick_i18435;pick item
pick_i25318;pick item
ship_o1650;ship order
pick_i37777;pick item
pick_i33206;pick item
pick_i19284;pick item
pick_i38109;pick item
pick_i33457;pick item
pick_i13572;pick item
pick_i37089;pick item
pick_i25455;pick item
pick_i32018;pick item
pick_i31009;pick item
pick_i27547;pick item
pick_i35747;pick item
pick_i25827;pick item
pick_i27372;pick item
pick_i31150;pick item
pick_i33559;pick item
pick_i23523;pick item
pick_i17674;pick item
pick_i23783;pick item
pick_i35501;pick item
pick_i31172;pick item
pick_i34410;pick item
pick_i38455;pick item
pick_i14307;pick item
pick_i34282;pick item
pick_i23101;pick item
pick_i27791;pick item
pick_i36763;pick item
pick_i27638;pick item
pick_i38615;pick item
pick_i32075;pick item
pick_i34875;pick item
pick_i18835;pick item
pick_i36913;pick item
ship_o1671;ship order
pick_i32128;pick item
pick_i27031;pick item
pick_i19150;pick item
pick_i37147;pick item
pick_i32587;pick item
pick_i20416;pick item
pick_i32219;pick item
pick_i21817;pick item
pick_i30779;pick item
pick_i22364;pick item
pick_i35206;pick item
pick_i28041;pick item
pick_i25834;pick item
pick_i36453;pick item
pick_i37246;pick item
pick_i34923;pick item
pick_i24859;pick item
pick_i26999;pick item
pick_i29828;pick item
pick_i33040;pick item
pick_i30277;pick item
pick_i35343;pick item
pick_i20756;pick item
pick_i38415;pick item
pick_i26866;pick item
pick_i30261;pick item
pick_i25072;pick item
pick_i35308;pick item
pick_i36828;pick item
pick_i31311;pick item
pick_i21913;pick item
pick_i21969;pick item
pick_i36907;pick item
pick_i22833;pick item
pick_i30809;pick item
pick_i37740;pick item
pick_i29046;pick item
pick_i28560;pick item
pick_i27224;pick item
pick_i36330;pick item
pick_i22384;pick item
pick_i35100;pick item
pick_i29322;pick item
pick_i30822;pick item
pick_i35275;pick item
pick_i23187;pick item
pick_i19932;pick item
pick_i14771;pick item
pick_i38308;pick item
ship_o1450;ship order
pick_i28909;pick item
pick_i32023;pick item
pick_i29059;pick item
pick_i27036;pick item
pick_i34130;pick item
pick_i13807;pick item
ship_o1393;ship order
pick_i18348;pick item
pick_i26881;pick item
pick_i25443;pick item
pick_i36449;pick item
pick_i32546;pick item
pick_i19517;pick item
pick_i34762;pick item
pick_i36182;pick item
pick_i26977;pick item
pick_i35213;pick item
pick_i37637;pick item
pick_i22161;pick item
pick_i29639;pick item
pick_i33763;pick item
pick_i21230;pick item
pick_i17469;pick item
pick_i26929;pick item
pick_i30906;pick item
pick_i24591;pick item
pick_i28209;pick item
pick_i22576;pick item
pick_i36061;pick item
pick_i19611;pick item
pick_i35416;pick item
pick_i31925;pick item
pick_i26863;pick item
pick_i27270;pick item
pick_i38518;pick item
pick_i27671;pick item
pick_i34397;pick item
pick_i34531;pick item
pick_i33608;pick item
pick_i25638;pick item
pick_i36117;pick item
pick_i24018;pick item
pick_i17728;pick item
pick_i16533;pick item
pick_i22762;pick item
pick_i38178;pick item
pick_i29764;pick item
pick_i38160;pick item
pick_i28962;pick item
pick_i24348;pick item
pick_i24302;pick item
pick_i34929;pick item
pick_i38585;pick item
pick_i31480;pick item
pick_i20555;pick item
pick_i33316;pick item
pick_i18802;pick item
pick_i34995;pick item
pick_i24074;pick item
pick_i30559;pick item
pick_i35406;pick item
pick_i27573;pick item
pick_i25928;pick item
pick_i22258;pick item
pick_i25805;pick item
pick_i37438;pick item
pick_i32879;pick item
pick_i25032;pick item
pick_i33886;pick item
pick_i24954;pick item
pick_i22788;pick item
pick_i24420;pick item
pick_i26911;pick item
pick_i34381;pick item
pick_i38247;pick item
pick_i29799;pick item
pick_i29816;pick item
pick_i19439;pick item
pick_i33162;pick item
pick_i32458;pick item
pick_i25980;pick item
pick_i26888;pick item
pick_i31669;pick item
pick_i36143;pick item
pick_i28899;pick item
pick_i35656;pick item
pick_i24207;pick item
pick_i35044;pick item
pick_i26757;pick item
pick_i38541;pick item
pick_i27982;pick item
pick_i31879;pick item
pick_i32208;pick item
pick_i34258;pick item
pick_i36831;pick item
pick_i18280;pick item
pick_i30006;pick item
pick_i37854;pick item
pick_i22820;pick item
pick_i37445;pick item
pick_i36169;pick item
pick_i21156;pick item
pick_i29264;pick item
pick_i31445;pick item
pick_i28249;pick item
pick_i36270;pick item
pick_i17299;pick item
pick_i32470;pick item
pick_i27071;pick item
pick_i26995;pick item
pick_i35150;pick item
pick_i34065;pick item
pick_i34565;pick item
pick_i34673;pick item
pick_i28149;pick item
pick_i34854;pick item
pick_i33523;pick item
pick_i32453;pick item
pick_i38124;pick item
pick_i33722;pick item
pick_i31549;pick item
pick_i35352;pick item
pick_i31580;pick item
pick_i18632;pick item
pick_i35033;pick item
pick_i33949;pick item
pick_i34405;pick item
pick_i33812;pick item
pick_i30899;pick item
pick_i28776;pick item
pick_i34163;pick item
pick_i35162;pick item
pick_i23479;pick item
pick_i36053;pick item
pick_i37295;pick item
pick_i35168;pick item
pick_i30553;pick item
pick_i25674;pick item
pick_i25045;pick item
pick_i20580;pick item
pick_i21733;pick item
pick_i19536;pick item
pick_i36328;pick item
pick_i35787;pick item
pick_i34868;pick item
pick_i23126;pick item
pick_i37081;pick item
pick_i26399;pick item
pick_i28437;pick item
pick_i33456;pick item
pick_i33563;pick item
pick_i34478;pick item
pick_i20183;pick item
pick_i35356;pick item
pick_i31973;pick item
pick_i30117;pick item
pick_i23194;pick item
pick_i34514;pick item
pick_i26645;pick item
pick_i21838;pick item
pick_i35025;pick item
pick_i32972;pick item
pick_i38651;pick item
pick_i28529;pick item
pick_i33604;pick item
pick_i38301;pick item
pick_i23314;pick item
pick_i28396;pick item
pick_i24740;pick item
pick_i30336;pick item
pick_i35498;pick item
pick_i32578;pick item
pick_i38663;pick item
pick_i20759;pick item
pick_i17414;pick item
pick_i37553;pick item
pick_i19418;pick item
ship_o1702;ship order
pick_i37447;pick item
pick_i22759;pick item
pick_i37060;pick item
pick_i20735;pick item
pick_i36799;pick item
pick_i38650;pick item
pick_i32227;pick item
pick_i34595;pick item
pick_i32534;pick item
pick_i37253;pick item
pick_i33823;pick item
pick_i33881;pick item
pick_i26324;pick item
pick_i26426;pick item
pick_i34648;pick item
pick_i36130;pick item
pick_i29160;pick item
pick_i37914;pick item
pick_i30083;pick item
pick_i31551;pick item
pick_i28531;pick item
pick_i33117;pick item
pick_i25144;pick item
pick_i26590;pick item
pick_i38198;pick item
pick_i32175;pick item
pick_i23633;pick item
pick_i35678;pick item
pick_i36762;pick item
pick_i34124;pick item
pick_i20988;pick item
pick_i22859;pick item
pick_i34653;pick item
pick_i32218;pick item
pick_i38346;pick item
pick_i33629;pick item
pick_i38168;pick item
pick_i27431;pick item
pick_i23215;pick item
pick_i27183;pick item
pick_i25927;pick item
pick_i25517;pick item
pick_i27109;pick item
pick_i37182;pick item
pick_i35084;pick item
pick_i29260;pick item
pick_i36009;pick item
pick_i26437;pick item
pick_i19028;pick item
pick_i24658;pick item
pick_i25153;pick item
pick_i33180;pick item
pick_i33429;pick item
pick_i30652;pick item
pick_i31607;pick item
pick_i34032;pick item
pick_i37039;pick item
pick_i31908;pick item
pick_i15328;pick item
pick_i32703;pick item
ship_o1484;ship order
pick_i24141;pick item
pick_i29808;pick item
pick_i29654;pick item
pick_i26152;pick item
pick_i34590;pick item
pick_i31935;pick item
pick_i37203;pick item
pick_i29132;pick item
pick_i37412;pick item
pick_i36751;pick item
pick_i29457;pick item
pick_i37323;pick item
pick_i32577;pick item
pick_i26235;pick item
pick_i37804;pick item
pick_i36205;pick item
pick_i29469;pick item
pick_i33440;pick item
pick_i35239;pick item
pick_i30713;pick item
pick_i38177;pick item
pick_i38069;pick item
pick_i34858;pick item
pick_i22085;pick item
pick_i36988;pick item
pick_i21196;pick item
pick_i30528;pick item
pick_i37458;pick item
pick_i35966;pick item
pick_i23421;pick item
pick_i29289;pick item
pick_i31278;pick item
pick_i32412;pick item
pick_i36209;pick item
pick_i26187;pick item
pick_i23075;pick item
pick_i29530;pick item
pick_i22191;pick item
pick_i19680;pick item
pick_i23053;pick item
pick_i26659;pick item
pick_i35610;pick item
pick_i33908;pick item
pick_i35096;pick item
pick_i37054;pick item
pick_i31029;pick item
pick_i30282;pick item
pick_i31850;pick item
pick_i36542;pick item
pick_i37820;pick item
pick_i34616;pick item
pick_i36367;pick item
pick_i29348;pick item
pick_i23361;pick item
pick_i17736;pick item
pick_i34195;pick item
ship_o1613;ship order
pick_i35822;pick item
pick_i30371;pick item
pick_i38138;pick item
pick_i21881;pick item
pick_i25088;pick item
pick_i38593;pick item
pick_i24829;pick item
pick_i29185;pick item
pick_i34686;pick item
pick_i36044;pick item
pick_i28182;pick item
pick_i36357;pick item
pick_i21861;pick item
pick_i20455;pick item
pick_i26101;pick item
pick_i29157;pick item
pick_i33047;pick item
pick_i29152;pick item
pick_i34601;pick item
pick_i36102;pick item
pick_i36386;pick item
pick_i21356;pick item
pick_i26201;pick item
pick_i19617;pick item
pick_i33560;pick item
pick_i35715;pick item
pick_i33921;pick item
pick_i27764;pick item
pick_i34862;pick item
pick_i22679;pick item
pick_i33368;pick item
pick_i35538;pick item
pick_i27915;pick item
pick_i37021;pick item
pick_i31912;pick item
pick_i23667;pick item
pick_i29401;pick item
pick_i20119;pick item
pick_i30970;pick item
pick_i23342;pick item
pick_i34201;pick item
pick_i19639;pick item
pick_i26671;pick item
pick_i28315;pick item
pick_i36315;pick item
pick_i32942;pick item
pick_i26796;pick item
pick_i32373;pick item
pick_i31338;pick item
pick_i35764;pick item
pick_i22320;pick item
pick_i17924;pick item
pick_i37220;pick item
pick_i36308;pick item
pick_i34987;pick item
pick_i36264;pick item
pick_i18274;pick item
pick_i36235;pick item
pick_i36555;pick item
pick_i34184;pick item
pick_i24076;pick item
pick_i22565;pick item
pick_i37099;pick item
pick_i32439;pick item
pick_i27755;pick item
pick_i29586;pick item
pick_i38181;pick item
pick_i25491;pick item
pick_i23418;pick item
pick_i20814;pick item
pick_i38016;pick item
pick_i32110;pick item
pick_i31811;pick item
pick_i33002;pick item
pick_i35139;pick item
pick_i32472;pick item
pick_i35378;pick item
pick_i28864;pick item
pick_i36704;pick item
pick_i29574;pick item
pick_i24956;pick item
pick_i38598;pick item
pick_i37588;pick item
pick_i30519;pick item
pick_i23975;pick item
pick_i23767;pick item
pick_i37104;pick item
pick_i31968;pick item
pick_i29581;pick item
pick_i26413;pick item
pick_i37726;pick item
pick_i28425;pick item
pick_i29623;pick item
pick_i32492;pick item
pick_i24495;pick item
pick_i36048;pick item
pick_i31232;pick item
pick_i38428;pick item
pick_i30807;pick item
pick_i38577;pick item
pick_i37274;pick item
pick_i28380;pick item
pick_i14264;pick item
pick_i29183;pick item
pick_i36985;pick item
pick_i23699;pick item
pick_i28372;pick item
pick_i31251;pick item
pick_i25116;pick item
pick_i29758;pick item
pick_i35584;pick item
pick_i30101;pick item
pick_i35836;pick item
pick_i37281;pick item
pick_i33043;pick item
pick_i36879;pick item
pick_i37589;pick item
pick_i32565;pick item
pick_i34073;pick item
pick_i31740;pick item
pick_i36553;pick item
pick_i19775;pick item
pick_i31395;pick item
pick_i34611;pick item
pick_i33732;pick item
pick_i33029;pick item
pick_i30664;pick item
pick_i33588;pick item
pick_i13070;pick item
pick_i24167;pick item
ship_o1349;ship order
pick_i32540;pick item
pick_i36895;pick item
pick_i26348;pick item
pick_i33364;pick item
pick_i37386;pick item
pick_i37527;pick item
pick_i18529;pick item
pick_i30099;pick item
pick_i31570;pick item
pick_i22572;pick item
pick_i32799;pick item
pick_i37847;pick item
pick_i29283;pick item
pick_i28733;pick item
pick_i21594;pick item
pick_i37440;pick item
pick_i29204;pick item
pick_i30833;pick item
pick_i33861;pick item
pick_i26854;pick item
pick_i28046;pick item
pick_i28677;pick item
pick_i25861;pick item
pick_i29136;pick item
pick_i32445;pick item
pick_i27448;pick item
pick_i25247;pick item
pick_i32081;pick item
pick_i27812;pick item
pick_i30186;pick item
pick_i27951;pick item
pick_i24672;pick item
pick_i37102;pick item
pick_i16258;pick item
pick_i28383;pick item
pick_i24919;pick item
pick_i29665;pick item
pick_i31745;pick item
pick_i34587;pick item
pick_i17442;pick item
pick_i18539;pick item
pick_i28952;pick item
pick_i33188;pick item
pick_i31902;pick item
pick_i15932;pick item
ship_o1516;ship order
pick_i27329;pick item
pick_i21632;pick item
pick_i36937;pick item
pick_i30710;pick item
pick_i31133;pick item
pick_i37452;pick item
pick_i31402;pick item
pick_i26938;pick item
pick_i27962;pick item
pick_i34534;pick item
pick_i32875;pick item
pick_i25784;pick item
pick_i37829;pick item
pick_i32164;pick item
pick_i38237;pick item
pick_i25316;pick item
pick_i29911;pick item
pick_i29945;pick item
pick_i24828;pick item
pick_i21889;pick item
pick_i35722;pick item
pick_i24417;pick item
pick_i36552;pick item
pick_i37745;pick item
pick_i37384;pick item
pick_i17713;pick item
pick_i37205;pick item
pick_i38130;pick item
pick_i28645;pick item
pick_i33463;pick item
pick_i37935;pick item
pick_i37859;pick item
pick_i38359;pick item
pick_i27673;pick item
pick_i22787;pick item
pick_i16456;pick item
pick_i24445;pick item
pick_i27974;pick item
pick_i21657;pick item
pick_i23886;pick item
pick_i26732;pick item
pick_i38221;pick item
pick_i26001;pick item
pick_i38164;pick item
pick_i34580;pick item
pick_i33976;pick item
pick_i35494;pick item
pick_i37826;pick item
pick_i38163;pick item
pick_i35913;pick item
pick_i22948;pick item
pick_i26821;pick item
pick_i35663;pick item
pick_i37705;pick item
pick_i38167;pick item
pick_i30788;pick item
pick_i33304;pick item
pick_i36680;pick item
pick_i24681;pick item
pick_i29761;pick item
pick_i24294;pick item
pick_i32778;pick item
pick_i24297;pick item
pick_i35834;pick item
pick_i30860;pick item
pick_i33071;pick item
pick_i36494;pick item
pick_i36319;pick item
pick_i36227;pick item
pick_i26492;pick item
pick_i28138;pick item
pick_i37322;pick item
pick_i37066;pick item
pick_i27326;pick item
pick_i31048;pick item
pick_i32595;pick item
pick_i33424;pick item
pick_i36320;pick item
pick_i24317;pick item
pick_i15381;pick item
pick_i34489;pick item
pick_i34114;pick item
pick_i21233;pick item
pick_i27110;pick item
pick_i37990;pick item
pick_i29417;pick item
pick_i30205;pick item
pick_i36482;pick item
pick_i20522;pick item
pick_i31680;pick item
pick_i32673;pick item
pick_i36358;pick item
pick_i19436;pick item
pick_i38452;pick item
pick_i37585;pick item
pick_i16543;pick item
pick_i29606;pick item
pick_i30768;pick item
pick_i32701;pick item
pick_i27690;pick item
pick_i18703;pick item
pick_i28880;pick item
pick_i34783;pick item
pick_i28750;pick item
pick_i35230;pick item
pick_i32320;pick item
pick_i33024;pick item
pick_i34708;pick item
pick_i31619;pick item
pick_i19914;pick item
pick_i27330;pick item
pick_i24322;pick item
pick_i16565;pick item
pick_i28101;pick item
pick_i37853;pick item
pick_i22008;pick item
pick_i28336;pick item
pick_i33371;pick item
pick_i29286;pick item
pick_i31614;pick item
pick_i36253;pick item
pick_i34254;pick item
pick_i30456;pick item
pick_i35391;pick item
pick_i37101;pick item
pick_i32321;pick item
pick_i28133;pick item
pick_i38349;pick item
pick_i27631;pick item
pick_i32834;pick item
pick_i38263;pick item
pick_i34878;pick item
pick_i14934;pick item
pick_i28162;pick item
ship_o1461;ship order
pick_i29706;pick item
pick_i36816;pick item
pick_i13265;pick item
ship_o1360;ship order
pick_i26782;pick item
pick_i32652;pick item
pick_i37827;pick item
pick_i24839;pick item
pick_i22868;pick item
pick_i38117;pick item
pick_i36257;pick item
pick_i31007;pick item
pick_i36254;pick item
pick_i12461;pick item
pick_i17322;pick item
ship_o1313;ship order
pick_i28747;pick item
pick_i32226;pick item
pick_i31824;pick item
pick_i38402;pick item
pick_i34288;pick item
pick_i32510;pick item
pick_i17749;pick item
ship_o1614;ship order
pick_i28223;pick item
pick_i17905;pick item
pick_i22630;pick item
pick_i24238;pick item
pick_i32897;pick item
pick_i30915;pick item
pick_i27234;pick item
pick_i30136;pick item
pick_i33927;pick item
pick_i29035;pick item
pick_i27154;pick item
pick_i36658;pick item
pick_i37845;pick item
pick_i29920;pick item
pick_i32382;pick item
pick_i26456;pick item
pick_i18166;pick item
pick_i35888;pick item
pick_i26481;pick item
pick_i31474;pick item
pick_i24749;pick item
pick_i24856;pick item
pick_i29065;pick item
pick_i34669;pick item
pick_i32116;pick item
pick_i38579;pick item
pick_i30486;pick item
pick_i29257;pick item
pick_i26215;pick item
pick_i25541;pick item
pick_i35619;pick item
pick_i28912;pick item
pick_i30054;pick item
pick_i38261;pick item
pick_i35790;pick item
pick_i21908;pick item
pick_i33199;pick item
pick_i33125;pick item
pick_i30935;pick item
pick_i33351;pick item
pick_i23216;pick item
pick_i27278;pick item
pick_i31215;pick item
pick_i37359;pick item
pick_i20262;pick item
pick_i31203;pick item
pick_i32011;pick item
pick_i22487;pick item
pick_i28936;pick item
pick_i38126;pick item
pick_i20083;pick item
pick_i34420;pick item
pick_i22774;pick item
pick_i34394;pick item
pick_i21847;pick item
pick_i38460;pick item
pick_i30805;pick item
pick_i30687;pick item
pick_i19913;pick item
pick_i25753;pick item
pick_i20443;pick item
pick_i37480;pick item
pick_i25296;pick item
pick_i22207;pick item
pick_i36397;pick item
pick_i36434;pick item
pick_i21122;pick item
pick_i20793;pick item
pick_i28195;pick item
pick_i35188;pick item
pick_i30879;pick item
pick_i35534;pick item
pick_i27120;pick item
pick_i29403;pick item
pick_i34608;pick item
pick_i20607;pick item
pick_i34244;pick item
pick_i36859;pick item
pick_i20428;pick item
pick_i32237;pick item
pick_i21676;pick item
pick_i34159;pick item
pick_i25959;pick item
pick_i25376;pick item
pick_i31368;pick item
pick_i29645;pick item
pick_i35770;pick item
pick_i32526;pick item
pick_i30617;pick item
pick_i29610;pick item
pick_i32940;pick item
pick_i23233;pick item
pick_i33308;pick item
pick_i32807;pick item
pick_i25252;pick item
pick_i23742;pick item
pick_i22308;pick item
pick_i22157;pick item
pick_i24747;pick item
pick_i22736;pick item
pick_i17323;pick item
pick_i37456;pick item
pick_i28547;pick item
pick_i32938;pick item
pick_i17928;pick item
pick_i23440;pick item
pick_i34330;pick item
pick_i35051;pick item
pick_i14293;pick item
pick_i36496;pick item
pick_i28784;pick item
pick_i25134;pick item
pick_i37632;pick item
pick_i27654;pick item
pick_i25926;pick item
pick_i36620;pick item
pick_i22184;pick item
pick_i32684;pick item
pick_i34734;pick item
pick_i21139;pick item
pick_i21287;pick item
pick_i36502;pick item
pick_i23331;pick item
pick_i37033;pick item
pick_i28874;pick item
pick_i29105;pick item
pick_i29274;pick item
pick_i26644;pick item
pick_i13329;pick item
ship_o1364;ship order
pick_i30268;pick item
pick_i30170;pick item
pick_i30813;pick item
pick_i26538;pick item
pick_i35554;pick item
pick_i14049;pick item
pick_i16184;pick item
ship_o1408;ship order
pick_i33941;pick item
pick_i38445;pick item
pick_i32801;pick item
pick_i27485;pick item
pick_i38266;pick item
pick_i37604;pick item
pick_i35854;pick item
pick_i37047;pick item
pick_i38314;pick item
pick_i37171;pick item
pick_i35047;pick item
pick_i31502;pick item
pick_i30551;pick item
pick_i29490;pick item
pick_i28606;pick item
pick_i33570;pick item
pick_i34699;pick item
pick_i24932;pick item
pick_i31843;pick item
pick_i37052;pick item
pick_i33546;pick item
pick_i25726;pick item
pick_i25748;pick item
pick_i29670;pick item
pick_i21484;pick item
pick_i34543;pick item
pick_i26897;pick item
pick_i31277;pick item
pick_i30627;pick item
pick_i26728;pick item
pick_i30241;pick item
pick_i23312;pick item
pick_i29177;pick item
pick_i26690;pick item
pick_i36786;pick item
pick_i37309;pick item
pick_i33870;pick item
pick_i20959;pick item
pick_i30425;pick item
pick_i37157;pick item
pick_i31998;pick item
pick_i36864;pick item
pick_i21297;pick item
pick_i22918;pick item
pick_i22070;pick item
pick_i32839;pick item
pick_i20423;pick item
pick_i32911;pick item
pick_i36149;pick item
pick_i35395;pick item
pick_i28305;pick item
pick_i34328;pick item
pick_i20512;pick item
pick_i26520;pick item
pick_i32603;pick item
pick_i35302;pick item
pick_i22578;pick item
pick_i29695;pick item
pick_i34518;pick item
pick_i35572;pick item
pick_i29635;pick item
pick_i25449;pick item
pick_i22183;pick item
pick_i24443;pick item
pick_i25342;pick item
pick_i25462;pick item
pick_i15671;pick item
pick_i17062;pick item
pick_i32461;pick item
pick_i27540;pick item
pick_i28928;pick item
pick_i26710;pick item
pick_i26842;pick item
pick_i35816;pick item
pick_i19799;pick item
pick_i36550;pick item
pick_i25551;pick item
pick_i23370;pick item
pick_i35802;pick item
pick_i26379;pick item
pick_i35520;pick item
pick_i35841;pick item
pick_i37734;pick item
pick_i30291;pick item
pick_i36190;pick item
pick_i18461;pick item
pick_i33487;pick item
pick_i35080;pick item
pick_i38192;pick item
pick_i35698;pick item
pick_i24967;pick item
pick_i16928;pick item
pick_i30491;pick item
pick_i34942;pick item
pick_i31582;pick item
pick_i33025;pick item
pick_i36841;pick item
pick_i29287;pick item
pick_i33695;pick item
pick_i34354;pick item
pick_i24982;pick item
pick_i33226;pick item
pick_i38454;pick item
pick_i24978;pick item
pick_i35605;pick item
pick_i30754;pick item
pick_i36764;pick item
pick_i37353;pick item
pick_i33090;pick item
pick_i21812;pick item
pick_i38438;pick item
pick_i30872;pick item
pick_i29539;pick item
pick_i30324;pick item
pick_i28403;pick item
pick_i22215;pick item
pick_i26722;pick item
pick_i32202;pick item
pick_i20064;pick item
pick_i23671;pick item
pick_i34521;pick item
pick_i33922;pick item
pick_i28693;pick item
pick_i37272;pick item
pick_i36865;pick item
pick_i37711;pick item
pick_i35818;pick item
pick_i21712;pick item
pick_i31387;pick item
pick_i35633;pick item
pick_i31065;pick item
pick_i25857;pick item
pick_i35877;pick item
pick_i33475;pick item
pick_i25374;pick item
pick_i19258;pick item
ship_o1693;ship order
pick_i25652;pick item
pick_i23956;pick item
pick_i16417;pick item
pick_i30689;pick item
ship_o1541;ship order
pick_i35132;pick item
pick_i34156;pick item
pick_i35993;pick item
pick_i31523;pick item
pick_i21670;pick item
pick_i21758;pick item
pick_i19198;pick item
pick_i35737;pick item
pick_i23722;pick item
pick_i25496;pick item
pick_i36384;pick item
pick_i26458;pick item
pick_i16246;pick item
pick_i32364;pick item
pick_i21631;pick item
pick_i29757;pick item
pick_i21306;pick item
pick_i33586;pick item
pick_i33081;pick item
pick_i36771;pick item
pick_i25409;pick item
pick_i36825;pick item
pick_i31732;pick item
pick_i31358;pick item
pick_i17655;pick item
pick_i23914;pick item
pick_i35752;pick item
pick_i30071;pick item
pick_i23607;pick item
pick_i24326;pick item
pick_i26433;pick item
pick_i38546;pick item
pick_i17918;pick item
pick_i30158;pick item
pick_i38171;pick item
pick_i22495;pick item
pick_i34434;pick item
pick_i33023;pick item
pick_i31102;pick item
pick_i36100;pick item
pick_i27472;pick item
pick_i36669;pick item
pick_i36852;pick item
pick_i28316;pick item
pick_i30391;pick item
pick_i36161;pick item
pick_i26404;pick item
pick_i25939;pick item
pick_i38286;pick item
pick_i37660;pick item
pick_i38382;pick item
pick_i34167;pick item
pick_i36922;pick item
pick_i26234;pick item
pick_i36103;pick item
pick_i35293;pick item
pick_i13351;pick item
ship_o1365;ship order
pick_i26484;pick item
pick_i32295;pick item
pick_i28021;pick item
pick_i34115;pick item
pick_i31834;pick item
pick_i25895;pick item
pick_i34937;pick item
pick_i33390;pick item
pick_i23695;pick item
pick_i32001;pick item
pick_i33039;pick item
pick_i24745;pick item
pick_i27670;pick item
pick_i23366;pick item
pick_i32742;pick item
pick_i33913;pick item
pick_i21344;pick item
pick_i29517;pick item
pick_i37088;pick item
pick_i19556;pick item
pick_i20921;pick item
pick_i15426;pick item
pick_i28385;pick item
pick_i34403;pick item
pick_i34719;pick item
pick_i35118;pick item
pick_i30584;pick item
pick_i32762;pick item
pick_i18526;pick item
ship_o1655;ship order
pick_i24623;pick item
pick_i38185;pick item
pick_i33416;pick item
pick_i30796;pick item
pick_i34134;pick item
pick_i36465;pick item
pick_i37738;pick item
pick_i25521;pick item
pick_i35157;pick item
pick_i33622;pick item
pick_i24933;pick item
pick_i31193;pick item
pick_i21865;pick item
pick_i31444;pick item
pick_i25782;pick item
pick_i37018;pick item
pick_i35955;pick item
pick_i35863;pick item
pick_i17972;pick item
pick_i33971;pick item
pick_i29944;pick item
pick_i26186;pick item
pick_i33460;pick item
pick_i37992;pick item
pick_i23070;pick item
pick_i32843;pick item
pick_i31781;pick item
pick_i34442;pick item
pick_i31430;pick item
pick_i24549;pick item
pick_i29964;pick item
pick_i15131;pick item
pick_i15301;pick item
ship_o1483;ship order
pick_i33807;pick item
pick_i22517;pick item
pick_i32924;pick item
pick_i21920;pick item
pick_i26241;pick item
pick_i22766;pick item
pick_i30959;pick item
pick_i33919;pick item
pick_i34009;pick item
pick_i37034;pick item
pick_i23014;pick item
pick_i31145;pick item
pick_i15665;pick item
pick_i35238;pick item
pick_i29655;pick item
pick_i35224;pick item
pick_i30702;pick item
pick_i29899;pick item
pick_i29843;pick item
pick_i38587;pick item
pick_i36699;pick item
pick_i33367;pick item
pick_i33623;pick item
pick_i18588;pick item
pick_i23403;pick item
pick_i34030;pick item
pick_i36853;pick item
pick_i30995;pick item
pick_i38482;pick item
pick_i18870;pick item
pick_i30888;pick item
pick_i21683;pick item
pick_i37865;pick item
pick_i24037;pick item
pick_i25716;pick item
pick_i24042;pick item
pick_i22250;pick item
pick_i37111;pick item
pick_i24245;pick item
pick_i23071;pick item
pick_i25558;pick item
pick_i24258;pick item
pick_i34924;pick item
pick_i26777;pick item
pick_i23260;pick item
pick_i26233;pick item
pick_i32830;pick item
pick_i26926;pick item
pick_i36070;pick item
pick_i34755;pick item
pick_i29498;pick item
pick_i35842;pick item
pick_i37017;pick item
pick_i18221;pick item
pick_i24700;pick item
pick_i26289;pick item
pick_i38475;pick item
pick_i37765;pick item
pick_i38481;pick item
pick_i24210;pick item
pick_i30306;pick item
pick_i28805;pick item
pick_i32212;pick item
pick_i29566;pick item
pick_i33902;pick item
pick_i36668;pick item
pick_i10350;pick item
ship_o1180;ship order
pick_i26612;pick item
pick_i21807;pick item
pick_i17899;pick item
pick_i22446;pick item
pick_i25775;pick item
pick_i29724;pick item
pick_i26323;pick item
pick_i37376;pick item
pick_i31390;pick item
pick_i37004;pick item
pick_i38013;pick item
pick_i29838;pick item
pick_i28188;pick item
pick_i26934;pick item
pick_i35332;pick item
pick_i29524;pick item
pick_i24797;pick item
pick_i31112;pick item
pick_i34750;pick item
pick_i34882;pick item
pick_i37198;pick item
pick_i33294;pick item
pick_i30280;pick item
pick_i14104;pick item
ship_o1410;ship order
pick_i25164;pick item
pick_i27081;pick item
pick_i26877;pick item
pick_i21499;pick item
pick_i37675;pick item
pick_i36303;pick item
pick_i34181;pick item
pick_i19717;pick item
pick_i30050;pick item
pick_i37005;pick item
pick_i34314;pick item
pick_i35369;pick item
pick_i25220;pick item
pick_i35844;pick item
pick_i20015;pick item
pick_i32094;pick item
pick_i15133;pick item
ship_o1473;ship order
pick_i27044;pick item
pick_i33286;pick item
pick_i26725;pick item
pick_i21963;pick item
pick_i24789;pick item
pick_i32768;pick item
pick_i31470;pick item
pick_i32692;pick item
pick_i33547;pick item
pick_i19968;pick item
pick_i28033;pick item
pick_i17292;pick item
pick_i25140;pick item
pick_i30352;pick item
pick_i35503;pick item
pick_i30454;pick item
pick_i21901;pick item
pick_i28499;pick item
pick_i24985;pick item
pick_i18715;pick item
pick_i36050;pick item
pick_i31858;pick item
pick_i32336;pick item
pick_i30470;pick item
pick_i38296;pick item
pick_i24530;pick item
pick_i24350;pick item
pick_i24469;pick item
pick_i22337;pick item
pick_i32249;pick item
pick_i14273;pick item
pick_i30566;pick item
pick_i25122;pick item
pick_i31179;pick item
pick_i32705;pick item
pick_i23340;pick item
pick_i24726;pick item
pick_i22657;pick item
pick_i16219;pick item
pick_i35443;pick item
pick_i33876;pick item
pick_i38659;pick item
pick_i26194;pick item
pick_i25362;pick item
pick_i22525;pick item
pick_i32342;pick item
pick_i19171;pick item
pick_i22818;pick item
pick_i21248;pick item
pick_i36144;pick item
pick_i35255;pick item
pick_i31697;pick item
pick_i31015;pick item
pick_i35221;pick item
pick_i17419;pick item
pick_i31248;pick item
pick_i34596;pick item
pick_i26049;pick item
pick_i29182;pick item
pick_i25107;pick item
pick_i34921;pick item
pick_i16814;pick item
pick_i23031;pick item
pick_i32511;pick item
pick_i32040;pick item
pick_i35467;pick item
pick_i21549;pick item
pick_i34229;pick item
pick_i30418;pick item
pick_i23851;pick item
pick_i38322;pick item
pick_i32519;pick item
pick_i31727;pick item
pick_i23910;pick item
pick_i34449;pick item
pick_i27231;pick item
pick_i24563;pick item
pick_i33462;pick item
pick_i32299;pick item
pick_i27945;pick item
pick_i37824;pick item
pick_i17338;pick item
pick_i28867;pick item
pick_i36447;pick item
pick_i35732;pick item
pick_i28877;pick item
pick_i26539;pick item
pick_i36874;pick item
pick_i38313;pick item
pick_i26916;pick item
pick_i31195;pick item
pick_i26199;pick item
pick_i37634;pick item
pick_i34555;pick item
pick_i29275;pick item
pick_i35524;pick item
pick_i31976;pick item
pick_i37077;pick item
pick_i17315;pick item
pick_i28883;pick item
pick_i29608;pick item
pick_i29559;pick item
pick_i26432;pick item
pick_i30835;pick item
pick_i38390;pick item
pick_i29511;pick item
pick_i37289;pick item
pick_i22449;pick item
pick_i35194;pick item
pick_i36393;pick item
pick_i35757;pick item
pick_i35212;pick item
pick_i33046;pick item
pick_i25548;pick item
pick_i38291;pick item
pick_i27059;pick item
pick_i36374;pick item
pick_i19823;pick item
pick_i34834;pick item
pick_i30353;pick item
pick_i30010;pick item
pick_i35013;pick item
pick_i28911;pick item
pick_i15579;pick item
pick_i35652;pick item
pick_i25216;pick item
pick_i36087;pick item
pick_i35046;pick item
pick_i37192;pick item
pick_i30895;pick item
pick_i19495;pick item
pick_i37873;pick item
pick_i27222;pick item
pick_i25486;pick item
pick_i17506;pick item
pick_i20865;pick item
pick_i34831;pick item
ship_o1772;ship order
pick_i22129;pick item
pick_i32527;pick item
pick_i20746;pick item
pick_i31785;pick item
pick_i29451;pick item
pick_i25785;pick item
pick_i34517;pick item
pick_i27873;pick item
pick_i29728;pick item
pick_i33183;pick item
pick_i23698;pick item
pick_i34591;pick item
pick_i35422;pick item
pick_i22410;pick item
pick_i33628;pick item
pick_i34441;pick item
pick_i29698;pick item
pick_i36850;pick item
pick_i35459;pick item
pick_i27006;pick item
pick_i34026;pick item
pick_i28065;pick item
pick_i29739;pick item
pick_i34103;pick item
pick_i35704;pick item
pick_i36463;pick item
pick_i38468;pick item
pick_i38408;pick item
pick_i32712;pick item
pick_i26571;pick item
pick_i27934;pick item
pick_i23639;pick item
pick_i27784;pick item
pick_i27986;pick item
pick_i17931;pick item
pick_i35902;pick item
pick_i35161;pick item
pick_i34474;pick item
pick_i20954;pick item
pick_i26812;pick item
pick_i35335;pick item
pick_i24471;pick item
pick_i37437;pick item
pick_i29479;pick item
pick_i28052;pick item
pick_i38513;pick item
pick_i31008;pick item
pick_i21077;pick item
pick_i32260;pick item
pick_i21849;pick item
pick_i31678;pick item
pick_i21813;pick item
pick_i20949;pick item
pick_i29131;pick item
pick_i35934;pick item
pick_i31475;pick item
pick_i27562;pick item
pick_i26236;pick item
pick_i28124;pick item
pick_i30579;pick item
pick_i38312;pick item
pick_i30046;pick item
pick_i32877;pick item
pick_i32663;pick item
pick_i27565;pick item
pick_i35981;pick item
pick_i31803;pick item
pick_i23971;pick item
pick_i17032;pick item
pick_i31961;pick item
pick_i33548;pick item
pick_i34763;pick item
pick_i30492;pick item
pick_i35792;pick item
pick_i37851;pick item
pick_i26389;pick item
pick_i37630;pick item
pick_i29814;pick item
pick_i12642;pick item
ship_o1324;ship order
pick_i27293;pick item
pick_i20276;pick item
pick_i27984;pick item
pick_i35755;pick item
pick_i33595;pick item
pick_i20043;pick item
pick_i36133;pick item
pick_i38538;pick item
pick_i24182;pick item
pick_i21822;pick item
pick_i17894;pick item
pick_i31292;pick item
pick_i16199;pick item
pick_i37799;pick item
pick_i26209;pick item
pick_i25078;pick item
pick_i36288;pick item
pick_i36416;pick item
pick_i30458;pick item
pick_i34463;pick item
pick_i17033;pick item
pick_i36818;pick item
pick_i35268;pick item
pick_i28717;pick item
pick_i21633;pick item
pick_i32729;pick item
pick_i32296;pick item
pick_i28253;pick item
pick_i24957;pick item
pick_i15622;pick item
pick_i32118;pick item
pick_i38093;pick item
pick_i20910;pick item
pick_i35410;pick item
pick_i24026;pick item
pick_i25065;pick item
pick_i35385;pick item
pick_i37131;pick item
pick_i34252;pick item
pick_i31239;pick item
pick_i29320;pick item
pick_i31123;pick item
pick_i30078;pick item
pick_i37067;pick item
pick_i38526;pick item
pick_i23578;pick item
pick_i37332;pick item
pick_i33653;pick item
pick_i37863;pick item
pick_i29083;pick item
pick_i30385;pick item
pick_i24504;pick item
pick_i26500;pick item
pick_i36255;pick item
pick_i29234;pick item
pick_i29140;pick item
pick_i27439;pick item
pick_i35405;pick item
pick_i36624;pick item
pick_i22725;pick item
pick_i35342;pick item
pick_i35780;pick item
pick_i15145;pick item
pick_i23214;pick item
pick_i31262;pick item
pick_i33931;pick item
pick_i31717;pick item
pick_i36188;pick item
pick_i24597;pick item
pick_i29489;pick item
pick_i33444;pick item
pick_i20374;pick item
pick_i27590;pick item
pick_i16673;pick item
pick_i24180;pick item
pick_i31099;pick item
pick_i30535;pick item
pick_i34910;pick item
pick_i36095;pick item
pick_i23743;pick item
pick_i36866;pick item
pick_i37902;pick item
pick_i35210;pick item
pick_i25458;pick item
pick_i34060;pick item
pick_i34785;pick item
pick_i29740;pick item
pick_i32842;pick item
pick_i37944;pick item
pick_i16667;pick item
pick_i16305;pick item
ship_o1535;ship order
pick_i27314;pick item
pick_i38604;pick item
pick_i36693;pick item
pick_i23111;pick item
pick_i24505;pick item
pick_i37928;pick item
pick_i37720;pick item
pick_i37421;pick item
pick_i17389;pick item
pick_i35386;pick item
pick_i29043;pick item
pick_i24278;pick item
pick_i24283;pick item
pick_i34877;pick item
pick_i14662;pick item
pick_i33129;pick item
ship_o1444;ship order
pick_i29442;pick item
pick_i28210;pick item
pick_i37071;pick item
pick_i16996;pick item
pick_i35469;pick item
ship_o1575;ship order
pick_i23239;pick item
pick_i27534;pick item
pick_i25625;pick item
pick_i22166;pick item
pick_i35977;pick item
pick_i35401;pick item
pick_i36994;pick item
pick_i38123;pick item
pick_i30407;pick item
pick_i31304;pick item
pick_i38144;pick item
pick_i20442;pick item
pick_i30665;pick item
pick_i24315;pick item
pick_i18472;pick item
pick_i22814;pick item
pick_i35819;pick item
pick_i20479;pick item
pick_i29331;pick item
pick_i30634;pick item
pick_i37961;pick item
pick_i26093;pick item
pick_i27308;pick item
pick_i33840;pick item
pick_i26615;pick item
pick_i24574;pick item
pick_i27953;pick item
pick_i29123;pick item
pick_i34249;pick item
pick_i23407;pick item
pick_i16364;pick item
pick_i33245;pick item
pick_i35785;pick item
pick_i35738;pick item
pick_i32921;pick item
pick_i27853;pick item
pick_i38118;pick item
pick_i38563;pick item
pick_i15839;pick item
ship_o1511;ship order
pick_i19543;pick item
pick_i27294;pick item
pick_i17309;pick item
pick_i37500;pick item
pick_i27621;pick item
pick_i25033;pick item
pick_i31517;pick item
pick_i35444;pick item
pick_i35222;pick item
pick_i38294;pick item
pick_i23094;pick item
pick_i32010;pick item
pick_i25059;pick item
pick_i27641;pick item
pick_i38210;pick item
pick_i34665;pick item
pick_i29190;pick item
pick_i31161;pick item
pick_i28299;pick item
pick_i17542;pick item
pick_i34773;pick item
pick_i18982;pick item
pick_i21693;pick item
pick_i27258;pick item
pick_i32148;pick item
pick_i21203;pick item
pick_i31642;pick item
pick_i26965;pick item
pick_i36870;pick item
pick_i20081;pick item
pick_i30596;pick item
pick_i38609;pick item
pick_i26910;pick item
pick_i27763;pick item
pick_i35409;pick item
pick_i28469;pick item
pick_i31004;pick item
pick_i17296;pick item
pick_i35257;pick item
pick_i24212;pick item
pick_i22445;pick item
pick_i34296;pick item
pick_i27550;pick item
pick_i32486;pick item
pick_i21063;pick item
pick_i29767;pick item
pick_i24732;pick item
pick_i38236;pick item
pick_i23947;pick item
pick_i28825;pick item
pick_i32231;pick item
pick_i34257;pick item
pick_i34577;pick item
pick_i33535;pick item
pick_i35632;pick item
pick_i33522;pick item
pick_i21635;pick item
pick_i31604;pick item
pick_i21094;pick item
pick_i36768;pick item
pick_i21083;pick item
pick_i35759;pick item
pick_i27919;pick item
pick_i37247;pick item
pick_i33787;pick item
pick_i34262;pick item
pick_i28688;pick item
pick_i35107;pick item
pick_i29801;pick item
pick_i20769;pick item
pick_i26867;pick item
pick_i37942;pick item
pick_i34448;pick item
pick_i36849;pick item
pick_i32115;pick item
pick_i27264;pick item
pick_i26171;pick item
pick_i18352;pick item
pick_i24193;pick item
pick_i26123;pick item
pick_i30740;pick item
pick_i37365;pick item
pick_i29965;pick item
pick_i37016;pick item
pick_i38657;pick item
pick_i26807;pick item
pick_i18225;pick item
pick_i37925;pick item
ship_o1638;ship order
pick_i34076;pick item
pick_i23136;pick item
pick_i36960;pick item
pick_i25967;pick item
pick_i35034;pick item
pick_i23785;pick item
pick_i23816;pick item
pick_i32825;pick item
pick_i24352;pick item
pick_i35500;pick item
pick_i37560;pick item
pick_i25435;pick item
pick_i32796;pick item
pick_i19165;pick item
pick_i27416;pick item
pick_i37830;pick item
pick_i32570;pick item
pick_i34439;pick item
pick_i30503;pick item
pick_i37476;pick item
pick_i32797;pick item
pick_i26035;pick item
pick_i21016;pick item
pick_i29781;pick item
pick_i35171;pick item
pick_i27175;pick item
pick_i26837;pick item
pick_i38426;pick item
pick_i28796;pick item
pick_i35115;pick item
pick_i36678;pick item
pick_i37028;pick item
pick_i35648;pick item
pick_i36406;pick item
pick_i27493;pick item
pick_i31348;pick item
pick_i36934;pick item
pick_i24100;pick item
pick_i30056;pick item
pick_i37177;pick item
pick_i26649;pick item
pick_i27931;pick item
pick_i25016;pick item
pick_i35070;pick item
pick_i30926;pick item
pick_i34776;pick item
pick_i34151;pick item
pick_i20159;pick item
pick_i26950;pick item
pick_i32137;pick item
pick_i28797;pick item
pick_i32503;pick item
pick_i37790;pick item
pick_i33767;pick item
pick_i28251;pick item
pick_i36965;pick item
pick_i37833;pick item
pick_i38660;pick item
pick_i29154;pick item
pick_i33078;pick item
pick_i30106;pick item
pick_i25577;pick item
pick_i33601;pick item
pick_i19649;pick item
pick_i28828;pick item
pick_i23899;pick item
pick_i38270;pick item
pick_i35036;pick item
pick_i26495;pick item
pick_i30947;pick item
pick_i25321;pick item
pick_i38027;pick item
pick_i21556;pick item
pick_i22350;pick item
pick_i36287;pick item
pick_i37792;pick item
pick_i34867;pick item
pick_i37599;pick item
pick_i31067;pick item
pick_i32939;pick item
pick_i26723;pick item
pick_i25128;pick item
pick_i27622;pick item
pick_i26773;pick item
pick_i17851;pick item
pick_i23018;pick item
pick_i24482;pick item
pick_i36219;pick item
pick_i24181;pick item
pick_i34898;pick item
pick_i22076;pick item
pick_i31352;pick item
pick_i21410;pick item
pick_i33405;pick item
pick_i23651;pick item
pick_i34817;pick item
pick_i33518;pick item
pick_i28537;pick item
pick_i26580;pick item
pick_i22841;pick item
pick_i35468;pick item
pick_i38581;pick item
pick_i37361;pick item
pick_i34233;pick item
pick_i34981;pick item
pick_i27568;pick item
pick_i33609;pick item
pick_i37333;pick item
pick_i24784;pick item
pick_i37330;pick item
pick_i28378;pick item
pick_i34808;pick item
pick_i25829;pick item
pick_i38395;pick item
pick_i24924;pick item
pick_i16532;pick item
pick_i28434;pick item
ship_o1548;ship order
pick_i34452;pick item
pick_i31267;pick item
pick_i29216;pick item
pick_i14894;pick item
pick_i37937;pick item
ship_o1458;ship order
pick_i35341;pick item
pick_i35758;pick item
pick_i35325;pick item
pick_i21319;pick item
pick_i25774;pick item
pick_i38503;pick item
pick_i23132;pick item
pick_i25070;pick item
pick_i29477;pick item
pick_i35568;pick item
pick_i33978;pick item
pick_i37304;pick item
pick_i38083;pick item
pick_i30795;pick item
pick_i25015;pick item
pick_i24512;pick item
pick_i26120;pick item
pick_i38470;pick item
pick_i33715;pick item
pick_i25702;pick item
pick_i16254;pick item
pick_i36325;pick item
pick_i36637;pick item
pick_i33585;pick item
pick_i34864;pick item
pick_i36681;pick item
pick_i29394;pick item
pick_i27157;pick item
pick_i25380;pick item
pick_i23035;pick item
pick_i29019;pick item
pick_i25176;pick item
pick_i36601;pick item
pick_i28317;pick item
pick_i35694;pick item
pick_i32561;pick item
pick_i28151;pick item
pick_i37934;pick item
pick_i27397;pick item
pick_i25836;pick item
pick_i35063;pick item
pick_i23335;pick item
pick_i35077;pick item
pick_i18378;pick item
pick_i36354;pick item
pick_i33961;pick item
pick_i25592;pick item
pick_i16759;pick item
pick_i33725;pick item
ship_o1562;ship order
pick_i33869;pick item
pick_i21581;pick item
pick_i32357;pick item
pick_i28391;pick item
pick_i27921;pick item
pick_i37531;pick item
pick_i23220;pick item
pick_i27765;pick item
pick_i27978;pick item
pick_i21977;pick item
pick_i37601;pick item
ship_o1827;ship order
pick_i32196;pick item
pick_i24578;pick item
pick_i37520;pick item
pick_i30488;pick item
pick_i30866;pick item
pick_i36640;pick item
pick_i27166;pick item
pick_i36738;pick item
pick_i35514;pick item
pick_i34758;pick item
pick_i38627;pick item
pick_i14582;pick item
pick_i22298;pick item
ship_o1440;ship order
pick_i30494;pick item
pick_i38558;pick item
pick_i15507;pick item
pick_i33067;pick item
ship_o1494;ship order
pick_i37905;pick item
pick_i19056;pick item
pick_i33537;pick item
pick_i36466;pick item
pick_i25525;pick item
pick_i24477;pick item
pick_i19610;pick item
pick_i17495;pick item
pick_i35824;pick item
pick_i38397;pick item
pick_i37545;pick item
pick_i38114;pick item
pick_i24296;pick item
pick_i33843;pick item
pick_i28855;pick item
pick_i19967;pick item
pick_i38524;pick item
pick_i22113;pick item
pick_i27881;pick item
pick_i36382;pick item
pick_i31827;pick item
pick_i29753;pick item
pick_i32035;pick item
pick_i30630;pick item
pick_i30571;pick item
pick_i34675;pick item
pick_i32980;pick item
pick_i37179;pick item
pick_i34553;pick item
pick_i34137;pick item
pick_i35726;pick item
pick_i19102;pick item
pick_i17123;pick item
pick_i36888;pick item
ship_o1581;ship order
pick_i38086;pick item
pick_i21711;pick item
pick_i35042;pick item
pick_i34117;pick item
pick_i33688;pick item
pick_i37763;pick item
pick_i21348;pick item
pick_i32044;pick item
pick_i16326;pick item
ship_o1536;ship order
pick_i30472;pick item
pick_i36417;pick item
pick_i36298;pick item
pick_i36626;pick item
pick_i32889;pick item
pick_i23443;pick item
pick_i37643;pick item
pick_i37778;pick item
pick_i25463;pick item
pick_i30329;pick item
pick_i38345;pick item
pick_i37435;pick item
pick_i21760;pick item
pick_i17539;pick item
ship_o1603;ship order
pick_i23041;pick item
pick_i22562;pick item
pick_i36122;pick item
pick_i34586;pick item
pick_i36684;pick item
pick_i19299;pick item
pick_i33689;pick item
pick_i25154;pick item
pick_i25459;pick item
pick_i35123;pick item
pick_i26347;pick item
pick_i35043;pick item
pick_i31733;pick item
pick_i32135;pick item
pick_i30422;pick item
pick_i36673;pick item
pick_i34219;pick item
pick_i37000;pick item
pick_i33680;pick item
pick_i32421;pick item
pick_i24137;pick item
pick_i30230;pick item
pick_i32640;pick item
pick_i29370;pick item
pick_i21577;pick item
pick_i31163;pick item
pick_i20218;pick item
pick_i38612;pick item
pick_i36718;pick item
pick_i25168;pick item
pick_i29909;pick item
pick_i13915;pick item
pick_i33705;pick item
ship_o1399;ship order
pick_i28728;pick item
pick_i33906;pick item
pick_i32636;pick item
pick_i37159;pick item
pick_i18643;pick item
pick_i37714;pick item
pick_i38182;pick item
pick_i36305;pick item
pick_i34214;pick item
pick_i34594;pick item
pick_i21283;pick item
pick_i22514;pick item
pick_i38635;pick item
pick_i34203;pick item
pick_i19725;pick item
pick_i33944;pick item
pick_i23864;pick item
pick_i35377;pick item
pick_i36661;pick item
pick_i23297;pick item
pick_i34621;pick item
pick_i31793;pick item
pick_i18239;pick item
ship_o1639;ship order
pick_i22923;pick item
pick_i28023;pick item
pick_i31900;pick item
pick_i28991;pick item
pick_i29710;pick item
pick_i37716;pick item
pick_i27339;pick item
pick_i38654;pick item
pick_i26459;pick item
pick_i33050;pick item
pick_i26251;pick item
pick_i37816;pick item
pick_i12182;pick item
pick_i29364;pick item
ship_o1297;ship order
pick_i30044;pick item
pick_i32733;pick item
pick_i27087;pick item
pick_i36983;pick item
pick_i35910;pick item
pick_i34723;pick item
pick_i36780;pick item
pick_i35552;pick item
pick_i21380;pick item
pick_i30175;pick item
pick_i33102;pick item
pick_i28961;pick item
pick_i34075;pick item
pick_i34061;pick item
pick_i34272;pick item
pick_i37939;pick item
pick_i37733;pick item
pick_i38510;pick item
pick_i19944;pick item
pick_i23139;pick item
pick_i32297;pick item
pick_i31849;pick item
pick_i18768;pick item
pick_i24094;pick item
ship_o1667;ship order
pick_i21486;pick item
pick_i17886;pick item
pick_i28878;pick item
pick_i36099;pick item
pick_i20308;pick item
ship_o1744;ship order
pick_i32524;pick item
pick_i34002;pick item
pick_i31434;pick item
pick_i27570;pick item
pick_i28335;pick item
pick_i31937;pick item
pick_i29946;pick item
pick_i28497;pick item
pick_i31011;pick item
pick_i31200;pick item
pick_i27668;pick item
pick_i33752;pick item
pick_i30049;pick item
pick_i31940;pick item
pick_i32912;pick item
pick_i31141;pick item
pick_i35183;pick item
pick_i25732;pick item
pick_i19225;pick item
pick_i23481;pick item
pick_i22377;pick item
pick_i25710;pick item
pick_i29773;pick item
pick_i36908;pick item
pick_i32279;pick item
pick_i29138;pick item
pick_i37149;pick item
pick_i18336;pick item
pick_i20130;pick item
pick_i37401;pick item
pick_i35562;pick item
pick_i36911;pick item
pick_i21770;pick item
pick_i36697;pick item
pick_i37065;pick item
pick_i26322;pick item
pick_i30249;pick item
pick_i28647;pick item
pick_i36701;pick item
pick_i27898;pick item
pick_i24380;pick item
pick_i38582;pick item
pick_i20501;pick item
pick_i27086;pick item
pick_i30706;pick item
pick_i28343;pick item
pick_i30520;pick item
pick_i36856;pick item
pick_i33928;pick item
pick_i14112;pick item
ship_o1411;ship order
pick_i22632;pick item
pick_i18667;pick item
pick_i36917;pick item
pick_i19062;pick item
pick_i20414;pick item
ship_o1683;ship order
pick_i33930;pick item
pick_i29127;pick item
pick_i23115;pick item
pick_i22703;pick item
pick_i38140;pick item
pick_i26597;pick item
pick_i19280;pick item
pick_i32328;pick item
pick_i37082;pick item
pick_i29424;pick item
pick_i32743;pick item
pick_i29585;pick item
pick_i37977;pick item
pick_i36766;pick item
pick_i19017;pick item
pick_i26619;pick item
pick_i31188;pick item
pick_i37347;pick item
pick_i31700;pick item
pick_i38074;pick item
pick_i32122;pick item
pick_i37503;pick item
pick_i22910;pick item
pick_i35702;pick item
pick_i29848;pick item
pick_i24093;pick item
pick_i35559;pick item
pick_i31595;pick item
pick_i38569;pick item
pick_i32817;pick item
pick_i37280;pick item
pick_i23313;pick item
pick_i35305;pick item
pick_i34787;pick item
pick_i30717;pick item
pick_i30489;pick item
pick_i24196;pick item
pick_i29265;pick item
pick_i35311;pick item
pick_i27011;pick item
pick_i31613;pick item
pick_i29553;pick item
pick_i25253;pick item
pick_i19927;pick item
pick_i30989;pick item
pick_i34506;pick item
pick_i29565;pick item
pick_i38485;pick item
pick_i35140;pick item
pick_i31088;pick item
pick_i26085;pick item
pick_i33926;pick item
pick_i33195;pick item
pick_i30733;pick item
pick_i30662;pick item
pick_i28306;pick item
pick_i17298;pick item
pick_i27804;pick item
pick_i32688;pick item
pick_i32845;pick item
pick_i38545;pick item
pick_i28339;pick item
pick_i38354;pick item
pick_i25189;pick item
pick_i22098;pick item
pick_i21568;pick item
pick_i36457;pick item
pick_i29597;pick item
pick_i36689;pick item
pick_i15651;pick item
pick_i34904;pick item
pick_i34378;pick item
pick_i26198;pick item
pick_i35705;pick item
pick_i28929;pick item
pick_i27129;pick item
pick_i21116;pick item
pick_i30611;pick item
pick_i23303;pick item
pick_i26521;pick item
pick_i33568;pick item
pick_i26244;pick item
pick_i32880;pick item
pick_i26543;pick item
pick_i22908;pick item
pick_i32022;pick item
pick_i35511;pick item
pick_i37513;pick item
pick_i30572;pick item
pick_i33650;pick item
pick_i38201;pick item
pick_i27626;pick item
pick_i24400;pick item
pick_i34177;pick item
pick_i30889;pick item
pick_i26088;pick item
pick_i29727;pick item
pick_i31071;pick item
pick_i36247;pick item
pick_i21553;pick item
pick_i37273;pick item
pick_i38680;pick item
pick_i25949;pick item
pick_i28545;pick item
pick_i32957;pick item
pick_i33690;pick item
pick_i36440;pick item
pick_i32775;pick item
pick_i30167;pick item
pick_i22441;pick item
pick_i18453;pick item
pick_i37377;pick item
pick_i35354;pick item
pick_i18517;pick item
pick_i26745;pick item
ship_o1654;ship order
pick_i34623;pick item
pick_i24045;pick item
pick_i30588;pick item
pick_i37038;pick item
pick_i18277;pick item
ship_o1641;ship order
pick_i38655;pick item
pick_i25401;pick item
pick_i34259;pick item
pick_i20053;pick item
pick_i22053;pick item
pick_i30216;pick item
pick_i33749;pick item
pick_i34647;pick item
pick_i26779;pick item
pick_i34371;pick item
pick_i26975;pick item
pick_i37995;pick item
pick_i31984;pick item
pick_i37904;pick item
pick_i38665;pick item
pick_i34464;pick item
pick_i34347;pick item
pick_i29938;pick item
pick_i16908;pick item
pick_i35805;pick item
pick_i17591;pick item
pick_i33632;pick item
pick_i32105;pick item
pick_i33660;pick item
pick_i25202;pick item
pick_i23890;pick item
pick_i24491;pick item
pick_i27538;pick item
pick_i37968;pick item
pick_i35570;pick item
pick_i20468;pick item
pick_i38025;pick item
pick_i13391;pick item
pick_i36419;pick item
pick_i34301;pick item
pick_i32822;pick item
pick_i26468;pick item
pick_i33509;pick item
pick_i37931;pick item
pick_i38356;pick item
pick_i20343;pick item
pick_i38033;pick item
pick_i20149;pick item
pick_i19331;pick item
pick_i21688;pick item
pick_i30985;pick item
pick_i32361;pick item
pick_i33694;pick item
pick_i24583;pick item
pick_i33419;pick item
pick_i37575;pick item
pick_i25933;pick item
pick_i30792;pick item
pick_i38666;pick item
pick_i27914;pick item
pick_i27002;pick item
pick_i32352;pick item
pick_i33011;pick item
pick_i31992;pick item
pick_i38079;pick item
pick_i34376;pick item
pick_i37936;pick item
pick_i27579;pick item
pick_i30724;pick item
pick_i37629;pick item
pick_i19193;pick item
pick_i22300;pick item
pick_i38624;pick item
pick_i25608;pick item
pick_i29056;pick item
pick_i30850;pick item
pick_i37061;pick item
pick_i29847;pick item
pick_i15634;pick item
pick_i35812;pick item
pick_i14625;pick item
pick_i34643;pick item
ship_o1442;ship order
pick_i37889;pick item
pick_i25873;pick item
pick_i27054;pick item
pick_i23603;pick item
pick_i30755;pick item
pick_i38433;pick item
pick_i32725;pick item
pick_i22771;pick item
pick_i30227;pick item
pick_i24412;pick item
pick_i37311;pick item
pick_i24807;pick item
pick_i34144;pick item
pick_i28067;pick item
pick_i32821;pick item
pick_i19851;pick item
pick_i37533;pick item
pick_i34958;pick item
pick_i30683;pick item
pick_i37796;pick item
pick_i34650;pick item
pick_i25352;pick item
pick_i34285;pick item
pick_i25550;pick item
pick_i37351;pick item
pick_i32829;pick item
pick_i25801;pick item
pick_i35569;pick item
pick_i22083;pick item
pick_i25343;pick item
pick_i25330;pick item
pick_i32590;pick item
pick_i29542;pick item
pick_i32315;pick item
pick_i32353;pick item
pick_i11572;pick item
pick_i34034;pick item
pick_i22523;pick item
pick_i28455;pick item
pick_i26519;pick item
pick_i37735;pick item
pick_i37243;pick item
pick_i23558;pick item
pick_i32585;pick item
pick_i36982;pick item
pick_i30086;pick item
pick_i35660;pick item
pick_i38255;pick item
pick_i35578;pick item
pick_i34331;pick item
pick_i32617;pick item
pick_i35195;pick item
pick_i27506;pick item
pick_i29861;pick item
pick_i26158;pick item
pick_i38467;pick item
pick_i32251;pick item
pick_i38495;pick item
pick_i34322;pick item
pick_i35527;pick item
pick_i38174;pick item
pick_i33422;pick item
pick_i37797;pick item
pick_i30753;pick item
pick_i24402;pick item
pick_i38082;pick item
pick_i30493;pick item
pick_i37986;pick item
pick_i28248;pick item
pick_i26060;pick item
pick_i33515;pick item
pick_i36002;pick item
pick_i27348;pick item
pick_i33298;pick item
pick_i36199;pick item
pick_i33338;pick item
pick_i38334;pick item
pick_i32525;pick item
pick_i25703;pick item
pick_i31816;pick item
pick_i29374;pick item
pick_i34994;pick item
pick_i30403;pick item
pick_i37488;pick item
pick_i30700;pick item
pick_i33030;pick item
pick_i34438;pick item
pick_i26785;pick item
pick_i26129;pick item
pick_i37595;pick item
pick_i33979;pick item
pick_i27032;pick item
pick_i35884;pick item
pick_i27355;pick item
pick_i20562;pick item
pick_i37161;pick item
pick_i31438;pick item
pick_i21717;pick item
pick_i18097;pick item
pick_i35912;pick item
pick_i23544;pick item
pick_i30542;pick item
pick_i29541;pick item
pick_i35591;pick item
pick_i27218;pick item
pick_i36543;pick item
pick_i31451;pick item
pick_i32642;pick item
pick_i21926;pick item
pick_i28806;pick item
pick_i29948;pick item
pick_i30963;pick item
pick_i34885;pick item
pick_i37450;pick item
pick_i24155;pick item
pick_i33805;pick item
pick_i33879;pick item
pick_i34774;pick item
pick_i24427;pick item
pick_i28504;pick item
pick_i30305;pick item
pick_i32627;pick item
pick_i29202;pick item
pick_i25921;pick item
pick_i32182;pick item
pick_i33221;pick item
pick_i26506;pick item
pick_i34045;pick item
pick_i20657;pick item
ship_o1762;ship order
pick_i20702;pick item
pick_i32370;pick item
pick_i37137;pick item
pick_i17073;pick item
pick_i13617;pick item
pick_i33155;pick item
pick_i31040;pick item
pick_i13673;pick item
pick_i30250;pick item
ship_o1385;ship order
pick_i38196;pick item
pick_i23442;pick item
pick_i35867;pick item
pick_i36894;pick item
pick_i28417;pick item
pick_i26237;pick item
pick_i19447;pick item
ship_o1703;ship order
pick_i20671;pick item
pick_i18537;pick item
pick_i37698;pick item
pick_i35650;pick item
pick_i33220;pick item
pick_i36929;pick item
pick_i36750;pick item
pick_i24701;pick item
pick_i18085;pick item
pick_i17892;pick item
pick_i37815;pick item
pick_i22667;pick item
pick_i38137;pick item
pick_i31224;pick item
pick_i26721;pick item
pick_i21510;pick item
pick_i16916;pick item
pick_i22610;pick item
pick_i16285;pick item
pick_i28597;pick item
pick_i22905;pick item
pick_i29726;pick item
pick_i35915;pick item
pick_i31245;pick item
pick_i37482;pick item
pick_i22724;pick item
pick_i29865;pick item
pick_i30738;pick item
pick_i38580;pick item
pick_i30213;pick item
pick_i33858;pick item
pick_i16642;pick item
pick_i28036;pick item
pick_i29760;pick item
pick_i22823;pick item
pick_i36720;pick item
pick_i37668;pick item
pick_i36801;pick item
pick_i34215;pick item
pick_i34289;pick item
pick_i11751;pick item
pick_i32427;pick item
ship_o1269;ship order
pick_i29360;pick item
pick_i29966;pick item
pick_i31410;pick item
pick_i18111;pick item
pick_i29213;pick item
pick_i33687;pick item
pick_i37062;pick item
pick_i28262;pick item
pick_i34788;pick item
pick_i38633;pick item
pick_i38253;pick item
pick_i36493;pick item
pick_i28749;pick item
pick_i34128;pick item
pick_i33757;pick item
pick_i35215;pick item
pick_i32246;pick item
pick_i33329;pick item
pick_i27807;pick item
pick_i31057;pick item
pick_i37964;pick item
pick_i29174;pick item
pick_i29420;pick item
pick_i21836;pick item
pick_i21479;pick item
pick_i32798;pick item
pick_i36676;pick item
pick_i36666;pick item
pick_i35419;pick item
pick_i30671;pick item
pick_i35187;pick item
pick_i38559;pick item
pick_i37755;pick item
pick_i37952;pick item
pick_i37886;pick item
pick_i33230;pick item
pick_i20997;pick item
pick_i26643;pick item
pick_i38381;pick item
pick_i38189;pick item
pick_i30732;pick item
pick_i29235;pick item
pick_i32369;pick item
pick_i35909;pick item
pick_i35612;pick item
pick_i22108;pick item
pick_i21584;pick item
pick_i28468;pick item
pick_i33073;pick item
pick_i38104;pick item
pick_i30041;pick item
pick_i18564;pick item
pick_i23853;pick item
pick_i33218;pick item
pick_i23180;pick item
pick_i13654;pick item
pick_i23834;pick item
ship_o1384;ship order
pick_i20151;pick item
pick_i32381;pick item
pick_i36187;pick item
pick_i29879;pick item
pick_i35980;pick item
pick_i27745;pick item
pick_i20610;pick item
pick_i22872;pick item
pick_i27376;pick item
pick_i34700;pick item
pick_i35797;pick item
pick_i24556;pick item
pick_i38367;pick item
pick_i26221;pick item
pick_i21131;pick item
pick_i28641;pick item
pick_i38113;pick item
pick_i29668;pick item
pick_i28088;pick item
pick_i32741;pick item
pick_i16096;pick item
pick_i27251;pick item
ship_o1524;ship order
pick_i28349;pick item
pick_i25691;pick item
pick_i37656;pick item
pick_i32749;pick item
pick_i25685;pick item
pick_i28762;pick item
pick_i30442;pick item
pick_i36134;pick item
pick_i31305;pick item
pick_i34000;pick item
pick_i21294;pick item
pick_i33217;pick item
pick_i19691;pick item
pick_i24217;pick item
pick_i38498;pick item
pick_i25996;pick item
pick_i17979;pick item
pick_i34495;pick item
pick_i23913;pick item
pick_i26486;pick item
pick_i23814;pick item
pick_i23050;pick item
pick_i33564;pick item
pick_i28538;pick item
pick_i31852;pick item
pick_i18481;pick item
pick_i24103;pick item
pick_i25559;pick item
pick_i35234;pick item
pick_i35116;pick item
pick_i26652;pick item
pick_i37461;pick item
pick_i35528;pick item
pick_i37475;pick item
pick_i29013;pick item
pick_i37006;pick item
pick_i29906;pick item
pick_i25509;pick item
pick_i28356;pick item
pick_i38278;pick item
pick_i37654;pick item
pick_i22435;pick item
pick_i28811;pick item
pick_i32922;pick item
pick_i35865;pick item
pick_i24914;pick item
pick_i34413;pick item
pick_i27446;pick item
pick_i36952;pick item
pick_i24609;pick item
pick_i30039;pick item
pick_i25467;pick item
pick_i22861;pick item
pick_i16085;pick item
pick_i30079;pick item
ship_o1523;ship order
pick_i18797;pick item
pick_i36245;pick item
pick_i38153;pick item
pick_i30412;pick item
pick_i34240;pick item
pick_i35799;pick item
pick_i37299;pick item
pick_i31060;pick item
pick_i34068;pick item
pick_i31617;pick item
pick_i31749;pick item
pick_i34976;pick item
pick_i19583;pick item
pick_i36956;pick item
pick_i32713;pick item
pick_i23797;pick item
pick_i26680;pick item
pick_i35685;pick item
pick_i35809;pick item
pick_i38076;pick item
pick_i37822;pick item
pick_i33168;pick item
pick_i27672;pick item
pick_i31282;pick item
pick_i28829;pick item
pick_i30577;pick item
pick_i24661;pick item
pick_i28056;pick item
pick_i38506;pick item
pick_i32184;pick item
pick_i14730;pick item
pick_i30680;pick item
pick_i37260;pick item
pick_i30377;pick item
pick_i18066;pick item
pick_i37231;pick item
pick_i34308;pick item
pick_i38120;pick item
pick_i31736;pick item
pick_i34287;pick item
pick_i37223;pick item
pick_i30482;pick item
pick_i31017;pick item
pick_i29438;pick item
pick_i37390;pick item
pick_i25274;pick item
pick_i18917;pick item
pick_i37542;pick item
pick_i23104;pick item
pick_i32418;pick item
pick_i19524;pick item
pick_i29981;pick item
pick_i20748;pick item
pick_i26110;pick item
pick_i28146;pick item
pick_i31468;pick item
pick_i37078;pick item
pick_i15614;pick item
pick_i33630;pick item
pick_i22297;pick item
pick_i16940;pick item
pick_i24016;pick item
pick_i29985;pick item
pick_i33838;pick item
pick_i20601;pick item
ship_o1759;ship order
pick_i32686;pick item
pick_i28703;pick item
pick_i34922;pick item
pick_i18918;pick item
pick_i27237;pick item
pick_i30829;pick item
pick_i37739;pick item
pick_i13372;pick item
ship_o1367;ship order
pick_i18531;pick item
pick_i29042;pick item
pick_i38436;pick item
pick_i14192;pick item
ship_o1415;ship order
pick_i38067;pick item
pick_i29637;pick item
pick_i35223;pick item
pick_i31437;pick item
pick_i33636;pick item
pick_i33756;pick item
pick_i25542;pick item
pick_i37426;pick item
pick_i28548;pick item
pick_i36101;pick item
pick_i27758;pick item
pick_i37510;pick item
pick_i15263;pick item
ship_o1481;ship order
pick_i23707;pick item
pick_i38636;pick item
pick_i37747;pick item
pick_i28213;pick item
pick_i26167;pick item
pick_i34236;pick item
pick_i30659;pick item
pick_i31918;pick item
pick_i34964;pick item
pick_i21195;pick item
pick_i24513;pick item
pick_i26429;pick item
pick_i34940;pick item
pick_i36441;pick item
pick_i24233;pick item
pick_i31854;pick item
pick_i29786;pick item
pick_i30016;pick item
pick_i37186;pick item
pick_i32660;pick item
pick_i36007;pick item
pick_i36812;pick item
pick_i32926;pick item
pick_i31552;pick item
pick_i37310;pick item
pick_i36710;pick item
pick_i19127;pick item
pick_i25375;pick item
pick_i25207;pick item
pick_i32553;pick item
pick_i26634;pick item
pick_i35669;pick item
pick_i27149;pick item
pick_i37607;pick item
pick_i25230;pick item
pick_i33656;pick item
pick_i30410;pick item
pick_i19320;pick item
pick_i22870;pick item
pick_i13464;pick item
ship_o1372;ship order
pick_i37919;pick item
pick_i30263;pick item
pick_i37996;pick item
pick_i33431;pick item
pick_i37084;pick item
pick_i28407;pick item
pick_i29398;pick item
pick_i31235;pick item
pick_i36708;pick item
pick_i21606;pick item
pick_i25978;pick item
pick_i33980;pick item
pick_i23683;pick item
pick_i37233;pick item
pick_i36647;pick item
pick_i32949;pick item
pick_i36495;pick item
pick_i38348;pick item
pick_i37719;pick item
pick_i26282;pick item
pick_i18332;pick item
pick_i33776;pick item
pick_i36203;pick item
pick_i19810;pick item
pick_i35853;pick item
pick_i34678;pick item
pick_i31501;pick item
pick_i28185;pick item
pick_i37454;pick item
pick_i21753;pick item
pick_i14544;pick item
pick_i28739;pick item
pick_i35045;pick item
pick_i27744;pick item
pick_i24952;pick item
pick_i34807;pick item
pick_i26569;pick item
pick_i34424;pick item
pick_i28165;pick item
pick_i30281;pick item
pick_i16976;pick item
pick_i25082;pick item
pick_i32836;pick item
pick_i34110;pick item
pick_i37168;pick item
pick_i32203;pick item
pick_i19068;pick item
pick_i34863;pick item
pick_i37612;pick item
pick_i36890;pick item
pick_i28541;pick item
pick_i38484;pick item
pick_i26050;pick item
pick_i36966;pick item
pick_i38618;pick item
pick_i35852;pick item
pick_i29209;pick item
pick_i36883;pick item
pick_i27287;pick item
pick_i31047;pick item
pick_i34198;pick item
pick_i23051;pick item
pick_i36484;pick item
pick_i18618;pick item
pick_i33238;pick item
pick_i28340;pick item
pick_i33146;pick item
pick_i31421;pick item
pick_i37403;pick item
pick_i33736;pick item
pick_i38191;pick item
pick_i36469;pick item
pick_i34488;pick item
pick_i35252;pick item
pick_i29815;pick item
pick_i25067;pick item
pick_i28230;pick item
pick_i25800;pick item
pick_i31616;pick item
pick_i34399;pick item
pick_i18570;pick item
pick_i29437;pick item
pick_i21159;pick item
pick_i30735;pick item
pick_i23219;pick item
pick_i28234;pick item
pick_i24148;pick item
pick_i21662;pick item
pick_i35085;pick item
pick_i25179;pick item
pick_i33291;pick item
pick_i18180;pick item
pick_i26906;pick item
ship_o1636;ship order
pick_i34467;pick item
pick_i23837;pick item
pick_i31583;pick item
pick_i27122;pick item
pick_i31898;pick item
pick_i38497;pick item
pick_i33021;pick item
pick_i29036;pick item
pick_i29375;pick item
pick_i25697;pick item
pick_i31634;pick item
pick_i35887;pick item
pick_i33014;pick item
pick_i28848;pick item
pick_i29508;pick item
pick_i29454;pick item
pick_i20731;pick item
pick_i22592;pick item
pick_i25798;pick item
pick_i38131;pick item
pick_i35670;pick item
pick_i30639;pick item
pick_i37307;pick item
pick_i31354;pick item
pick_i25752;pick item
pick_i29812;pick item
pick_i21886;pick item
pick_i33191;pick item
pick_i20430;pick item
pick_i38335;pick item
pick_i20595;pick item
pick_i30323;pick item
pick_i24876;pick item
pick_i15412;pick item
pick_i22147;pick item
pick_i30051;pick item
pick_i31916;pick item
pick_i23727;pick item
pick_i30032;pick item
pick_i33159;pick item
pick_i37208;pick item
pick_i20996;pick item
pick_i18604;pick item
pick_i21246;pick item
pick_i21687;pick item
pick_i36557;pick item
pick_i25278;pick item
pick_i36744;pick item
pick_i38384;pick item
pick_i33882;pick item
pick_i37813;pick item
pick_i27177;pick item
pick_i28448;pick item
pick_i17968;pick item
ship_o1624;ship order
pick_i28105;pick item
pick_i19394;pick item
pick_i37838;pick item
pick_i33147;pick item
pick_i28360;pick item
pick_i32571;pick item
pick_i31087;pick item
pick_i25992;pick item
pick_i30746;pick item
pick_i32095;pick item
pick_i32767;pick item
pick_i36566;pick item
pick_i38667;pick item
pick_i30597;pick item
pick_i29857;pick item
pick_i26210;pick item
pick_i30314;pick item
pick_i32623;pick item
pick_i33250;pick item
pick_i31598;pick item
pick_i36562;pick item
pick_i22697;pick item
pick_i25037;pick item
pick_i35434;pick item
pick_i36636;pick item
pick_i35611;pick item
pick_i30998;pick item
pick_i25257;pick item
pick_i36363;pick item
pick_i37123;pick item
pick_i34453;pick item
pick_i19149;pick item
pick_i25320;pick item
pick_i34716;pick item
pick_i20792;pick item
pick_i30759;pick item
pick_i38097;pick item
pick_i15158;pick item
ship_o1475;ship order
pick_i33642;pick item
pick_i38264;pick item
pick_i29295;pick item
pick_i25345;pick item
pick_i20214;pick item
pick_i17386;pick item
pick_i17596;pick item
pick_i29735;pick item
pick_i36900;pick item
pick_i34954;pick item
pick_i37641;pick item
pick_i36222;pick item
pick_i36903;pick item
pick_i28787;pick item
pick_i21065;pick item
ship_o1782;ship order
pick_i36038;pick item
pick_i24190;pick item
pick_i25101;pick item
pick_i31339;pick item
pick_i26073;pick item
pick_i30994;pick item
pick_i32582;pick item
pick_i38500;pick item
pick_i26394;pick item
pick_i26030;pick item
pick_i34916;pick item
pick_i31181;pick item
pick_i30198;pick item
pick_i35917;pick item
pick_i38110;pick item
pick_i27799;pick item
pick_i37577;pick item
pick_i33104;pick item
pick_i37462;pick item
pick_i24631;pick item
pick_i38116;pick item
pick_i34667;pick item
pick_i29419;pick item
pick_i37840;pick item
pick_i35204;pick item
pick_i33898;pick item
pick_i37357;pick item
pick_i19212;pick item
pick_i35114;pick item
pick_i36830;pick item
pick_i20245;pick item
pick_i27498;pick item
pick_i37222;pick item
pick_i29249;pick item
pick_i37988;pick item
pick_i33484;pick item
pick_i22000;pick item
pick_i13609;pick item
pick_i15373;pick item
ship_o1381;ship order
pick_i34368;pick item
pick_i34055;pick item
pick_i36473;pick item
pick_i18701;pick item
pick_i22682;pick item
ship_o1664;ship order
pick_i37832;pick item
pick_i24424;pick item
pick_i30405;pick item
pick_i30505;pick item
pick_i30757;pick item
pick_i32514;pick item
pick_i31728;pick item
pick_i30278;pick item
pick_i21779;pick item
pick_i36914;pick item
pick_i36062;pick item
pick_i34126;pick item
pick_i30940;pick item
pick_i35125;pick item
pick_i35544;pick item
pick_i22470;pick item
pick_i24979;pick item
pick_i35968;pick item
pick_i22293;pick item
pick_i37941;pick item
pick_i35882;pick item
pick_i17902;pick item
pick_i34973;pick item
pick_i28920;pick item
pick_i35041;pick item
pick_i34797;pick item
pick_i30334;pick item
pick_i30064;pick item
pick_i34967;pick item
pick_i38690;pick item
pick_i20399;pick item
pick_i33890;pick item
pick_i20398;pick item
pick_i30284;pick item
ship_o1748;ship order
pick_i33387;pick item
pick_i36972;pick item
pick_i21290;pick item
pick_i30248;pick item
pick_i21659;pick item
pick_i35575;pick item
pick_i35376;pick item
pick_i31316;pick item
pick_i37057;pick item
pick_i38211;pick item
pick_i28768;pick item
pick_i29255;pick item
pick_i26762;pick item
pick_i33435;pick item
pick_i32052;pick item
pick_i28494;pick item
pick_i24817;pick item
pick_i31372;pick item
pick_i38262;pick item
pick_i19942;pick item
pick_i38337;pick item
ship_o1727;ship order
pick_i22726;pick item
pick_i27866;pick item
pick_i21325;pick item
pick_i29317;pick item
pick_i36317;pick item
pick_i22731;pick item
pick_i34008;pick item
pick_i22123;pick item
pick_i37676;pick item
pick_i32147;pick item
pick_i28646;pick item
pick_i25731;pick item
pick_i25906;pick item
pick_i22507;pick item
pick_i38478;pick item
pick_i33674;pick item
pick_i25173;pick item
pick_i28514;pick item
pick_i35103;pick item
pick_i38614;pick item
pick_i34242;pick item
pick_i15720;pick item
ship_o1504;ship order
pick_i25031;pick item
pick_i29298;pick item
pick_i34204;pick item
pick_i18056;pick item
ship_o1629;ship order
pick_i24475;pick item
pick_i26799;pick item
pick_i27169;pick item
pick_i31702;pick item
pick_i35991;pick item
pick_i23640;pick item
pick_i25242;pick item
pick_i36650;pick item
pick_i36232;pick item
pick_i34542;pick item
pick_i32197;pick item
pick_i16931;pick item
pick_i34370;pick item
pick_i33938;pick item
pick_i24659;pick item
pick_i29682;pick item
pick_i34725;pick item
pick_i15537;pick item
pick_i30236;pick item
pick_i30731;pick item
pick_i34804;pick item
pick_i22457;pick item
pick_i30616;pick item
pick_i24872;pick item
pick_i28817;pick item
pick_i30240;pick item
pick_i26978;pick item
pick_i30196;pick item
pick_i38567;pick item
pick_i20077;pick item
pick_i29506;pick item
pick_i26257;pick item
pick_i34943;pick item
pick_i16119;pick item
pick_i29200;pick item
pick_i32443;pick item
pick_i33635;pick item
pick_i33911;pick item
pick_i28487;pick item
pick_i25203;pick item
pick_i38090;pick item
pick_i25071;pick item
pick_i23163;pick item
pick_i22617;pick item
pick_i36813;pick item
pick_i38051;pick item
pick_i38325;pick item
pick_i36392;pick item
pick_i35774;pick item
pick_i24902;pick item
pick_i15729;pick item
ship_o1505;ship order
pick_i28711;pick item
pick_i28996;pick item
pick_i36040;pick item
pick_i30316;pick item
pick_i34505;pick item
pick_i36583;pick item
pick_i28917;pick item
pick_i36373;pick item
pick_i30348;pick item
pick_i29942;pick item
pick_i38681;pick item
pick_i28596;pick item
pick_i38007;pick item
pick_i28139;pick item
pick_i38125;pick item
pick_i31651;pick item
pick_i33214;pick item
pick_i38519;pick item
pick_i27243;pick item
pick_i37971;pick item
pick_i38347;pick item
pick_i14551;pick item
ship_o1438;ship order
pick_i31097;pick item
pick_i32162;pick item
pick_i30838;pick item
pick_i30958;pick item
pick_i23332;pick item
pick_i20123;pick item
pick_i36175;pick item
pick_i36471;pick item
pick_i37003;pick item
pick_i16588;pick item
pick_i23038;pick item
pick_i37443;pick item
pick_i23774;pick item
pick_i26000;pick item
pick_i37244;pick item
pick_i22218;pick item
pick_i33514;pick item
pick_i24731;pick item
pick_i36283;pick item
pick_i28173;pick item
pick_i30021;pick item
pick_i32536;pick item
pick_i35078;pick item
pick_i26891;pick item
pick_i28526;pick item
pick_i37543;pick item
pick_i23631;pick item
pick_i36239;pick item
pick_i23357;pick item
pick_i23900;pick item
pick_i29741;pick item
pick_i21352;pick item
pick_i37981;pick item
pick_i29090;pick item
pick_i36436;pick item
pick_i15229;pick item
pick_i19172;pick item
ship_o1479;ship order
pick_i33709;pick item
pick_i32039;pick item
pick_i33602;pick item
pick_i37127;pick item
pick_i29428;pick item
pick_i36127;pick item
pick_i31865;pick item
pick_i34576;pick item
pick_i26810;pick item
pick_i38299;pick item
pick_i36919;pick item
pick_i36479;pick item
pick_i32155;pick item
pick_i33123;pick item
pick_i20779;pick item
pick_i20193;pick item
pick_i14732;pick item
ship_o1448;ship order
pick_i26661;pick item
pick_i15964;pick item
pick_i35537;pick item
pick_i23076;pick item
pick_i35147;pick item
pick_i28519;pick item
pick_i36792;pick item
pick_i28679;pick item
pick_i31924;pick item
pick_i23030;pick item
pick_i26927;pick item
pick_i26357;pick item
pick_i30253;pick item
pick_i31319;pick item
pick_i38560;pick item
pick_i25097;pick item
pick_i17063;pick item
pick_i33142;pick item
pick_i28485;pick item
pick_i29902;pick item
pick_i28982;pick item
pick_i25250;pick item
pick_i32248;pick item
pick_i23754;pick item
pick_i29883;pick item
pick_i29573;pick item
pick_i33001;pick item
pick_i36729;pick item
pick_i38669;pick item
pick_i33910;pick item
pick_i26010;pick item
pick_i24247;pick item
pick_i35479;pick item
pick_i27964;pick item
pick_i28381;pick item
pick_i30000;pick item
pick_i31515;pick item
pick_i34165;pick item
pick_i36871;pick item
pick_i30096;pick item
pick_i27710;pick item
pick_i26222;pick item
pick_i33733;pick item
pick_i36970;pick item
pick_i32944;pick item
pick_i16974;pick item
pick_i24810;pick item
ship_o1574;ship order
pick_i34286;pick item
pick_i30904;pick item
pick_i23763;pick item
pick_i30118;pick item
pick_i37221;pick item
pick_i33778;pick item
pick_i33658;pick item
pick_i29526;pick item
pick_i33997;pick item
pick_i31934;pick item
pick_i35577;pick item
pick_i36295;pick item
pick_i32609;pick item
pick_i32230;pick item
pick_i25619;pick item
pick_i38111;pick item
pick_i33455;pick item
pick_i38603;pick item
pick_i35857;pick item
pick_i35574;pick item
pick_i35896;pick item
pick_i37707;pick item
pick_i33148;pick item
pick_i30870;pick item
pick_i38405;pick item
pick_i31037;pick item
pick_i35536;pick item
pick_i35237;pick item
pick_i24958;pick item
pick_i19389;pick item
ship_o1700;ship order
pick_i32862;pick item
pick_i33402;pick item
pick_i22650;pick item
pick_i24818;pick item
pick_i36433;pick item
pick_i21107;pick item
pick_i31981;pick item
pick_i36369;pick item
pick_i28914;pick item
pick_i23570;pick item
pick_i24025;pick item
pick_i34679;pick item
pick_i33237;pick item
pick_i34339;pick item
pick_i37940;pick item
pick_i31139;pick item
pick_i33057;pick item
pick_i16915;pick item
pick_i25838;pick item
pick_i28338;pick item
pick_i29005;pick item
pick_i28035;pick item
pick_i22277;pick item
pick_i31958;pick item
pick_i35532;pick item
pick_i38100;pick item
pick_i35975;pick item
pick_i25524;pick item
pick_i28926;pick item
pick_i31817;pick item
pick_i21790;pick item
pick_i27203;pick item
pick_i24641;pick item
pick_i35849;pick item
pick_i31922;pick item
pick_i20231;pick item
pick_i33192;pick item
pick_i30237;pick item
pick_i30108;pick item
pick_i33737;pick item
pick_i36698;pick item
pick_i31359;pick item
pick_i32915;pick item
pick_i27252;pick item
pick_i37116;pick item
pick_i18475;pick item
ship_o1652;ship order
pick_i30273;pick item
pick_i29250;pick item
pick_i28663;pick item
pick_i32716;pick item
pick_i31078;pick item
pick_i27566;pick item
pick_i35423;pick item
pick_i25322;pick item
pick_i32787;pick item
pick_i37727;pick item
pick_i36501;pick item
pick_i25493;pick item
pick_i28351;pick item
pick_i26423;pick item
pick_i29137;pick item
pick_i27907;pick item
pick_i27681;pick item
pick_i19041;pick item
pick_i27511;pick item
pick_i22178;pick item
pick_i32459;pick item
pick_i19916;pick item
pick_i22838;pick item
pick_i25708;pick item
pick_i16661;pick item
pick_i29629;pick item
pick_i37568;pick item
pick_i31550;pick item
pick_i32883;pick item
pick_i37703;pick item
pick_i37841;pick item
pick_i30543;pick item
pick_i37152;pick item
pick_i32946;pick item
pick_i31205;pick item
pick_i31479;pick item
pick_i36072;pick item
pick_i33663;pick item
pick_i30667;pick item
pick_i38187;pick item
pick_i37094;pick item
pick_i17682;pick item
pick_i31442;pick item
pick_i36585;pick item
pick_i29811;pick item
pick_i35365;pick item
pick_i38103;pick item
pick_i27406;pick item
pick_i38072;pick item
pick_i27312;pick item
pick_i26660;pick item
pick_i24481;pick item
pick_i37784;pick item
pick_i35099;pick item
pick_i36035;pick item
pick_i20765;pick item
pick_i27486;pick item
pick_i28150;pick item
pick_i35472;pick item
pick_i33141;pick item
pick_i24257;pick item
pick_i36817;pick item
pick_i35618;pick item
pick_i23577;pick item
pick_i26764;pick item
pick_i38243;pick item
pick_i29745;pick item
pick_i19032;pick item
pick_i36361;pick item
ship_o1682;ship order
pick_i22099;pick item
pick_i26578;pick item
pick_i25135;pick item
pick_i32396;pick item
pick_i38476;pick item
pick_i26871;pick item
pick_i31422;pick item
pick_i35588;pick item
pick_i29905;pick item
pick_i35846;pick item
pick_i36124;pick item
pick_i17695;pick item
ship_o1611;ship order
pick_i21759;pick item
pick_i28542;pick item
pick_i32650;pick item
pick_i36344;pick item
pick_i36920;pick item
pick_i28786;pick item
pick_i24738;pick item
pick_i34224;pick item
pick_i26300;pick item
pick_i21809;pick item
pick_i37481;pick item
pick_i24312;pick item
pick_i36885;pick item
pick_i33759;pick item
pick_i21298;pick item
pick_i34833;pick item
pick_i33696;pick item
pick_i22352;pick item
pick_i36191;pick item
pick_i33098;pick item
pick_i26822;pick item
pick_i24744;pick item
pick_i16921;pick item
pick_i37590;pick item
ship_o1571;ship order
pick_i34069;pick item
pick_i36428;pick item
pick_i35429;pick item
pick_i31885;pick item
pick_i21371;pick item
pick_i37983;pick item
pick_i29596;pick item
pick_i35250;pick item
pick_i17676;pick item
pick_i27253;pick item
pick_i29689;pick item
pick_i24465;pick item
pick_i35943;pick item
pick_i37989;pick item
pick_i16499;pick item
ship_o1546;ship order
pick_i24333;pick item
pick_i38199;pick item
pick_i37893;pick item
pick_i37200;pick item
pick_i33909;pick item
pick_i27520;pick item
pick_i38412;pick item
pick_i30633;pick item
pick_i36621;pick item
pick_i17859;pick item
pick_i20899;pick item
pick_i35869;pick item
pick_i27434;pick item
pick_i33975;pick item
pick_i29856;pick item
pick_i37645;pick item
pick_i18956;pick item
pick_i23392;pick item
pick_i35225;pick item
pick_i36541;pick item
pick_i33118;pick item
pick_i37899;pick item
pick_i31462;pick item
pick_i31966;pick item
pick_i25820;pick item
pick_i36734;pick item
pick_i34422;pick item
pick_i35550;pick item
pick_i23773;pick item
pick_i25167;pick item
pick_i20757;pick item
pick_i35030;pick item
pick_i29614;pick item
pick_i14306;pick item
ship_o1422;ship order
pick_i27363;pick item
pick_i27220;pick item
pick_i27016;pick item
pick_i36458;pick item
pick_i23124;pick item
pick_i25656;pick item
pick_i22237;pick item
pick_i31467;pick item
pick_i32772;pick item
pick_i26850;pick item
pick_i37762;pick item
pick_i20700;pick item
pick_i36670;pick item
pick_i18795;pick item
pick_i16281;pick item
pick_i29700;pick item
pick_i35489;pick item
pick_i34839;pick item
pick_i30776;pick item
pick_i31571;pick item
pick_i27214;pick item
pick_i37911;pick item
pick_i33693;pick item
pick_i37786;pick item
pick_i27542;pick item
pick_i24404;pick item
pick_i38589;pick item
pick_i31560;pick item
pick_i30074;pick item
pick_i28214;pick item
pick_i36814;pick item
pick_i29184;pick item
pick_i28286;pick item
pick_i36590;pick item
pick_i23237;pick item
pick_i32517;pick item
pick_i36461;pick item
pick_i29855;pick item
pick_i27496;pick item
pick_i30550;pick item
pick_i29677;pick item
pick_i25778;pick item
pick_i34588;pick item
pick_i37926;pick item
pick_i27340;pick item
pick_i37424;pick item
pick_i28809;pick item
pick_i29111;pick item
pick_i21405;pick item
pick_i32756;pick item
pick_i29561;pick item
pick_i28355;pick item
pick_i36770;pick item
pick_i27124;pick item
pick_i38434;pick item
pick_i25035;pick item
pick_i26924;pick item
pick_i38462;pick item
pick_i15074;pick item
ship_o1470;ship order
pick_i32316;pick item
pick_i27105;pick item
pick_i33951;pick item
pick_i20136;pick item
pick_i34907;pick item
pick_i35746;pick item
pick_i31206;pick item
pick_i36420;pick item
pick_i34338;pick item
pick_i26087;pick item
pick_i26803;pick item
pick_i16784;pick item
pick_i32543;pick item
pick_i22148;pick item
pick_i28081;pick item
pick_i33672;pick item
pick_i27968;pick item
pick_i28605;pick item
pick_i33551;pick item
pick_i38592;pick item
pick_i33989;pick item
pick_i31096;pick item
pick_i17482;pick item
pick_i36132;pick item
pick_i23001;pick item
pick_i37846;pick item
pick_i37040;pick item
pick_i36131;pick item
pick_i30949;pick item
pick_i34116;pick item
pick_i33193;pick item
pick_i36230;pick item
pick_i35954;pick item
pick_i30396;pick item
pick_i29515;pick item
pick_i26621;pick item
pick_i33691;pick item
pick_i31260;pick item
pick_i22333;pick item
pick_i37387;pick item
pick_i20821;pick item
pick_i25218;pick item
pick_i26333;pick item
pick_i35894;pick item
pick_i31808;pick item
pick_i26383;pick item
pick_i29793;pick item
pick_i31719;pick item
pick_i29531;pick item
pick_i28051;pick item
pick_i32812;pick item
pick_i31153;pick item
pick_i32479;pick item
pick_i24450;pick item
pick_i25582;pick item
pick_i36065;pick item
pick_i34228;pick item
pick_i16623;pick item
pick_i25027;pick item
pick_i34468;pick item
pick_i35400;pick item
pick_i31367;pick item
pick_i38323;pick item
pick_i28401;pick item
pick_i30842;pick item
pick_i31862;pick item
pick_i33883;pick item
pick_i13946;pick item
pick_i35760;pick item
pick_i19356;pick item
pick_i33122;pick item
pick_i27636;pick item
pick_i38057;pick item
pick_i36107;pick item
pick_i38668;pick item
pick_i37529;pick item
pick_i24116;pick item
pick_i24576;pick item
pick_i33489;pick item
pick_i27305;pick item
pick_i34479;pick item
pick_i31734;pick item
pick_i33272;pick item
pick_i23512;pick item
pick_i22354;pick item
pick_i33753;pick item
pick_i27830;pick item
pick_i33697;pick item
pick_i36973;pick item
pick_i37836;pick item
pick_i24015;pick item
pick_i37561;pick item
pick_i28192;pick item
pick_i31686;pick item
pick_i24702;pick item
pick_i33616;pick item
pick_i24917;pick item
pick_i30173;pick item
pick_i36016;pick item
pick_i27451;pick item
pick_i29248;pick item
pick_i37188;pick item
pick_i32192;pick item
pick_i27823;pick item
pick_i36477;pick item
pick_i34024;pick item
pick_i32442;pick item
pick_i19296;pick item
pick_i32199;pick item
pick_i36105;pick item
pick_i36212;pick item
pick_i34188;pick item
pick_i36004;pick item
pick_i38297;pick item
pick_i36909;pick item
pick_i30910;pick item
pick_i29686;pick item
pick_i31417;pick item
pick_i30110;pick item
pick_i26595;pick item
pick_i38632;pick item
pick_i37369;pick item
pick_i35510;pick item
pick_i25865;pick item
pick_i34170;pick item
pick_i27665;pick item
pick_i26267;pick item
pick_i36225;pick item
pick_i25384;pick item
pick_i36106;pick item
pick_i34191;pick item
pick_i34142;pick item
pick_i38686;pick item
pick_i35181;pick item
pick_i32469;pick item
pick_i17898;pick item
pick_i22581;pick item
pick_i35782;pick item
pick_i29376;pick item
pick_i33472;pick item
pick_i13945;pick item
pick_i31647;pick item
pick_i29722;pick item
pick_i32757;pick item
pick_i26265;pick item
pick_i31162;pick item
pick_i37746;pick item
pick_i26832;pick item
pick_i34589;pick item
pick_i20254;pick item
pick_i18493;pick item
pick_i29908;pick item
pick_i32841;pick item
pick_i32618;pick item
pick_i35850;pick item
pick_i35439;pick item
pick_i31836;pick item
pick_i22259;pick item
pick_i23730;pick item
pick_i33282;pick item
pick_i30863;pick item
pick_i33277;pick item
pick_i27722;pick item
pick_i31287;pick item
pick_i34317;pick item
pick_i34471;pick item
pick_i26610;pick item
pick_i29099;pick item
pick_i28837;pick item
pick_i34993;pick item
pick_i26627;pick item
pick_i29218;pick item
pick_i22365;pick item
pick_i21426;pick item
pick_i35314;pick item
pick_i36139;pick item
pick_i26647;pick item
pick_i36791;pick item
pick_i27768;pick item
pick_i29050;pick item
pick_i20780;pick item
ship_o1768;ship order
pick_i36286;pick item
pick_i27976;pick item
pick_i35969;pick item
pick_i36201;pick item
pick_i30646;pick item
pick_i37795;pick item
pick_i24875;pick item
pick_i23621;pick item
pick_i31585;pick item
pick_i28062;pick item
pick_i30190;pick item
pick_i32167;pick item
pick_i37693;pick item
pick_i19263;pick item
pick_i35696;pick item
pick_i18086;pick item
pick_i31914;pick item
pick_i37998;pick item
pick_i19620;pick item
pick_i35228;pick item
pick_i31484;pick item
pick_i27283;pick item
pick_i31308;pick item
pick_i28261;pick item
pick_i29779;pick item
pick_i37580;pick item
pick_i37572;pick item
pick_i26699;pick item
pick_i32870;pick item
pick_i27093;pick item
pick_i28824;pick item
pick_i24608;pick item
pick_i30232;pick item
pick_i31294;pick item
pick_i28247;pick item
pick_i31032;pick item
pick_i26281;pick item
pick_i23504;pick item
pick_i28092;pick item
pick_i33760;pick item
pick_i37570;pick item
pick_i23592;pick item
pick_i31606;pick item
pick_i36375;pick item
pick_i30752;pick item
pick_i28960;pick item
pick_i31972;pick item
pick_i35964;pick item
pick_i33797;pick item
pick_i24837;pick item
pick_i27837;pick item
pick_i23832;pick item
pick_i37120;pick item
pick_i33916;pick item
pick_i29365;pick item
pick_i23413;pick item
pick_i24819;pick item
pick_i35589;pick item
pick_i27370;pick item
pick_i28968;pick item
pick_i15578;pick item
pick_i31892;pick item
ship_o1496;ship order
pick_i27412;pick item
pick_i31385;pick item
pick_i35199;pick item
pick_i24195;pick item
pick_i36138;pick item
pick_i20326;pick item
pick_i26367;pick item
pick_i18041;pick item
pick_i30161;pick item
ship_o1628;ship order
pick_i35998;pick item
pick_i30290;pick item
pick_i19492;pick item
pick_i34098;pick item
pick_i25715;pick item
pick_i37633;pick item
pick_i20154;pick item
pick_i19138;pick item
pick_i21933;pick item
pick_i32867;pick item
pick_i21621;pick item
pick_i25363;pick item
pick_i19785;pick item
pick_i23615;pick item
pick_i30394;pick item
pick_i21823;pick item
pick_i34099;pick item
pick_i20506;pick item
pick_i24290;pick item
pick_i25560;pick item
pick_i15473;pick item
ship_o1492;ship order
pick_i36194;pick item
pick_i15087;pick item
ship_o1471;ship order
pick_i35756;pick item
pick_i21699;pick item
pick_i15496;pick item
ship_o1493;ship order
pick_i11992;pick item
pick_i25819;pick item
ship_o1286;ship order
pick_i31672;pick item
pick_i33896;pick item
pick_i38564;pick item
pick_i38206;pick item
pick_i37835;pick item
pick_i35339;pick item
pick_i28252;pick item
pick_i33730;pick item
pick_i28745;pick item
pick_i23073;pick item
pick_i29299;pick item
pick_i31116;pick item
pick_i15362;pick item
pick_i23374;pick item
pick_i31219;pick item
pick_i27371;pick item
pick_i36537;pick item
pick_i28908;pick item
pick_i36588;pick item
pick_i27669;pick item
pick_i28660;pick item
pick_i36784;pick item
pick_i38275;pick item
pick_i37199;pick item
pick_i25286;pick item
pick_i30343;pick item
pick_i28160;pick item
pick_i32755;pick item
pick_i27949;pick item
pick_i32107;pick item
pick_i38135;pick item
pick_i37866;pick item
pick_i35201;pick item
pick_i35112;pick item
pick_i21185;pick item
pick_i34109;pick item
pick_i26144;pick item
pick_i30069;pick item
pick_i28265;pick item
pick_i33771;pick item
pick_i28259;pick item
pick_i28031;pick item
pick_i30869;pick item
pick_i31463;pick item
pick_i34583;pick item
pick_i31483;pick item
pick_i34193;pick item
pick_i34418;pick item
pick_i26242;pick item
pick_i21767;pick item
pick_i32544;pick item
pick_i35916;pick item
pick_i35290;pick item
pick_i36332;pick item
pick_i23906;pick item
pick_i34352;pick item
pick_i38307;pick item
pick_i27303;pick item
pick_i25508;pick item
pick_i28232;pick item
pick_i26801;pick item
pick_i27108;pick item
pick_i25394;pick item
pick_i34058;pick item
pick_i21821;pick item
pick_i33240;pick item
pick_i34152;pick item
pick_i27408;pick item
pick_i35351;pick item
pick_i28922;pick item
pick_i33486;pick item
pick_i30903;pick item
pick_i25604;pick item
pick_i37776;pick item
pick_i23134;pick item
ship_o1880;ship order
pick_i30592;pick item
pick_i21703;pick item
pick_i37709;pick item
pick_i26666;pick item
pick_i37074;pick item
pick_i17050;pick item
pick_i33796;pick item
pick_i26042;pick item
pick_i38161;pick item
pick_i32661;pick item
pick_i26892;pick item
pick_i33354;pick item
pick_i36029;pick item
pick_i38616;pick item
pick_i33966;pick item
pick_i34631;pick item
pick_i24915;pick item
pick_i35546;pick item
pick_i34168;pick item
pick_i19632;pick item
pick_i27757;pick item
pick_i37133;pick item
pick_i21200;pick item
pick_i18757;pick item
pick_i35451;pick item
pick_i20128;pick item
pick_i23689;pick item
pick_i35947;pick item
pick_i20530;pick item
pick_i25121;pick item
pick_i30319;pick item
pick_i19368;pick item
pick_i37781;pick item
pick_i20838;pick item
pick_i20160;pick item
pick_i38688;pick item
pick_i34828;pick item
pick_i24813;pick item
pick_i35768;pick item
pick_i25729;pick item
pick_i29924;pick item
pick_i21307;pick item
pick_i30429;pick item
pick_i34050;pick item
pick_i38514;pick item
pick_i37954;pick item
pick_i29312;pick item
pick_i14962;pick item
ship_o1463;ship order
pick_i29149;pick item
pick_i30266;pick item
pick_i30369;pick item
pick_i30416;pick item
pick_i25849;pick item
pick_i25199;pick item
pick_i29350;pick item
pick_i29431;pick item
pick_i33652;pick item
pick_i33202;pick item
pick_i37907;pick item
pick_i22665;pick item
pick_i37085;pick item
pick_i25231;pick item
pick_i30246;pick item
pick_i28869;pick item
pick_i26272;pick item
pick_i28551;pick item
pick_i33561;pick item
pick_i35740;pick item
pick_i27009;pick item
pick_i37121;pick item
pick_i23706;pick item
pick_i34746;pick item
pick_i33504;pick item
pick_i26613;pick item
pick_i32680;pick item
pick_i32463;pick item
pick_i35475;pick item
pick_i36677;pick item
pick_i29969;pick item
pick_i38691;pick item
pick_i35962;pick item
pick_i24883;pick item
pick_i22279;pick item
pick_i36694;pick item
pick_i20217;pick item
pick_i32061;pick item
pick_i23229;pick item
pick_i23888;pick item
pick_i22180;pick item
pick_i33385;pick item
pick_i35542;pick item
pick_i17080;pick item
pick_i33060;pick item
pick_i36327;pick item
pick_i17081;pick item
ship_o1579;ship order
pick_i34497;pick item
pick_i31929;pick item
pick_i33655;pick item
pick_i34918;pick item
pick_i38458;pick item
pick_i35144;pick item
pick_i26712;pick item
pick_i27072;pick item
pick_i33846;pick item
pick_i22913;pick item
pick_i34786;pick item
pick_i24589;pick item
pick_i31605;pick item
pick_i23985;pick item
pick_i29675;pick item
pick_i32339;pick item
pick_i32071;pick item
pick_i38244;pick item
pick_i19294;pick item
pick_i34417;pick item
pick_i34155;pick item
pick_i31699;pick item
pick_i32592;pick item
pick_i35476;pick item
pick_i20882;pick item
pick_i22179;pick item
pick_i37782;pick item
pick_i29215;pick item
pick_i27209;pick item
pick_i17802;pick item
pick_i29268;pick item
pick_i24722;pick item
pick_i21637;pick item
pick_i16634;pick item
ship_o1812;ship order
pick_i37855;pick item
ship_o1554;ship order
pick_i19153;pick item
pick_i34411;pick item
pick_i25109;pick item
pick_i35313;pick item
pick_i36925;pick item
pick_i33977;pick item
pick_i28095;pick item
pick_i23822;pick item
pick_i32520;pick item
pick_i22839;pick item
pick_i28903;pick item
pick_i18948;pick item
ship_o1678;ship order
pick_i30345;pick item
pick_i37874;pick item
pick_i34102;pick item
pick_i23270;pick item
pick_i21175;pick item
pick_i36418;pick item
pick_i28550;pick item
pick_i36736;pick item
pick_i34271;pick item
pick_i17556;pick item
pick_i23265;pick item
ship_o1604;ship order
pick_i23146;pick item
pick_i31341;pick item
pick_i24787;pick item
pick_i22727;pick item
pick_i32665;pick item
pick_i37181;pick item
pick_i36027;pick item
pick_i32254;pick item
pick_i35009;pick item
pick_i18448;pick item
pick_i36322;pick item
pick_i37867;pick item
pick_i29487;pick item
pick_i38277;pick item
pick_i21171;pick item
pick_i32864;pick item
pick_i31800;pick item
pick_i24456;pick item
pick_i34451;pick item
pick_i24029;pick item
pick_i36208;pick item
pick_i36351;pick item
pick_i37169;pick item
pick_i22375;pick item
pick_i28946;pick item
pick_i27130;pick item
pick_i37453;pick item
pick_i16023;pick item
pick_i21425;pick item
pick_i37717;pick item
pick_i27578;pick item
pick_i36603;pick item
pick_i34408;pick item
pick_i31243;pick item
pick_i22294;pick item
pick_i35127;pick item
pick_i34796;pick item
pick_i37294;pick item
pick_i34101;pick item
pick_i28795;pick item
pick_i28827;pick item
pick_i36869;pick item
pick_i22615;pick item
pick_i24735;pick item
pick_i36946;pick item
pick_i31426;pick item
pick_i30618;pick item
pick_i17621;pick item
pick_i29404;pick item
pick_i33750;pick item
pick_i25413;pick item
pick_i23953;pick item
pick_i24321;pick item
pick_i33718;pick item
pick_i37667;pick item
pick_i17903;pick item
pick_i33781;pick item
pick_i33984;pick item
pick_i37302;pick item
pick_i29426;pick item
pick_i27196;pick item
pick_i15022;pick item
pick_i37501;pick item
pick_i20157;pick item
ship_o1737;ship order
pick_i28895;pick item
pick_i25741;pick item
pick_i33309;pick item
pick_i36076;pick item
pick_i29968;pick item
pick_i36709;pick item
pick_i36323;pick item
pick_i35518;pick item
pick_i38148;pick item
pick_i35340;pick item
pick_i32530;pick item
pick_i21427;pick item
pick_i30623;pick item
pick_i33572;pick item
pick_i29947;pick item
pick_i24739;pick item
pick_i25235;pick item
pick_i35545;pick item
ship_o1978;ship order
pick_i27840;pick item
pick_i19704;pick item
pick_i34889;pick item
pick_i32616;pick item
pick_i18490;pick item
pick_i33706;pick item
pick_i19644;pick item
pick_i15663;pick item
pick_i29500;pick item
ship_o1501;ship order
pick_i21603;pick item
pick_i36154;pick item
pick_i29997;pick item
pick_i34909;pick item
pick_i38362;pick item
pick_i28090;pick item
pick_i27202;pick item
pick_i33133;pick item
pick_i30817;pick item
pick_i21622;pick item
pick_i15548;pick item
pick_i30434;pick item
pick_i34323;pick item
pick_i38200;pick item
pick_i25789;pick item
pick_i22621;pick item
pick_i35643;pick item
pick_i32281;pick item
pick_i27199;pick item
pick_i29587;pick item
pick_i35081;pick item
pick_i28418;pick item
pick_i23840;pick item
pick_i36725;pick item
pick_i27896;pick item
pick_i33476;pick item
pick_i23402;pick item
pick_i27872;pick item
pick_i22224;pick item
pick_i36211;pick item
pick_i22398;pick item
pick_i35771;pick item
pick_i25591;pick item
pick_i34513;pick item
pick_i22608;pick item
pick_i31090;pick item
pick_i32166;pick item
pick_i29239;pick item
pick_i25143;pick item
pick_i38413;pick item
pick_i26528;pick item
pick_i31677;pick item
pick_i37470;pick item
pick_i23488;pick item
pick_i28461;pick item
pick_i18571;pick item
pick_i31599;pick item
pick_i37571;pick item
pick_i31882;pick item
pick_i24381;pick item
pick_i37041;pick item
pick_i33821;pick item
pick_i20295;pick item
pick_i37297;pick item
pick_i26859;pick item
pick_i34893;pick item
pick_i27674;pick item
pick_i34761;pick item
pick_i36582;pick item
pick_i36549;pick item
pick_i36470;pick item
pick_i38552;pick item
pick_i36932;pick item
pick_i29834;pick item
pick_i23675;pick item
pick_i34022;pick item
pick_i23423;pick item
pick_i38219;pick item
pick_i37516;pick item
pick_i31121;pick item
pick_i30172;pick item
pick_i21483;pick item
pick_i29141;pick item
pick_i27136;pick item
pick_i28661;pick item
pick_i33035;pick item
pick_i19508;pick item
pick_i20163;pick item
pick_i31603;pick item
pick_i22272;pick item
pick_i38204;pick item
pick_i38141;pick item
pick_i37742;pick item
pick_i32056;pick item
pick_i26706;pick item
pick_i34401;pick item
pick_i24560;pick item
pick_i35773;pick item
pick_i19186;pick item
pick_i36591;pick item
pick_i31256;pick item
pick_i28100;pick item
pick_i37611;pick item
pick_i35106;pick item
pick_i31066;pick item
pick_i35074;pick item
pick_i20259;pick item
pick_i27695;pick item
ship_o1742;ship order
pick_i37892;pick item
pick_i32764;pick item
pick_i32840;pick item
pick_i28785;pick item
pick_i22584;pick item
pick_i21909;pick item
pick_i25631;pick item
pick_i22404;pick item
pick_i38037;pick item
pick_i19066;pick item
pick_i29780;pick item
pick_i30415;pick item
pick_i37880;pick item
pick_i38439;pick item
pick_i24995;pick item
pick_i35360;pick item
pick_i31859;pick item
pick_i35795;pick item
pick_i16942;pick item
pick_i25327;pick item
ship_o1572;ship order
pick_i25629;pick item
pick_i23769;pick item
pick_i34622;pick item
pick_i35248;pick item
pick_i38568;pick item
pick_i36776;pick item
pick_i36045;pick item
pick_i22890;pick item
pick_i35908;pick item
pick_i37823;pick item
pick_i32264;pick item
pick_i30941;pick item
pick_i28341;pick item
pick_i35922;pick item
pick_i21448;pick item
pick_i36156;pick item
ship_o1803;ship order
pick_i37593;pick item
pick_i37490;pick item
pick_i35530;pick item
pick_i36242;pick item
pick_i20732;pick item
pick_i31204;pick item
pick_i24922;pick item
pick_i27897;pick item
pick_i25430;pick item
pick_i19106;pick item
pick_i32707;pick item
pick_i26398;pick item
pick_i36794;pick item
pick_i22964;pick item
pick_i31281;pick item
pick_i20197;pick item
pick_i27219;pick item
pick_i37584;pick item
pick_i38010;pick item
pick_i36846;pick item
pick_i22228;pick item
ship_o1839;ship order
pick_i35621;pick item
pick_i35895;pick item
pick_i36622;pick item
pick_i32962;pick item
pick_i23714;pick item
pick_i36221;pick item
pick_i27917;pick item
pick_i27692;pick item
pick_i37328;pick item
pick_i36141;pick item
pick_i29089;pick item
pick_i34530;pick item
pick_i33728;pick item
pick_i34525;pick item
pick_i26774;pick item
pick_i33273;pick item
pick_i32635;pick item
pick_i22392;pick item
pick_i27610;pick item
pick_i26407;pick item
pick_i29826;pick item
pick_i38629;pick item
pick_i13723;pick item
pick_i31684;pick item
pick_i21392;pick item
pick_i37164;pick item
pick_i38376;pick item
pick_i37235;pick item
pick_i32213;pick item
pick_i26994;pick item
pick_i34822;pick item
pick_i35784;pick item
pick_i34039;pick item
pick_i24446;pick item
pick_i24455;pick item
pick_i31397;pick item
pick_i37932;pick item
pick_i38021;pick item
pick_i22458;pick item
pick_i38463;pick item
pick_i29557;pick item
pick_i25308;pick item
pick_i20101;pick item
pick_i34300;pick item
pick_i21819;pick item
pick_i34327;pick item
pick_i37204;pick item
pick_i14285;pick item
ship_o1420;ship order
pick_i38241;pick item
pick_i36274;pick item
pick_i36611;pick item
pick_i35873;pick item
pick_i25036;pick item
pick_i21811;pick item
pick_i29986;pick item
pick_i23755;pick item
ship_o1908;ship order
pick_i38608;pick item
pick_i35899;pick item
pick_i32919;pick item
pick_i16880;pick item
pick_i27908;pick item
pick_i22421;pick item
pick_i33260;pick item
pick_i37315;pick item
pick_i26280;pick item
pick_i35978;pick item
pick_i27530;pick item
pick_i24928;pick item
pick_i29876;pick item
pick_i30568;pick item
pick_i37579;pick item
pick_i28012;pick item
pick_i37211;pick item
pick_i37817;pick item
pick_i31665;pick item
pick_i34435;pick item
pick_i37478;pick item
pick_i19108;pick item
pick_i23601;pick item
pick_i27660;pick item
pick_i27730;pick item
pick_i37225;pick item
pick_i30694;pick item
pick_i34509;pick item
pick_i29594;pick item
pick_i38472;pick item
pick_i22642;pick item
pick_i37257;pick item
pick_i23307;pick item
pick_i29519;pick item
pick_i31967;pick item
pick_i29220;pick item
pick_i38162;pick item
pick_i37674;pick item
pick_i15610;pick item
pick_i36066;pick item
pick_i34782;pick item
pick_i30252;pick item
pick_i35185;pick item
pick_i25803;pick item
pick_i33287;pick item
pick_i26768;pick item
pick_i14739;pick item
pick_i24860;pick item
ship_o1449;ship order
pick_i31997;pick item
pick_i31590;pick item
pick_i25709;pick item
pick_i26346;pick item
pick_i29372;pick item
pick_i30370;pick item
pick_i34398;pick item
pick_i32200;pick item
pick_i32907;pick item
pick_i28906;pick item
pick_i33855;pick item
pick_i28189;pick item
pick_i31405;pick item
pick_i34062;pick item
pick_i34178;pick item
pick_i35270;pick item
pick_i21276;pick item
pick_i36898;pick item
pick_i36876;pick item
pick_i29618;pick item
pick_i32112;pick item
pick_i30801;pick item
pick_i34209;pick item
pick_i34054;pick item
pick_i26231;pick item
pick_i18354;pick item
pick_i32793;pick item
pick_i32434;pick item
pick_i31510;pick item
pick_i27456;pick item
pick_i16470;pick item
ship_o1544;ship order
pick_i18975;pick item
pick_i22646;pick item
ship_o1679;ship order
pick_i38279;pick item
pick_i33579;pick item
pick_i27257;pick item
pick_i19142;pick item
pick_i33333;pick item
pick_i36923;pick item
pick_i35169;pick item
pick_i36063;pick item
pick_i31070;pick item
pick_i31641;pick item
pick_i31469;pick item
pick_i28839;pick item
pick_i34798;pick item
pick_i32678;pick item
pick_i16360;pick item
ship_o1538;ship order
pick_i31326;pick item
pick_i37502;pick item
pick_i31476;pick item
pick_i37548;pick item
pick_i25677;pick item
pick_i35018;pick item
pick_i34190;pick item
pick_i26581;pick item
pick_i37012;pick item
ship_o2036;ship order
pick_i37613;pick item
pick_i29832;pick item
pick_i21334;pick item
pick_i24204;pick item
pick_i30436;pick item
pick_i31000;pick item
pick_i34563;pick item
pick_i26763;pick item
pick_i20097;pick item
ship_o1735;ship order
pick_i37275;pick item
pick_i23246;pick item
pick_i30648;pick item
pick_i22972;pick item
pick_i18416;pick item
pick_i35411;pick item
pick_i23738;pick item
pick_i22329;pick item
pick_i32150;pick item
pick_i37138;pick item
pick_i31761;pick item
pick_i21202;pick item
pick_i35995;pick item
pick_i29953;pick item
pick_i25935;pick item
pick_i25809;pick item
pick_i37341;pick item
pick_i22380;pick item
pick_i37026;pick item
pick_i17970;pick item
pick_i31694;pick item
ship_o1625;ship order
pick_i28687;pick item
pick_i33965;pick item
pick_i18421;pick item
pick_i23604;pick item
pick_i30447;pick item
pick_i36113;pick item
pick_i28458;pick item
pick_i37414;pick item
pick_i35142;pick item
pick_i21231;pick item
ship_o1792;ship order
pick_i36291;pick item
pick_i27989;pick item
pick_i21482;pick item
ship_o1805;ship order
pick_i20025;pick item
pick_i27099;pick item
pick_i31156;pick item
pick_i35404;pick item
pick_i20319;pick item
pick_i26170;pick item
pick_i20633;pick item
pick_i33143;pick item
ship_o1761;ship order
pick_i25022;pick item
pick_i36604;pick item
pick_i37923;pick item
pick_i38205;pick item
pick_i30140;pick item
pick_i34819;pick item
pick_i28492;pick item
pick_i22358;pick item
pick_i27870;pick item
ship_o1845;ship order
pick_i36005;pick item
pick_i28414;pick item
pick_i38406;pick item
pick_i37541;pick item
pick_i18630;pick item
pick_i22856;pick item
pick_i38285;pick item
pick_i25255;pick item
pick_i23828;pick item
pick_i36058;pick item
pick_i27721;pick item
pick_i35445;pick item
pick_i28820;pick item
pick_i31366;pick item
pick_i30149;pick item
pick_i27039;pick item
pick_i31049;pick item
pick_i28726;pick item
pick_i38304;pick item
pick_i36435;pick item
pick_i28420;pick item
pick_i28295;pick item
pick_i37885;pick item
pick_i19609;pick item
pick_i26873;pick item
pick_i33531;pick item
pick_i21219;pick item
pick_i32060;pick item
pick_i31122;pick item
pick_i30152;pick item
pick_i33566;pick item
pick_i38344;pick item
pick_i32127;pick item
pick_i18153;pick item
pick_i30824;pick item
pick_i25115;pick item
pick_i26368;pick item
pick_i32005;pick item
pick_i31365;pick item
pick_i36523;pick item
pick_i37471;pick item
pick_i32961;pick item
pick_i34906;pick item
pick_i32191;pick item
pick_i27323;pick item
pick_i37800;pick item
pick_i35175;pick item
pick_i25846;pick item
pick_i37063;pick item
pick_i36459;pick item
pick_i33831;pick item
pick_i29494;pick item
pick_i24853;pick item
pick_i31821;pick item
pick_i37687;pick item
pick_i30013;pick item
pick_i34246;pick item
pick_i22641;pick item
pick_i38172;pick item
pick_i21799;pick item
pick_i35963;pick item
pick_i33378;pick item
pick_i35870;pick item
pick_i17887;pick item
pick_i36787;pick item
pick_i23702;pick item
pick_i23795;pick item
pick_i37670;pick item
pick_i23102;pick item
pick_i37418;pick item
pick_i22406;pick item
pick_i33682;pick item
pick_i30200;pick item
pick_i29993;pick item
pick_i17565;pick item
pick_i37148;pick item
pick_i33565;pick item
pick_i37814;pick item
pick_i26743;pick item
pick_i21133;pick item
pick_i37602;pick item
pick_i34011;pick item
pick_i19761;pick item
pick_i31376;pick item
pick_i20676;pick item
pick_i38287;pick item
pick_i25482;pick item
pick_i15969;pick item
pick_i32953;pick item
ship_o1518;ship order
pick_i28523;pick item
pick_i30188;pick item
pick_i30917;pick item
pick_i31532;pick item
pick_i37596;pick item
pick_i26174;pick item
pick_i34959;pick item
pick_i35427;pick item
pick_i33791;pick item
pick_i27228;pick item
pick_i18026;pick item
pick_i34606;pick item
pick_i28885;pick item
pick_i34753;pick item
pick_i32835;pick item
pick_i28395;pick item
pick_i28121;pick item
pick_i24289;pick item
pick_i24959;pick item
pick_i20410;pick item
ship_o1749;ship order
pick_i37945;pick item
pick_i33153;pick item
pick_i30312;pick item
pick_i26473;pick item
pick_i22907;pick item
pick_i34892;pick item
pick_i25620;pick item
pick_i22977;pick item
pick_i19653;pick item
pick_i32446;pick item
pick_i38014;pick item
pick_i34670;pick item
pick_i36723;pick item
pick_i36439;pick item
pick_i33432;pick item
pick_i32818;pick item
pick_i32983;pick item
pick_i37313;pick item
pick_i37448;pick item
pick_i33710;pick item
pick_i31130;pick item
pick_i23324;pick item
pick_i33172;pick item
pick_i17777;pick item
pick_i15547;pick item
pick_i29849;pick item
pick_i31722;pick item
pick_i23390;pick item
pick_i19844;pick item
pick_i27299;pick item
pick_i35232;pick item
pick_i18457;pick item
pick_i23005;pick item
pick_i15397;pick item
ship_o1488;ship order
pick_i27683;pick item
pick_i19561;pick item
pick_i32497;pick item
pick_i34016;pick item
pick_i37483;pick item
pick_i33447;pick item
pick_i34548;pick item
pick_i38003;pick item
pick_i26973;pick item
pick_i20093;pick item
pick_i36359;pick item
pick_i35454;pick item
pick_i27761;pick item
pick_i27279;pick item
pick_i27442;pick item
pick_i22801;pick item
pick_i28774;pick item
pick_i15360;pick item
pick_i37875;pick item
ship_o1486;ship order
pick_i25730;pick item
pick_i26628;pick item
pick_i28359;pick item
pick_i20066;pick item
ship_o1732;ship order
pick_i38001;pick item
pick_i29366;pick item
pick_i38453;pick item
pick_i37212;pick item
pick_i33685;pick item
pick_i29890;pick item
pick_i26359;pick item
pick_i38203;pick item
pick_i33895;pick item
pick_i32356;pick item
pick_i27912;pick item
pick_i38389;pick item
pick_i23844;pick item
pick_i36991;pick item
pick_i18259;pick item
pick_i37457;pick item
pick_i34970;pick item
pick_i29658;pick item
pick_i34982;pick item
pick_i24673;pick item
pick_i28502;pick item
pick_i27889;pick item
pick_i29824;pick item
pick_i33446;pick item
pick_i30657;pick item
pick_i35935;pick item
pick_i36572;pick item
pick_i26622;pick item
pick_i34712;pick item
pick_i23688;pick item
pick_i21684;pick item
pick_i36726;pick item
pick_i33810;pick item
pick_i25324;pick item
pick_i30242;pick item
pick_i34392;pick item
pick_i15596;pick item
pick_i21049;pick item
ship_o1497;ship order
pick_i21740;pick item
pick_i38295;pick item
pick_i23520;pick item
pick_i34035;pick item
pick_i20090;pick item
ship_o1734;ship order
pick_i23579;pick item
pick_i16736;pick item
ship_o1561;ship order
pick_i28819;pick item
pick_i38596;pick item
pick_i32350;pick item
pick_i27841;pick item
pick_i28959;pick item
pick_i32724;pick item
pick_i38158;pick item
pick_i38290;pick item
pick_i34645;pick item
pick_i26293;pick item
pick_i35129;pick item
pick_i35815;pick item
pick_i37167;pick item
pick_i32241;pick item
pick_i32416;pick item
pick_i17150;pick item
pick_i19598;pick item
pick_i30777;pick item
pick_i17911;pick item
pick_i16109;pick item
pick_i32674;pick item
pick_i26193;pick item
pick_i38105;pick item
pick_i37562;pick item
pick_i33083;pick item
pick_i29361;pick item
pick_i29071;pick item
pick_i25484;pick item
pick_i32259;pick item
pick_i28521;pick item
pick_i21751;pick item
pick_i38570;pick item
pick_i24901;pick item
pick_i19477;pick item
pick_i13641;pick item
ship_o1383;ship order
pick_i25971;pick item
pick_i37921;pick item
pick_i28032;pick item
pick_i27507;pick item
pick_i35061;pick item
pick_i33224;pick item
pick_i28454;pick item
pick_i18800;pick item
pick_i25348;pick item
pick_i30287;pick item
pick_i31542;pick item
pick_i32643;pick item
pick_i24943;pick item
pick_i22605;pick item
pick_i28638;pick item
pick_i35675;pick item
pick_i25191;pick item
pick_i20916;pick item
ship_o1775;ship order
pick_i30960;pick item
pick_i28674;pick item
pick_i36355;pick item
pick_i15616;pick item
pick_i30565;pick item
ship_o1499;ship order
pick_i23829;pick item
pick_i37962;pick item
pick_i37617;pick item
pick_i36568;pick item
pick_i27501;pick item
pick_i22756;pick item
pick_i19206;pick item
ship_o1690;ship order
pick_i23510;pick item
pick_i37259;pick item
pick_i36924;pick item
pick_i38380;pick item
pick_i24756;pick item
pick_i27223;pick item
pick_i24227;pick item
pick_i33842;pick item
pick_i26464;pick item
pick_i35450;pick item
pick_i29217;pick item
pick_i37610;pick item
pick_i38676;pick item
pick_i36025;pick item
pick_i25886;pick item
pick_i23960;pick item
pick_i37894;pick item
pick_i29925;pick item
pick_i16796;pick item
pick_i27366;pick item
pick_i37752;pick item
pick_i18535;pick item
pick_i27198;pick item
pick_i35245;pick item
pick_i33234;pick item
pick_i30179;pick item
pick_i32392;pick item
pick_i25946;pick item
pick_i35839;pick item
pick_i21824;pick item
pick_i23198;pick item
ship_o1821;ship order
pick_i37227;pick item
pick_i25306;pick item
pick_i31147;pick item
pick_i34564;pick item
pick_i28127;pick item
pick_i31754;pick item
ship_o2099;ship order
pick_i30982;pick item
pick_i29591;pick item
pick_i31520;pick item
pick_i31830;pick item
pick_i34096;pick item
pick_i34264;pick item
pick_i32850;pick item
pick_i22739;pick item
ship_o1862;ship order
pick_i34956;pick item
pick_i32021;pick item
pick_i27957;pick item
pick_i28714;pick item
pick_i36674;pick item
pick_i31667;pick item
pick_i15602;pick item
ship_o1498;ship order
pick_i21845;pick item
pick_i27706;pick item
pick_i35555;pick item
pick_i19472;pick item
pick_i31403;pick item
pick_i34150;pick item
pick_i38300;pick item
pick_i28083;pick item
pick_i32008;pick item
pick_i22744;pick item
ship_o1863;ship order
pick_i38610;pick item
pick_i35297;pick item
pick_i36599;pick item
pick_i29818;pick item
pick_i20694;pick item
pick_i27475;pick item
pick_i25854;pick item
pick_i27212;pick item
pick_i28680;pick item
pick_i28370;pick item
ship_o2109;ship order
pick_i34642;pick item
pick_i27300;pick item
pick_i38440;pick item
pick_i25867;pick item
pick_i30400;pick item
pick_i24909;pick item
pick_i22536;pick item
pick_i29882;pick item
ship_o1853;ship order
pick_i24061;pick item
pick_i25878;pick item
pick_i27375;pick item
pick_i34160;pick item
pick_i34738;pick item
pick_i29134;pick item
pick_i20524;pick item
ship_o1755;ship order
pick_i16449;pick item
pick_i32495;pick item
pick_i28950;pick item
pick_i36324;pick item
pick_i26482;pick item
pick_i18681;pick item
ship_o1663;ship order
pick_i32679;pick item
pick_i37819;pick item
pick_i34404;pick item
pick_i38357;pick item
pick_i35851;pick item
pick_i36836;pick item
pick_i33374;pick item
pick_i25504;pick item
pick_i22530;pick item
pick_i27878;pick item
pick_i23184;pick item
pick_i31197;pick item
pick_i27333;pick item
pick_i33508;pick item
pick_i37681;pick item
pick_i31337;pick item
pick_i20219;pick item
pick_i37277;pick item
pick_i29877;pick item
pick_i34532;pick item
pick_i19742;pick item
pick_i27049;pick item
pick_i37756;pick item
pick_i28141;pick item
pick_i35919;pick item
pick_i35718;pick item
pick_i25781;pick item
pick_i34938;pick item
pick_i37713;pick item
pick_i38257;pick item
pick_i33903;pick item
pick_i37339;pick item
pick_i37115;pick item
pick_i28916;pick item
pick_i36695;pick item
pick_i36811;pick item
pick_i34345;pick item
pick_i16948;pick item
ship_o1573;ship order
pick_i25074;pick item
pick_i23162;pick item
pick_i26256;pick item
pick_i32347;pick item
ship_o2022;ship order
pick_i31627;pick item
pick_i32562;pick item
pick_i37694;pick item
pick_i26350;pick item
pick_i37730;pick item
pick_i28441;pick item
pick_i33451;pick item
pick_i12128;pick item
pick_i34025;pick item
ship_o1293;ship order
pick_i37512;pick item
pick_i36617;pick item
pick_i33156;pick item
pick_i35122;pick item
pick_i36896;pick item
pick_i32654;pick item
pick_i38101;pick item
pick_i32857;pick item
pick_i36741;pick item
pick_i21892;pick item
pick_i32899;pick item
pick_i37239;pick item
pick_i30449;pick item
pick_i22106;pick item
pick_i37358;pick item
pick_i34843;pick item
pick_i37030;pick item
pick_i28145;pick item
pick_i25420;pick item
pick_i26760;pick item
pick_i22626;pick item
pick_i28268;pick item
pick_i24370;pick item
pick_i28699;pick item
pick_i37145;pick item
pick_i19718;pick item
pick_i27793;pick item
ship_o1716;ship order
pick_i34232;pick item
pick_i23620;pick item
pick_i32614;pick item
pick_i35261;pick item
pick_i30042;pick item
pick_i38331;pick item
pick_i27564;pick item
pick_i30878;pick item
pick_i21810;pick item
pick_i28836;pick item
pick_i34067;pick item
pick_i27939;pick item
pick_i24945;pick item
pick_i32777;pick item
pick_i24852;pick item
pick_i37288;pick item
pick_i27956;pick item
pick_i37271;pick item
pick_i33673;pick item
pick_i38321;pick item
pick_i33065;pick item
pick_i36642;pick item
pick_i23200;pick item
pick_i34977;pick item
pick_i35007;pick item
pick_i36760;pick item
pick_i21731;pick item
pick_i28216;pick item
pick_i33837;pick item
pick_i32176;pick item
pick_i37398;pick item
pick_i35016;pick item
pick_i29821;pick item
pick_i35600;pick item
pick_i24280;pick item
pick_i35629;pick item
pick_i24840;pick item
pick_i12702;pick item
ship_o1328;ship order
pick_i27975;pick item
pick_i29067;pick item
pick_i30674;pick item
pick_i30582;pick item
pick_i34992;pick item
pick_i27932;pick item
pick_i25529;pick item
pick_i27664;pick item
pick_i17381;pick item
pick_i28593;pick item
pick_i25087;pick item
ship_o1971;ship order
pick_i27702;pick item
pick_i35601;pick item
pick_i26315;pick item
pick_i25331;pick item
pick_i28415;pick item
pick_i34891;pick item
pick_i37685;pick item
pick_i37364;pick item
pick_i37567;pick item
pick_i31019;pick item
pick_i28849;pick item
pick_i37692;pick item
pick_i19282;pick item
pick_i28584;pick item
pick_i34200;pick item
pick_i31705;pick item
pick_i18130;pick item
pick_i30011;pick item
ship_o1633;ship order
pick_i29336;pick item
pick_i37582;pick item
pick_i34175;pick item
pick_i23446;pick item
pick_i36577;pick item
pick_i27150;pick item
pick_i33582;pick item
pick_i16762;pick item
pick_i32933;pick item
ship_o1563;ship order
pick_i35723;pick item
pick_i36945;pick item
pick_i22550;pick item
pick_i34118;pick item
ship_o1854;ship order
pick_i32988;pick item
pick_i20449;pick item
pick_i28854;pick item
pick_i25589;pick item
pick_i37075;pick item
pick_i35664;pick item
pick_i35164;pick item
pick_i26945;pick item
pick_i24727;pick item
pick_i20590;pick item
pick_i33032;pick item
pick_i29423;pick item
pick_i31975;pick item
pick_i34911;pick item
pick_i35565;pick item
pick_i28028;pick item
pick_i19902;pick item
pick_i37915;pick item
pick_i38060;pick item
pick_i36608;pick item
pick_i28893;pick item
pick_i33614;pick item
pick_i38223;pick item
pick_i31980;pick item
pick_i35347;pick item
pick_i35089;pick item
pick_i16871;pick item
pick_i36737;pick item
pick_i30573;pick item
pick_i20775;pick item
pick_i28318;pick item
pick_i36312;pick item
pick_i21991;pick item
pick_i24020;pick item
pick_i33281;pick item
pick_i20447;pick item
pick_i34443;pick item
pick_i35282;pick item
pick_i23017;pick item
pick_i34149;pick item
pick_i35789;pick item
pick_i28344;pick item
pick_i27248;pick item
pick_i14151;pick item
pick_i37374;pick item
ship_o1413;ship order
pick_i22952;pick item
pick_i21207;pick item
pick_i26781;pick item
pick_i33425;pick item
pick_i33295;pick item
pick_i23227;pick item
pick_i31525;pick item
pick_i31871;pick item
pick_i29601;pick item
pick_i30062;pick item
pick_i22689;pick item
pick_i33300;pick item
pick_i38087;pick item
pick_i36730;pick item
pick_i24083;pick item
pick_i29344;pick item
pick_i29765;pick item
pick_i37628;pick item
pick_i32424;pick item
pick_i37214;pick item
pick_i22210;pick item
pick_i32024;pick item
ship_o1838;ship order
pick_i22172;pick item
pick_i22589;pick item
pick_i37890;pick item
pick_i26560;pick item
pick_i37379;pick item
pick_i33897;pick item
pick_i24874;pick item
pick_i30653;pick item
pick_i32560;pick item
pick_i21953;pick item
pick_i28130;pick item
pick_i30411;pick item
pick_i18256;pick item
pick_i30718;pick item
ship_o1640;ship order
pick_i21551;pick item
pick_i24555;pick item
pick_i17890;pick item
pick_i29448;pick item
pick_i31284;pick item
pick_i23397;pick item
ship_o1892;ship order
pick_i38370;pick item
pick_i28191;pick item
pick_i31370;pick item
pick_i38147;pick item
pick_i27126;pick item
pick_i17028;pick item
pick_i19712;pick item
pick_i27816;pick item
pick_i25705;pick item
pick_i17368;pick item
pick_i24765;pick item
pick_i36953;pick item
pick_i34090;pick item
pick_i34950;pick item
pick_i25119;pick item
pick_i23996;pick item
pick_i32302;pick item
pick_i29875;pick item
pick_i26294;pick item
pick_i13956;pick item
ship_o1401;ship order
pick_i28954;pick item
pick_i24869;pick item
pick_i22516;pick item
pick_i28297;pick item
pick_i30389;pick item
ship_o2187;ship order
pick_i36284;pick item
pick_i27960;pick item
pick_i16559;pick item
pick_i23438;pick item
ship_o1550;ship order
pick_i27734;pick item
pick_i37473;pick item
pick_i34550;pick item
pick_i26565;pick item
pick_i28992;pick item
pick_i24903;pick item
pick_i35065;pick item
pick_i35177;pick item
pick_i36424;pick item
pick_i33076;pick item
pick_i36006;pick item
pick_i35580;pick item
pick_i37492;pick item
pick_i25570;pick item
pick_i26662;pick item
pick_i24162;pick item
pick_i25722;pick item
pick_i35466;pick item
pick_i33382;pick item
pick_i32181;pick item
pick_i26921;pick item
pick_i35190;pick item
pick_i19828;pick item
ship_o1722;ship order
pick_i27256;pick item
pick_i36123;pick item
pick_i33477;pick item
pick_i32286;pick item
pick_i28206;pick item
pick_i29478;pick item
pick_i22181;pick item
pick_i34027;pick item
pick_i19076;pick item
pick_i33988;pick item
pick_i20972;pick item
pick_i34445;pick item
pick_i26341;pick item
pick_i20743;pick item
pick_i29254;pick item
pick_i36887;pick item
pick_i17281;pick item
pick_i38509;pick item
pick_i31906;pick item
pick_i36073;pick item
pick_i24587;pick item
pick_i29368;pick item
pick_i25268;pick item
pick_i37508;pick item
pick_i22699;pick item
pick_i36237;pick item
pick_i24879;pick item
pick_i23095;pick item
ship_o1962;ship order
pick_i10579;pick item
ship_o1195;ship order
pick_i30999;pick item
pick_i20497;pick item
pick_i21100;pick item
pick_i30911;pick item
ship_o1784;ship order
pick_i26109;pick item
pick_i23448;pick item
pick_i34830;pick item
pick_i34010;pick item
pick_i38227;pick item
pick_i23013;pick item
pick_i38601;pick item
pick_i21623;pick item
pick_i38399;pick item
pick_i32500;pick item
pick_i27728;pick item
pick_i13573;pick item
pick_i37383;pick item
ship_o1379;ship order
pick_i34872;pick item
pick_i37023;pick item
pick_i35957;pick item
pick_i28327;pick item
pick_i36595;pick item
pick_i32776;pick item
pick_i29282;pick item
pick_i29527;pick item
pick_i16652;pick item
ship_o2154;ship order
pick_i25395;pick item
ship_o1556;ship order
pick_i22251;pick item
pick_i26067;pick item
pick_i33264;pick item
pick_i35567;pick item
pick_i32004;pick item
pick_i34064;pick item
pick_i35749;pick item
pick_i33063;pick item
pick_i29303;pick item
pick_i25585;pick item
pick_i22290;pick item
pick_i28577;pick item
pick_i38326;pick item
pick_i27474;pick item
pick_i30739;pick item
pick_i25421;pick item
pick_i32606;pick item
pick_i34629;pick item
pick_i19855;pick item
pick_i37953;pick item
pick_i38107;pick item
pick_i37216;pick item
pick_i30174;pick item
pick_i31036;pick item
pick_i24079;pick item
pick_i24279;pick item
pick_i28753;pick item
ship_o1934;ship order
pick_i22941;pick item
ship_o2125;ship order
pick_i38052;pick item
pick_i29783;pick item
pick_i33262;pick item
pick_i21739;pick item
pick_i34626;pick item
pick_i33490;pick item
pick_i28586;pick item
pick_i30557;pick item
pick_i32406;pick item
pick_i29153;pick item
pick_i21376;pick item
pick_i32329;pick item
pick_i18735;pick item
pick_i29691;pick item
pick_i33768;pick item
pick_i38338;pick item
pick_i24004;pick item
pick_i20844;pick item
pick_i29057;pick item
pick_i31835;pick item
pick_i24572;pick item
pick_i22132;pick item
pick_i36350;pick item
pick_i29839;pick item
pick_i24536;pick item
pick_i32995;pick item
pick_i27833;pick item
pick_i38170;pick item
pick_i36614;pick item
pick_i32905;pick item
pick_i27125;pick item
pick_i21208;pick item
pick_i36633;pick item
ship_o1791;ship order
pick_i19896;pick item
pick_i32305;pick item
pick_i33872;pick item
pick_i31498;pick item
pick_i27290;pick item
pick_i31593;pick item
pick_i27225;pick item
pick_i21406;pick item
pick_i35430;pick item
pick_i31954;pick item
pick_i22926;pick item
pick_i23416;pick item
pick_i34460;pick item
pick_i28940;pick item
pick_i31118;pick item
pick_i35138;pick item
pick_i34524;pick item
pick_i26452;pick item
pick_i18914;pick item
ship_o1676;ship order
pick_i19480;pick item
pick_i29643;pick item
ship_o1705;ship order
pick_i16178;pick item
pick_i30292;pick item
pick_i35838;pick item
pick_i37871;pick item
pick_i18669;pick item
ship_o1662;ship order
pick_i33785;pick item
pick_i29941;pick item
pick_i36031;pick item
pick_i27377;pick item
pick_i31576;pick item
pick_i24934;pick item
pick_i24705;pick item
pick_i30601;pick item
pick_i35736;pick item
pick_i25340;pick item
pick_i21045;pick item
pick_i27132;pick item
pick_i22685;pick item
pick_i16855;pick item
pick_i24537;pick item
ship_o1568;ship order
pick_i23882;pick item
pick_i32387;pick item
pick_i37966;pick item
pick_i33421;pick item
pick_i27239;pick item
pick_i24440;pick item
pick_i27597;pick item
ship_o1941;ship order
pick_i26518;pick item
pick_i21550;pick item
pick_i27775;pick item
pick_i30714;pick item
pick_i22244;pick item
pick_i26047;pick item
ship_o1840;ship order
pick_i22047;pick item
pick_i37808;pick item
pick_i34536;pick item
pick_i32348;pick item
pick_i24320;pick item
pick_i29851;pick item
pick_i16287;pick item
pick_i31117;pick item
pick_i38252;pick item
pick_i20509;pick item
pick_i24027;pick item
pick_i33481;pick item
pick_i25377;pick item
pick_i32747;pick item
pick_i30315;pick item
pick_i23381;pick item
ship_o1891;ship order
pick_i33182;pick item
pick_i29012;pick item
pick_i34731;pick item
pick_i26830;pick item
pick_i22039;pick item
pick_i33670;pick item
pick_i23765;pick item
pick_i20672;pick item
pick_i38375;pick item
pick_i38224;pick item
pick_i28673;pick item
pick_i34450;pick item
pick_i19313;pick item
pick_i24385;pick item
pick_i25890;pick item
pick_i25537;pick item
pick_i33203;pick item
pick_i29627;pick item
pick_i35701;pick item
pick_i26809;pick item
pick_i27455;pick item
pick_i27969;pick item
pick_i38092;pick item
pick_i23704;pick item
pick_i34718;pick item
pick_i27315;pick item
pick_i38619;pick item
pick_i26542;pick item
pick_i35761;pick item
pick_i36756;pick item
pick_i37708;pick item
pick_i37417;pick item
pick_i24686;pick item
pick_i35810;pick item
pick_i38556;pick item
pick_i21199;pick item
pick_i21870;pick item
pick_i35211;pick item
pick_i35389;pick item
pick_i32102;pick item
pick_i19101;pick item
pick_i24125;pick item
pick_i28729;pick item
pick_i23183;pick item
pick_i34584;pick item
ship_o1882;ship order
pick_i33500;pick item
pick_i30356;pick item
pick_i15906;pick item
ship_o1514;ship order
pick_i18753;pick item
pick_i15805;pick item
pick_i37112;pick item
pick_i30976;pick item
pick_i36347;pick item
pick_i35160;pick item
pick_i37396;pick item
pick_i28224;pick item
pick_i35491;pick item
pick_i26342;pick item
pick_i22996;pick item
pick_i38319;pick item
pick_i28352;pick item
pick_i21832;pick item
pick_i24655;pick item
pick_i26834;pick item
pick_i35936;pick item
pick_i26901;pick item
pick_i28172;pick item
pick_i38254;pick item
pick_i18205;pick item
pick_i36910;pick item
pick_i24769;pick item
pick_i32292;pick item
pick_i31675;pick item
pick_i30933;pick item
pick_i27128;pick item
pick_i37828;pick item
pick_i33884;pick item
pick_i29907;pick item
pick_i31221;pick item
pick_i38306;pick item
pick_i31031;pick item
pick_i31917;pick item
pick_i37696;pick item
pick_i28629;pick item
pick_i35830;pick item
pick_i21894;pick item
pick_i32262;pick item
pick_i26555;pick item
pick_i28096;pick item
pick_i37496;pick item
pick_i27247;pick item
pick_i38119;pick item
pick_i26168;pick item
pick_i35700;pick item
pick_i34928;pick item
pick_i12334;pick item
pick_i26609;pick item
ship_o1305;ship order
pick_i28983;pick item
pick_i29328;pick item
pick_i31563;pick item
pick_i17641;pick item
ship_o1608;ship order
pick_i28246;pick item
pick_i19147;pick item
pick_i32794;pick item
pick_i37196;pick item
pick_i16243;pick item
ship_o1532;ship order
pick_i25539;pick item
pick_i29702;pick item
pick_i19139;pick item
pick_i30304;pick item
pick_i35331;pick item
pick_i34999;pick item
pick_i29279;pick item
pick_i29620;pick item
pick_i33139;pick item
pick_i27001;pick item
pick_i31942;pick item
pick_i25557;pick item
pick_i38515;pick item
pick_i38674;pick item
pick_i28439;pick item
pick_i36310;pick item
pick_i30688;pick item
pick_i32165;pick item
pick_i36055;pick item
pick_i25293;pick item
pick_i34554;pick item
pick_i22720;pick item
pick_i34183;pick item
pick_i33275;pick item
pick_i20377;pick item
pick_i34770;pick item
ship_o1747;ship order
pick_i25390;pick item
pick_i28808;pick item
pick_i29976;pick item
pick_i29935;pick item
pick_i31194;pick item
pick_i19245;pick item
pick_i31995;pick item
pick_i28535;pick item
pick_i36086;pick item
pick_i38512;pick item
pick_i20009;pick item
ship_o1730;ship order
pick_i30873;pick item
pick_i19297;pick item
pick_i33091;pick item
pick_i21154;pick item
pick_i36715;pick item
pick_i25852;pick item
pick_i29910;pick item
pick_i15920;pick item
ship_o1515;ship order
pick_i23299;pick item
pick_i21862;pick item
pick_i35676;pick item
pick_i36454;pick item
pick_i35872;pick item
pick_i24054;pick item
pick_i24087;pick item
pick_i32171;pick item
pick_i38115;pick item
pick_i34127;pick item
pick_i29086;pick item
pick_i21043;pick item
pick_i36863;pick item
pick_i31378;pick item
pick_i26007;pick item
pick_i37597;pick item
pick_i38054;pick item
pick_i35907;pick item
pick_i18138;pick item
pick_i21766;pick item
ship_o1818;ship order
pick_i27146;pick item
pick_i37321;pick item
pick_i17439;pick item
pick_i32293;pick item
ship_o1598;ship order
pick_i37972;pick item
pick_i35886;pick item
pick_i31564;pick item
pick_i26599;pick item
pick_i38425;pick item
pick_i23144;pick item
pick_i25180;pick item
pick_i37393;pick item
pick_i30295;pick item
pick_i28900;pick item
pick_i24644;pick item
pick_i36186;pick item
pick_i38583;pick item
pick_i38661;pick item
pick_i26290;pick item
pick_i34361;pick item
pick_i21787;pick item
ship_o1819;ship order
pick_i32069;pick item
pick_i16788;pick item
pick_i35424;pick item
pick_i23739;pick item
pick_i36609;pick item
pick_i29226;pick item
pick_i25215;pick item
ship_o1977;ship order
pick_i32177;pick item
pick_i16263;pick item
pick_i35613;pick item
pick_i34477;pick item
pick_i20531;pick item
ship_o1756;ship order
pick_i35435;pick item
pick_i26362;pick item
pick_i29122;pick item
pick_i23065;pick item
pick_i33469;pick item
pick_i34775;pick item
pick_i31681;pick item
pick_i35066;pick item
pick_i28863;pick item
pick_i24121;pick item
pick_i27492;pick item
pick_i25526;pick item
pick_i38488;pick item
pick_i22091;pick item
pick_i34089;pick item
pick_i36259;pick item
pick_i31596;pick item
pick_i37014;pick item
pick_i30059;pick item
pick_i22097;pick item
pick_i36623;pick item
pick_i29165;pick item
pick_i28807;pick item
pick_i37712;pick item
pick_i25531;pick item
pick_i37918;pick item
pick_i33088;pick item
pick_i29262;pick item
pick_i24300;pick item
pick_i23074;pick item
pick_i21586;pick item
pick_i26034;pick item
pick_i29471;pick item
pick_i29354;pick item
pick_i35026;pick item
pick_i22007;pick item
pick_i21205;pick item
pick_i20071;pick item
ship_o1790;ship order
pick_i27460;pick item
ship_o1733;ship order
pick_i31100;pick item
pick_i28675;pick item
pick_i34081;pick item
pick_i37609;pick item
pick_i32355;pick item
pick_i31240;pick item
pick_i37605;pick item
pick_i33790;pick item
pick_i22790;pick item
pick_i19553;pick item
pick_i26412;pick item
pick_i33453;pick item
pick_i24625;pick item
ship_o1950;ship order
pick_i33061;pick item
pick_i33393;pick item
pick_i35367;pick item
pick_i35721;pick item
pick_i34469;pick item
pick_i23100;pick item
pick_i32999;pick item
pick_i25354;pick item
pick_i30218;pick item
ship_o1983;ship order
pick_i31456;pick item
pick_i17266;pick item
ship_o1589;ship order
pick_i29491;pick item
pick_i19760;pick item
pick_i28198;pick item
pick_i35563;pick item
pick_i33016;pick item
pick_i31718;pick item
pick_i14259;pick item
ship_o1419;ship order
pick_i26213;pick item
pick_i35769;pick item
pick_i33332;pick item
pick_i35324;pick item
pick_i22903;pick item
pick_i33605;pick item
pick_i34274;pick item
pick_i29414;pick item
pick_i27353;pick item
pick_i37394;pick item
pick_i15818;pick item
pick_i37927;pick item
pick_i31050;pick item
pick_i23677;pick item
pick_i38437;pick item
pick_i26704;pick item
pick_i27262;pick item
pick_i29895;pick item
pick_i30984;pick item
ship_o2211;ship order
pick_i30164;pick item
pick_i34313;pick item
pick_i15539;pick item
pick_i29732;pick item
pick_i27691;pick item
pick_i26332;pick item
pick_i37683;pick item
pick_i28061;pick item
pick_i17836;pick item
pick_i31856;pick item
pick_i37236;pick item
pick_i32206;pick item
pick_i32786;pick item
pick_i30775;pick item
pick_i20189;pick item
pick_i35509;pick item
pick_i31473;pick item
pick_i33995;pick item
pick_i27398;pick item
pick_i33830;pick item
pick_i21365;pick item
pick_i38419;pick item
ship_o1799;ship order
pick_i24592;pick item
pick_i26544;pick item
pick_i37987;pick item
ship_o2034;ship order
pick_i29759;pick item
pick_i23441;pick item
pick_i17039;pick item
pick_i28794;pick item
pick_i38517;pick item
pick_i30599;pick item
pick_i36761;pick item
pick_i32156;pick item
pick_i23037;pick item
pick_i36316;pick item
pick_i35148;pick item
pick_i33939;pick item
pick_i33408;pick item
pick_i36249;pick item
pick_i24034;pick item
pick_i15184;pick item
ship_o1476;ship order
pick_i23055;pick item
pick_i24527;pick item
pick_i38679;pick item
pick_i30654;pick item
pick_i36220;pick item
pick_i38049;pick item
pick_i29461;pick item
pick_i20569;pick item
pick_i37009;pick item
pick_i13251;pick item
pick_i29607;pick item
ship_o1359;ship order
pick_i27528;pick item
pick_i35843;pick item
pick_i25826;pick item
pick_i33407;pick item
ship_o2004;ship order
pick_i37362;pick item
pick_i19475;pick item
ship_o1704;ship order
pick_i24376;pick item
pick_i35504;pick item
pick_i30861;pick item
pick_i19267;pick item
pick_i33550;pick item
pick_i25047;pick item
pick_i23762;pick item
pick_i35380;pick item
pick_i34172;pick item
pick_i17578;pick item
pick_i26860;pick item
ship_o1605;ship order
pick_i30362;pick item
pick_i33841;pick item
pick_i20773;pick item
ship_o1767;ship order
pick_i34213;pick item
pick_i24254;pick item
pick_i23531;pick item
pick_i22424;pick item
pick_i23433;pick item
pick_i28902;pick item
pick_i21469;pick item
pick_i18194;pick item
pick_i35814;pick item
ship_o1637;ship order
pick_i38664;pick item
pick_i30977;pick item
pick_i27164;pick item
pick_i23197;pick item
pick_i37652;pick item
pick_i32484;pick item
pick_i33438;pick item
pick_i28539;pick item
pick_i35057;pick item
pick_i24091;pick item
pick_i23064;pick item
ship_o1925;ship order
pick_i35496;pick item
pick_i32781;pick item
pick_i31521;pick item
pick_i34941;pick item
pick_i35355;pick item
pick_i24214;pick item
pick_i32487;pick item
pick_i36638;pick item
pick_i22471;pick item
pick_i32376;pick item
pick_i37354;pick item
pick_i35130;pick item
pick_i32863;pick item
pick_i36628;pick item
pick_i36452;pick item
pick_i38061;pick item
pick_i26387;pick item
pick_i38368;pick item
pick_i29399;pick item
pick_i36834;pick item
pick_i28237;pick item
pick_i37895;pick item
pick_i21902;pick item
pick_i24183;pick item
pick_i31299;pick item
pick_i34837;pick item
pick_i34784;pick item
pick_i30057;pick item
pick_i35745;pick item
pick_i36733;pick item
pick_i28556;pick item
pick_i35482;pick item
pick_i21681;pick item
ship_o1814;ship order
pick_i21266;pick item
pick_i27777;pick item
pick_i22921;pick item
pick_i20973;pick item
ship_o1871;ship order
pick_i23872;pick item
pick_i38155;pick item
pick_i27659;pick item
pick_i38431;pick item
pick_i28672;pick item
pick_i35182;pick item
pick_i33641;pick item
pick_i32096;pick item
pick_i30831;pick item
pick_i28445;pick item
pick_i27709;pick item
pick_i31612;pick item
pick_i21126;pick item
pick_i23302;pick item
pick_i36250;pick item
pick_i27298;pick item
pick_i37363;pick item
pick_i31765;pick item
pick_i33990;pick item
pick_i36977;pick item
pick_i19619;pick item
ship_o1711;ship order
pick_i33348;pick item
pick_i32950;pick item
pick_i20426;pick item
ship_o1750;ship order
pick_i38085;pick item
pick_i33885;pick item
pick_i17625;pick item
pick_i30358;pick item
ship_o1607;ship order
pick_i36904;pick item
pick_i25669;pick item
pick_i29858;pick item
pick_i37985;pick item
pick_i30504;pick item
pick_i38042;pick item
pick_i31334;pick item
pick_i28708;pick item
pick_i31887;pick item
pick_i33138;pick item
pick_i22140;pick item
pick_i34912;pick item
pick_i24905;pick item
pick_i35763;pick item
pick_i21534;pick item
pick_i36899;pick item
pick_i28310;pick item
pick_i22836;pick item
pick_i34318;pick item
pick_i30072;pick item
pick_i29712;pick item
pick_i29453;pick item
pick_i22878;pick item
pick_i37296;pick item
pick_i36423;pick item
pick_i33925;pick item
pick_i27741;pick item
pick_i24459;pick item
pick_i38403;pick item
pick_i36071;pick item
pick_i20453;pick item
pick_i32239;pick item
pick_i34728;pick item
pick_i23861;pick item
pick_i25977;pick item
pick_i29673;pick item
pick_i34698;pick item
pick_i25495;pick item
pick_i37446;pick item
pick_i33031;pick item
pick_i27818;pick item
pick_i31192;pick item
pick_i13112;pick item
ship_o1351;ship order
pick_i27079;pick item
pick_i27386;pick item
pick_i29939;pick item
pick_i27358;pick item
ship_o2170;ship order
pick_i26889;pick item
pick_i36297;pick item
pick_i24325;pick item
pick_i24123;pick item
pick_i33720;pick item
pick_i28260;pick item
pick_i26705;pick item
pick_i30635;pick item
pick_i28347;pick item
pick_i25986;pick item
pick_i32214;pick item
pick_i21345;pick item
pick_i28775;pick item
pick_i28271;pick item
pick_i38159;pick item
pick_i33745;pick item
pick_i30094;pick item
pick_i29203;pick item
pick_i32516;pick item
pick_i25289;pick item
pick_i28622;pick item
pick_i36079;pick item
pick_i25919;pick item
pick_i37185;pick item
pick_i18420;pick item
ship_o1649;ship order
pick_i29251;pick item
pick_i37090;pick item
pick_i27420;pick item
pick_i37106;pick item
pick_i36241;pick item
pick_i33072;pick item
pick_i36992;pick item
pick_i30631;pick item
pick_i35971;pick item
pick_i29796;pick item
pick_i33483;pick item
pick_i36886;pick item
pick_i38146;pick item
pick_i25261;pick item
pick_i32113;pick item
pick_i28941;pick item
pick_i32153;pick item
pick_i35064;pick item
pick_i31373;pick item
pick_i32792;pick item
pick_i36204;pick item
pick_i19646;pick item
pick_i31625;pick item
pick_i38358;pick item
pick_i35292;pick item
pick_i14916;pick item
ship_o1459;ship order
pick_i28678;pick item
pick_i24064;pick item
pick_i36292;pick item
pick_i32727;pick item
pick_i31791;pick item
pick_i36074;pick item
pick_i27532;pick item
pick_i35581;pick item
pick_i31905;pick item
pick_i28881;pick item
pick_i38373;pick item
pick_i13189;pick item
ship_o1356;ship order
pick_i33577;pick item
pick_i34983;pick item
pick_i20938;pick item
pick_i28136;pick item
pick_i28602;pick item
pick_i30182;pick item
pick_i35207;pick item
pick_i29777;pick item
pick_i33064;pick item
pick_i19547;pick item
pick_i38008;pick item
pick_i24449;pick item
pick_i23668;pick item
pick_i27345;pick item
ship_o1904;ship order
pick_i36884;pick item
pick_i27732;pick item
pick_i37831;pick item
pick_i31273;pick item
pick_i29112;pick item
pick_i31743;pick item
pick_i33866;pick item
pick_i34821;pick item
pick_i27233;pick item
pick_i22628;pick item
pick_i33269;pick item
ship_o1857;ship order
pick_i38188;pick item
pick_i34806;pick item
pick_i18988;pick item
pick_i23713;pick item
pick_i37519;pick item
ship_o1906;ship order
pick_i37779;pick item
pick_i33322;pick item
pick_i34544;pick item
pick_i38034;pick item
pick_i15546;pick item
ship_o1495;ship order
pick_i25299;pick item
pick_i29259;pick item
pick_i20851;pick item
ship_o1771;ship order
pick_i32386;pick item
pick_i30849;pick item
pick_i23691;pick item
pick_i25301;pick item
pick_i34634;pick item
pick_i33290;pick item
pick_i35945;pick item
pick_i34972;pick item
pick_i27731;pick item
pick_i33864;pick item
pick_i28402;pick item
pick_i16823;pick item
pick_i25615;pick item
pick_i22067;pick item
pick_i36333;pick item
pick_i29285;pick item
pick_i29798;pick item
pick_i34372;pick item
pick_i26165;pick item
pick_i36078;pick item
pick_i31608;pick item
pick_i21544;pick item
pick_i27938;pick item
pick_i26055;pick item
pick_i32668;pick item
pick_i25579;pick item
pick_i30707;pick item
pick_i37072;pick item
pick_i35490;pick item
pick_i25126;pick item
pick_i27026;pick item
pick_i36069;pick item
pick_i27604;pick item
pick_i29180;pick item
pick_i29072;pick item
pick_i37728;pick item
pick_i29957;pick item
pick_i28567;pick item
pick_i17308;pick item
pick_i36223;pick item
ship_o1591;ship order
pick_i38529;pick item
pick_i36176;pick item
pick_i22809;pick item
ship_o1866;ship order
pick_i35517;pick item
pick_i38531;pick item
pick_i35126;pick item
pick_i32050;pick item
pick_i20172;pick item
ship_o1738;ship order
pick_i32456;pick item
pick_i33758;pick item
pick_i30020;pick item
pick_i36526;pick item
pick_i34593;pick item
pick_i26958;pick item
pick_i17289;pick item
ship_o2053;ship order
ship_o1590;ship order
pick_i32429;pick item
pick_i34778;pick item
pick_i38066;pick item
pick_i25200;pick item
pick_i37586;pick item
pick_i33366;pick item
pick_i36589;pick item
ship_o2424;ship order
pick_i27769;pick item
pick_i30501;pick item
pick_i26691;pick item
pick_i37896;pick item
pick_i18603;pick item
pick_i33555;pick item
pick_i38613;pick item
pick_i28433;pick item
pick_i32916;pick item
pick_i35984;pick item
pick_i37809;pick item
pick_i37110;pick item
pick_i35900;pick item
pick_i36810;pick item
pick_i30771;pick item
pick_i36785;pick item
pick_i32028;pick item
pick_i28923;pick item
pick_i38396;pick item
pick_i32330;pick item
pick_i32958;pick item
pick_i35287;pick item
pick_i37638;pick item
pick_i33576;pick item
pick_i16725;pick item
ship_o1560;ship order
pick_i25899;pick item
pick_i35326;pick item
pick_i34494;pick item
pick_i35923;pick item
pick_i26882;pick item
pick_i33825;pick item
pick_i37748;pick item
pick_i22794;pick item
pick_i27470;pick item
pick_i36535;pick item
pick_i36783;pick item
pick_i36707;pick item
pick_i32630;pick item
pick_i35193;pick item
pick_i27588;pick item
pick_i21997;pick item
pick_i33777;pick item
ship_o1828;ship order
pick_i37407;pick item
pick_i35845;pick item
pick_i31129;pick item
pick_i20825;pick item
ship_o1770;ship order
pick_i33388;pick item
pick_i38041;pick item
pick_i25062;pick item
pick_i35263;pick item
pick_i32901;pick item
pick_i27238;pick item
pick_i18449;pick item
ship_o1651;ship order
pick_i31547;pick item
pick_i27805;pick item
pick_i16241;pick item
pick_i25370;pick item
pick_i36646;pick item
ship_o1984;ship order
pick_i34539;pick item
pick_i29619;pick item
pick_i28611;pick item
pick_i34610;pick item
pick_i32625;pick item
pick_i27649;pick item
pick_i34651;pick item
ship_o2082;ship order
pick_i29130;pick item
pick_i27271;pick item
ship_o2139;ship order
pick_i31618;pick item
pick_i34533;pick item
pick_i35345;pick item
ship_o2379;ship order
pick_i31255;pick item
pick_i37564;pick item
pick_i19671;pick item
pick_i35273;pick item
pick_i28777;pick item
pick_i11073;pick item
ship_o1227;ship order
pick_i23255;pick item
ship_o1886;ship order
pick_i24541;pick item
pick_i27746;pick item
pick_i22606;pick item
pick_i27885;pick item
pick_i32611;pick item
pick_i33311;pick item
pick_i38193;pick item
pick_i35390;pick item
pick_i19590;pick item
pick_i37924;pick item
pick_i29989;pick item
pick_i25300;pick item
ship_o1981;ship order
pick_i29723;pick item
pick_i38283;pick item
pick_i28870;pick item
pick_i26130;pick item
pick_i34790;pick item
pick_i37957;pick item
pick_i35076;pick item
pick_i20583;pick item
pick_i32490;pick item
pick_i31427;pick item
pick_i26276;pick item
pick_i18532;pick item
pick_i31198;pick item
ship_o1656;ship order
pick_i34485;pick item
pick_i31974;pick item
pick_i32485;pick item
pick_i30331;pick item
pick_i27178;pick item
pick_i18105;pick item
pick_i27860;pick item
ship_o1632;ship order
pick_i36610;pick item
pick_i19288;pick item
pick_i23952;pick item
pick_i27388;pick item
pick_i30138;pick item
pick_i38329;pick item
pick_i18594;pick item
pick_i33126;pick item
pick_i34040;pick item
pick_i28263;pick item
pick_i35627;pick item
pick_i34721;pick item
pick_i21329;pick item
pick_i29406;pick item
ship_o1797;ship order
pick_i25601;pick item
pick_i31098;pick item
pick_i36948;pick item
pick_i32986;pick item
pick_i36488;pick item
pick_i23775;pick item
pick_i32483;pick item
ship_o1909;ship order
pick_i16451;pick item
pick_i34688;pick item
ship_o1543;ship order
pick_i23694;pick item
ship_o1905;ship order
pick_i34270;pick item
pick_i37224;pick item
pick_i37842;pick item
pick_i37785;pick item
pick_i22326;pick item
pick_i36121;pick item
pick_i27096;pick item
pick_i38670;pick item
pick_i27521;pick item
pick_i35254;pick item
ship_o2375;ship order
pick_i35370;pick item
pick_i30891;pick item
pick_i38527;pick item
pick_i29440;pick item
pick_i31461;pick item
pick_i30619;pick item
pick_i31089;pick item
pick_i28632;pick item
pick_i29813;pick item
pick_i19633;pick item
pick_i31620;pick item
pick_i36944;pick item
pick_i29763;pick item
pick_i38591;pick item
pick_i35379;pick item
pick_i33165;pick item
pick_i17425;pick item
pick_i38401;pick item
pick_i31356;pick item
pick_i35890;pick item
pick_i37788;pick item
pick_i28997;pick item
pick_i27084;pick item
ship_o2057;ship order
pick_i38239;pick item
pick_i35874;pick item
pick_i33517;pick item
pick_i31165;pick item
pick_i22025;pick item
ship_o1830;ship order
pick_i33815;pick item
pick_i36570;pick item
pick_i31423;pick item
pick_i29294;pick item
pick_i33176;pick item
pick_i14558;pick item
ship_o1439;ship order
pick_i25818;pick item
ship_o2003;ship order
pick_i22984;pick item
pick_i29384;pick item
pick_i32133;pick item
pick_i27480;pick item
pick_i27894;pick item
pick_i26225;pick item
pick_i22118;pick item
pick_i27593;pick item
pick_i33828;pick item
pick_i33512;pick item
pick_i34803;pick item
pick_i21615;pick item
ship_o1811;ship order
pick_i38378;pick item
pick_i28575;pick item
pick_i27495;pick item
pick_i33352;pick item
pick_i33381;pick item
pick_i31952;pick item
pick_i34212;pick item
pick_i29661;pick item
pick_i18575;pick item
pick_i30685;pick item
pick_i18858;pick item
ship_o1673;ship order
pick_i26708;pick item
pick_i22480;pick item
pick_i23188;pick item
pick_i32664;pick item
pick_i24063;pick item
pick_i17424;pick item
pick_i36028;pick item
pick_i24416;pick item
pick_i31327;pick item
pick_i32844;pick item
pick_i37080;pick item
pick_i25447;pick item
pick_i34793;pick item
pick_i22267;pick item
pick_i37290;pick item
pick_i36827;pick item
pick_i37558;pick item
pick_i33603;pick item
pick_i31039;pick item
pick_i22827;pick item
pick_i29230;pick item
ship_o1867;ship order
pick_i28353;pick item
pick_i31656;pick item
pick_i34265;pick item
pick_i35163;pick item
pick_i18573;pick item
pick_i35811;pick item
pick_i24944;pick item
pick_i21959;pick item
pick_i19557;pick item
pick_i38595;pick item
ship_o1707;ship order
pick_i29817;pick item
pick_i32586;pick item
pick_i27876;pick item
pick_i27062;pick item
pick_i35885;pick item
pick_i18371;pick item
pick_i37049;pick item
pick_i36306;pick item
pick_i31477;pick item
pick_i24835;pick item
pick_i25123;pick item
pick_i34294;pick item
pick_i37706;pick item
pick_i34619;pick item
pick_i33103;pick item
pick_i33391;pick item
pick_i24704;pick item
pick_i37352;pick item
pick_i24314;pick item
pick_i18288;pick item
pick_i26127;pick item
ship_o1642;ship order
pick_i22961;pick item
ship_o1872;ship order
pick_i33621;pick item
pick_i27100;pick item
pick_i23092;pick item
pick_i38409;pick item
pick_i36795;pick item
pick_i36197;pick item
pick_i37913;pick item
pick_i38229;pick item
pick_i29335;pick item
pick_i29151;pick item
pick_i30223;pick item
pick_i29445;pick item
pick_i27240;pick item
pick_i29353;pick item
pick_i37441;pick item
ship_o2147;ship order
pick_i29871;pick item
pick_i38207;pick item
pick_i33665;pick item
pick_i28770;pick item
pick_i30913;pick item
pick_i34107;pick item
pick_i21899;pick item
pick_i37146;pick item
pick_i28491;pick item
pick_i29168;pick item
pick_i34148;pick item
pick_i38540;pick item
pick_i28947;pick item
pick_i38316;pick item
pick_i17092;pick item
ship_o1580;ship order
pick_i27352;pick item
pick_i38006;pick item
pick_i37665;pick item
pick_i35362;pick item
pick_i26488;pick item
pick_i25142;pick item
ship_o1973;ship order
pick_i32450;pick item
pick_i27559;pick item
pick_i38543;pick item
pick_i24775;pick item
pick_i30124;pick item
pick_i29583;pick item
pick_i27546;pick item
pick_i24677;pick item
pick_i36554;pick item
pick_i37336;pick item
pick_i23810;pick item
ship_o1911;ship order
pick_i31780;pick item
pick_i23082;pick item
pick_i37749;pick item
pick_i31778;pick item
pick_i25005;pick item
pick_i25771;pick item
ship_o1968;ship order
pick_i35956;pick item
pick_i29175;pick item
pick_i37422;pick item
pick_i25883;pick item
pick_i36476;pick item
pick_i34771;pick item
pick_i37405;pick item
pick_i17856;pick item
pick_i26717;pick item
pick_i37850;pick item
pick_i31903;pick item
pick_i33353;pick item
pick_i33321;pick item
pick_i37523;pick item
pick_i29880;pick item
pick_i21547;pick item
pick_i26095;pick item
pick_i27042;pick item
pick_i16278;pick item
ship_o1533;ship order
pick_i35724;pick item
pick_i35526;pick item
pick_i33542;pick item
pick_i14034;pick item
ship_o1407;ship order
pick_i35184;pick item
pick_i31279;pick item
pick_i32309;pick item
pick_i19343;pick item
pick_i27404;pick item
pick_i32013;pick item
pick_i33236;pick item
pick_i23779;pick item
pick_i38639;pick item
pick_i28169;pick item
pick_i31231;pick item
pick_i30148;pick item
pick_i35233;pick item
pick_i32106;pick item
pick_i25695;pick item
pick_i31769;pick item
pick_i37388;pick item
pick_i24230;pick item
pick_i16296;pick item
ship_o1534;ship order
pick_i29452;pick item
pick_i34739;pick item
pick_i38272;pick item
pick_i24508;pick item
pick_i35396;pick item
pick_i34826;pick item
pick_i24550;pick item
pick_i26274;pick item
pick_i36491;pick item
pick_i24118;pick item
pick_i20698;pick item
ship_o1926;ship order
pick_i35924;pick item
pick_i24639;pick item
pick_i37967;pick item
pick_i25021;pick item
pick_i17650;pick item
pick_i36875;pick item
ship_o1609;ship order
pick_i23294;pick item
pick_i36166;pick item
pick_i28822;pick item
pick_i28135;pick item
pick_i33113;pick item
pick_i30784;pick item
pick_i21379;pick item
pick_i34307;pick item
pick_i25679;pick item
pick_i36000;pick item
pick_i24960;pick item
pick_i34263;pick item
pick_i35492;pick item
pick_i30799;pick item
pick_i27017;pick item
pick_i24306;pick item
pick_i31297;pick item
pick_i34157;pick item
ship_o2332;ship order
pick_i22339;pick item
pick_i23819;pick item
ship_o1844;ship order
pick_i31144;pick item
ship_o1912;ship order
pick_i35104;pick item
pick_i34207;pick item
pick_i36021;pick item
pick_i36692;pick item
pick_i25885;pick item
pick_i37946;pick item
pick_i37565;pick item
pick_i35486;pick item
pick_i28357;pick item
pick_i36302;pick item
pick_i24184;pick item
ship_o1929;ship order
pick_i32250;pick item
pick_i27991;pick item
pick_i27599;pick item
pick_i23972;pick item
pick_i36084;pick item
ship_o1920;ship order
pick_i21929;pick item
pick_i27235;pick item
ship_o1825;ship order
pick_i29782;pick item
pick_i31842;pick item
pick_i26415;pick item
pick_i36575;pick item
pick_i37592;pick item
pick_i31306;pick item
pick_i31581;pick item
pick_i29752;pick item
pick_i27580;pick item
pick_i19771;pick item
pick_i28257;pick item
ship_o1719;ship order
pick_i23735;pick item
pick_i34607;pick item
ship_o1907;ship order
pick_i29708;pick item
pick_i34231;pick item
pick_i37240;pick item
pick_i37812;pick item
pick_i18098;pick item
ship_o1631;ship order
pick_i23859;pick item
pick_i24526;pick item
pick_i18563;pick item
pick_i28291;pick item
pick_i30219;pick item
pick_i31429;pick item
ship_o2182;ship order
pick_i36564;pick item
pick_i35028;pick item
pick_i30431;pick item
pick_i35011;pick item
pick_i38249;pick item
pick_i35251;pick item
pick_i16014;pick item
ship_o1520;ship order
pick_i23161;pick item
pick_i29293;pick item
pick_i36179;pick item
pick_i20037;pick item
pick_i21660;pick item
pick_i14387;pick item
ship_o1813;ship order
pick_i33933;pick item
ship_o1427;ship order
pick_i11642;pick item
pick_i23967;pick item
ship_o1263;ship order
pick_i23460;pick item
ship_o1919;ship order
pick_i32009;pick item
pick_i28001;pick item
pick_i32800;pick item
pick_i28097;pick item
pick_i36097;pick item
pick_i27479;pick item
ship_o2074;ship order
pick_i31143;pick item
pick_i33377;pick item
pick_i20301;pick item
ship_o1743;ship order
pick_i35681;pick item
pick_i30871;pick item
pick_i37505;pick item
pick_i35075;pick item
pick_i19607;pick item
pick_i19911;pick item
ship_o1710;ship order
pick_i37639;pick item
pick_i36954;pick item
pick_i35349;pick item
pick_i29221;pick item
pick_i31051;pick item
pick_i20451;pick item
ship_o1751;ship order
pick_i24825;pick item
pick_i25576;pick item
ship_o1959;ship order
pick_i16818;pick item
ship_o1566;ship order
pick_i30766;pick item
pick_i31558;pick item
pick_i27847;pick item
pick_i24390;pick item
pick_i24663;pick item
pick_i34447;pick item
ship_o1952;ship order
pick_i33584;pick item
pick_i22198;pick item
pick_i29696;pick item
pick_i29537;pick item
pick_i33741;pick item
pick_i34093;pick item
pick_i36657;pick item
pick_i33323;pick item
pick_i31309;pick item
pick_i38234;pick item
pick_i29297;pick item
pick_i37234;pick item
pick_i30318;pick item
pick_i18155;pick item
pick_i25696;pick item
pick_i36731;pick item
pick_i34617;pick item
pick_i35005;pick item
pick_i33049;pick item
pick_i19152;pick item
pick_i31411;pick item
pick_i23339;pick item
pick_i23790;pick item
pick_i31168;pick item
pick_i36376;pick item
pick_i34980;pick item
pick_i36034;pick item
pick_i34741;pick item
pick_i20208;pick item
pick_i37156;pick item
pick_i33813;pick item
pick_i37342;pick item
pick_i32144;pick item
pick_i32467;pick item
pick_i32220;pick item
pick_i34661;pick item
pick_i23916;pick item
pick_i38332;pick item
pick_i28328;pick item
pick_i34818;pick item
pick_i30655;pick item
pick_i26788;pick item
pick_i32574;pick item
pick_i27413;pick item
pick_i37603;pick item
pick_i38575;pick item
pick_i29707;pick item
pick_i30469;pick item
pick_i31105;pick item
ship_o2216;ship order
pick_i29744;pick item
pick_i17724;pick item
pick_i32403;pick item
ship_o1612;ship order
pick_i35631;pick item
pick_i34745;pick item
pick_i30800;pick item
pick_i38421;pick item
pick_i37526;pick item
pick_i26920;pick item
pick_i32814;pick item
pick_i19400;pick item
pick_i38675;pick item
ship_o1701;ship order
pick_i25025;pick item
pick_i35800;pick item
pick_i30359;pick item
pick_i22855;pick item
pick_i34007;pick item
pick_i25414;pick item
pick_i27012;pick item
pick_i21390;pick item
pick_i37404;pick item
pick_i34765;pick item
pick_i32918;pick item
pick_i32235;pick item
pick_i35651;pick item
ship_o2390;ship order
pick_i34561;pick item
pick_i24192;pick item
pick_i24522;pick item
pick_i34377;pick item
pick_i37334;pick item
pick_i34640;pick item
pick_i33009;pick item
pick_i33302;pick item
pick_i29115;pick item
pick_i21075;pick item
ship_o1783;ship order
pick_i17897;pick item
pick_i28184;pick item
pick_i25764;pick item
pick_i35927;pick item
pick_i37007;pick item
pick_i31317;pick item
pick_i33853;pick item
pick_i31511;pick item
pick_i36412;pick item
pick_i38070;pick item
pick_i30446;pick item
pick_i25490;pick item
pick_i36081;pick item
pick_i32283;pick item
pick_i36157;pick item
pick_i22882;pick item
ship_o1869;ship order
pick_i36990;pick item
pick_i34905;pick item
pick_i33157;pick item
pick_i36507;pick item
pick_i27318;pick item
pick_i27367;pick item
pick_i35403;pick item
pick_i30972;pick item
ship_o2210;ship order
pick_i36518;pick item
pick_i20714;pick item
pick_i27714;pick item
pick_i35069;pick item
pick_i22600;pick item
pick_i27321;pick item
pick_i26483;pick item
pick_i32291;pick item
pick_i37559;pick item
pick_i38444;pick item
pick_i32079;pick item
pick_i32752;pick item
pick_i35531;pick item
pick_i35004;pick item
pick_i36854;pick item
pick_i37702;pick item
pick_i29462;pick item
pick_i27286;pick item
pick_i28988;pick item
pick_i31790;pick item
pick_i24525;pick item
pick_i36613;pick item
pick_i16648;pick item
ship_o1555;ship order
pick_i37662;pick item
pick_i31361;pick item
pick_i31218;pick item
pick_i16122;pick item
pick_i24468;pick item
ship_o1525;ship order
pick_i38250;pick item
pick_i29584;pick item
pick_i30243;pick item
pick_i37689;pick item
pick_i34682;pick item
pick_i26005;pick item
pick_i26925;pick item
pick_i33594;pick item
pick_i23154;pick item
pick_i37232;pick item
pick_i31272;pick item
pick_i20328;pick item
pick_i22472;pick item
ship_o1745;ship order
pick_i30920;pick item
ship_o1850;ship order
pick_i30091;pick item
pick_i27936;pick item
ship_o2092;ship order
pick_i19842;pick item
pick_i32363;pick item
pick_i28000;pick item
pick_i36959;pick item
pick_i28270;pick item
pick_i30181;pick item
pick_i36231;pick item
pick_i20570;pick item
ship_o1757;ship order
pick_i33189;pick item
pick_i36829;pick item
pick_i19271;pick item
ship_o1694;ship order
pick_i36238;pick item
pick_i36936;pick item
pick_i28650;pick item
pick_i15018;pick item
pick_i36797;pick item
ship_o1466;ship order
pick_i38542;pick item
pick_i36505;pick item
pick_i25497;pick item
pick_i17352;pick item
pick_i38466;pick item
pick_i34870;pick item
pick_i34284;pick item
pick_i35679;pick item
pick_i20582;pick item
pick_i38572;pick item
pick_i34436;pick item
pick_i29408;pick item
pick_i32685;pick item
pick_i34029;pick item
pick_i29206;pick item
pick_i25408;pick item
pick_i35876;pick item
pick_i35218;pick item
pick_i33044;pick item
pick_i26288;pick item
pick_i37768;pick item
ship_o2024;ship order
pick_i22264;pick item
ship_o1841;ship order
pick_i35453;pick item
pick_i32400;pick item
pick_i26806;pick item
pick_i38028;pick item
pick_i30435;pick item
ship_o2189;ship order
pick_i31058;pick item
pick_i36567;pick item
pick_i36506;pick item
pick_i21343;pick item
ship_o1798;ship order
pick_i29803;pick item
pick_i36480;pick item
ship_o2165;ship order
pick_i33376;pick item
pick_i31324;pick item
pick_i25719;pick item
ship_o1999;ship order
pick_i34633;pick item
pick_i20721;pick item
ship_o1765;ship order
pick_i23845;pick item
pick_i32866;pick item
pick_i21316;pick item
pick_i31345;pick item
ship_o1796;ship order
pick_i33678;pick item
pick_i26746;pick item
ship_o2043;ship order
pick_i22529;pick item
pick_i28482;pick item
pick_i36821;pick item
pick_i38251;pick item
pick_i34510;pick item
pick_i21257;pick item
pick_i34660;pick item
pick_i20257;pick item
pick_i34560;pick item
pick_i27418;pick item
pick_i17479;pick item
pick_i30465;pick item
ship_o1600;ship order
pick_i26682;pick item
pick_i19533;pick item
pick_i36137;pick item
pick_i26454;pick item
pick_i37210;pick item
pick_i14777;pick item
pick_i36464;pick item
pick_i35217;pick item
pick_i31531;pick item
pick_i36409;pick item
pick_i25875;pick item
pick_i26547;pick item
pick_i29371;pick item
pick_i38443;pick item
pick_i36563;pick item
pick_i30012;pick item
pick_i27309;pick item
pick_i22862;pick item
ship_o2067;ship order
pick_i37750;pick item
pick_i33529;pick item
ship_o2467;ship order
pick_i27381;pick item
pick_i34884;pick item
ship_o2070;ship order
pick_i35487;pick item
pick_i27050;pick item
pick_i37144;pick item
pick_i38133;pick item
pick_i34809;pick item
pick_i22593;pick item
pick_i23190;pick item
pick_i20980;pick item
ship_o1778;ship order
pick_i34714;pick item
pick_i32559;pick item
pick_i32466;pick item
pick_i35880;pick item
pick_i33053;pick item
pick_i33105;pick item
pick_i36013;pick item
pick_i17398;pick item
ship_o1596;ship order
pick_i24506;pick item
pick_i38127;pick item
pick_i32545;pick item
pick_i36352;pick item
pick_i37097;pick item
pick_i33215;pick item
pick_i29787;pick item
ship_o2298;ship order
pick_i29717;pick item
pick_i32634;pick item
pick_i29991;pick item
pick_i38418;pick item
pick_i35695;pick item
pick_i36311;pick item
pick_i31764;pick item
pick_i30856;pick item
pick_i25165;pick item
pick_i22185;pick item
pick_i33877;pick item
pick_i18589;pick item
pick_i37436;pick item
ship_o1659;ship order
pick_i34487;pick item
pick_i36057;pick item
pick_i27135;pick item
pick_i17205;pick item
pick_i35590;pick item
pick_i25056;pick item
pick_i33166;pick item
pick_i32435;pick item
pick_i28008;pick item
pick_i25182;pick item
pick_i20229;pick item
pick_i35840;pick item
pick_i36158;pick item
pick_i26190;pick item
pick_i29052;pick item
pick_i35446;pick item
pick_i31217;pick item
pick_i37381;pick item
pick_i28662;pick item
pick_i35382;pick item
pick_i24548;pick item
ship_o1946;ship order
pick_i30855;pick item
pick_i26151;pick item
pick_i23472;pick item
ship_o2018;ship order
pick_i31307;pick item
pick_i31950;pick item
pick_i32331;pick item
pick_i30075;pick item
pick_i26040;pick item
pick_i36125;pick item
pick_i33617;pick item
pick_i22705;pick item
pick_i34084;pick item
pick_i38448;pick item
pick_i37291;pick item
pick_i31676;pick item
ship_o2238;ship order
pick_i27770;pick item
pick_i28287;pick item
ship_o2106;ship order
pick_i23780;pick item
pick_i18636;pick item
ship_o1910;ship order
pick_i36216;pick item
pick_i37993;pick item
pick_i37091;pick item
pick_i35944;pick item
pick_i22582;pick item
pick_i21238;pick item
pick_i37661;pick item
ship_o1793;ship order
pick_i36085;pick item
pick_i25643;pick item
pick_i26940;pick item
pick_i34363;pick item
pick_i19128;pick item
pick_i15154;pick item
pick_i33899;pick item
ship_o1474;ship order
pick_i23079;pick item
pick_i31621;pick item
pick_i23454;pick item
pick_i17504;pick item
ship_o1601;ship order
pick_i34344;pick item
pick_i26232;pick item
pick_i32937;pick item
pick_i28669;pick item
pick_i26955;pick item
pick_i33428;pick item
pick_i37979;pick item
pick_i37031;pick item
ship_o2439;ship order
pick_i37001;pick item
pick_i33445;pick item
pick_i34437;pick item
pick_i36845;pick item
pick_i24516;pick item
pick_i29231;pick item
pick_i25704;pick item
pick_i35548;pick item
pick_i34777;pick item
pick_i34500;pick item
pick_i29198;pick item
ship_o2142;ship order
pick_i33569;pick item
pick_i29277;pick item
pick_i22295;pick item
ship_o1842;ship order
pick_i37701;pick item
pick_i23516;pick item
ship_o1898;ship order
pick_i18305;pick item
pick_i22672;pick item
pick_i33962;pick item
pick_i34789;pick item
ship_o2356;ship order
pick_i35930;pick item
pick_i28974;pick item
pick_i23860;pick item
pick_i33769;pick item
pick_i35241;pick item
pick_i37293;pick item
pick_i30467;pick item
pick_i22197;pick item
pick_i35952;pick item
ship_o1837;ship order
pick_i26669;pick item
pick_i36183;pick item
pick_i30656;pick item
pick_i38166;pick item
pick_i32475;pick item
pick_i36411;pick item
pick_i25713;pick item
pick_i38280;pick item
pick_i27625;pick item
pick_i35979;pick item
pick_i29889;pick item
pick_i34385;pick item
pick_i19519;pick item
ship_o1706;ship order
pick_i37864;pick item
pick_i25698;pick item
pick_i35549;pick item
pick_i26121;pick item
pick_i23243;pick item
pick_i31861;pick item
pick_i33466;pick item
pick_i26493;pick item
pick_i36747;pick item
pick_i37587;pick item
pick_i37659;pick item
pick_i33681;pick item
pick_i32928;pick item
pick_i26789;pick item
pick_i24268;pick item
pick_i19336;pick item
ship_o1933;ship order
ship_o1698;ship order
pick_i22490;pick item
ship_o1851;ship order
pick_i24019;pick item
pick_i32100;pick item
pick_i27537;pick item
pick_i34066;pick item
pick_i28388;pick item
pick_i29833;pick item
pick_i17860;pick item
pick_i38303;pick item
pick_i31840;pick item
pick_i29988;pick item
pick_i29314;pick item
pick_i29373;pick item
pick_i28990;pick item
pick_i37521;pick item
pick_i28350;pick item
ship_o2108;ship order
pick_i33289;pick item
pick_i22175;pick item
ship_o1836;ship order
pick_i35791;pick item
pick_i32358;pick item
pick_i21166;pick item
pick_i36712;pick item
pick_i35220;pick item
pick_i22974;pick item
pick_i35506;pick item
pick_i35281;pick item
pick_i37382;pick item
pick_i31886;pick item
pick_i29790;pick item
pick_i34342;pick item
pick_i25662;pick item
pick_i37856;pick item
pick_i33945;pick item
pick_i38339;pick item
pick_i13477;pick item
ship_o1373;ship order
pick_i19762;pick item
pick_i17380;pick item
ship_o1718;ship order
pick_i24937;pick item
ship_o1595;ship order
pick_i27094;pick item
ship_o1964;ship order
pick_i29680;pick item
pick_i35294;pick item
pick_i34094;pick item
pick_i27184;pick item
pick_i30614;pick item
pick_i37108;pick item
pick_i25733;pick item
pick_i38364;pick item
ship_o2000;ship order
pick_i33953;pick item
pick_i38151;pick item
pick_i22084;pick item
pick_i37048;pick item
pick_i23431;pick item
pick_i27686;pick item
pick_i29104;pick item
pick_i36108;pick item
pick_i34305;pick item
pick_i25464;pick item
pick_i16181;pick item
ship_o1528;ship order
pick_i32404;pick item
pick_i32440;pick item
pick_i34248;pick item
pick_i18161;pick item
ship_o1634;ship order
pick_i31709;pick item
pick_i25609;pick item
pick_i37975;pick item
pick_i35101;pick item
pick_i31178;pick item
pick_i22303;pick item
pick_i32573;pick item
pick_i37821;pick item
pick_i30876;pick item
ship_o2470;ship order
pick_i31061;pick item
pick_i28197;pick item
pick_i36721;pick item
pick_i38622;pick item
pick_i28222;pick item
pick_i24862;pick item
ship_o1961;ship order
pick_i27630;pick item
pick_i21897;pick item
pick_i24517;pick item
pick_i25404;pick item
pick_i26952;pick item
pick_i38459;pick item
pick_i34059;pick item
pick_i37680;pick item
pick_i31199;pick item
pick_i31927;pick item
pick_i25475;pick item
pick_i33833;pick item
pick_i32244;pick item
pick_i33973;pick item
pick_i33610;pick item
pick_i28788;pick item
pick_i34048;pick item
pick_i34624;pick item
pick_i35953;pick item
pick_i17524;pick item
pick_i17514;pick item
pick_i30745;pick item
ship_o1602;ship order
pick_i24969;pick item
pick_i32594;pick item
pick_i28731;pick item
pick_i28193;pick item
pick_i36313;pick item
ship_o2102;ship order
ship_o2414;ship order
pick_i30487;pick item
pick_i29128;pick item
pick_i38672;pick item
pick_i29305;pick item
pick_i14423;pick item
ship_o2145;ship order
pick_i35875;pick item
ship_o1429;ship order
pick_i33814;pick item
pick_i32047;pick item
pick_i32186;pick item
pick_i24201;pick item
pick_i30029;pick item
pick_i33530;pick item
pick_i24647;pick item
pick_i38683;pick item
pick_i27961;pick item
ship_o2093;ship order
pick_i36252;pick item
pick_i25260;pick item
pick_i36450;pick item
pick_i24466;pick item
ship_o1942;ship order
pick_i30691;pick item
pick_i35734;pick item
pick_i36915;pick item
pick_i31982;pick item
pick_i24485;pick item
ship_o2250;ship order
pick_i27452;pick item
pick_i31460;pick item
pick_i34341;pick item
pick_i26946;pick item
pick_i16586;pick item
pick_i36949;pick item
ship_o1552;ship order
pick_i35415;pick item
pick_i26106;pick item
pick_i29825;pick item
pick_i34814;pick item
pick_i27787;pick item
pick_i20200;pick item
pick_i38671;pick item
pick_i32659;pick item
pick_i33271;pick item
pick_i24152;pick item
ship_o1928;ship order
pick_i36531;pick item
pick_i26703;pick item
ship_o2421;ship order
pick_i21891;pick item
pick_i29600;pick item
pick_i26331;pick item
ship_o2026;ship order
pick_i34575;pick item
pick_i36765;pick item
pick_i25453;pick item
ship_o1987;ship order
pick_i33325;pick item
pick_i37672;pick item
pick_i32123;pick item
pick_i36046;pick item
pick_i24038;pick item
pick_i29049;pick item
pick_i37064;pick item
pick_i30462;pick item
pick_i33420;pick item
pick_i38499;pick item
pick_i23573;pick item
pick_i21254;pick item
pick_i31529;pick item
pick_i27806;pick item
pick_i30033;pick item
pick_i34847;pick item
pick_i27820;pick item
pick_i37802;pick item
pick_i33589;pick item
pick_i33443;pick item
ship_o2312;ship order
pick_i33380;pick item
ship_o2307;ship order
ship_o2304;ship order
pick_i32906;pick item
pick_i37789;pick item
pick_i21730;pick item
ship_o1816;ship order
pick_i30259;pick item
pick_i30351;pick item
pick_i32471;pick item
pick_i35249;pick item
ship_o2374;ship order
pick_i30063;pick item
ship_o2175;ship order
pick_i19016;pick item
ship_o1681;ship order
pick_i29579;pick item
pick_i31539;pick item
pick_i34023;pick item
pick_i29588;pick item
ship_o2157;ship order
pick_i35786;pick item
pick_i14930;pick item
pick_i26861;pick item
ship_o1460;ship order
pick_i30605;pick item
pick_i32020;pick item
pick_i31855;pick item
pick_i34255;pick item
pick_i31314;pick item
pick_i35677;pick item
pick_i28498;pick item
ship_o2115;ship order
pick_i22663;pick item
ship_o1859;ship order
pick_i31223;pick item
pick_i30695;pick item
pick_i31533;pick item
pick_i33198;pick item
pick_i31418;pick item
ship_o2228;ship order
pick_i31766;pick item
pick_i28427;pick item
ship_o2242;ship order
pick_i34104;pick item
pick_i28698;pick item
pick_i32746;pick item
pick_i35671;pick item
pick_i30690;pick item
pick_i20034;pick item
ship_o1731;ship order
pick_i31626;pick item
pick_i27232;pick item
pick_i32473;pick item
pick_i34732;pick item
pick_i23589;pick item
pick_i20932;pick item
ship_o1901;ship order
pick_i15861;pick item
ship_o1512;ship order
pick_i37178;pick item
pick_i29178;pick item
pick_i37963;pick item
pick_i36177;pick item
pick_i38662;pick item
pick_i27592;pick item
pick_i35371;pick item
pick_i33786;pick item
pick_i31259;pick item
pick_i28627;pick item
pick_i26707;pick item
pick_i10665;pick item
pick_i30262;pick item
ship_o1201;ship order
pick_i36024;pick item
pick_i32861;pick item
pick_i34290;pick item
pick_i27892;pick item
pick_i21181;pick item
pick_i32245;pick item
pick_i33173;pick item
pick_i27609;pick item
pick_i37773;pick item
pick_i22069;pick item
pick_i28256;pick item
ship_o2104;ship order
pick_i32337;pick item
pick_i32174;pick item
pick_i21165;pick item
pick_i29915;pick item
ship_o1788;ship order
ship_o2169;ship order
pick_i35121;pick item
pick_i24524;pick item
pick_i33400;pick item
ship_o1945;ship order
pick_i32027;pick item
pick_i25192;pick item
ship_o1975;ship order
pick_i24059;pick item
pick_i19329;pick item
pick_i29580;pick item
pick_i35986;pick item
ship_o2156;ship order
pick_i35417;pick item
pick_i38112;pick item
pick_i20248;pick item
ship_o1741;ship order
pick_i34311;pick item
pick_i35105;pick item
pick_i23863;pick item
pick_i35598;pick item
ship_o1914;ship order
pick_i26475;pick item
pick_i28998;pick item
pick_i34737;pick item
pick_i24209;pick item
pick_i37616;pick item
pick_i30325;pick item
pick_i16238;pick item
pick_i28860;pick item
ship_o1531;ship order
ship_o2129;ship order
pick_i26115;pick item
pick_i15021;pick item
pick_i16477;pick item
ship_o1467;ship order
pick_i27518;pick item
ship_o1545;ship order
pick_i24812;pick item
pick_i34475;pick item
pick_i38032;pick item
pick_i35191;pick item
pick_i26499;pick item
pick_i30847;pick item
pick_i37346;pick item
pick_i27360;pick item
ship_o2069;ship order
pick_i37770;pick item
pick_i21890;pick item
ship_o1824;ship order
pick_i35592;pick item
pick_i37678;pick item
pick_i15999;pick item
pick_i24679;pick item
pick_i21142;pick item
ship_o1787;ship order
pick_i25847;pick item
ship_o2005;ship order
pick_i20687;pick item
pick_i35358;pick item
pick_i37316;pick item
pick_i29014;pick item
pick_i18549;pick item
ship_o2134;ship order
ship_o1657;ship order
pick_i31208;pick item
pick_i28071;pick item
pick_i38486;pick item
pick_i37206;pick item
pick_i31708;pick item
ship_o2239;ship order
pick_i35322;pick item
pick_i27115;pick item
ship_o2058;ship order
pick_i20212;pick item
pick_i31072;pick item
pick_i23228;pick item
ship_o2214;ship order
pick_i28091;pick item
pick_i24293;pick item
pick_i37528;pick item
pick_i26984;pick item
pick_i34112;pick item
pick_i36682;pick item
pick_i18905;pick item
pick_i31527;pick item
pick_i34297;pick item
ship_o2336;ship order
pick_i34897;pick item
pick_i29545;pick item
pick_i31155;pick item
ship_o2218;ship order
pick_i26829;pick item
pick_i21424;pick item
pick_i38414;pick item
pick_i38288;pick item
pick_i34710;pick item
pick_i17838;pick item
ship_o1618;ship order
pick_i33519;pick item
pick_i35200;pick item
ship_o2372;ship order
pick_i33223;pick item
pick_i20875;pick item
ship_o1773;ship order
pick_i32335;pick item
pick_i29463;pick item
ship_o2151;ship order
pick_i35020;pick item
pick_i36556;pick item
pick_i23278;pick item
pick_i30210;pick item
pick_i37600;pick item
pick_i35456;pick item
pick_i15984;pick item
pick_i23226;pick item
pick_i36173;pick item
pick_i31746;pick item
pick_i18372;pick item
pick_i13838;pick item
ship_o1647;ship order
ship_o1395;ship order
pick_i34849;pick item
pick_i34121;pick item
pick_i26617;pick item
pick_i28919;pick item
ship_o2131;ship order
pick_i31741;pick item
pick_i31276;pick item
pick_i27527;pick item
pick_i11577;pick item
ship_o2076;ship order
ship_o1259;ship order
pick_i36892;pick item
pick_i24251;pick item
ship_o2434;ship order
pick_i30764;pick item
ship_o1932;ship order
pick_i11941;pick item
ship_o1282;ship order
pick_i31028;pick item
pick_i35604;pick item
pick_i13721;pick item
pick_i36580;pick item
ship_o1388;ship order
pick_i38190;pick item
pick_i21472;pick item
pick_i25534;pick item
ship_o1991;ship order
pick_i36798;pick item
pick_i32065;pick item
pick_i38606;pick item
pick_i33634;pick item
pick_i34210;pick item
pick_i34570;pick item
pick_i38071;pick item
pick_i22777;pick item
pick_i31379;pick item
pick_i19157;pick item
pick_i34919;pick item
pick_i37217;pick item
pick_i38511;pick item
pick_i27587;pick item
pick_i37431;pick item
ship_o2456;ship order
pick_i32389;pick item
pick_i21858;pick item
pick_i24694;pick item
ship_o1823;ship order
ship_o1953;ship order
pick_i25208;pick item
pick_i38282;pick item
pick_i33857;pick item
pick_i30642;pick item
ship_o2197;ship order
pick_i33261;pick item
pick_i16188;pick item
pick_i36427;pick item
ship_o1529;ship order
pick_i30022;pick item
pick_i32593;pick item
pick_i31857;pick item
pick_i23847;pick item
ship_o1913;ship order
pick_i35881;pick item
pick_i26904;pick item
ship_o2399;ship order
pick_i25627;pick item
ship_o2051;ship order
pick_i23209;pick item
pick_i24351;pick item
ship_o1884;ship order
pick_i26562;pick item
pick_i14475;pick item
pick_i30451;pick item
ship_o1433;ship order
ship_o2190;ship order
pick_i34933;pick item
pick_i25516;pick item
pick_i20120;pick item
pick_i35398;pick item
pick_i30789;pick item
pick_i35716;pick item
pick_i32549;pick item
pick_i23063;pick item
pick_i33714;pick item
pick_i29538;pick item
pick_i36339;pick item
pick_i38342;pick item
pick_i19072;pick item
pick_i32343;pick item
pick_i36462;pick item
pick_i35725;pick item
pick_i37343;pick item
ship_o2393;ship order
pick_i21575;pick item
pick_i25891;pick item
ship_o1809;ship order
pick_i28326;pick item
pick_i21389;pick item
pick_i36485;pick item
ship_o1800;ship order
pick_i18303;pick item
pick_i28930;pick item
pick_i33511;pick item
pick_i32976;pick item
pick_i38154;pick item
pick_i24373;pick item
pick_i25982;pick item
pick_i21467;pick item
ship_o1804;ship order
pick_i23320;pick item
ship_o1889;ship order
pick_i31002;pick item
pick_i25263;pick item
pick_i36548;pick item
ship_o1979;ship order
pick_i36094;pick item
pick_i31640;pick item
ship_o2237;ship order
pick_i37193;pick item
pick_i30005;pick item
pick_i27043;pick item
pick_i36207;pick item
pick_i28186;pick item
pick_i34430;pick item
pick_i34605;pick item
pick_i20962;pick item
ship_o2348;ship order
pick_i21446;pick item
ship_o1777;ship order
pick_i28871;pick item
pick_i32728;pick item
pick_i30514;pick item
pick_i20993;pick item
pick_i36307;pick item
ship_o1779;ship order
pick_i33418;pick item
pick_i31796;pick item
pick_i16380;pick item
ship_o1539;ship order
pick_i26166;pick item
pick_i30193;pick item
pick_i32629;pick item
pick_i36664;pick item
pick_i23167;pick item
pick_i30600;pick item
pick_i33241;pick item
pick_i27724;pick item
pick_i15751;pick item
pick_i34879;pick item
ship_o1506;ship order
pick_i26553;pick item
ship_o2359;ship order
pick_i37517;pick item
pick_i34986;pick item
pick_i16691;pick item
ship_o1558;ship order
pick_i38649;pick item
pick_i36858;pick item
pick_i34129;pick item
pick_i34080;pick item
pick_i23083;pick item
pick_i38073;pick item
ship_o1878;ship order
pick_i28970;pick item
pick_i36551;pick item
pick_i32745;pick item
pick_i27891;pick item
pick_i36615;pick item
pick_i36804;pick item
pick_i25397;pick item
pick_i20496;pick item
ship_o1754;ship order
pick_i27190;pick item
pick_i30902;pick item
pick_i37715;pick item
pick_i19315;pick item
ship_o2466;ship order
pick_i22694;pick item
ship_o1696;ship order
pick_i22779;pick item
ship_o1865;ship order
pick_i36757;pick item
pick_i35508;pick item
pick_i24737;pick item
pick_i37248;pick item
pick_i21583;pick item
pick_i24768;pick item
ship_o1810;ship order
pick_i37623;pick item
pick_i32780;pick item
pick_i24003;pick item
ship_o2281;ship order
pick_i33343;pick item
pick_i26480;pick item
pick_i27740;pick item
ship_o2085;ship order
pick_i37409;pick item
pick_i33671;pick item
pick_i27998;pick item
pick_i29047;pick item
ship_o2094;ship order
ship_o2135;ship order
pick_i37669;pick item
pick_i33893;pick item
pick_i32575;pick item
pick_i35019;pick item
pick_i38369;pick item
pick_i33328;pick item
pick_i25660;pick item
pick_i34736;pick item
pick_i37464;pick item
pick_i18358;pick item
pick_i35272;pick item
ship_o1646;ship order
pick_i38386;pick item
pick_i30839;pick item
pick_i26885;pick item
pick_i38341;pick item
pick_i20588;pick item
ship_o1758;ship order
pick_i25571;pick item
pick_i24918;pick item
pick_i30082;pick item
pick_i29959;pick item
pick_i31757;pick item
pick_i28987;pick item
pick_i23240;pick item
pick_i25706;pick item
pick_i19804;pick item
pick_i22429;pick item
pick_i28951;pick item
pick_i19706;pick item
pick_i27512;pick item
pick_i35296;pick item
pick_i30127;pick item
pick_i29441;pick item
pick_i30341;pick item
pick_i15642;pick item
pick_i26094;pick item
ship_o1500;ship order
ship_o2015;ship order
pick_i35817;pick item
pick_i29659;pick item
pick_i32672;pick item
ship_o2277;ship order
pick_i30397;pick item
pick_i30816;pick item
pick_i32080;pick item
pick_i37189;pick item
pick_i35306;pick item
pick_i27171;pick item
pick_i22373;pick item
ship_o1846;ship order
pick_i34003;pick item
pick_i29746;pick item
pick_i29983;pick item
pick_i29860;pick item
pick_i22857;pick item
pick_i35835;pick item
ship_o1868;ship order
pick_i34522;pick item
pick_i21714;pick item
pick_i17866;pick item
ship_o1815;ship order
pick_i34701;pick item
pick_i38310;pick item
ship_o2352;ship order
pick_i24501;pick item
pick_i32700;pick item
ship_o1944;ship order
pick_i35176;pick item
pick_i33248;pick item
pick_i37522;pick item
pick_i31738;pick item
pick_i18174;pick item
ship_o1635;ship order
pick_i34087;pick item
pick_i15217;pick item
pick_i37385;pick item
ship_o1478;ship order
pick_i24479;pick item
pick_i17930;pick item
ship_o1622;ship order
pick_i33958;pick item
pick_i19918;pick item
ship_o1726;ship order
pick_i33174;pick item
pick_i38516;pick item
pick_i37479;pick item
pick_i28159;pick item
ship_o2457;ship order
pick_i26688;pick item
pick_i38183;pick item
pick_i36487;pick item
pick_i38015;pick item
pick_i35693;pick item
ship_o2477;ship order
pick_i33526;pick item
pick_i21119;pick item
ship_o2310;ship order
pick_i37933;pick item
ship_o1786;ship order
pick_i32228;pick item
pick_i37901;pick item
pick_i21516;pick item
pick_i38684;pick item
pick_i32931;pick item
pick_i31377;pick item
pick_i30473;pick item
ship_o2191;ship order
pick_i37370;pick item
pick_i23025;pick item
ship_o1875;ship order
pick_i33022;pick item
pick_i32763;pick item
pick_i30506;pick item
pick_i30727;pick item
pick_i38333;pick item
pick_i34637;pick item
pick_i33647;pick item
pick_i36171;pick item
pick_i21030;pick item
ship_o2409;ship order
pick_i32541;pick item
pick_i34335;pick item
pick_i25292;pick item
ship_o2338;ship order
pick_i23081;pick item
pick_i28486;pick item
pick_i30408;pick item
ship_o2188;ship order
pick_i26134;pick item
pick_i38149;pick item
pick_i18939;pick item
ship_o1677;ship order
pick_i35299;pick item
ship_o2377;ship order
pick_i37648;pick item
pick_i26472;pick item
pick_i32744;pick item
pick_i29999;pick item
pick_i30547;pick item
pick_i29984;pick item
pick_i29476;pick item
ship_o2152;ship order
pick_i32914;pick item
pick_i30027;pick item
ship_o2286;ship order
pick_i34711;pick item
ship_o2174;ship order
pick_i34384;pick item
pick_i22395;pick item
pick_i22023;pick item
ship_o1847;ship order
ship_o1829;ship order
pick_i34312;pick item
pick_i25489;pick item
pick_i14786;pick item
ship_o1988;ship order
pick_i35929;pick item
ship_o1451;ship order
pick_i23116;pick item
pick_i38265;pick item
ship_o1879;ship order
pick_i35560;pick item
pick_i30202;pick item
pick_i36356;pick item
pick_i32761;pick item
pick_i17152;pick item
pick_i30540;pick item
ship_o1583;ship order
pick_i31556;pick item
ship_o2194;ship order
pick_i35739;pick item
pick_i27838;pick item
pick_i27817;pick item
ship_o2089;ship order
pick_i18803;pick item
ship_o2088;ship order
pick_i37366;pick item
ship_o1669;ship order
pick_i34303;pick item
pick_i20894;pick item
pick_i18339;pick item
pick_i33822;pick item
pick_i32451;pick item
pick_i36202;pick item
pick_i26836;pick item
pick_i23463;pick item
pick_i37050;pick item
pick_i36645;pick item
ship_o2440;ship order
pick_i32583;pick item
pick_i26853;pick item
pick_i26403;pick item
pick_i34237;pick item
ship_o2029;ship order
pick_i36569;pick item
pick_i25646;pick item
pick_i28613;pick item
pick_i37897;pick item
pick_i30144;pick item
pick_i23151;pick item
pick_i17677;pick item
ship_o1881;ship order
pick_i29648;pick item
ship_o1610;ship order
pick_i24712;pick item
ship_o2160;ship order
pick_i35133;pick item
pick_i30267;pick item
pick_i35585;pick item
ship_o2184;ship order
pick_i26714;pick item
pick_i32823;pick item
ship_o2042;ship order
pick_i35471;pick item
pick_i23193;pick item
ship_o1883;ship order
pick_i32925;pick item
pick_i28034;pick item
ship_o2096;ship order
pick_i28702;pick item
pick_i30256;pick item
pick_i21264;pick item
pick_i20488;pick item
ship_o1794;ship order
pick_i24750;pick item
pick_i32084;pick item
pick_i23572;pick item
pick_i24849;pick item
ship_o1900;ship order
pick_i23923;pick item
pick_i34886;pick item
pick_i18338;pick item
ship_o1645;ship order
pick_i25896;pick item
pick_i32289;pick item
pick_i38202;pick item
pick_i37150;pick item
pick_i34001;pick item
ship_o2444;ship order
pick_i21846;pick item
pick_i20129;pick item
ship_o1822;ship order
pick_i26845;pick item
ship_o1736;ship order
pick_i37487;pick item
pick_i17907;pick item
pick_i28587;pick item
ship_o1621;ship order
ship_o2118;ship order
pick_i18900;pick item
pick_i37624;pick item
pick_i26673;pick item
pick_i22709;pick item
pick_i34400;pick item
ship_o1861;ship order
pick_i38528;pick item
pick_i30929;pick item
pick_i26629;pick item
pick_i31407;pick item
ship_o2038;ship order
pick_i31720;pick item
pick_i33575;pick item
ship_o2311;ship order
pick_i30644;pick item
pick_i17588;pick item
ship_o2198;ship order
pick_i38534;pick item
pick_i38525;pick item
pick_i34458;pick item
ship_o2342;ship order
pick_i25955;pick item
pick_i11859;pick item
ship_o1277;ship order
pick_i34917;pick item
pick_i29729;pick item
pick_i38424;pick item
ship_o2162;ship order
pick_i34319;pick item
pick_i31393;pick item
pick_i37270;pick item
pick_i27030;pick item
pick_i31454;pick item
ship_o2229;ship order
pick_i36839;pick item
pick_i35032;pick item
pick_i27249;pick item
pick_i30085;pick item
ship_o2064;ship order
pick_i33915;pick item
ship_o2323;ship order
pick_i35153;pick item
pick_i17796;pick item
ship_o2371;ship order
pick_i30512;pick item
pick_i33819;pick item
pick_i31624;pick item
pick_i34772;pick item
pick_i37191;pick item
ship_o2355;ship order
pick_i35583;pick item
pick_i34325;pick item
ship_o2337;ship order
pick_i37303;pick item
pick_i20662;pick item
ship_o1763;ship order
pick_i23422;pick item
pick_i15992;pick item
pick_i26182;pick item
ship_o1519;ship order
pick_i34491;pick item
pick_i17834;pick item
pick_i30507;pick item
ship_o1617;ship order
pick_i24974;pick item
pick_i20904;pick item
pick_i36442;pick item
pick_i22596;pick item
ship_o1856;ship order
pick_i19083;pick item
ship_o1684;ship order
pick_i28737;pick item
pick_i30531;pick item
ship_o2124;ship order
pick_i31519;pick item
pick_i26677;pick item
pick_i34519;pick item
pick_i33319;pick item
ship_o2302;ship order
pick_i23932;pick item
pick_i36049;pick item
pick_i24031;pick item
ship_o1922;ship order
pick_i17870;pick item
pick_i28393;pick item
ship_o2110;ship order
pick_i37869;pick item
pick_i37338;pick item
pick_i38179;pick item
pick_i19693;pick item
ship_o1714;ship order
pick_i27466;pick item
ship_o2073;ship order
pick_i32894;pick item
pick_i36652;pick item
pick_i26805;pick item
pick_i33020;pick item
pick_i31846;pick item
pick_i25707;pick item
ship_o2245;ship order
pick_i26900;pick item
ship_o1998;ship order
pick_i37882;pick item
ship_o2050;ship order
pick_i34526;pick item
pick_i26384;pick item
ship_o2028;ship order
pick_i36082;pick item
pick_i35478;pick item
pick_i30567;pick item
ship_o2195;ship order
pick_i26701;pick item
pick_i27502;pick item
pick_i26189;pick item
ship_o2075;ship order
pick_i32715;pick item
pick_i37573;pick item
pick_i34387;pick item
pick_i32242;pick item
ship_o2340;ship order
pick_i37794;pick item
ship_o2261;ship order
pick_i16877;pick item
pick_i34015;pick item
ship_o1569;ship order
pick_i35837;pick item
pick_i32628;pick item
pick_i35776;pick item
pick_i19228;pick item
ship_o2395;ship order
pick_i29547;pick item
ship_o1691;ship order
pick_i27436;pick item
pick_i18895;pick item
ship_o1675;ship order
pick_i34846;pick item
ship_o2358;ship order
pick_i24970;pick item
pick_i24330;pick item
ship_o1966;ship order
ship_o1936;ship order
pick_i24904;pick item
ship_o1963;ship order
pick_i17048;pick item
pick_i31863;pick item
ship_o1578;ship order
pick_i21040;pick item
pick_i29117;pick item
pick_i37766;pick item
pick_i24232;pick item
pick_i27760;pick item
pick_i34668;pick item
pick_i35609;pick item
pick_i14839;pick item
pick_i33638;pick item
ship_o1454;ship order
pick_i35866;pick item
pick_i29640;pick item
pick_i30798;pick item
pick_i31763;pick item
pick_i31212;pick item
pick_i20188;pick item
ship_o1739;ship order
pick_i30302;pick item
pick_i34740;pick item
pick_i28242;pick item
pick_i38281;pick item
ship_o2103;ship order
pick_i36022;pick item
pick_i34677;pick item
pick_i38687;pick item
pick_i32082;pick item
pick_i24231;pick item
pick_i22453;pick item
ship_o1931;ship order
ship_o1849;ship order
pick_i35060;pick item
pick_i31025;pick item
ship_o2212;ship order
pick_i27688;pick item
pick_i32140;pick item
pick_i28314;pick item
pick_i29237;pick item
pick_i35381;pick item
ship_o2381;ship order
pick_i28438;pick item
pick_i25637;pick item
ship_o2112;ship order
pick_i38449;pick item
pick_i32070;pick item
pick_i34902;pick item
pick_i32720;pick item
pick_i17415;pick item
ship_o1597;ship order
pick_i37250;pick item
pick_i38293;pick item
pick_i26684;pick item
pick_i27395;pick item
pick_i29621;pick item
pick_i25094;pick item
pick_i38422;pick item
ship_o1972;ship order
pick_i33993;pick item
pick_i30103;pick item
pick_i29054;pick item
pick_i31932;pick item
ship_o2136;ship order
pick_i32653;pick item
pick_i36714;pick item
pick_i31321;pick item
pick_i32759;pick item
pick_i31381;pick item
pick_i34572;pick item
ship_o2347;ship order
pick_i20493;pick item
pick_i38493;pick item
pick_i33004;pick item
ship_o2290;ship order
pick_i33820;pick item
pick_i29955;pick item
ship_o2320;ship order
pick_i33996;pick item
ship_o2171;ship order
pick_i38095;pick item
pick_i35216;pick item
pick_i34499;pick item
pick_i33116;pick item
pick_i37124;pick item
ship_o2294;ship order
pick_i32977;pick item
pick_i29258;pick item
pick_i35576;pick item
ship_o2144;ship order
pick_i35031;pick item
pick_i19899;pick item
ship_o2366;ship order
pick_i28671;pick item
ship_o1725;ship order
ship_o2122;ship order
pick_i37255;pick item
pick_i18081;pick item
ship_o2448;ship order
ship_o1630;ship order
pick_i24951;pick item
pick_i36754;pick item
pick_i22419;pick item
pick_i37420;pick item
pick_i33479;pick item
pick_i14867;pick item
pick_i32205;pick item
ship_o2259;ship order
pick_i27767;pick item
pick_i38298;pick item
ship_o2486;ship order
pick_i19174;pick item
ship_o1689;ship order
pick_i28653;pick item
pick_i25044;pick item
pick_i21493;pick item
pick_i36246;pick item
ship_o1806;ship order
pick_i28524;pick item
pick_i37872;pick item
pick_i37402;pick item
pick_i29697;pick item
pick_i36294;pick item
ship_o2161;ship order
ship_o2413;ship order
pick_i22328;pick item
ship_o1843;ship order
pick_i28790;pick item
pick_i31138;pick item
pick_i35742;pick item
pick_i29227;pick item
ship_o2394;ship order
pick_i30791;pick item
pick_i38099;pick item
pick_i33034;pick item
pick_i38056;pick item
pick_i26017;pick item
ship_o2012;ship order
pick_i35942;pick item
pick_i37566;pick item
pick_i33657;pick item
pick_i31046;pick item
pick_i32966;pick item
pick_i38309;pick item
ship_o2288;ship order
pick_i32377;pick item
pick_i37848;pick item
ship_o2471;ship order
pick_i37552;pick item
pick_i35571;pick item
pick_i26620;pick item
pick_i24369;pick item
ship_o1938;ship order
pick_i36233;pick item
pick_i32131;pick item
pick_i32621;pick item
pick_i26827;pick item
ship_o2048;ship order
pick_i27332;pick item
pick_i30338;pick item
pick_i32384;pick item
pick_i36686;pick item
ship_o2427;ship order
pick_i25505;pick item
pick_i17339;pick item
ship_o1989;ship order
ship_o1593;ship order
pick_i19993;pick item
pick_i26823;pick item
ship_o1729;ship order
pick_i19658;pick item
pick_i34968;pick item
pick_i31134;pick item
ship_o2363;ship order
pick_i23877;pick item
pick_i31126;pick item
ship_o1915;ship order
pick_i33501;pick item
pick_i36717;pick item
pick_i37690;pick item
pick_i14005;pick item
ship_o1405;ship order
pick_i15697;pick item
pick_i23291;pick item
ship_o1503;ship order
ship_o1888;ship order
pick_i37183;pick item
pick_i27606;pick item
pick_i36748;pick item
pick_i15379;pick item
ship_o1487;ship order
pick_i30521;pick item
pick_i25162;pick item
pick_i38365;pick item
pick_i25957;pick item
pick_i35959;pick item
pick_i23046;pick item
pick_i30945;pick item
pick_i33878;pick item
pick_i32721;pick item
pick_i36822;pick item
pick_i35655;pick item
pick_i37621;pick item
pick_i24774;pick item
ship_o2462;ship order
ship_o1956;ship order
pick_i32344;pick item
pick_i34091;pick item
ship_o2329;ship order
pick_i31220;pick item
pick_i24197;pick item
ship_o1930;ship order
pick_i35586;pick item
pick_i25438;pick item
pick_i30497;pick item
pick_i35460;pick item
pick_i32810;pick item
pick_i35939;pick item
ship_o2401;ship order
pick_i34900;pick item
ship_o2360;ship order
pick_i32314;pick item
pick_i32285;pick item
ship_o2263;ship order
pick_i11492;pick item
pick_i36388;pick item
ship_o1253;ship order
pick_i37635;pick item
ship_o2416;ship order
pick_i31336;pick item
pick_i21942;pick item
pick_i31140;pick item
pick_i21956;pick item
pick_i37982;pick item
ship_o1826;ship order
pick_i32090;pick item
ship_o2254;ship order
pick_i32833;pick item
pick_i33666;pick item
ship_o2283;ship order
pick_i30896;pick item
pick_i37760;pick item
pick_i33184;pick item
pick_i38477;pick item
pick_i32045;pick item
pick_i18487;pick item
pick_i35683;pick item
ship_o1653;ship order
ship_o2392;ship order
pick_i30251;pick item
pick_i13691;pick item
ship_o2183;ship order
ship_o1386;ship order
pick_i26202;pick item
pick_i35363;pick item
pick_i30070;pick item
ship_o2380;ship order
pick_i28614;pick item
pick_i31247;pick item
ship_o2222;ship order
pick_i32143;pick item
pick_i22079;pick item
pick_i37279;pick item
pick_i32805;pick item
pick_i26205;pick item
pick_i38391;pick item
ship_o2020;ship order
pick_i21814;pick item
ship_o1820;ship order
pick_i36224;pick item
pick_i31190;pick item
pick_i38043;pick item
pick_i33862;pick item
pick_i32006;pick item
ship_o2321;ship order
pick_i20890;pick item
pick_i25617;pick item
ship_o1774;ship order
pick_i33969;pick item
ship_o1994;ship order
pick_i24779;pick item
pick_i33743;pick item
ship_o1957;ship order
pick_i23912;pick item
ship_o2317;ship order
ship_o1916;ship order
pick_i32718;pick item
pick_i35413;pick item
ship_o2279;ship order
pick_i27192;pick item
pick_i38374;pick item
ship_o2489;ship order
pick_i36444;pick item
pick_i26775;pick item
ship_o2045;ship order
pick_i35905;pick item
pick_i30093;pick item
pick_i17366;pick item
ship_o1594;ship order
pick_i34722;pick item
pick_i28621;pick item
pick_i37015;pick item
pick_i36981;pick item
ship_o2438;ship order
pick_i31485;pick item
pick_i28010;pick item
ship_o2095;ship order
pick_i26545;pick item
pick_i34528;pick item
ship_o2345;ship order
pick_i35625;pick item
pick_i38417;pick item
pick_i35523;pick item
pick_i20623;pick item
pick_i26176;pick item
ship_o1760;ship order
ship_o2019;ship order
pick_i16432;pick item
pick_i24048;pick item
ship_o1542;ship order
pick_i21434;pick item
ship_o1923;ship order
pick_i25639;pick item
pick_i23478;pick item
pick_i32607;pick item
ship_o2274;ship order
pick_i36660;pick item
pick_i30191;pick item
pick_i34185;pick item
pick_i31211;pick item
pick_i31360;pick item
ship_o2220;ship order
pick_i29502;pick item
pick_i35599;pick item
pick_i37546;pick item
ship_o2388;ship order
pick_i27195;pick item
ship_o2062;ship order
pick_i35960;pick item
pick_i25983;pick item
ship_o2010;ship order
pick_i30859;pick item
pick_i38064;pick item
pick_i36189;pick item
pick_i31482;pick item
pick_i37697;pick item
pick_i25393;pick item
ship_o2465;ship order
ship_o1985;ship order
pick_i34218;pick item
pick_i27553;pick item
ship_o2077;ship order
pick_i34033;pick item
ship_o2327;ship order
pick_i14704;pick item
pick_i38355;pick item
ship_o1446;ship order
pick_i28281;pick item
pick_i31739;pick item
ship_o2105;ship order
pick_i28483;pick item
ship_o2241;ship order
pick_i30177;pick item
pick_i32346;pick item
ship_o2180;ship order
ship_o2265;ship order
pick_i22567;pick item
pick_i38638;pick item
pick_i24490;pick item
pick_i32385;pick item
ship_o1943;ship order
pick_i25424;pick item
pick_i14656;pick item
ship_o1986;ship order
pick_i26797;pick item
ship_o1443;ship order
ship_o2046;ship order
pick_i28816;pick item
pick_i33957;pick item
pick_i26230;pick item
pick_i14335;pick item
ship_o2021;ship order
pick_i17875;pick item
ship_o1423;ship order
ship_o1619;ship order
pick_i23232;pick item
pick_i38098;pick item
ship_o1885;ship order
pick_i35903;pick item
ship_o2400;ship order
pick_i26820;pick item
pick_i26471;pick item
ship_o2047;ship order
pick_i32019;pick item
pick_i38351;pick item
pick_i37269;pick item
pick_i36455;pick item
ship_o2419;ship order
pick_i26674;pick item
pick_i13401;pick item
ship_o1369;ship order
pick_i31806;pick item
pick_i25914;pick item
pick_i26754;pick item
pick_i28812;pick item
ship_o2044;ship order
pick_i31132;pick item
pick_i29626;pick item
pick_i24139;pick item
ship_o2158;ship order
pick_i15809;pick item
ship_o1927;ship order
ship_o1509;ship order
pick_i29434;pick item
pick_i30905;pick item
pick_i36260;pick item
pick_i27327;pick item
pick_i31544;pick item
pick_i29400;pick item
pick_i31513;pick item
pick_i29749;pick item
ship_o2163;ship order
pick_i36060;pick item
pick_i31380;pick item
ship_o2405;ship order
pick_i36755;pick item
pick_i31572;pick item
pick_i16059;pick item
pick_i30532;pick item
ship_o1522;ship order
ship_o2193;ship order
pick_i23990;pick item
pick_i22150;pick item
ship_o1835;ship order
pick_i36262;pick item
pick_i29785;pick item
ship_o2164;ship order
pick_i33068;pick item
pick_i31890;pick item
pick_i33358;pick item
pick_i29327;pick item
pick_i38194;pick item
pick_i23420;pick item
ship_o2483;ship order
ship_o1893;ship order
pick_i32161;pick item
pick_i35622;pick item
pick_i32062;pick item
ship_o2253;ship order
pick_i35083;pick item
pick_i38276;pick item
pick_i25689;pick item
pick_i33160;pick item
pick_i23935;pick item
ship_o2296;ship order
pick_i33970;pick item
pick_i38555;pick item
ship_o2325;ship order
pick_i22770;pick item
pick_i28462;pick item
pick_i18018;pick item
pick_i36724;pick item
ship_o1627;ship order
pick_i26997;pick item
pick_i33135;pick item
pick_i30303;pick item
pick_i35855;pick item
ship_o2398;ship order
pick_i33470;pick item
pick_i37576;pick item
ship_o2460;ship order
pick_i34380;pick item
pick_i28411;pick item
pick_i38602;pick item
pick_i38136;pick item
pick_i25622;pick item
ship_o1995;ship order
pick_i33940;pick item
ship_o2324;ship order
pick_i23432;pick item
pick_i26065;pick item
ship_o1894;ship order
ship_o2013;ship order
pick_i23285;pick item
ship_o1887;ship order
pick_i19647;pick item
pick_i18583;pick item
ship_o1712;ship order
pick_i38311;pick item
pick_i24718;pick item
ship_o2487;ship order
pick_i31951;pick item
ship_o1954;ship order
pick_i36272;pick item
pick_i17453;pick item
ship_o1599;ship order
pick_i25148;pick item
ship_o1974;ship order
pick_i23646;pick item
pick_i26012;pick item
ship_o2011;ship order
pick_i28183;pick item
pick_i31466;pick item
pick_i32753;pick item
ship_o2230;ship order
pick_i13355;pick item
ship_o1366;ship order
pick_i27227;pick item
pick_i31351;pick item
ship_o2063;ship order
ship_o2225;ship order
pick_i37591;pick item
pick_i17901;pick item
ship_o1620;ship order
pick_i20483;pick item
ship_o1753;ship order
pick_i27687;pick item
ship_o2083;ship order
pick_i37300;pick item
pick_i29106;pick item
ship_o2450;ship order
ship_o2138;ship order
pick_i35535;pick item
pick_i26511;pick item
ship_o2033;ship order
pick_i33992;pick item
pick_i27320;pick item
ship_o2326;ship order
pick_i19230;pick item
pick_i32476;pick item
pick_i38522;pick item
pick_i30097;pick item
pick_i33639;pick item
pick_i30793;pick item
ship_o2314;ship order
ship_o2203;ship order
pick_i29397;pick item
pick_i23451;pick item
pick_i37096;pick item
pick_i27443;pick item
pick_i27634;pick item
pick_i23007;pick item
ship_o2081;ship order
ship_o1874;ship order
pick_i35090;pick item
pick_i21034;pick item
ship_o1781;ship order
pick_i26118;pick item
ship_o2016;ship order
pick_i31602;pick item
pick_i36018;pick item
pick_i30365;pick item
pick_i28488;pick item
ship_o2114;ship order
pick_i25791;pick item
pick_i38551;pick item
pick_i33800;pick item
pick_i26700;pick item
ship_o2041;ship order
pick_i29179;pick item
ship_o2141;ship order
pick_i36089;pick item
pick_i28639;pick item
pick_i30298;pick item
ship_o2185;ship order
pick_i23464;pick item
pick_i31947;pick item
pick_i35113;pick item
pick_i25587;pick item
ship_o1993;ship order
pick_i29232;pick item
pick_i31601;pick item
pick_i35098;pick item
ship_o2235;ship order
pick_i27117;pick item
ship_o2368;ship order
ship_o2059;ship order
pick_i37331;pick item
ship_o2452;ship order
pick_i27747;pick item
ship_o2086;ship order
pick_i30810;pick item
pick_i36128;pick item
pick_i19333;pick item
ship_o2407;ship order
ship_o1697;ship order
pick_i28884;pick item
pick_i31136;pick item
pick_i36481;pick item
ship_o2217;ship order
pick_i36627;pick item
pick_i32409;pick item
ship_o2425;ship order
pick_i38599;pick item
pick_i14871;pick item
pick_i28832;pick item
ship_o1457;ship order
pick_i15416;pick item
ship_o2128;ship order
ship_o1489;ship order
pick_i27585;pick item
ship_o2079;ship order
pick_i37318;pick item
pick_i28712;pick item
pick_i19100;pick item
ship_o1685;ship order
pick_i31554;pick item
ship_o2233;ship order
pick_i37485;pick item
pick_i36777;pick item
ship_o2458;ship order
pick_i30201;pick item
pick_i35558;pick item
pick_i33724;pick item
ship_o2316;ship order
pick_i31237;pick item
pick_i28601;pick item
ship_o2221;ship order
pick_i33231;pick item
ship_o2119;ship order
pick_i36819;pick item
ship_o2432;ship order
pick_i26140;pick item
pick_i35807;pick item
pick_i38584;pick item
pick_i34230;pick item
ship_o2497;ship order
pick_i17792;pick item
ship_o2334;ship order
pick_i37100;pick item
ship_o1615;ship order
pick_i29391;pick item
pick_i19300;pick item
ship_o1695;ship order
pick_i29854;pick item
pick_i32217;pick item
ship_o2167;ship order
pick_i32637;pick item
ship_o2260;ship order
ship_o2275;ship order
pick_i22072;pick item
pick_i35226;pick item
ship_o1832;ship order
ship_o2373;ship order
pick_i38398;pick item
ship_o2490;ship order
pick_i38553;pick item
pick_i17604;pick item
ship_o1606;ship order
pick_i38050;pick item
ship_o2478;ship order
pick_i21106;pick item
ship_o1785;ship order
pick_i38533;pick item
pick_i29543;pick item
pick_i32598;pick item
pick_i34747;pick item
ship_o2354;ship order
pick_i18742;pick item
ship_o1666;ship order
pick_i29091;pick item
ship_o2137;ship order
pick_i20744;pick item
ship_o1766;ship order
pick_i33406;pick item
pick_i37160;pick item
pick_i33074;pick item
pick_i29532;pick item
pick_i31394;pick item
pick_i29888;pick item
ship_o2168;ship order
pick_i24344;pick item
pick_i38557;pick item
ship_o1937;ship order
pick_i17324;pick item
pick_i22901;pick item
ship_o1592;ship order
pick_i27869;pick item
ship_o1870;ship order
ship_o2090;ship order
pick_i25925;pick item
pick_i24604;pick item
pick_i26983;pick item
ship_o2054;ship order
pick_i25279;pick item
pick_i20809;pick item
ship_o1980;ship order
pick_i38532;pick item
ship_o1769;ship order
pick_i35967;pick item
pick_i36931;pick item
ship_o2402;ship order
pick_i30004;pick item
pick_i33085;pick item
pick_i36739;pick item
pick_i24991;pick item
pick_i38232;pick item
ship_o1967;ship order
ship_o2484;ship order
pick_i30761;pick item
ship_o2201;ship order
pick_i28148;pick item
pick_i21445;pick item
ship_o2100;ship order
pick_i23480;pick item
pick_i33506;pick item
pick_i38535;pick item
ship_o2495;ship order
pick_i35519;pick item
pick_i23468;pick item
pick_i26428;pick item
ship_o1895;ship order
pick_i28324;pick item
pick_i32522;pick item
pick_i31530;pick item
pick_i36656;pick item
ship_o2232;ship order
pick_i37228;pick item
pick_i26355;pick item
ship_o2447;ship order
pick_i23921;pick item
ship_o2027;ship order
ship_o1917;ship order
pick_i28465;pick item
pick_i33513;pick item
ship_o2309;ship order
pick_i22573;pick item
pick_i31303;pick item
pick_i17034;pick item
pick_i21438;pick item
ship_o1577;ship order
pick_i33664;pick item
ship_o2315;ship order
pick_i37098;pick item
pick_i29507;pick item
pick_i13855;pick item
pick_i31731;pick item
pick_i20476;pick item
pick_i34996;pick item
ship_o1752;ship order
pick_i21027;pick item
ship_o2364;ship order
ship_o1780;ship order
pick_i37539;pick item
pick_i38145;pick item
pick_i30498;pick item
ship_o2481;ship order
pick_i36405;pick item
ship_o2192;ship order
ship_o2417;ship order
pick_i33144;pick item
pick_i31936;pick item
pick_i28309;pick item
ship_o2249;ship order
ship_o2107;ship order
pick_i38565;pick item
pick_i36713;pick item
pick_i38631;pick item
pick_i34654;pick item
pick_i37524;pick item
pick_i28648;pick item
pick_i27433;pick item
ship_o2121;ship order
ship_o2072;ship order
pick_i32499;pick item
ship_o2270;ship order
pick_i26928;pick item
pick_i37413;pick item
ship_o2052;ship order
ship_o2455;ship order
pick_i32365;pick item
pick_i31714;pick item
ship_o2266;ship order
pick_i19694;pick item
pick_i30901;pick item
ship_o1715;ship order
pick_i21747;pick item
ship_o2207;ship order
pick_i28544;pick item
ship_o1817;ship order
pick_i36851;pick item
pick_i37943;pick item
ship_o2433;ship order
pick_i24573;pick item
pick_i23624;pick item
ship_o1947;ship order
pick_i38184;pick item
ship_o1902;ship order
pick_i37540;pick item
pick_i37265;pick item
ship_o2459;ship order
pick_i36276;pick item
ship_o2449;ship order
ship_o2412;ship order
pick_i26279;pick item
pick_i34120;pick item
pick_i24961;pick item
ship_o1965;ship order
pick_i24854;pick item
pick_i36192;pick item
pick_i35561;pick item
ship_o2410;ship order
ship_o2387;ship order
pick_i28779;pick item
pick_i32930;pick item
ship_o2126;ship order
pick_i32813;pick item
pick_i30102;pick item
ship_o2282;ship order
pick_i35990;pick item
ship_o2177;ship order
pick_i37095;pick item
pick_i35543;pick item
ship_o2442;ship order
pick_i18637;pick item
pick_i19164;pick item
ship_o1661;ship order
ship_o1688;ship order
pick_i38451;pick item
pick_i33283;pick item
ship_o2492;ship order
pick_i19962;pick item
pick_i34106;pick item
ship_o1728;ship order
ship_o2330;ship order
pick_i35135;pick item
pick_i31383;pick item
ship_o2370;ship order
pick_i36475;pick item
pick_i35983;pick item
pick_i17807;pick item
ship_o2403;ship order
ship_o1616;ship order
pick_i28158;pick item
pick_i24855;pick item
ship_o2101;ship order
ship_o1960;ship order
pick_i36727;pick item
ship_o2428;ship order
pick_i20216;pick item
pick_i38471;pick item
ship_o1740;ship order
ship_o2493;ship order
pick_i27916;pick item
ship_o2091;ship order
pick_i27614;pick item
pick_i38108;pick item
pick_i29978;pick item
ship_o2480;ship order
ship_o2172;ship order
pick_i27409;pick item
pick_i24010;pick item
pick_i31329;pick item
ship_o1921;ship order
pick_i34620;pick item
pick_i32457;pick item
ship_o2269;ship order
pick_i21528;pick item
ship_o1808;ship order
pick_i19143;pick item
pick_i38626;pick item
pick_i36364;pick item
pick_i25880;pick item
pick_i28525;pick item
pick_i26855;pick item
pick_i21429;pick item
ship_o1802;ship order
pick_i35813;pick item
pick_i37378;pick item
pick_i37086;pick item
pick_i32033;pick item
ship_o2252;ship order
pick_i30080;pick item
pick_i32572;pick item
ship_o2176;ship order
ship_o2273;ship order
pick_i29644;pick item
pick_i21304;pick item
ship_o2159;ship order
pick_i24743;pick item
ship_o1795;ship order
pick_i36010;pick item
ship_o1955;ship order
pick_i22096;pick item
ship_o2404;ship order
pick_i26606;pick item
ship_o1833;ship order
ship_o2037;ship order
pick_i27060;pick item
ship_o2056;ship order
pick_i19807;pick item
pick_i34044;pick item
ship_o1721;ship order
pick_i15826;pick item
ship_o2328;ship order
ship_o1510;ship order
pick_i19784;pick item
pick_i25515;pick item
ship_o1720;ship order
ship_o1990;ship order
pick_i32266;pick item
pick_i30586;pick item
ship_o2262;ship order
pick_i30608;pick item
pick_i38353;pick item
ship_o2488;ship order
pick_i31629;pick item
ship_o2236;ship order
pick_i33244;pick item
pick_i36362;pick item
ship_o2415;ship order
pick_i32420;pick item
pick_i36150;pick item
ship_o2408;ship order
pick_i34379;pick item
pick_i28397;pick item
ship_o2339;ship order
pick_i29534;pick item
ship_o2155;ship order
pick_i35547;pick item
pick_i24600;pick item
ship_o2386;ship order
ship_o1948;ship order
pick_i34492;pick item
pick_i29167;pick item
ship_o2343;ship order
ship_o2140;ship order
pick_i16394;pick item
ship_o1540;ship order
pick_i29378;pick item
pick_i32770;pick item
pick_i28447;pick item
ship_o2113;ship order
pick_i31084;pick item
ship_o2215;ship order
pick_i23349;pick item
ship_o1890;ship order
pick_i17990;pick item
pick_i25655;pick item
ship_o1626;ship order
ship_o1996;ship order
pick_i32751;pick item
ship_o2280;ship order
pick_i27018;pick item
pick_i33792;pick item
pick_i34659;pick item
pick_i36539;pick item
ship_o2351;ship order
pick_i32945;pick item
ship_o2422;ship order
pick_i38658;pick item
ship_o2287;ship order
pick_i26683;pick item
pick_i13869;pick item
pick_i33232;pick item
ship_o1396;ship order
pick_i31300;pick item
ship_o2299;ship order
ship_o2223;ship order
pick_i20703;pick item
pick_i32859;pick item
ship_o1764;ship order
pick_i35108;pick item
ship_o2284;ship order
pick_i38063;pick item
ship_o2369;ship order
pick_i32878;pick item
ship_o2285;ship order
pick_i15066;pick item
ship_o1469;ship order
pick_i15439;pick item
pick_i25053;pick item
ship_o1490;ship order
ship_o1970;ship order
pick_i37649;pick item
pick_i30858;pick item
ship_o2463;ship order
pick_i38000;pick item
pick_i33779;pick item
ship_o2476;ship order
pick_i34145;pick item
ship_o2318;ship order
pick_i31310;pick item
pick_i31053;pick item
pick_i37399;pick item
ship_o2213;ship order
pick_i22693;pick item
ship_o2454;ship order
pick_i30151;pick item
ship_o1860;ship order
pick_i38605;pick item
ship_o2179;ship order
pick_i18300;pick item
ship_o1643;ship order
pick_i28520;pick item
pick_i37130;pick item
ship_o2116;ship order
pick_i34153;pick item
pick_i36644;pick item
pick_i32417;pick item
pick_i34566;pick item
pick_i34547;pick item
pick_i33249;pick item
ship_o2346;ship order
pick_i25872;pick item
ship_o2300;ship order
pick_i35412;pick item
ship_o2006;ship order
pick_i19579;pick item
pick_i36975;pick item
ship_o1709;ship order
ship_o2437;ship order
pick_i36675;pick item
pick_i36092;pick item
ship_o2426;ship order
ship_o2406;ship order
pick_i33491;pick item
pick_i26317;pick item
ship_o2025;ship order
pick_i29236;pick item
pick_i38646;pick item
ship_o2143;ship order
ship_o2499;ship order
pick_i24395;pick item
ship_o1939;ship order
pick_i36561;pick item
ship_o2423;ship order
pick_i30129;pick item
ship_o2178;ship order
pick_i38677;pick item
pick_i37581;pick item
ship_o2500;ship order
pick_i19575;pick item
ship_o2461;ship order
ship_o1708;ship order
pick_i17190;pick item
ship_o1585;ship order
pick_i31332;pick item
pick_i32114;pick item
ship_o2224;ship order
ship_o2255;ship order
pick_i17249;pick item
pick_i37657;pick item
ship_o1588;ship order
pick_i29413;pick item
ship_o2464;ship order
ship_o2149;ship order
pick_i33436;pick item
ship_o2306;ship order
pick_i35316;pick item
pick_i35513;pick item
ship_o2385;ship order
pick_i18631;pick item
ship_o1660;ship order
pick_i27263;pick item
pick_i29319;pick item
ship_o2065;ship order
pick_i22119;pick item
pick_i23648;pick item
ship_o1834;ship order
ship_o1903;ship order
pick_i34630;pick item
ship_o2349;ship order
pick_i14425;pick item
ship_o1430;ship order
pick_i29512;pick item
pick_i35832;pick item
pick_i26446;pick item
ship_o2030;ship order
pick_i31176;pick item
pick_i38625;pick item
ship_o2498;ship order
pick_i35330;pick item
pick_i36490;pick item
ship_o2378;ship order
pick_i33401;pick item
pick_i32649;pick item
pick_i25913;pick item
pick_i36962;pick item
pick_i23942;pick item
ship_o1918;ship order
pick_i37793;pick item
ship_o2469;ship order
pick_i14294;pick item
pick_i26460;pick item
pick_i25209;pick item
ship_o2031;ship order
pick_i35449;pick item
ship_o1976;ship order
ship_o2383;ship order
pick_i36740;pick item
pick_i29337;pick item
ship_o2429;ship order
pick_i33027;pick item
ship_o2291;ship order
pick_i27800;pick item
pick_i32422;pick item
ship_o2087;ship order
ship_o2268;ship order
pick_i33801;pick item
ship_o2319;ship order
pick_i33181;pick item
ship_o2297;ship order
pick_i21191;pick item
ship_o1789;ship order
pick_i20953;pick item
ship_o1776;ship order
pick_i35779;pick item
ship_o2396;ship order
pick_i35828;pick item
pick_i37920;pick item
ship_o2397;ship order
pick_i24409;pick item
ship_o2474;ship order
ship_o1940;ship order
pick_i30881;pick item
pick_i35614;pick item
pick_i30844;pick item
ship_o2389;ship order
pick_i25911;pick item
ship_o2205;ship order
ship_o2007;ship order
pick_i31907;pick item
pick_i37119;pick item
pick_i38269;pick item
pick_i24806;pick item
ship_o2485;ship order
pick_i37754;pick item
ship_o1958;ship order
ship_o2468;ship order
pick_i34508;pick item
ship_o2344;ship order
pick_i33874;pick item
ship_o2322;ship order
pick_i30675;pick item
pick_i34139;pick item
pick_i24612;pick item
pick_i30767;pick item
ship_o1949;ship order
ship_o2202;ship order
pick_i26648;pick item
pick_i25332;pick item
ship_o2039;ship order
pick_i31374;pick item
ship_o1982;ship order
pick_i27282;pick item
ship_o2226;ship order
pick_i27617;pick item
pick_i33055;pick item
ship_o2080;ship order
ship_o2292;ship order
pick_i22767;pick item
pick_i21422;pick item
ship_o1864;ship order
pick_i18726;pick item
ship_o1801;ship order
ship_o1665;ship order
pick_i30598;pick item
ship_o2196;ship order
pick_i28709;pick item
ship_o2123;ship order
pick_i34949;pick item
pick_i33092;pick item
ship_o2362;ship order
pick_i29827;pick item
ship_o2166;ship order
pick_i20356;pick item
ship_o1746;ship order
pick_i32532;pick item
pick_i32644;pick item
pick_i36778;pick item
pick_i27014;pick item
pick_i28536;pick item
ship_o2055;ship order
pick_i33615;pick item
ship_o2117;ship order
pick_i21520;pick item
ship_o2313;ship order
ship_o1807;ship order
pick_i27700;pick item
pick_i27419;pick item
ship_o2084;ship order
ship_o2071;ship order
pick_i27274;pick item
pick_i35052;pick item
pick_i28637;pick item
pick_i31881;pick item
ship_o2120;ship order
ship_o2247;ship order
pick_i37320;pick item
pick_i37117;pick item
ship_o2443;ship order
pick_i33482;pick item
pick_i28398;pick item
pick_i25792;pick item
ship_o2111;ship order
ship_o2002;ship order
pick_i19354;pick item
pick_i31876;pick item
ship_o1699;ship order
ship_o2246;ship order
pick_i37908;pick item
pick_i35442;pick item
pick_i35497;pick item
ship_o2382;ship order
pick_i25762;pick item
ship_o2384;ship order
ship_o2001;ship order
pick_i37906;pick item
pick_i13128;pick item
ship_o2473;ship order
pick_i32550;pick item
ship_o1352;ship order
ship_o2272;ship order
pick_i31794;pick item
pick_i36422;pick item
pick_i32990;pick item
pick_i23540;pick item
ship_o1899;ship order
pick_i29994;pick item
pick_i37180;pick item
ship_o2173;ship order
pick_i38077;pick item
pick_i28802;pick item
ship_o2479;ship order
pick_i14295;pick item
pick_i34256;pick item
ship_o1421;ship order
pick_i28949;pick item
ship_o2132;ship order
pick_i25944;pick item
ship_o2009;ship order
pick_i32138;pick item
pick_i16905;pick item
pick_i25567;pick item
ship_o1570;ship order
ship_o1992;ship order
pick_i33336;pick item
pick_i27267;pick item
pick_i31814;pick item
ship_o2066;ship order
pick_i34432;pick item
ship_o2243;ship order
pick_i22528;pick item
ship_o1852;ship order
pick_i36445;pick item
pick_i33399;pick item
ship_o2418;ship order
pick_i32124;pick item
ship_o2305;ship order
ship_o2256;ship order
pick_i31825;pick item
ship_o2244;ship order
pick_i26678;pick item
ship_o2040;ship order
pick_i28798;pick item
pick_i22967;pick item
ship_o1873;ship order
pick_i32711;pick item
pick_i36228;pick item
ship_o2278;ship order
ship_o2411;ship order
pick_i23487;pick item
ship_o1896;ship order
pick_i34196;pick item
pick_i24303;pick item
ship_o2333;ship order
ship_o1935;ship order
pick_i28879;pick item
pick_i32163;pick item
ship_o2130;ship order
ship_o2257;ship order
pick_i27181;pick item
pick_i34801;pick item
ship_o2061;ship order
pick_i30938;pick item
ship_o2357;ship order
ship_o2209;ship order
pick_i33278;pick item
pick_i15206;pick item
ship_o2301;ship order
ship_o1477;ship order
pick_i33494;pick item
pick_i32518;pick item
ship_o2308;ship order
pick_i34428;pick item
ship_o2271;ship order
ship_o2341;ship order
pick_i36964;pick item
ship_o2436;ship order
pick_i18996;pick item
ship_o1680;ship order
pick_i25687;pick item
pick_i32982;pick item
ship_o1997;ship order
ship_o2289;ship order
pick_i36803;pick item
ship_o2431;ship order
pick_i30708;pick item
ship_o2200;ship order
pick_i19664;pick item
pick_i33077;pick item
ship_o1713;ship order
pick_i30208;pick item
ship_o2181;ship order
pick_i38507;pick item
pick_i16795;pick item
ship_o2494;ship order
pick_i26084;pick item
ship_o1564;ship order
pick_i22571;pick item
ship_o2014;ship order
pick_i34250;pick item
ship_o1855;ship order
ship_o2335;ship order
pick_i28793;pick item
pick_i19140;pick item
ship_o2127;ship order
ship_o1687;ship order
pick_i37958;pick item
pick_i33149;pick item
ship_o2475;ship order
pick_i36781;pick item
ship_o2295;ship order
pick_i23036;pick item
ship_o2430;ship order
pick_i35049;pick item
ship_o1876;ship order
pick_i32007;pick item
pick_i38574;pick item
ship_o2251;ship order
ship_o2496;ship order
pick_i29385;pick item
ship_o2148;ship order
pick_i34915;pick item
pick_i32398;pick item
ship_o2361;ship order
ship_o2267;ship order
pick_i24069;pick item
pick_i35067;pick item
ship_o1924;ship order
ship_o2367;ship order
pick_i25017;pick item
ship_o1969;ship order
pick_i35667;pick item
ship_o2391;ship order
pick_i27148;pick item
ship_o2060;ship order
pick_i37373;pick item
ship_o2453;ship order
pick_i29433;pick item
pick_i22054;pick item
ship_o2150;ship order
ship_o1831;ship order
pick_i19867;pick item
pick_i38169;pick item
ship_o1723;ship order
ship_o2482;ship order
pick_i16217;pick item
pick_i35015;pick item
ship_o1530;ship order
ship_o2365;ship order
pick_i31559;pick item
ship_o2234;ship order
pick_i26566;pick item
ship_o2035;ship order
pick_i24630;pick item
pick_i26858;pick item
ship_o1951;ship order
pick_i19240;pick item
ship_o2049;ship order
ship_o1692;ship order
pick_i25934;pick item
pick_i28977;pick item
ship_o2008;ship order
ship_o2133;ship order
pick_i37070;pick item
pick_i34136;pick item
ship_o2441;ship order
ship_o2331;ship order
pick_i32179;pick item
pick_i10737;pick item
ship_o2258;ship order
ship_o1206;ship order
pick_i26479;pick item
pick_i19746;pick item
ship_o2032;ship order
pick_i34649;pick item
ship_o1717;ship order
pick_i33082;pick item
ship_o2350;ship order
ship_o2293;ship order
pick_i31919;pick item
pick_i23066;pick item
ship_o2248;ship order
ship_o1877;ship order
pick_i18567;pick item
ship_o1658;ship order
pick_i29313;pick item
pick_i23508;pick item
ship_o2146;ship order
ship_o1897;ship order
pick_i36498;pick item
ship_o2420;ship order
pick_i12114;pick item
pick_i32656;pick item
ship_o1292;ship order
pick_i31400;pick item
ship_o2276;ship order
pick_i30355;pick item
ship_o2227;ship order
ship_o2186;ship order
pick_i16539;pick item
ship_o1549;ship order
pick_i32306;pick item
ship_o2264;ship order
pick_i33344;pick item
ship_o2303;ship order
pick_i31191;pick item
ship_o2219;ship order
pick_i27342;pick item
pick_i37878;pick item
ship_o2068;ship order
pick_i30669;pick item
ship_o2472;ship order
ship_o2199;ship order
pick_i30923;pick item
pick_i34729;pick item
ship_o2208;ship order
ship_o2353;ship order
pick_i26261;pick item
pick_i31497;pick item
ship_o2023;ship order
ship_o2231;ship order
pick_i13162;pick item
ship_o1354;ship order
pick_i29504;pick item
pick_i22437;pick item
ship_o2153;ship order
pick_i30864;pick item
ship_o1848;ship order
ship_o2206;ship order
pick_i13395;pick item
ship_o1368;ship order
pick_i31723;pick item
ship_o2240;ship order
pick_i27569;pick item
ship_o2078;ship order
pick_i36930;pick item
ship_o2435;ship order
pick_i26128;pick item
ship_o2017;ship order
pick_i35280;pick item
pick_i38427;pick item
ship_o2376;ship order
pick_i30806;pick item
ship_o2491;ship order
pick_i37187;pick item
ship_o2204;ship order
ship_o2446;ship order
pick_i22635;pick item
ship_o1858;ship order
pick_i37312;pick item
pick_i28102;pick item
ship_o2451;ship order
ship_o2098;ship order
pick_i37162;pick item
pick_i28074;pick item
ship_o2445;ship order
ship_o2097;ship order
