ocel_id;ocel_type
o1;orders
i1;items
i2;items
i3;items
o2;orders
i4;items
i5;items
i6;items
i7;items
o3;orders
i8;items
i9;items
i10;items
i11;items
i12;items
i13;items
o4;orders
i14;items
i15;items
o5;orders
i16;items
i17;items
i18;items
o6;orders
i19;items
i20;items
i21;items
o7;orders
i22;items
i23;items
i24;items
o8;orders
i25;items
i26;items
i27;items
o9;orders
i28;items
i29;items
o10;orders
i30;items
i31;items
i32;items
o11;orders
i33;items
i34;items
o12;orders
i35;items
i36;items
o13;orders
i37;items
i38;items
o14;orders
i39;items
i40;items
o15;orders
i41;items
i42;items
i43;items
o16;orders
i44;items
i45;items
i46;items
i47;items
o17;orders
i48;items
o18;orders
i49;items
i50;items
o19;orders
i51;items
i52;items
o20;orders
i53;items
i54;items
i55;items
o21;orders
i56;items
i57;items
o22;orders
i58;items
i59;items
i60;items
i61;items
o23;orders
i62;items
i63;items
i64;items
o24;orders
i65;items
i66;items
i67;items
o25;orders
i68;items
i69;items
i70;items
i71;items
o26;orders
i72;items
i73;items
i74;items
i75;items
o27;orders
i76;items
i77;items
i78;items
i79;items
o28;orders
i80;items
i81;items
i82;items
i83;items
i84;items
o29;orders
i85;items
i86;items
i87;items
i88;items
i89;items
o30;orders
i90;items
i91;items
o31;orders
i92;items
i93;items
i94;items
i95;items
o32;orders
i96;items
i97;items
i98;items
o33;orders
i99;items
i100;items
i101;items
i102;items
i103;items
o34;orders
i104;items
o35;orders
i105;items
i106;items
i107;items
o36;orders
i108;items
i109;items
i110;items
i111;items
i112;items
o37;orders
i113;items
o38;orders
i114;items
o39;orders
i115;items
i116;items
i117;items
i118;items
i119;items
o40;orders
i120;items
i121;items
o41;orders
i122;items
i123;items
i124;items
o42;orders
i125;items
i126;items
i127;items
o43;orders
i128;items
i129;items
i130;items
o44;orders
i131;items
i132;items
i133;items
i134;items
o45;orders
i135;items
i136;items
o46;orders
i137;items
i138;items
i139;items
i140;items
o47;orders
i141;items
i142;items
i143;items
o48;orders
i144;items
i145;items
i146;items
i147;items
o49;orders
i148;items
o50;orders
i149;items
i150;items
i151;items
o51;orders
i152;items
o52;orders
i153;items
i154;items
i155;items
o53;orders
i156;items
i157;items
i158;items
i159;items
i160;items
i161;items
o54;orders
i162;items
i163;items
o55;orders
i164;items
i165;items
i166;items
i167;items
o56;orders
i168;items
i169;items
i170;items
o57;orders
i171;items
i172;items
i173;items
i174;items
i175;items
i176;items
i177;items
o58;orders
i178;items
i179;items
o59;orders
i180;items
i181;items
i182;items
o60;orders
i183;items
i184;items
i185;items
i186;items
o61;orders
i187;items
i188;items
i189;items
o62;orders
i190;items
i191;items
i192;items
o63;orders
i193;items
i194;items
i195;items
o64;orders
i196;items
i197;items
o65;orders
i198;items
i199;items
o66;orders
i200;items
i201;items
i202;items
i203;items
i204;items
i205;items
o67;orders
i206;items
i207;items
i208;items
i209;items
o68;orders
i210;items
i211;items
o69;orders
i212;items
i213;items
i214;items
i215;items
o70;orders
i216;items
i217;items
i218;items
i219;items
o71;orders
i220;items
i221;items
i222;items
i223;items
i224;items
o72;orders
i225;items
i226;items
i227;items
i228;items
o73;orders
i229;items
i230;items
o74;orders
i231;items
i232;items
i233;items
i234;items
i235;items
o75;orders
i236;items
i237;items
i238;items
i239;items
o76;orders
i240;items
i241;items
i242;items
i243;items
i244;items
o77;orders
i245;items
i246;items
i247;items
o78;orders
i248;items
i249;items
i250;items
i251;items
i252;items
o79;orders
i253;items
i254;items
i255;items
i256;items
o80;orders
i257;items
i258;items
i259;items
o81;orders
i260;items
i261;items
o82;orders
i262;items
i263;items
o83;orders
i264;items
i265;items
o84;orders
i266;items
i267;items
i268;items
i269;items
i270;items
o85;orders
i271;items
i272;items
i273;items
o86;orders
i274;items
i275;items
i276;items
i277;items
i278;items
o87;orders
i279;items
i280;items
o88;orders
i281;items
i282;items
i283;items
i284;items
i285;items
o89;orders
i286;items
i287;items
i288;items
i289;items
o90;orders
i290;items
i291;items
i292;items
i293;items
o91;orders
i294;items
i295;items
o92;orders
i296;items
i297;items
i298;items
i299;items
o93;orders
i300;items
o94;orders
i301;items
i302;items
i303;items
i304;items
o95;orders
i305;items
i306;items
i307;items
i308;items
i309;items
i310;items
o96;orders
i311;items
i312;items
i313;items
i314;items
i315;items
o97;orders
i316;items
i317;items
i318;items
i319;items
i320;items
i321;items
o98;orders
i322;items
i323;items
i324;items
o99;orders
i325;items
i326;items
i327;items
i328;items
i329;items
i330;items
o100;orders
i331;items
i332;items
o101;orders
i333;items
i334;items
o102;orders
i335;items
i336;items
i337;items
i338;items
o103;orders
i339;items
i340;items
i341;items
i342;items
o104;orders
i343;items
i344;items
i345;items
i346;items
i347;items
i348;items
o105;orders
i349;items
i350;items
i351;items
o106;orders
i352;items
i353;items
o107;orders
i354;items
i355;items
o108;orders
i356;items
i357;items
i358;items
i359;items
i360;items
o109;orders
i361;items
i362;items
i363;items
i364;items
i365;items
i366;items
i367;items
o110;orders
i368;items
i369;items
i370;items
i371;items
o111;orders
i372;items
i373;items
i374;items
i375;items
i376;items
o112;orders
i377;items
i378;items
i379;items
i380;items
o113;orders
i381;items
i382;items
i383;items
i384;items
i385;items
i386;items
o114;orders
i387;items
i388;items
i389;items
i390;items
i391;items
o115;orders
i392;items
i393;items
i394;items
o116;orders
i395;items
i396;items
i397;items
i398;items
i399;items
i400;items
i401;items
o117;orders
i402;items
i403;items
i404;items
i405;items
o118;orders
i406;items
i407;items
i408;items
i409;items
i410;items
i411;items
o119;orders
i412;items
i413;items
i414;items
i415;items
i416;items
i417;items
o120;orders
i418;items
i419;items
i420;items
i421;items
o121;orders
i422;items
i423;items
i424;items
i425;items
i426;items
o122;orders
i427;items
i428;items
i429;items
o123;orders
i430;items
i431;items
i432;items
i433;items
i434;items
o124;orders
i435;items
i436;items
o125;orders
i437;items
i438;items
i439;items
i440;items
o126;orders
i441;items
i442;items
i443;items
o127;orders
i444;items
i445;items
o128;orders
i446;items
i447;items
i448;items
i449;items
o129;orders
i450;items
i451;items
i452;items
o130;orders
i453;items
i454;items
i455;items
i456;items
o131;orders
i457;items
i458;items
i459;items
o132;orders
i460;items
i461;items
i462;items
o133;orders
i463;items
i464;items
i465;items
i466;items
i467;items
i468;items
o134;orders
i469;items
i470;items
i471;items
i472;items
o135;orders
i473;items
i474;items
i475;items
o136;orders
i476;items
i477;items
i478;items
i479;items
i480;items
i481;items
o137;orders
i482;items
i483;items
i484;items
o138;orders
i485;items
i486;items
i487;items
i488;items
i489;items
o139;orders
i490;items
i491;items
i492;items
i493;items
i494;items
i495;items
i496;items
o140;orders
i497;items
i498;items
i499;items
o141;orders
i500;items
i501;items
i502;items
i503;items
o142;orders
i504;items
i505;items
o143;orders
i506;items
i507;items
i508;items
i509;items
i510;items
i511;items
i512;items
i513;items
o144;orders
i514;items
i515;items
i516;items
i517;items
o145;orders
i518;items
i519;items
o146;orders
i520;items
i521;items
i522;items
o147;orders
i523;items
i524;items
i525;items
i526;items
o148;orders
i527;items
i528;items
i529;items
i530;items
o149;orders
i531;items
i532;items
o150;orders
i533;items
i534;items
o151;orders
i535;items
i536;items
i537;items
o152;orders
i538;items
i539;items
o153;orders
i540;items
i541;items
i542;items
i543;items
i544;items
i545;items
i546;items
i547;items
o154;orders
i548;items
i549;items
i550;items
i551;items
i552;items
o155;orders
i553;items
i554;items
i555;items
i556;items
i557;items
i558;items
i559;items
i560;items
i561;items
i562;items
o156;orders
i563;items
i564;items
i565;items
i566;items
i567;items
i568;items
i569;items
o157;orders
i570;items
i571;items
i572;items
o158;orders
i573;items
i574;items
o159;orders
i575;items
i576;items
i577;items
i578;items
i579;items
i580;items
i581;items
i582;items
o160;orders
i583;items
i584;items
o161;orders
i585;items
i586;items
o162;orders
i587;items
i588;items
i589;items
i590;items
i591;items
o163;orders
i592;items
i593;items
i594;items
i595;items
o164;orders
i596;items
i597;items
i598;items
o165;orders
i599;items
i600;items
i601;items
i602;items
i603;items
o166;orders
i604;items
i605;items
i606;items
o167;orders
i607;items
i608;items
i609;items
i610;items
i611;items
i612;items
i613;items
i614;items
o168;orders
i615;items
i616;items
i617;items
i618;items
o169;orders
i619;items
i620;items
i621;items
i622;items
o170;orders
i623;items
i624;items
i625;items
i626;items
i627;items
o171;orders
i628;items
i629;items
o172;orders
i630;items
i631;items
i632;items
i633;items
i634;items
o173;orders
i635;items
i636;items
i637;items
i638;items
i639;items
o174;orders
i640;items
i641;items
i642;items
i643;items
i644;items
i645;items
i646;items
i647;items
i648;items
o175;orders
i649;items
i650;items
i651;items
i652;items
o176;orders
i653;items
i654;items
i655;items
i656;items
i657;items
i658;items
i659;items
o177;orders
i660;items
i661;items
i662;items
i663;items
i664;items
o178;orders
i665;items
i666;items
i667;items
i668;items
i669;items
i670;items
o179;orders
i671;items
i672;items
o180;orders
i673;items
i674;items
i675;items
i676;items
i677;items
o181;orders
i678;items
i679;items
i680;items
i681;items
i682;items
i683;items
o182;orders
i684;items
i685;items
i686;items
i687;items
o183;orders
i688;items
i689;items
i690;items
i691;items
o184;orders
i692;items
i693;items
i694;items
i695;items
i696;items
o185;orders
i697;items
i698;items
i699;items
i700;items
i701;items
o186;orders
i702;items
i703;items
i704;items
i705;items
i706;items
i707;items
o187;orders
i708;items
i709;items
i710;items
o188;orders
i711;items
i712;items
i713;items
i714;items
o189;orders
i715;items
i716;items
i717;items
i718;items
o190;orders
i719;items
i720;items
i721;items
i722;items
o191;orders
i723;items
i724;items
o192;orders
i725;items
i726;items
i727;items
o193;orders
i728;items
i729;items
i730;items
i731;items
o194;orders
i732;items
i733;items
i734;items
i735;items
i736;items
o195;orders
i737;items
i738;items
i739;items
i740;items
i741;items
i742;items
o196;orders
i743;items
i744;items
i745;items
i746;items
i747;items
i748;items
i749;items
i750;items
i751;items
o197;orders
i752;items
o198;orders
i753;items
i754;items
i755;items
i756;items
i757;items
i758;items
o199;orders
i759;items
i760;items
i761;items
o200;orders
i762;items
i763;items
i764;items
o201;orders
i765;items
i766;items
o202;orders
i767;items
i768;items
o203;orders
i769;items
i770;items
i771;items
i772;items
o204;orders
i773;items
i774;items
i775;items
i776;items
o205;orders
i777;items
i778;items
i779;items
i780;items
i781;items
i782;items
o206;orders
i783;items
i784;items
i785;items
o207;orders
i786;items
i787;items
i788;items
i789;items
o208;orders
i790;items
i791;items
i792;items
o209;orders
i793;items
i794;items
i795;items
i796;items
o210;orders
i797;items
i798;items
i799;items
o211;orders
i800;items
i801;items
i802;items
i803;items
i804;items
i805;items
i806;items
i807;items
o212;orders
i808;items
i809;items
i810;items
i811;items
i812;items
o213;orders
i813;items
i814;items
i815;items
i816;items
i817;items
i818;items
o214;orders
i819;items
i820;items
i821;items
i822;items
i823;items
i824;items
i825;items
i826;items
i827;items
o215;orders
i828;items
i829;items
i830;items
i831;items
i832;items
i833;items
o216;orders
i834;items
i835;items
i836;items
i837;items
i838;items
i839;items
i840;items
i841;items
i842;items
o217;orders
i843;items
i844;items
i845;items
i846;items
i847;items
i848;items
o218;orders
i849;items
i850;items
i851;items
o219;orders
i852;items
i853;items
i854;items
i855;items
i856;items
i857;items
i858;items
i859;items
o220;orders
i860;items
i861;items
i862;items
i863;items
i864;items
i865;items
i866;items
o221;orders
i867;items
i868;items
i869;items
i870;items
i871;items
i872;items
i873;items
o222;orders
i874;items
i875;items
i876;items
i877;items
i878;items
o223;orders
i879;items
i880;items
i881;items
i882;items
i883;items
o224;orders
i884;items
i885;items
i886;items
o225;orders
i887;items
i888;items
i889;items
i890;items
i891;items
i892;items
i893;items
o226;orders
i894;items
i895;items
i896;items
i897;items
o227;orders
i898;items
i899;items
i900;items
i901;items
i902;items
o228;orders
i903;items
i904;items
i905;items
i906;items
i907;items
o229;orders
i908;items
i909;items
i910;items
i911;items
o230;orders
i912;items
i913;items
i914;items
i915;items
i916;items
i917;items
i918;items
i919;items
o231;orders
i920;items
i921;items
i922;items
i923;items
i924;items
i925;items
i926;items
o232;orders
i927;items
i928;items
i929;items
i930;items
o233;orders
i931;items
i932;items
i933;items
i934;items
i935;items
o234;orders
i936;items
o235;orders
i937;items
i938;items
i939;items
o236;orders
i940;items
i941;items
i942;items
i943;items
o237;orders
i944;items
i945;items
i946;items
i947;items
i948;items
o238;orders
i949;items
i950;items
i951;items
i952;items
i953;items
i954;items
i955;items
o239;orders
i956;items
i957;items
i958;items
i959;items
i960;items
i961;items
i962;items
o240;orders
i963;items
i964;items
i965;items
i966;items
i967;items
i968;items
o241;orders
i969;items
i970;items
i971;items
i972;items
i973;items
o242;orders
i974;items
i975;items
i976;items
i977;items
o243;orders
i978;items
i979;items
i980;items
i981;items
i982;items
o244;orders
i983;items
i984;items
i985;items
o245;orders
i986;items
i987;items
i988;items
i989;items
o246;orders
i990;items
i991;items
i992;items
i993;items
i994;items
i995;items
i996;items
o247;orders
i997;items
i998;items
i999;items
i1000;items
i1001;items
i1002;items
o248;orders
i1003;items
i1004;items
i1005;items
i1006;items
i1007;items
i1008;items
i1009;items
o249;orders
i1010;items
i1011;items
i1012;items
i1013;items
i1014;items
i1015;items
i1016;items
i1017;items
i1018;items
o250;orders
i1019;items
i1020;items
i1021;items
o251;orders
i1022;items
o252;orders
i1023;items
i1024;items
i1025;items
i1026;items
i1027;items
i1028;items
i1029;items
o253;orders
i1030;items
i1031;items
i1032;items
o254;orders
i1033;items
i1034;items
i1035;items
i1036;items
o255;orders
i1037;items
i1038;items
i1039;items
i1040;items
i1041;items
o256;orders
i1042;items
i1043;items
i1044;items
i1045;items
i1046;items
i1047;items
o257;orders
i1048;items
i1049;items
i1050;items
i1051;items
i1052;items
o258;orders
i1053;items
i1054;items
i1055;items
i1056;items
i1057;items
o259;orders
i1058;items
i1059;items
i1060;items
i1061;items
o260;orders
i1062;items
i1063;items
i1064;items
i1065;items
i1066;items
i1067;items
o261;orders
i1068;items
i1069;items
i1070;items
i1071;items
o262;orders
i1072;items
i1073;items
i1074;items
i1075;items
i1076;items
i1077;items
o263;orders
i1078;items
i1079;items
i1080;items
i1081;items
i1082;items
i1083;items
i1084;items
i1085;items
i1086;items
o264;orders
i1087;items
i1088;items
o265;orders
i1089;items
i1090;items
i1091;items
i1092;items
i1093;items
i1094;items
i1095;items
o266;orders
i1096;items
i1097;items
i1098;items
i1099;items
i1100;items
i1101;items
i1102;items
i1103;items
i1104;items
o267;orders
i1105;items
i1106;items
i1107;items
i1108;items
i1109;items
i1110;items
o268;orders
i1111;items
i1112;items
i1113;items
i1114;items
i1115;items
i1116;items
i1117;items
o269;orders
i1118;items
i1119;items
i1120;items
i1121;items
i1122;items
i1123;items
o270;orders
i1124;items
i1125;items
i1126;items
i1127;items
i1128;items
i1129;items
i1130;items
i1131;items
o271;orders
i1132;items
i1133;items
i1134;items
i1135;items
i1136;items
i1137;items
o272;orders
i1138;items
i1139;items
i1140;items
i1141;items
o273;orders
i1142;items
i1143;items
i1144;items
i1145;items
i1146;items
i1147;items
i1148;items
o274;orders
i1149;items
i1150;items
i1151;items
i1152;items
i1153;items
i1154;items
o275;orders
i1155;items
i1156;items
i1157;items
i1158;items
i1159;items
i1160;items
o276;orders
i1161;items
i1162;items
o277;orders
i1163;items
i1164;items
i1165;items
i1166;items
i1167;items
o278;orders
i1168;items
i1169;items
i1170;items
i1171;items
i1172;items
i1173;items
i1174;items
i1175;items
o279;orders
i1176;items
i1177;items
i1178;items
i1179;items
i1180;items
i1181;items
i1182;items
i1183;items
i1184;items
o280;orders
i1185;items
i1186;items
i1187;items
i1188;items
i1189;items
i1190;items
i1191;items
o281;orders
i1192;items
i1193;items
i1194;items
i1195;items
i1196;items
i1197;items
i1198;items
o282;orders
i1199;items
i1200;items
i1201;items
i1202;items
i1203;items
i1204;items
i1205;items
o283;orders
i1206;items
i1207;items
o284;orders
i1208;items
i1209;items
i1210;items
i1211;items
i1212;items
i1213;items
i1214;items
i1215;items
i1216;items
i1217;items
o285;orders
i1218;items
i1219;items
i1220;items
i1221;items
i1222;items
o286;orders
i1223;items
i1224;items
i1225;items
i1226;items
i1227;items
i1228;items
o287;orders
i1229;items
i1230;items
i1231;items
i1232;items
i1233;items
i1234;items
o288;orders
i1235;items
i1236;items
i1237;items
i1238;items
i1239;items
o289;orders
i1240;items
i1241;items
i1242;items
i1243;items
i1244;items
i1245;items
i1246;items
o290;orders
i1247;items
i1248;items
i1249;items
i1250;items
i1251;items
i1252;items
i1253;items
i1254;items
i1255;items
o291;orders
i1256;items
i1257;items
i1258;items
i1259;items
i1260;items
i1261;items
i1262;items
i1263;items
o292;orders
i1264;items
i1265;items
i1266;items
i1267;items
i1268;items
i1269;items
i1270;items
i1271;items
i1272;items
i1273;items
i1274;items
i1275;items
i1276;items
o293;orders
i1277;items
i1278;items
i1279;items
i1280;items
i1281;items
i1282;items
i1283;items
o294;orders
i1284;items
i1285;items
i1286;items
i1287;items
i1288;items
i1289;items
o295;orders
i1290;items
i1291;items
i1292;items
i1293;items
i1294;items
i1295;items
o296;orders
i1296;items
i1297;items
i1298;items
i1299;items
i1300;items
o297;orders
i1301;items
i1302;items
i1303;items
i1304;items
i1305;items
i1306;items
i1307;items
o298;orders
i1308;items
i1309;items
i1310;items
i1311;items
i1312;items
i1313;items
i1314;items
i1315;items
i1316;items
o299;orders
i1317;items
i1318;items
i1319;items
i1320;items
i1321;items
i1322;items
i1323;items
o300;orders
i1324;items
i1325;items
i1326;items
i1327;items
i1328;items
o301;orders
i1329;items
i1330;items
i1331;items
i1332;items
o302;orders
i1333;items
i1334;items
i1335;items
i1336;items
i1337;items
i1338;items
o303;orders
i1339;items
i1340;items
i1341;items
i1342;items
i1343;items
o304;orders
i1344;items
i1345;items
i1346;items
i1347;items
i1348;items
i1349;items
i1350;items
i1351;items
o305;orders
i1352;items
i1353;items
i1354;items
i1355;items
o306;orders
i1356;items
i1357;items
i1358;items
i1359;items
i1360;items
i1361;items
i1362;items
o307;orders
i1363;items
i1364;items
i1365;items
i1366;items
i1367;items
i1368;items
i1369;items
i1370;items
i1371;items
i1372;items
o308;orders
i1373;items
i1374;items
i1375;items
i1376;items
o309;orders
i1377;items
i1378;items
i1379;items
i1380;items
i1381;items
i1382;items
i1383;items
i1384;items
o310;orders
i1385;items
i1386;items
i1387;items
i1388;items
i1389;items
o311;orders
i1390;items
i1391;items
i1392;items
i1393;items
i1394;items
i1395;items
o312;orders
i1396;items
i1397;items
i1398;items
i1399;items
i1400;items
i1401;items
o313;orders
i1402;items
i1403;items
i1404;items
o314;orders
i1405;items
i1406;items
i1407;items
i1408;items
o315;orders
i1409;items
i1410;items
i1411;items
i1412;items
i1413;items
i1414;items
i1415;items
i1416;items
o316;orders
i1417;items
i1418;items
i1419;items
i1420;items
i1421;items
i1422;items
i1423;items
i1424;items
i1425;items
i1426;items
i1427;items
i1428;items
i1429;items
o317;orders
i1430;items
i1431;items
i1432;items
i1433;items
i1434;items
i1435;items
i1436;items
i1437;items
o318;orders
i1438;items
i1439;items
i1440;items
i1441;items
i1442;items
i1443;items
o319;orders
i1444;items
i1445;items
i1446;items
i1447;items
i1448;items
o320;orders
i1449;items
i1450;items
i1451;items
i1452;items
o321;orders
i1453;items
i1454;items
i1455;items
i1456;items
i1457;items
i1458;items
i1459;items
o322;orders
i1460;items
i1461;items
o323;orders
i1462;items
i1463;items
i1464;items
i1465;items
i1466;items
i1467;items
i1468;items
i1469;items
o324;orders
i1470;items
i1471;items
i1472;items
i1473;items
i1474;items
o325;orders
i1475;items
i1476;items
i1477;items
i1478;items
i1479;items
i1480;items
i1481;items
i1482;items
o326;orders
i1483;items
i1484;items
i1485;items
i1486;items
i1487;items
i1488;items
o327;orders
i1489;items
i1490;items
i1491;items
i1492;items
i1493;items
o328;orders
i1494;items
i1495;items
i1496;items
i1497;items
o329;orders
i1498;items
i1499;items
i1500;items
i1501;items
i1502;items
i1503;items
i1504;items
i1505;items
o330;orders
i1506;items
i1507;items
i1508;items
o331;orders
i1509;items
i1510;items
i1511;items
i1512;items
i1513;items
o332;orders
i1514;items
i1515;items
i1516;items
i1517;items
i1518;items
i1519;items
o333;orders
i1520;items
i1521;items
i1522;items
i1523;items
o334;orders
i1524;items
i1525;items
i1526;items
i1527;items
i1528;items
i1529;items
i1530;items
o335;orders
i1531;items
i1532;items
i1533;items
i1534;items
i1535;items
i1536;items
o336;orders
i1537;items
i1538;items
i1539;items
i1540;items
i1541;items
o337;orders
i1542;items
i1543;items
i1544;items
i1545;items
i1546;items
i1547;items
i1548;items
i1549;items
i1550;items
o338;orders
i1551;items
i1552;items
i1553;items
o339;orders
i1554;items
i1555;items
i1556;items
o340;orders
i1557;items
i1558;items
i1559;items
i1560;items
i1561;items
o341;orders
i1562;items
i1563;items
i1564;items
i1565;items
o342;orders
i1566;items
i1567;items
i1568;items
i1569;items
i1570;items
i1571;items
i1572;items
i1573;items
o343;orders
i1574;items
i1575;items
i1576;items
i1577;items
i1578;items
i1579;items
i1580;items
i1581;items
i1582;items
i1583;items
i1584;items
o344;orders
i1585;items
i1586;items
i1587;items
i1588;items
i1589;items
i1590;items
i1591;items
i1592;items
i1593;items
i1594;items
i1595;items
o345;orders
i1596;items
i1597;items
i1598;items
i1599;items
i1600;items
i1601;items
i1602;items
i1603;items
i1604;items
o346;orders
i1605;items
i1606;items
i1607;items
i1608;items
i1609;items
i1610;items
i1611;items
i1612;items
i1613;items
o347;orders
i1614;items
i1615;items
i1616;items
i1617;items
i1618;items
o348;orders
i1619;items
i1620;items
i1621;items
o349;orders
i1622;items
i1623;items
i1624;items
i1625;items
i1626;items
o350;orders
i1627;items
i1628;items
i1629;items
i1630;items
i1631;items
i1632;items
o351;orders
i1633;items
i1634;items
i1635;items
i1636;items
i1637;items
i1638;items
i1639;items
i1640;items
o352;orders
i1641;items
i1642;items
i1643;items
i1644;items
i1645;items
i1646;items
o353;orders
i1647;items
i1648;items
i1649;items
i1650;items
i1651;items
i1652;items
i1653;items
i1654;items
i1655;items
i1656;items
o354;orders
i1657;items
i1658;items
i1659;items
i1660;items
i1661;items
i1662;items
i1663;items
i1664;items
i1665;items
o355;orders
i1666;items
i1667;items
i1668;items
i1669;items
o356;orders
i1670;items
i1671;items
i1672;items
i1673;items
o357;orders
i1674;items
i1675;items
i1676;items
i1677;items
i1678;items
i1679;items
i1680;items
o358;orders
i1681;items
i1682;items
i1683;items
i1684;items
i1685;items
o359;orders
i1686;items
i1687;items
i1688;items
i1689;items
i1690;items
i1691;items
o360;orders
i1692;items
i1693;items
i1694;items
i1695;items
i1696;items
i1697;items
i1698;items
i1699;items
i1700;items
i1701;items
i1702;items
i1703;items
o361;orders
i1704;items
i1705;items
i1706;items
i1707;items
i1708;items
i1709;items
o362;orders
i1710;items
i1711;items
i1712;items
i1713;items
i1714;items
i1715;items
i1716;items
i1717;items
o363;orders
i1718;items
i1719;items
i1720;items
i1721;items
i1722;items
i1723;items
i1724;items
i1725;items
i1726;items
o364;orders
i1727;items
i1728;items
i1729;items
o365;orders
i1730;items
i1731;items
i1732;items
i1733;items
o366;orders
i1734;items
i1735;items
i1736;items
o367;orders
i1737;items
i1738;items
i1739;items
i1740;items
i1741;items
i1742;items
i1743;items
o368;orders
i1744;items
i1745;items
i1746;items
i1747;items
i1748;items
o369;orders
i1749;items
i1750;items
i1751;items
i1752;items
o370;orders
i1753;items
i1754;items
i1755;items
i1756;items
i1757;items
i1758;items
i1759;items
i1760;items
i1761;items
i1762;items
i1763;items
o371;orders
i1764;items
i1765;items
i1766;items
i1767;items
i1768;items
i1769;items
o372;orders
i1770;items
i1771;items
i1772;items
i1773;items
o373;orders
i1774;items
i1775;items
i1776;items
i1777;items
i1778;items
i1779;items
i1780;items
o374;orders
i1781;items
i1782;items
i1783;items
i1784;items
i1785;items
i1786;items
o375;orders
i1787;items
i1788;items
i1789;items
i1790;items
i1791;items
o376;orders
i1792;items
i1793;items
i1794;items
i1795;items
o377;orders
i1796;items
i1797;items
i1798;items
i1799;items
i1800;items
i1801;items
o378;orders
i1802;items
i1803;items
i1804;items
i1805;items
i1806;items
i1807;items
o379;orders
i1808;items
i1809;items
o380;orders
i1810;items
i1811;items
i1812;items
i1813;items
i1814;items
i1815;items
i1816;items
i1817;items
i1818;items
i1819;items
i1820;items
i1821;items
o381;orders
i1822;items
i1823;items
i1824;items
o382;orders
i1825;items
i1826;items
i1827;items
i1828;items
i1829;items
i1830;items
i1831;items
i1832;items
i1833;items
i1834;items
i1835;items
o383;orders
i1836;items
i1837;items
o384;orders
i1838;items
i1839;items
i1840;items
i1841;items
i1842;items
i1843;items
i1844;items
i1845;items
i1846;items
i1847;items
i1848;items
o385;orders
i1849;items
i1850;items
i1851;items
i1852;items
i1853;items
i1854;items
i1855;items
i1856;items
i1857;items
o386;orders
i1858;items
i1859;items
i1860;items
i1861;items
i1862;items
o387;orders
i1863;items
i1864;items
i1865;items
i1866;items
i1867;items
o388;orders
i1868;items
i1869;items
i1870;items
i1871;items
i1872;items
i1873;items
i1874;items
i1875;items
o389;orders
i1876;items
i1877;items
i1878;items
i1879;items
i1880;items
o390;orders
i1881;items
i1882;items
i1883;items
i1884;items
i1885;items
i1886;items
i1887;items
i1888;items
i1889;items
o391;orders
i1890;items
i1891;items
i1892;items
i1893;items
i1894;items
i1895;items
o392;orders
i1896;items
i1897;items
i1898;items
i1899;items
i1900;items
i1901;items
i1902;items
o393;orders
i1903;items
i1904;items
i1905;items
i1906;items
i1907;items
i1908;items
o394;orders
i1909;items
i1910;items
i1911;items
i1912;items
i1913;items
i1914;items
i1915;items
i1916;items
o395;orders
i1917;items
i1918;items
i1919;items
i1920;items
i1921;items
i1922;items
i1923;items
o396;orders
i1924;items
i1925;items
i1926;items
i1927;items
o397;orders
i1928;items
i1929;items
i1930;items
i1931;items
i1932;items
o398;orders
i1933;items
i1934;items
i1935;items
i1936;items
o399;orders
i1937;items
i1938;items
i1939;items
i1940;items
i1941;items
i1942;items
i1943;items
i1944;items
i1945;items
i1946;items
o400;orders
i1947;items
i1948;items
i1949;items
i1950;items
i1951;items
o401;orders
i1952;items
i1953;items
i1954;items
i1955;items
i1956;items
o402;orders
i1957;items
i1958;items
i1959;items
i1960;items
o403;orders
i1961;items
i1962;items
i1963;items
i1964;items
i1965;items
i1966;items
i1967;items
i1968;items
i1969;items
i1970;items
i1971;items
o404;orders
i1972;items
i1973;items
i1974;items
i1975;items
i1976;items
i1977;items
i1978;items
i1979;items
o405;orders
i1980;items
i1981;items
i1982;items
i1983;items
o406;orders
i1984;items
i1985;items
i1986;items
i1987;items
o407;orders
i1988;items
i1989;items
i1990;items
i1991;items
o408;orders
i1992;items
i1993;items
i1994;items
i1995;items
i1996;items
i1997;items
i1998;items
i1999;items
i2000;items
o409;orders
i2001;items
i2002;items
i2003;items
o410;orders
i2004;items
i2005;items
i2006;items
i2007;items
i2008;items
i2009;items
o411;orders
i2010;items
i2011;items
i2012;items
i2013;items
i2014;items
i2015;items
i2016;items
o412;orders
i2017;items
i2018;items
i2019;items
i2020;items
i2021;items
i2022;items
i2023;items
o413;orders
i2024;items
i2025;items
i2026;items
i2027;items
i2028;items
i2029;items
o414;orders
i2030;items
i2031;items
i2032;items
o415;orders
i2033;items
i2034;items
i2035;items
i2036;items
i2037;items
i2038;items
o416;orders
i2039;items
i2040;items
i2041;items
i2042;items
i2043;items
i2044;items
i2045;items
i2046;items
o417;orders
i2047;items
i2048;items
i2049;items
i2050;items
i2051;items
o418;orders
i2052;items
i2053;items
i2054;items
i2055;items
i2056;items
i2057;items
i2058;items
i2059;items
o419;orders
i2060;items
i2061;items
i2062;items
i2063;items
i2064;items
i2065;items
o420;orders
i2066;items
i2067;items
i2068;items
i2069;items
o421;orders
i2070;items
i2071;items
i2072;items
i2073;items
i2074;items
i2075;items
i2076;items
i2077;items
o422;orders
i2078;items
i2079;items
i2080;items
i2081;items
i2082;items
i2083;items
i2084;items
o423;orders
i2085;items
i2086;items
i2087;items
i2088;items
i2089;items
i2090;items
i2091;items
i2092;items
i2093;items
i2094;items
i2095;items
o424;orders
i2096;items
i2097;items
i2098;items
i2099;items
i2100;items
i2101;items
i2102;items
i2103;items
i2104;items
i2105;items
o425;orders
i2106;items
i2107;items
i2108;items
i2109;items
i2110;items
i2111;items
i2112;items
i2113;items
i2114;items
o426;orders
i2115;items
i2116;items
i2117;items
i2118;items
i2119;items
i2120;items
i2121;items
i2122;items
i2123;items
i2124;items
i2125;items
i2126;items
o427;orders
i2127;items
i2128;items
i2129;items
i2130;items
i2131;items
i2132;items
i2133;items
o428;orders
i2134;items
i2135;items
i2136;items
i2137;items
i2138;items
i2139;items
i2140;items
i2141;items
o429;orders
i2142;items
i2143;items
i2144;items
i2145;items
i2146;items
o430;orders
i2147;items
i2148;items
i2149;items
i2150;items
i2151;items
i2152;items
i2153;items
i2154;items
i2155;items
i2156;items
o431;orders
i2157;items
i2158;items
i2159;items
i2160;items
i2161;items
i2162;items
i2163;items
o432;orders
i2164;items
i2165;items
i2166;items
i2167;items
i2168;items
i2169;items
i2170;items
i2171;items
i2172;items
i2173;items
o433;orders
i2174;items
i2175;items
i2176;items
i2177;items
i2178;items
i2179;items
o434;orders
i2180;items
i2181;items
i2182;items
i2183;items
i2184;items
i2185;items
i2186;items
i2187;items
i2188;items
i2189;items
o435;orders
i2190;items
i2191;items
i2192;items
i2193;items
i2194;items
o436;orders
i2195;items
i2196;items
i2197;items
i2198;items
i2199;items
i2200;items
i2201;items
i2202;items
o437;orders
i2203;items
i2204;items
i2205;items
i2206;items
i2207;items
i2208;items
i2209;items
o438;orders
i2210;items
i2211;items
i2212;items
i2213;items
i2214;items
i2215;items
i2216;items
i2217;items
o439;orders
i2218;items
i2219;items
i2220;items
i2221;items
i2222;items
i2223;items
i2224;items
o440;orders
i2225;items
i2226;items
i2227;items
i2228;items
i2229;items
i2230;items
i2231;items
i2232;items
i2233;items
i2234;items
o441;orders
i2235;items
i2236;items
i2237;items
i2238;items
i2239;items
i2240;items
i2241;items
o442;orders
i2242;items
i2243;items
i2244;items
i2245;items
i2246;items
i2247;items
i2248;items
i2249;items
i2250;items
i2251;items
i2252;items
i2253;items
o443;orders
i2254;items
i2255;items
i2256;items
i2257;items
i2258;items
o444;orders
i2259;items
i2260;items
i2261;items
i2262;items
i2263;items
i2264;items
o445;orders
i2265;items
i2266;items
i2267;items
i2268;items
i2269;items
i2270;items
i2271;items
i2272;items
i2273;items
i2274;items
o446;orders
i2275;items
i2276;items
i2277;items
i2278;items
i2279;items
i2280;items
i2281;items
o447;orders
i2282;items
i2283;items
i2284;items
i2285;items
i2286;items
i2287;items
i2288;items
i2289;items
o448;orders
i2290;items
i2291;items
i2292;items
i2293;items
i2294;items
i2295;items
i2296;items
o449;orders
i2297;items
i2298;items
i2299;items
i2300;items
i2301;items
i2302;items
i2303;items
o450;orders
i2304;items
i2305;items
i2306;items
i2307;items
i2308;items
o451;orders
i2309;items
i2310;items
i2311;items
i2312;items
i2313;items
i2314;items
i2315;items
i2316;items
o452;orders
i2317;items
i2318;items
i2319;items
i2320;items
i2321;items
i2322;items
i2323;items
i2324;items
i2325;items
o453;orders
i2326;items
i2327;items
i2328;items
o454;orders
i2329;items
i2330;items
i2331;items
i2332;items
i2333;items
i2334;items
i2335;items
i2336;items
i2337;items
o455;orders
i2338;items
i2339;items
i2340;items
i2341;items
i2342;items
i2343;items
i2344;items
o456;orders
i2345;items
i2346;items
i2347;items
i2348;items
i2349;items
i2350;items
o457;orders
i2351;items
i2352;items
i2353;items
i2354;items
i2355;items
i2356;items
o458;orders
i2357;items
i2358;items
i2359;items
i2360;items
i2361;items
i2362;items
i2363;items
i2364;items
i2365;items
i2366;items
i2367;items
i2368;items
o459;orders
i2369;items
i2370;items
i2371;items
i2372;items
i2373;items
i2374;items
i2375;items
o460;orders
i2376;items
i2377;items
i2378;items
i2379;items
i2380;items
o461;orders
i2381;items
i2382;items
i2383;items
i2384;items
i2385;items
o462;orders
i2386;items
i2387;items
i2388;items
i2389;items
i2390;items
i2391;items
i2392;items
o463;orders
i2393;items
i2394;items
o464;orders
i2395;items
i2396;items
i2397;items
i2398;items
i2399;items
i2400;items
i2401;items
i2402;items
i2403;items
i2404;items
i2405;items
o465;orders
i2406;items
i2407;items
i2408;items
i2409;items
i2410;items
i2411;items
i2412;items
i2413;items
i2414;items
o466;orders
i2415;items
i2416;items
i2417;items
i2418;items
i2419;items
i2420;items
i2421;items
i2422;items
i2423;items
i2424;items
i2425;items
i2426;items
i2427;items
o467;orders
i2428;items
i2429;items
i2430;items
i2431;items
i2432;items
i2433;items
i2434;items
i2435;items
o468;orders
i2436;items
i2437;items
i2438;items
i2439;items
i2440;items
i2441;items
i2442;items
i2443;items
i2444;items
i2445;items
i2446;items
o469;orders
i2447;items
i2448;items
i2449;items
i2450;items
i2451;items
i2452;items
i2453;items
i2454;items
i2455;items
i2456;items
o470;orders
i2457;items
i2458;items
i2459;items
i2460;items
i2461;items
i2462;items
i2463;items
i2464;items
o471;orders
i2465;items
i2466;items
i2467;items
i2468;items
i2469;items
i2470;items
o472;orders
i2471;items
i2472;items
i2473;items
i2474;items
i2475;items
i2476;items
i2477;items
i2478;items
i2479;items
i2480;items
i2481;items
o473;orders
i2482;items
i2483;items
i2484;items
i2485;items
i2486;items
o474;orders
i2487;items
i2488;items
i2489;items
i2490;items
i2491;items
o475;orders
i2492;items
i2493;items
i2494;items
i2495;items
i2496;items
i2497;items
i2498;items
i2499;items
o476;orders
i2500;items
i2501;items
i2502;items
i2503;items
o477;orders
i2504;items
i2505;items
i2506;items
i2507;items
i2508;items
i2509;items
i2510;items
i2511;items
o478;orders
i2512;items
i2513;items
i2514;items
i2515;items
i2516;items
i2517;items
o479;orders
i2518;items
i2519;items
i2520;items
i2521;items
i2522;items
i2523;items
i2524;items
i2525;items
i2526;items
i2527;items
i2528;items
i2529;items
i2530;items
i2531;items
o480;orders
i2532;items
i2533;items
i2534;items
i2535;items
i2536;items
i2537;items
i2538;items
i2539;items
i2540;items
o481;orders
i2541;items
i2542;items
i2543;items
i2544;items
i2545;items
i2546;items
i2547;items
i2548;items
i2549;items
o482;orders
i2550;items
i2551;items
i2552;items
i2553;items
i2554;items
i2555;items
i2556;items
i2557;items
i2558;items
i2559;items
i2560;items
i2561;items
i2562;items
o483;orders
i2563;items
i2564;items
i2565;items
i2566;items
i2567;items
i2568;items
i2569;items
i2570;items
i2571;items
i2572;items
o484;orders
i2573;items
i2574;items
i2575;items
i2576;items
i2577;items
i2578;items
i2579;items
i2580;items
o485;orders
i2581;items
i2582;items
i2583;items
i2584;items
i2585;items
i2586;items
i2587;items
i2588;items
o486;orders
i2589;items
i2590;items
i2591;items
i2592;items
i2593;items
i2594;items
i2595;items
i2596;items
o487;orders
i2597;items
i2598;items
i2599;items
i2600;items
i2601;items
i2602;items
i2603;items
i2604;items
i2605;items
i2606;items
o488;orders
i2607;items
i2608;items
i2609;items
i2610;items
i2611;items
i2612;items
i2613;items
o489;orders
i2614;items
i2615;items
i2616;items
i2617;items
i2618;items
o490;orders
i2619;items
i2620;items
i2621;items
i2622;items
o491;orders
i2623;items
i2624;items
i2625;items
i2626;items
i2627;items
i2628;items
i2629;items
i2630;items
i2631;items
i2632;items
i2633;items
i2634;items
i2635;items
o492;orders
i2636;items
i2637;items
i2638;items
i2639;items
i2640;items
i2641;items
i2642;items
i2643;items
o493;orders
i2644;items
i2645;items
i2646;items
i2647;items
i2648;items
i2649;items
i2650;items
i2651;items
i2652;items
i2653;items
i2654;items
o494;orders
i2655;items
i2656;items
i2657;items
i2658;items
i2659;items
i2660;items
i2661;items
i2662;items
o495;orders
i2663;items
i2664;items
i2665;items
o496;orders
i2666;items
i2667;items
i2668;items
i2669;items
i2670;items
i2671;items
i2672;items
i2673;items
o497;orders
i2674;items
i2675;items
i2676;items
i2677;items
i2678;items
i2679;items
i2680;items
o498;orders
i2681;items
i2682;items
i2683;items
i2684;items
i2685;items
o499;orders
i2686;items
i2687;items
i2688;items
i2689;items
o500;orders
i2690;items
i2691;items
i2692;items
i2693;items
i2694;items
i2695;items
i2696;items
o501;orders
i2697;items
i2698;items
i2699;items
i2700;items
i2701;items
i2702;items
i2703;items
i2704;items
o502;orders
i2705;items
i2706;items
i2707;items
i2708;items
i2709;items
i2710;items
i2711;items
i2712;items
i2713;items
i2714;items
o503;orders
i2715;items
i2716;items
i2717;items
i2718;items
i2719;items
i2720;items
i2721;items
i2722;items
i2723;items
o504;orders
i2724;items
i2725;items
i2726;items
i2727;items
i2728;items
i2729;items
i2730;items
o505;orders
i2731;items
i2732;items
i2733;items
i2734;items
i2735;items
i2736;items
o506;orders
i2737;items
i2738;items
i2739;items
i2740;items
i2741;items
i2742;items
o507;orders
i2743;items
i2744;items
i2745;items
o508;orders
i2746;items
i2747;items
i2748;items
i2749;items
i2750;items
i2751;items
i2752;items
i2753;items
i2754;items
i2755;items
o509;orders
i2756;items
i2757;items
i2758;items
i2759;items
i2760;items
i2761;items
i2762;items
i2763;items
i2764;items
i2765;items
o510;orders
i2766;items
i2767;items
i2768;items
i2769;items
i2770;items
i2771;items
i2772;items
i2773;items
i2774;items
i2775;items
o511;orders
i2776;items
i2777;items
i2778;items
i2779;items
i2780;items
i2781;items
i2782;items
i2783;items
i2784;items
o512;orders
i2785;items
i2786;items
i2787;items
i2788;items
i2789;items
i2790;items
i2791;items
i2792;items
o513;orders
i2793;items
i2794;items
i2795;items
i2796;items
i2797;items
o514;orders
i2798;items
i2799;items
i2800;items
i2801;items
i2802;items
i2803;items
i2804;items
i2805;items
i2806;items
i2807;items
i2808;items
o515;orders
i2809;items
i2810;items
i2811;items
i2812;items
i2813;items
i2814;items
i2815;items
i2816;items
o516;orders
i2817;items
i2818;items
i2819;items
i2820;items
i2821;items
i2822;items
i2823;items
i2824;items
i2825;items
i2826;items
i2827;items
i2828;items
o517;orders
i2829;items
i2830;items
i2831;items
i2832;items
i2833;items
i2834;items
o518;orders
i2835;items
i2836;items
i2837;items
i2838;items
i2839;items
i2840;items
i2841;items
i2842;items
o519;orders
i2843;items
i2844;items
i2845;items
i2846;items
i2847;items
i2848;items
o520;orders
i2849;items
i2850;items
i2851;items
i2852;items
i2853;items
i2854;items
i2855;items
i2856;items
i2857;items
i2858;items
i2859;items
i2860;items
o521;orders
i2861;items
i2862;items
i2863;items
i2864;items
i2865;items
o522;orders
i2866;items
i2867;items
i2868;items
i2869;items
i2870;items
i2871;items
i2872;items
o523;orders
i2873;items
i2874;items
i2875;items
i2876;items
i2877;items
i2878;items
i2879;items
i2880;items
o524;orders
i2881;items
i2882;items
i2883;items
i2884;items
i2885;items
i2886;items
i2887;items
o525;orders
i2888;items
i2889;items
i2890;items
i2891;items
i2892;items
i2893;items
i2894;items
i2895;items
i2896;items
o526;orders
i2897;items
i2898;items
i2899;items
i2900;items
o527;orders
i2901;items
i2902;items
i2903;items
i2904;items
i2905;items
o528;orders
i2906;items
i2907;items
i2908;items
i2909;items
i2910;items
o529;orders
i2911;items
i2912;items
i2913;items
i2914;items
i2915;items
i2916;items
i2917;items
i2918;items
o530;orders
i2919;items
i2920;items
i2921;items
i2922;items
o531;orders
i2923;items
i2924;items
i2925;items
i2926;items
o532;orders
i2927;items
i2928;items
i2929;items
i2930;items
i2931;items
i2932;items
i2933;items
i2934;items
o533;orders
i2935;items
i2936;items
i2937;items
i2938;items
i2939;items
i2940;items
i2941;items
i2942;items
i2943;items
o534;orders
i2944;items
i2945;items
i2946;items
i2947;items
i2948;items
i2949;items
o535;orders
i2950;items
i2951;items
i2952;items
i2953;items
i2954;items
i2955;items
i2956;items
i2957;items
o536;orders
i2958;items
i2959;items
i2960;items
i2961;items
i2962;items
i2963;items
i2964;items
i2965;items
i2966;items
i2967;items
o537;orders
i2968;items
i2969;items
i2970;items
i2971;items
i2972;items
i2973;items
o538;orders
i2974;items
i2975;items
i2976;items
i2977;items
i2978;items
o539;orders
i2979;items
i2980;items
i2981;items
i2982;items
i2983;items
i2984;items
i2985;items
i2986;items
i2987;items
i2988;items
i2989;items
i2990;items
o540;orders
i2991;items
i2992;items
i2993;items
i2994;items
i2995;items
i2996;items
o541;orders
i2997;items
i2998;items
i2999;items
i3000;items
i3001;items
i3002;items
o542;orders
i3003;items
i3004;items
i3005;items
i3006;items
i3007;items
i3008;items
i3009;items
o543;orders
i3010;items
i3011;items
i3012;items
i3013;items
i3014;items
i3015;items
i3016;items
o544;orders
i3017;items
i3018;items
i3019;items
i3020;items
o545;orders
i3021;items
i3022;items
i3023;items
i3024;items
i3025;items
i3026;items
o546;orders
i3027;items
i3028;items
i3029;items
i3030;items
i3031;items
i3032;items
i3033;items
i3034;items
i3035;items
i3036;items
o547;orders
i3037;items
i3038;items
i3039;items
i3040;items
i3041;items
i3042;items
i3043;items
i3044;items
i3045;items
o548;orders
i3046;items
i3047;items
i3048;items
i3049;items
i3050;items
i3051;items
i3052;items
i3053;items
i3054;items
i3055;items
i3056;items
o549;orders
i3057;items
i3058;items
i3059;items
i3060;items
i3061;items
i3062;items
i3063;items
i3064;items
i3065;items
i3066;items
i3067;items
o550;orders
i3068;items
i3069;items
i3070;items
i3071;items
i3072;items
i3073;items
i3074;items
i3075;items
i3076;items
i3077;items
i3078;items
i3079;items
o551;orders
i3080;items
i3081;items
i3082;items
i3083;items
i3084;items
i3085;items
i3086;items
i3087;items
i3088;items
i3089;items
i3090;items
o552;orders
i3091;items
i3092;items
i3093;items
i3094;items
i3095;items
i3096;items
i3097;items
o553;orders
i3098;items
i3099;items
i3100;items
i3101;items
i3102;items
i3103;items
i3104;items
i3105;items
i3106;items
o554;orders
i3107;items
i3108;items
i3109;items
i3110;items
i3111;items
i3112;items
i3113;items
i3114;items
i3115;items
o555;orders
i3116;items
i3117;items
i3118;items
i3119;items
i3120;items
i3121;items
i3122;items
o556;orders
i3123;items
i3124;items
i3125;items
i3126;items
i3127;items
i3128;items
i3129;items
i3130;items
o557;orders
i3131;items
i3132;items
i3133;items
i3134;items
i3135;items
i3136;items
i3137;items
i3138;items
o558;orders
i3139;items
i3140;items
i3141;items
i3142;items
i3143;items
i3144;items
i3145;items
o559;orders
i3146;items
i3147;items
i3148;items
i3149;items
o560;orders
i3150;items
i3151;items
i3152;items
i3153;items
i3154;items
i3155;items
i3156;items
i3157;items
i3158;items
i3159;items
o561;orders
i3160;items
i3161;items
i3162;items
i3163;items
i3164;items
i3165;items
i3166;items
i3167;items
i3168;items
i3169;items
o562;orders
i3170;items
i3171;items
i3172;items
i3173;items
i3174;items
i3175;items
i3176;items
i3177;items
o563;orders
i3178;items
i3179;items
i3180;items
i3181;items
i3182;items
i3183;items
i3184;items
o564;orders
i3185;items
i3186;items
i3187;items
i3188;items
i3189;items
i3190;items
i3191;items
i3192;items
o565;orders
i3193;items
i3194;items
i3195;items
i3196;items
i3197;items
i3198;items
i3199;items
i3200;items
i3201;items
o566;orders
i3202;items
i3203;items
i3204;items
i3205;items
i3206;items
i3207;items
i3208;items
o567;orders
i3209;items
i3210;items
i3211;items
i3212;items
i3213;items
i3214;items
i3215;items
o568;orders
i3216;items
i3217;items
i3218;items
i3219;items
i3220;items
i3221;items
i3222;items
i3223;items
o569;orders
i3224;items
i3225;items
i3226;items
i3227;items
i3228;items
o570;orders
i3229;items
i3230;items
i3231;items
i3232;items
i3233;items
i3234;items
o571;orders
i3235;items
i3236;items
i3237;items
i3238;items
i3239;items
i3240;items
i3241;items
i3242;items
i3243;items
i3244;items
i3245;items
i3246;items
o572;orders
i3247;items
i3248;items
i3249;items
i3250;items
i3251;items
o573;orders
i3252;items
i3253;items
i3254;items
i3255;items
i3256;items
i3257;items
o574;orders
i3258;items
i3259;items
i3260;items
i3261;items
o575;orders
i3262;items
i3263;items
i3264;items
i3265;items
i3266;items
i3267;items
i3268;items
i3269;items
o576;orders
i3270;items
i3271;items
i3272;items
i3273;items
i3274;items
i3275;items
i3276;items
o577;orders
i3277;items
i3278;items
i3279;items
i3280;items
i3281;items
i3282;items
i3283;items
o578;orders
i3284;items
i3285;items
i3286;items
i3287;items
i3288;items
i3289;items
i3290;items
i3291;items
i3292;items
i3293;items
i3294;items
o579;orders
i3295;items
i3296;items
i3297;items
i3298;items
i3299;items
i3300;items
i3301;items
i3302;items
i3303;items
i3304;items
i3305;items
i3306;items
o580;orders
i3307;items
i3308;items
i3309;items
i3310;items
i3311;items
i3312;items
i3313;items
o581;orders
i3314;items
i3315;items
i3316;items
i3317;items
i3318;items
o582;orders
i3319;items
i3320;items
i3321;items
i3322;items
i3323;items
i3324;items
i3325;items
i3326;items
i3327;items
i3328;items
i3329;items
i3330;items
o583;orders
i3331;items
i3332;items
i3333;items
i3334;items
i3335;items
i3336;items
i3337;items
i3338;items
i3339;items
i3340;items
i3341;items
i3342;items
i3343;items
o584;orders
i3344;items
i3345;items
i3346;items
i3347;items
i3348;items
i3349;items
i3350;items
i3351;items
i3352;items
o585;orders
i3353;items
i3354;items
i3355;items
i3356;items
i3357;items
i3358;items
i3359;items
i3360;items
i3361;items
i3362;items
o586;orders
i3363;items
i3364;items
i3365;items
i3366;items
i3367;items
i3368;items
i3369;items
i3370;items
o587;orders
i3371;items
i3372;items
i3373;items
i3374;items
i3375;items
i3376;items
i3377;items
i3378;items
i3379;items
o588;orders
i3380;items
i3381;items
i3382;items
i3383;items
i3384;items
o589;orders
i3385;items
i3386;items
i3387;items
i3388;items
i3389;items
i3390;items
i3391;items
i3392;items
o590;orders
i3393;items
i3394;items
i3395;items
i3396;items
i3397;items
i3398;items
i3399;items
o591;orders
i3400;items
i3401;items
i3402;items
i3403;items
o592;orders
i3404;items
i3405;items
i3406;items
i3407;items
i3408;items
i3409;items
o593;orders
i3410;items
i3411;items
i3412;items
i3413;items
i3414;items
i3415;items
i3416;items
i3417;items
i3418;items
i3419;items
o594;orders
i3420;items
i3421;items
i3422;items
i3423;items
i3424;items
i3425;items
i3426;items
i3427;items
i3428;items
i3429;items
o595;orders
i3430;items
i3431;items
i3432;items
i3433;items
i3434;items
i3435;items
i3436;items
o596;orders
i3437;items
i3438;items
i3439;items
i3440;items
i3441;items
i3442;items
o597;orders
i3443;items
i3444;items
i3445;items
i3446;items
i3447;items
i3448;items
i3449;items
i3450;items
i3451;items
i3452;items
i3453;items
i3454;items
o598;orders
i3455;items
i3456;items
i3457;items
i3458;items
o599;orders
i3459;items
i3460;items
i3461;items
i3462;items
i3463;items
i3464;items
i3465;items
i3466;items
i3467;items
i3468;items
o600;orders
i3469;items
i3470;items
i3471;items
i3472;items
i3473;items
i3474;items
i3475;items
i3476;items
i3477;items
i3478;items
i3479;items
o601;orders
i3480;items
i3481;items
i3482;items
i3483;items
o602;orders
i3484;items
i3485;items
i3486;items
i3487;items
i3488;items
i3489;items
o603;orders
i3490;items
i3491;items
i3492;items
i3493;items
i3494;items
i3495;items
i3496;items
i3497;items
o604;orders
i3498;items
i3499;items
i3500;items
i3501;items
i3502;items
o605;orders
i3503;items
i3504;items
i3505;items
i3506;items
i3507;items
i3508;items
i3509;items
i3510;items
i3511;items
i3512;items
i3513;items
i3514;items
o606;orders
i3515;items
i3516;items
i3517;items
i3518;items
i3519;items
i3520;items
i3521;items
i3522;items
i3523;items
i3524;items
i3525;items
o607;orders
i3526;items
i3527;items
i3528;items
i3529;items
i3530;items
i3531;items
i3532;items
i3533;items
o608;orders
i3534;items
i3535;items
i3536;items
i3537;items
i3538;items
i3539;items
i3540;items
i3541;items
i3542;items
i3543;items
i3544;items
i3545;items
i3546;items
i3547;items
i3548;items
i3549;items
o609;orders
i3550;items
i3551;items
i3552;items
i3553;items
i3554;items
i3555;items
i3556;items
i3557;items
i3558;items
i3559;items
o610;orders
i3560;items
i3561;items
i3562;items
i3563;items
i3564;items
i3565;items
i3566;items
i3567;items
o611;orders
i3568;items
i3569;items
i3570;items
i3571;items
i3572;items
i3573;items
i3574;items
i3575;items
i3576;items
i3577;items
i3578;items
i3579;items
i3580;items
i3581;items
i3582;items
o612;orders
i3583;items
i3584;items
i3585;items
i3586;items
i3587;items
i3588;items
i3589;items
i3590;items
i3591;items
i3592;items
i3593;items
i3594;items
i3595;items
i3596;items
i3597;items
i3598;items
i3599;items
o613;orders
i3600;items
i3601;items
i3602;items
i3603;items
i3604;items
i3605;items
i3606;items
i3607;items
o614;orders
i3608;items
i3609;items
i3610;items
i3611;items
i3612;items
i3613;items
i3614;items
i3615;items
i3616;items
o615;orders
i3617;items
i3618;items
i3619;items
i3620;items
i3621;items
i3622;items
i3623;items
i3624;items
i3625;items
i3626;items
i3627;items
o616;orders
i3628;items
i3629;items
i3630;items
i3631;items
i3632;items
i3633;items
i3634;items
i3635;items
i3636;items
i3637;items
i3638;items
o617;orders
i3639;items
i3640;items
i3641;items
i3642;items
i3643;items
i3644;items
i3645;items
i3646;items
o618;orders
i3647;items
i3648;items
i3649;items
i3650;items
i3651;items
i3652;items
i3653;items
o619;orders
i3654;items
i3655;items
i3656;items
i3657;items
i3658;items
i3659;items
i3660;items
i3661;items
i3662;items
i3663;items
o620;orders
i3664;items
i3665;items
i3666;items
i3667;items
i3668;items
i3669;items
i3670;items
o621;orders
i3671;items
i3672;items
i3673;items
i3674;items
i3675;items
i3676;items
i3677;items
i3678;items
i3679;items
i3680;items
o622;orders
i3681;items
i3682;items
i3683;items
i3684;items
i3685;items
i3686;items
i3687;items
i3688;items
i3689;items
i3690;items
i3691;items
i3692;items
i3693;items
i3694;items
i3695;items
i3696;items
o623;orders
i3697;items
i3698;items
i3699;items
i3700;items
i3701;items
i3702;items
i3703;items
i3704;items
i3705;items
i3706;items
i3707;items
i3708;items
i3709;items
i3710;items
i3711;items
i3712;items
o624;orders
i3713;items
i3714;items
i3715;items
i3716;items
i3717;items
i3718;items
o625;orders
i3719;items
i3720;items
i3721;items
i3722;items
i3723;items
i3724;items
i3725;items
i3726;items
i3727;items
i3728;items
i3729;items
o626;orders
i3730;items
i3731;items
i3732;items
i3733;items
i3734;items
i3735;items
i3736;items
i3737;items
i3738;items
o627;orders
i3739;items
i3740;items
i3741;items
i3742;items
i3743;items
o628;orders
i3744;items
i3745;items
i3746;items
i3747;items
i3748;items
i3749;items
o629;orders
i3750;items
i3751;items
i3752;items
i3753;items
i3754;items
i3755;items
i3756;items
i3757;items
o630;orders
i3758;items
i3759;items
i3760;items
i3761;items
i3762;items
i3763;items
i3764;items
i3765;items
o631;orders
i3766;items
i3767;items
i3768;items
i3769;items
i3770;items
i3771;items
i3772;items
i3773;items
i3774;items
i3775;items
i3776;items
i3777;items
i3778;items
o632;orders
i3779;items
i3780;items
i3781;items
i3782;items
i3783;items
i3784;items
i3785;items
i3786;items
i3787;items
i3788;items
i3789;items
i3790;items
o633;orders
i3791;items
i3792;items
i3793;items
i3794;items
i3795;items
i3796;items
i3797;items
i3798;items
i3799;items
i3800;items
i3801;items
i3802;items
i3803;items
i3804;items
i3805;items
i3806;items
i3807;items
o634;orders
i3808;items
i3809;items
i3810;items
i3811;items
i3812;items
i3813;items
i3814;items
o635;orders
i3815;items
i3816;items
i3817;items
i3818;items
i3819;items
i3820;items
i3821;items
i3822;items
o636;orders
i3823;items
i3824;items
i3825;items
i3826;items
i3827;items
i3828;items
i3829;items
o637;orders
i3830;items
i3831;items
i3832;items
i3833;items
i3834;items
i3835;items
o638;orders
i3836;items
i3837;items
i3838;items
i3839;items
i3840;items
o639;orders
i3841;items
i3842;items
i3843;items
i3844;items
i3845;items
i3846;items
i3847;items
i3848;items
i3849;items
o640;orders
i3850;items
i3851;items
i3852;items
i3853;items
i3854;items
i3855;items
i3856;items
i3857;items
i3858;items
i3859;items
o641;orders
i3860;items
i3861;items
i3862;items
i3863;items
i3864;items
i3865;items
i3866;items
i3867;items
i3868;items
i3869;items
i3870;items
i3871;items
o642;orders
i3872;items
i3873;items
i3874;items
i3875;items
i3876;items
i3877;items
i3878;items
i3879;items
i3880;items
i3881;items
i3882;items
o643;orders
i3883;items
i3884;items
i3885;items
i3886;items
i3887;items
i3888;items
i3889;items
i3890;items
i3891;items
o644;orders
i3892;items
i3893;items
i3894;items
i3895;items
i3896;items
i3897;items
i3898;items
i3899;items
i3900;items
o645;orders
i3901;items
i3902;items
i3903;items
i3904;items
i3905;items
i3906;items
i3907;items
i3908;items
i3909;items
i3910;items
i3911;items
i3912;items
i3913;items
i3914;items
i3915;items
i3916;items
i3917;items
o646;orders
i3918;items
i3919;items
i3920;items
i3921;items
i3922;items
i3923;items
i3924;items
o647;orders
i3925;items
i3926;items
i3927;items
i3928;items
i3929;items
i3930;items
o648;orders
i3931;items
i3932;items
i3933;items
i3934;items
i3935;items
i3936;items
i3937;items
i3938;items
i3939;items
i3940;items
i3941;items
i3942;items
i3943;items
i3944;items
i3945;items
i3946;items
o649;orders
i3947;items
i3948;items
i3949;items
i3950;items
i3951;items
i3952;items
i3953;items
i3954;items
i3955;items
o650;orders
i3956;items
i3957;items
i3958;items
i3959;items
i3960;items
i3961;items
i3962;items
i3963;items
o651;orders
i3964;items
i3965;items
i3966;items
i3967;items
i3968;items
i3969;items
i3970;items
i3971;items
i3972;items
i3973;items
o652;orders
i3974;items
i3975;items
i3976;items
i3977;items
i3978;items
o653;orders
i3979;items
i3980;items
i3981;items
i3982;items
i3983;items
i3984;items
i3985;items
i3986;items
i3987;items
i3988;items
i3989;items
i3990;items
i3991;items
i3992;items
o654;orders
i3993;items
i3994;items
i3995;items
i3996;items
i3997;items
i3998;items
i3999;items
i4000;items
i4001;items
i4002;items
i4003;items
i4004;items
i4005;items
i4006;items
i4007;items
i4008;items
o655;orders
i4009;items
i4010;items
i4011;items
i4012;items
i4013;items
i4014;items
i4015;items
i4016;items
i4017;items
i4018;items
o656;orders
i4019;items
i4020;items
i4021;items
i4022;items
i4023;items
i4024;items
i4025;items
i4026;items
i4027;items
i4028;items
i4029;items
i4030;items
o657;orders
i4031;items
i4032;items
i4033;items
i4034;items
i4035;items
i4036;items
i4037;items
o658;orders
i4038;items
i4039;items
i4040;items
i4041;items
i4042;items
i4043;items
i4044;items
i4045;items
i4046;items
i4047;items
i4048;items
o659;orders
i4049;items
i4050;items
i4051;items
i4052;items
i4053;items
i4054;items
i4055;items
i4056;items
i4057;items
i4058;items
i4059;items
i4060;items
i4061;items
i4062;items
o660;orders
i4063;items
i4064;items
i4065;items
i4066;items
i4067;items
i4068;items
i4069;items
o661;orders
i4070;items
i4071;items
i4072;items
i4073;items
i4074;items
i4075;items
o662;orders
i4076;items
i4077;items
i4078;items
i4079;items
i4080;items
i4081;items
i4082;items
o663;orders
i4083;items
i4084;items
i4085;items
i4086;items
i4087;items
i4088;items
i4089;items
i4090;items
i4091;items
i4092;items
i4093;items
i4094;items
o664;orders
i4095;items
i4096;items
i4097;items
i4098;items
i4099;items
i4100;items
o665;orders
i4101;items
i4102;items
i4103;items
i4104;items
i4105;items
o666;orders
i4106;items
i4107;items
i4108;items
i4109;items
i4110;items
i4111;items
i4112;items
i4113;items
i4114;items
i4115;items
i4116;items
i4117;items
i4118;items
o667;orders
i4119;items
i4120;items
i4121;items
i4122;items
i4123;items
i4124;items
i4125;items
i4126;items
i4127;items
o668;orders
i4128;items
i4129;items
i4130;items
i4131;items
i4132;items
i4133;items
i4134;items
i4135;items
o669;orders
i4136;items
i4137;items
i4138;items
i4139;items
i4140;items
i4141;items
i4142;items
i4143;items
i4144;items
o670;orders
i4145;items
i4146;items
i4147;items
i4148;items
i4149;items
o671;orders
i4150;items
i4151;items
i4152;items
i4153;items
i4154;items
i4155;items
i4156;items
i4157;items
i4158;items
i4159;items
i4160;items
i4161;items
o672;orders
i4162;items
i4163;items
i4164;items
i4165;items
i4166;items
i4167;items
i4168;items
i4169;items
o673;orders
i4170;items
i4171;items
i4172;items
i4173;items
i4174;items
i4175;items
i4176;items
i4177;items
i4178;items
o674;orders
i4179;items
i4180;items
i4181;items
i4182;items
i4183;items
i4184;items
i4185;items
i4186;items
i4187;items
i4188;items
o675;orders
i4189;items
i4190;items
i4191;items
i4192;items
i4193;items
i4194;items
i4195;items
i4196;items
o676;orders
i4197;items
i4198;items
i4199;items
i4200;items
i4201;items
i4202;items
i4203;items
i4204;items
i4205;items
o677;orders
i4206;items
i4207;items
i4208;items
i4209;items
i4210;items
i4211;items
i4212;items
i4213;items
i4214;items
i4215;items
i4216;items
o678;orders
i4217;items
i4218;items
i4219;items
i4220;items
o679;orders
i4221;items
i4222;items
i4223;items
i4224;items
i4225;items
i4226;items
i4227;items
i4228;items
i4229;items
i4230;items
i4231;items
i4232;items
i4233;items
i4234;items
i4235;items
o680;orders
i4236;items
i4237;items
i4238;items
i4239;items
i4240;items
i4241;items
i4242;items
o681;orders
i4243;items
i4244;items
i4245;items
i4246;items
i4247;items
i4248;items
i4249;items
i4250;items
i4251;items
i4252;items
o682;orders
i4253;items
i4254;items
i4255;items
i4256;items
i4257;items
i4258;items
i4259;items
i4260;items
i4261;items
i4262;items
o683;orders
i4263;items
i4264;items
i4265;items
i4266;items
i4267;items
i4268;items
o684;orders
i4269;items
i4270;items
i4271;items
i4272;items
i4273;items
i4274;items
i4275;items
i4276;items
i4277;items
i4278;items
i4279;items
i4280;items
o685;orders
i4281;items
i4282;items
i4283;items
i4284;items
i4285;items
i4286;items
i4287;items
i4288;items
i4289;items
o686;orders
i4290;items
i4291;items
i4292;items
i4293;items
i4294;items
i4295;items
i4296;items
i4297;items
i4298;items
i4299;items
i4300;items
i4301;items
i4302;items
o687;orders
i4303;items
i4304;items
i4305;items
i4306;items
i4307;items
i4308;items
i4309;items
o688;orders
i4310;items
i4311;items
i4312;items
i4313;items
i4314;items
i4315;items
i4316;items
i4317;items
i4318;items
i4319;items
o689;orders
i4320;items
i4321;items
i4322;items
i4323;items
i4324;items
i4325;items
i4326;items
o690;orders
i4327;items
i4328;items
i4329;items
i4330;items
i4331;items
i4332;items
i4333;items
i4334;items
i4335;items
i4336;items
i4337;items
o691;orders
i4338;items
i4339;items
o692;orders
i4340;items
i4341;items
i4342;items
i4343;items
i4344;items
i4345;items
i4346;items
i4347;items
i4348;items
i4349;items
o693;orders
i4350;items
i4351;items
i4352;items
i4353;items
i4354;items
i4355;items
i4356;items
i4357;items
i4358;items
i4359;items
i4360;items
i4361;items
o694;orders
i4362;items
i4363;items
i4364;items
i4365;items
i4366;items
i4367;items
i4368;items
i4369;items
i4370;items
i4371;items
i4372;items
i4373;items
i4374;items
i4375;items
o695;orders
i4376;items
i4377;items
i4378;items
i4379;items
i4380;items
i4381;items
i4382;items
i4383;items
i4384;items
o696;orders
i4385;items
i4386;items
i4387;items
i4388;items
i4389;items
i4390;items
i4391;items
i4392;items
o697;orders
i4393;items
i4394;items
i4395;items
i4396;items
i4397;items
i4398;items
i4399;items
i4400;items
i4401;items
i4402;items
i4403;items
o698;orders
i4404;items
i4405;items
i4406;items
i4407;items
i4408;items
i4409;items
i4410;items
i4411;items
i4412;items
i4413;items
i4414;items
i4415;items
i4416;items
i4417;items
o699;orders
i4418;items
i4419;items
i4420;items
i4421;items
i4422;items
i4423;items
o700;orders
i4424;items
i4425;items
i4426;items
i4427;items
i4428;items
i4429;items
i4430;items
i4431;items
i4432;items
i4433;items
i4434;items
i4435;items
i4436;items
i4437;items
i4438;items
o701;orders
i4439;items
i4440;items
i4441;items
i4442;items
i4443;items
i4444;items
i4445;items
i4446;items
o702;orders
i4447;items
i4448;items
i4449;items
i4450;items
i4451;items
i4452;items
i4453;items
o703;orders
i4454;items
i4455;items
i4456;items
i4457;items
i4458;items
i4459;items
i4460;items
i4461;items
i4462;items
o704;orders
i4463;items
i4464;items
i4465;items
i4466;items
i4467;items
i4468;items
i4469;items
i4470;items
i4471;items
i4472;items
i4473;items
o705;orders
i4474;items
i4475;items
i4476;items
i4477;items
i4478;items
i4479;items
i4480;items
i4481;items
i4482;items
i4483;items
o706;orders
i4484;items
i4485;items
i4486;items
i4487;items
i4488;items
i4489;items
i4490;items
i4491;items
o707;orders
i4492;items
i4493;items
i4494;items
i4495;items
i4496;items
i4497;items
i4498;items
i4499;items
i4500;items
o708;orders
i4501;items
i4502;items
i4503;items
i4504;items
i4505;items
i4506;items
i4507;items
i4508;items
i4509;items
i4510;items
i4511;items
i4512;items
i4513;items
i4514;items
o709;orders
i4515;items
i4516;items
i4517;items
i4518;items
i4519;items
i4520;items
o710;orders
i4521;items
i4522;items
i4523;items
i4524;items
i4525;items
i4526;items
i4527;items
i4528;items
o711;orders
i4529;items
i4530;items
i4531;items
i4532;items
i4533;items
i4534;items
i4535;items
i4536;items
o712;orders
i4537;items
i4538;items
i4539;items
i4540;items
i4541;items
i4542;items
i4543;items
i4544;items
i4545;items
i4546;items
o713;orders
i4547;items
i4548;items
i4549;items
i4550;items
i4551;items
i4552;items
i4553;items
i4554;items
i4555;items
o714;orders
i4556;items
i4557;items
i4558;items
i4559;items
i4560;items
i4561;items
i4562;items
i4563;items
i4564;items
i4565;items
i4566;items
i4567;items
o715;orders
i4568;items
i4569;items
i4570;items
i4571;items
i4572;items
i4573;items
i4574;items
i4575;items
i4576;items
i4577;items
i4578;items
o716;orders
i4579;items
i4580;items
i4581;items
i4582;items
i4583;items
i4584;items
i4585;items
i4586;items
i4587;items
i4588;items
i4589;items
o717;orders
i4590;items
i4591;items
i4592;items
i4593;items
i4594;items
i4595;items
i4596;items
i4597;items
i4598;items
o718;orders
i4599;items
i4600;items
i4601;items
i4602;items
i4603;items
i4604;items
i4605;items
i4606;items
i4607;items
i4608;items
i4609;items
i4610;items
o719;orders
i4611;items
i4612;items
i4613;items
i4614;items
i4615;items
i4616;items
i4617;items
i4618;items
i4619;items
i4620;items
i4621;items
i4622;items
i4623;items
i4624;items
i4625;items
i4626;items
o720;orders
i4627;items
i4628;items
i4629;items
i4630;items
i4631;items
i4632;items
i4633;items
i4634;items
i4635;items
i4636;items
o721;orders
i4637;items
i4638;items
i4639;items
i4640;items
i4641;items
i4642;items
i4643;items
i4644;items
i4645;items
i4646;items
o722;orders
i4647;items
i4648;items
i4649;items
i4650;items
i4651;items
i4652;items
i4653;items
i4654;items
i4655;items
o723;orders
i4656;items
i4657;items
i4658;items
i4659;items
i4660;items
i4661;items
i4662;items
o724;orders
i4663;items
i4664;items
i4665;items
i4666;items
i4667;items
i4668;items
i4669;items
i4670;items
i4671;items
i4672;items
i4673;items
i4674;items
i4675;items
o725;orders
i4676;items
i4677;items
i4678;items
i4679;items
i4680;items
i4681;items
i4682;items
i4683;items
i4684;items
i4685;items
o726;orders
i4686;items
i4687;items
i4688;items
i4689;items
i4690;items
i4691;items
i4692;items
i4693;items
i4694;items
i4695;items
o727;orders
i4696;items
i4697;items
i4698;items
i4699;items
i4700;items
i4701;items
i4702;items
i4703;items
o728;orders
i4704;items
i4705;items
i4706;items
i4707;items
i4708;items
i4709;items
i4710;items
i4711;items
o729;orders
i4712;items
i4713;items
i4714;items
i4715;items
i4716;items
i4717;items
i4718;items
i4719;items
i4720;items
i4721;items
i4722;items
i4723;items
i4724;items
i4725;items
o730;orders
i4726;items
i4727;items
i4728;items
i4729;items
i4730;items
o731;orders
i4731;items
i4732;items
i4733;items
i4734;items
i4735;items
i4736;items
i4737;items
i4738;items
i4739;items
i4740;items
i4741;items
o732;orders
i4742;items
i4743;items
i4744;items
i4745;items
i4746;items
i4747;items
i4748;items
o733;orders
i4749;items
i4750;items
i4751;items
i4752;items
i4753;items
i4754;items
i4755;items
i4756;items
i4757;items
i4758;items
i4759;items
o734;orders
i4760;items
i4761;items
i4762;items
i4763;items
i4764;items
i4765;items
i4766;items
i4767;items
i4768;items
i4769;items
i4770;items
i4771;items
i4772;items
i4773;items
i4774;items
i4775;items
i4776;items
i4777;items
o735;orders
i4778;items
i4779;items
i4780;items
i4781;items
i4782;items
i4783;items
i4784;items
i4785;items
i4786;items
i4787;items
i4788;items
o736;orders
i4789;items
i4790;items
i4791;items
i4792;items
i4793;items
i4794;items
i4795;items
i4796;items
o737;orders
i4797;items
i4798;items
i4799;items
i4800;items
i4801;items
i4802;items
i4803;items
i4804;items
i4805;items
i4806;items
i4807;items
o738;orders
i4808;items
i4809;items
i4810;items
i4811;items
i4812;items
i4813;items
i4814;items
o739;orders
i4815;items
i4816;items
i4817;items
i4818;items
i4819;items
i4820;items
i4821;items
i4822;items
i4823;items
i4824;items
i4825;items
o740;orders
i4826;items
i4827;items
i4828;items
i4829;items
i4830;items
i4831;items
o741;orders
i4832;items
i4833;items
i4834;items
i4835;items
i4836;items
i4837;items
i4838;items
i4839;items
i4840;items
o742;orders
i4841;items
i4842;items
i4843;items
i4844;items
i4845;items
i4846;items
i4847;items
o743;orders
i4848;items
i4849;items
i4850;items
i4851;items
i4852;items
i4853;items
i4854;items
i4855;items
i4856;items
i4857;items
i4858;items
i4859;items
o744;orders
i4860;items
i4861;items
i4862;items
i4863;items
i4864;items
o745;orders
i4865;items
i4866;items
i4867;items
i4868;items
i4869;items
i4870;items
i4871;items
i4872;items
i4873;items
i4874;items
i4875;items
o746;orders
i4876;items
i4877;items
i4878;items
i4879;items
i4880;items
i4881;items
i4882;items
i4883;items
o747;orders
i4884;items
i4885;items
i4886;items
i4887;items
i4888;items
i4889;items
i4890;items
i4891;items
i4892;items
i4893;items
i4894;items
i4895;items
i4896;items
i4897;items
o748;orders
i4898;items
i4899;items
i4900;items
i4901;items
i4902;items
i4903;items
i4904;items
i4905;items
i4906;items
i4907;items
i4908;items
i4909;items
i4910;items
i4911;items
i4912;items
i4913;items
i4914;items
o749;orders
i4915;items
i4916;items
i4917;items
i4918;items
i4919;items
i4920;items
i4921;items
i4922;items
i4923;items
i4924;items
o750;orders
i4925;items
i4926;items
i4927;items
i4928;items
i4929;items
i4930;items
i4931;items
i4932;items
i4933;items
i4934;items
i4935;items
i4936;items
i4937;items
o751;orders
i4938;items
i4939;items
i4940;items
i4941;items
i4942;items
i4943;items
i4944;items
i4945;items
i4946;items
i4947;items
i4948;items
i4949;items
o752;orders
i4950;items
i4951;items
i4952;items
i4953;items
i4954;items
i4955;items
i4956;items
i4957;items
i4958;items
i4959;items
i4960;items
i4961;items
o753;orders
i4962;items
i4963;items
i4964;items
i4965;items
i4966;items
i4967;items
i4968;items
i4969;items
i4970;items
i4971;items
o754;orders
i4972;items
i4973;items
i4974;items
i4975;items
i4976;items
i4977;items
i4978;items
i4979;items
o755;orders
i4980;items
i4981;items
o756;orders
i4982;items
i4983;items
i4984;items
i4985;items
i4986;items
i4987;items
i4988;items
i4989;items
i4990;items
i4991;items
i4992;items
i4993;items
i4994;items
i4995;items
i4996;items
i4997;items
o757;orders
i4998;items
i4999;items
i5000;items
i5001;items
i5002;items
i5003;items
i5004;items
i5005;items
i5006;items
i5007;items
o758;orders
i5008;items
i5009;items
i5010;items
i5011;items
i5012;items
i5013;items
i5014;items
i5015;items
i5016;items
o759;orders
i5017;items
i5018;items
i5019;items
i5020;items
i5021;items
i5022;items
i5023;items
i5024;items
o760;orders
i5025;items
i5026;items
i5027;items
i5028;items
i5029;items
i5030;items
i5031;items
i5032;items
i5033;items
i5034;items
i5035;items
i5036;items
i5037;items
i5038;items
i5039;items
o761;orders
i5040;items
i5041;items
i5042;items
i5043;items
i5044;items
i5045;items
i5046;items
i5047;items
i5048;items
i5049;items
i5050;items
o762;orders
i5051;items
i5052;items
i5053;items
i5054;items
i5055;items
i5056;items
i5057;items
i5058;items
i5059;items
i5060;items
i5061;items
i5062;items
i5063;items
i5064;items
o763;orders
i5065;items
i5066;items
i5067;items
i5068;items
i5069;items
i5070;items
i5071;items
i5072;items
o764;orders
i5073;items
i5074;items
i5075;items
i5076;items
i5077;items
i5078;items
i5079;items
i5080;items
i5081;items
i5082;items
i5083;items
o765;orders
i5084;items
i5085;items
i5086;items
i5087;items
i5088;items
i5089;items
i5090;items
i5091;items
i5092;items
i5093;items
i5094;items
i5095;items
i5096;items
i5097;items
i5098;items
o766;orders
i5099;items
i5100;items
i5101;items
i5102;items
i5103;items
i5104;items
i5105;items
i5106;items
i5107;items
i5108;items
i5109;items
o767;orders
i5110;items
i5111;items
i5112;items
i5113;items
i5114;items
i5115;items
o768;orders
i5116;items
i5117;items
i5118;items
i5119;items
i5120;items
i5121;items
i5122;items
i5123;items
i5124;items
i5125;items
i5126;items
o769;orders
i5127;items
i5128;items
i5129;items
i5130;items
i5131;items
i5132;items
i5133;items
i5134;items
o770;orders
i5135;items
i5136;items
i5137;items
i5138;items
i5139;items
i5140;items
i5141;items
i5142;items
i5143;items
i5144;items
i5145;items
i5146;items
i5147;items
i5148;items
o771;orders
i5149;items
i5150;items
i5151;items
i5152;items
i5153;items
i5154;items
i5155;items
i5156;items
i5157;items
o772;orders
i5158;items
i5159;items
i5160;items
i5161;items
i5162;items
i5163;items
i5164;items
i5165;items
i5166;items
i5167;items
i5168;items
i5169;items
o773;orders
i5170;items
i5171;items
i5172;items
i5173;items
i5174;items
i5175;items
i5176;items
i5177;items
i5178;items
i5179;items
i5180;items
o774;orders
i5181;items
i5182;items
i5183;items
i5184;items
i5185;items
i5186;items
o775;orders
i5187;items
i5188;items
i5189;items
i5190;items
i5191;items
i5192;items
i5193;items
i5194;items
i5195;items
i5196;items
i5197;items
o776;orders
i5198;items
i5199;items
i5200;items
i5201;items
i5202;items
i5203;items
i5204;items
i5205;items
i5206;items
i5207;items
o777;orders
i5208;items
i5209;items
i5210;items
i5211;items
i5212;items
i5213;items
i5214;items
i5215;items
i5216;items
i5217;items
o778;orders
i5218;items
i5219;items
i5220;items
i5221;items
i5222;items
i5223;items
i5224;items
i5225;items
i5226;items
i5227;items
i5228;items
i5229;items
i5230;items
i5231;items
i5232;items
i5233;items
i5234;items
i5235;items
o779;orders
i5236;items
i5237;items
i5238;items
i5239;items
i5240;items
i5241;items
i5242;items
i5243;items
i5244;items
o780;orders
i5245;items
i5246;items
i5247;items
i5248;items
i5249;items
i5250;items
i5251;items
i5252;items
o781;orders
i5253;items
i5254;items
i5255;items
i5256;items
i5257;items
i5258;items
i5259;items
i5260;items
i5261;items
i5262;items
i5263;items
o782;orders
i5264;items
i5265;items
i5266;items
i5267;items
i5268;items
i5269;items
i5270;items
o783;orders
i5271;items
i5272;items
i5273;items
i5274;items
i5275;items
i5276;items
i5277;items
i5278;items
i5279;items
i5280;items
i5281;items
i5282;items
i5283;items
o784;orders
i5284;items
i5285;items
i5286;items
i5287;items
i5288;items
i5289;items
i5290;items
i5291;items
i5292;items
i5293;items
o785;orders
i5294;items
i5295;items
i5296;items
i5297;items
i5298;items
i5299;items
i5300;items
i5301;items
i5302;items
i5303;items
i5304;items
o786;orders
i5305;items
i5306;items
i5307;items
i5308;items
i5309;items
i5310;items
i5311;items
o787;orders
i5312;items
i5313;items
i5314;items
i5315;items
i5316;items
i5317;items
i5318;items
i5319;items
i5320;items
o788;orders
i5321;items
i5322;items
i5323;items
i5324;items
i5325;items
i5326;items
i5327;items
i5328;items
i5329;items
i5330;items
i5331;items
i5332;items
i5333;items
i5334;items
o789;orders
i5335;items
i5336;items
i5337;items
i5338;items
i5339;items
i5340;items
i5341;items
i5342;items
o790;orders
i5343;items
i5344;items
i5345;items
i5346;items
i5347;items
i5348;items
i5349;items
i5350;items
i5351;items
i5352;items
i5353;items
i5354;items
i5355;items
i5356;items
i5357;items
i5358;items
i5359;items
i5360;items
i5361;items
o791;orders
i5362;items
i5363;items
i5364;items
i5365;items
i5366;items
i5367;items
i5368;items
i5369;items
i5370;items
i5371;items
i5372;items
i5373;items
i5374;items
i5375;items
i5376;items
o792;orders
i5377;items
i5378;items
i5379;items
i5380;items
i5381;items
i5382;items
i5383;items
o793;orders
i5384;items
i5385;items
i5386;items
i5387;items
i5388;items
i5389;items
i5390;items
i5391;items
i5392;items
i5393;items
i5394;items
i5395;items
i5396;items
i5397;items
i5398;items
i5399;items
o794;orders
i5400;items
i5401;items
i5402;items
i5403;items
i5404;items
i5405;items
i5406;items
i5407;items
i5408;items
i5409;items
o795;orders
i5410;items
i5411;items
i5412;items
i5413;items
i5414;items
i5415;items
i5416;items
i5417;items
i5418;items
i5419;items
i5420;items
o796;orders
i5421;items
i5422;items
i5423;items
i5424;items
i5425;items
i5426;items
i5427;items
i5428;items
i5429;items
i5430;items
i5431;items
i5432;items
o797;orders
i5433;items
i5434;items
i5435;items
i5436;items
i5437;items
i5438;items
i5439;items
i5440;items
i5441;items
i5442;items
i5443;items
i5444;items
i5445;items
i5446;items
i5447;items
i5448;items
o798;orders
i5449;items
i5450;items
i5451;items
i5452;items
i5453;items
i5454;items
i5455;items
i5456;items
o799;orders
i5457;items
i5458;items
i5459;items
i5460;items
i5461;items
i5462;items
i5463;items
i5464;items
i5465;items
i5466;items
i5467;items
i5468;items
o800;orders
i5469;items
i5470;items
i5471;items
i5472;items
i5473;items
i5474;items
i5475;items
i5476;items
i5477;items
i5478;items
i5479;items
o801;orders
i5480;items
i5481;items
i5482;items
i5483;items
i5484;items
i5485;items
i5486;items
i5487;items
i5488;items
i5489;items
i5490;items
o802;orders
i5491;items
i5492;items
i5493;items
i5494;items
i5495;items
i5496;items
i5497;items
i5498;items
i5499;items
i5500;items
i5501;items
i5502;items
o803;orders
i5503;items
i5504;items
i5505;items
i5506;items
i5507;items
i5508;items
i5509;items
i5510;items
i5511;items
i5512;items
i5513;items
i5514;items
i5515;items
i5516;items
i5517;items
i5518;items
o804;orders
i5519;items
i5520;items
i5521;items
i5522;items
i5523;items
i5524;items
i5525;items
i5526;items
i5527;items
i5528;items
i5529;items
i5530;items
i5531;items
i5532;items
i5533;items
i5534;items
i5535;items
i5536;items
o805;orders
i5537;items
i5538;items
i5539;items
i5540;items
i5541;items
i5542;items
i5543;items
i5544;items
i5545;items
o806;orders
i5546;items
i5547;items
i5548;items
i5549;items
i5550;items
i5551;items
i5552;items
i5553;items
i5554;items
i5555;items
i5556;items
i5557;items
i5558;items
i5559;items
i5560;items
o807;orders
i5561;items
i5562;items
i5563;items
i5564;items
i5565;items
i5566;items
o808;orders
i5567;items
i5568;items
i5569;items
i5570;items
i5571;items
i5572;items
o809;orders
i5573;items
i5574;items
i5575;items
i5576;items
i5577;items
i5578;items
i5579;items
i5580;items
i5581;items
i5582;items
i5583;items
i5584;items
o810;orders
i5585;items
i5586;items
i5587;items
i5588;items
i5589;items
i5590;items
i5591;items
i5592;items
i5593;items
i5594;items
i5595;items
i5596;items
i5597;items
o811;orders
i5598;items
i5599;items
i5600;items
i5601;items
i5602;items
i5603;items
i5604;items
i5605;items
o812;orders
i5606;items
i5607;items
i5608;items
i5609;items
i5610;items
i5611;items
i5612;items
i5613;items
i5614;items
o813;orders
i5615;items
i5616;items
i5617;items
i5618;items
i5619;items
i5620;items
i5621;items
i5622;items
i5623;items
i5624;items
i5625;items
i5626;items
o814;orders
i5627;items
i5628;items
i5629;items
i5630;items
i5631;items
i5632;items
i5633;items
o815;orders
i5634;items
i5635;items
i5636;items
i5637;items
i5638;items
i5639;items
i5640;items
i5641;items
i5642;items
o816;orders
i5643;items
i5644;items
i5645;items
i5646;items
i5647;items
i5648;items
i5649;items
i5650;items
i5651;items
o817;orders
i5652;items
i5653;items
i5654;items
i5655;items
i5656;items
i5657;items
i5658;items
i5659;items
i5660;items
i5661;items
o818;orders
i5662;items
i5663;items
i5664;items
i5665;items
i5666;items
i5667;items
i5668;items
i5669;items
o819;orders
i5670;items
i5671;items
i5672;items
i5673;items
i5674;items
i5675;items
i5676;items
i5677;items
i5678;items
i5679;items
o820;orders
i5680;items
i5681;items
i5682;items
i5683;items
i5684;items
i5685;items
i5686;items
i5687;items
i5688;items
i5689;items
o821;orders
i5690;items
i5691;items
i5692;items
i5693;items
i5694;items
i5695;items
i5696;items
i5697;items
o822;orders
i5698;items
i5699;items
i5700;items
i5701;items
i5702;items
i5703;items
i5704;items
i5705;items
i5706;items
i5707;items
o823;orders
i5708;items
i5709;items
i5710;items
i5711;items
i5712;items
i5713;items
i5714;items
i5715;items
i5716;items
i5717;items
i5718;items
o824;orders
i5719;items
i5720;items
i5721;items
i5722;items
i5723;items
i5724;items
i5725;items
i5726;items
i5727;items
i5728;items
i5729;items
i5730;items
i5731;items
i5732;items
o825;orders
i5733;items
i5734;items
i5735;items
i5736;items
i5737;items
i5738;items
i5739;items
i5740;items
o826;orders
i5741;items
i5742;items
i5743;items
i5744;items
i5745;items
i5746;items
i5747;items
i5748;items
i5749;items
i5750;items
i5751;items
i5752;items
i5753;items
i5754;items
i5755;items
o827;orders
i5756;items
i5757;items
i5758;items
i5759;items
i5760;items
i5761;items
i5762;items
o828;orders
i5763;items
i5764;items
i5765;items
i5766;items
i5767;items
i5768;items
i5769;items
i5770;items
i5771;items
o829;orders
i5772;items
i5773;items
i5774;items
i5775;items
i5776;items
i5777;items
i5778;items
i5779;items
i5780;items
o830;orders
i5781;items
i5782;items
i5783;items
i5784;items
i5785;items
i5786;items
i5787;items
i5788;items
i5789;items
i5790;items
i5791;items
o831;orders
i5792;items
i5793;items
i5794;items
i5795;items
i5796;items
i5797;items
i5798;items
i5799;items
i5800;items
i5801;items
i5802;items
i5803;items
o832;orders
i5804;items
i5805;items
i5806;items
i5807;items
i5808;items
i5809;items
i5810;items
i5811;items
i5812;items
o833;orders
i5813;items
i5814;items
i5815;items
i5816;items
i5817;items
i5818;items
i5819;items
i5820;items
i5821;items
i5822;items
i5823;items
o834;orders
i5824;items
i5825;items
i5826;items
i5827;items
i5828;items
i5829;items
i5830;items
i5831;items
i5832;items
i5833;items
i5834;items
o835;orders
i5835;items
i5836;items
i5837;items
i5838;items
i5839;items
i5840;items
i5841;items
i5842;items
i5843;items
o836;orders
i5844;items
i5845;items
i5846;items
i5847;items
i5848;items
i5849;items
o837;orders
i5850;items
i5851;items
i5852;items
i5853;items
i5854;items
i5855;items
i5856;items
i5857;items
i5858;items
i5859;items
i5860;items
i5861;items
o838;orders
i5862;items
i5863;items
i5864;items
i5865;items
i5866;items
i5867;items
o839;orders
i5868;items
i5869;items
i5870;items
i5871;items
i5872;items
i5873;items
i5874;items
o840;orders
i5875;items
i5876;items
i5877;items
i5878;items
i5879;items
i5880;items
i5881;items
i5882;items
i5883;items
i5884;items
o841;orders
i5885;items
i5886;items
i5887;items
i5888;items
i5889;items
i5890;items
i5891;items
i5892;items
i5893;items
i5894;items
o842;orders
i5895;items
i5896;items
i5897;items
i5898;items
i5899;items
i5900;items
i5901;items
i5902;items
i5903;items
i5904;items
i5905;items
i5906;items
o843;orders
i5907;items
i5908;items
i5909;items
i5910;items
i5911;items
i5912;items
i5913;items
i5914;items
i5915;items
i5916;items
i5917;items
i5918;items
i5919;items
i5920;items
i5921;items
o844;orders
i5922;items
i5923;items
i5924;items
i5925;items
i5926;items
i5927;items
i5928;items
i5929;items
i5930;items
i5931;items
i5932;items
i5933;items
i5934;items
i5935;items
o845;orders
i5936;items
i5937;items
i5938;items
i5939;items
i5940;items
i5941;items
i5942;items
i5943;items
i5944;items
i5945;items
i5946;items
i5947;items
i5948;items
i5949;items
o846;orders
i5950;items
i5951;items
i5952;items
i5953;items
i5954;items
i5955;items
i5956;items
i5957;items
i5958;items
o847;orders
i5959;items
i5960;items
i5961;items
i5962;items
i5963;items
i5964;items
i5965;items
i5966;items
i5967;items
i5968;items
i5969;items
i5970;items
i5971;items
i5972;items
o848;orders
i5973;items
i5974;items
i5975;items
i5976;items
i5977;items
i5978;items
i5979;items
i5980;items
i5981;items
i5982;items
i5983;items
i5984;items
i5985;items
o849;orders
i5986;items
i5987;items
i5988;items
i5989;items
i5990;items
i5991;items
i5992;items
i5993;items
i5994;items
i5995;items
i5996;items
i5997;items
o850;orders
i5998;items
i5999;items
i6000;items
i6001;items
i6002;items
o851;orders
i6003;items
i6004;items
i6005;items
i6006;items
o852;orders
i6007;items
i6008;items
i6009;items
i6010;items
i6011;items
i6012;items
i6013;items
i6014;items
i6015;items
i6016;items
i6017;items
i6018;items
i6019;items
i6020;items
i6021;items
o853;orders
i6022;items
i6023;items
i6024;items
i6025;items
i6026;items
i6027;items
i6028;items
i6029;items
i6030;items
i6031;items
i6032;items
i6033;items
o854;orders
i6034;items
i6035;items
i6036;items
i6037;items
i6038;items
i6039;items
i6040;items
i6041;items
i6042;items
i6043;items
i6044;items
o855;orders
i6045;items
i6046;items
i6047;items
i6048;items
o856;orders
i6049;items
i6050;items
i6051;items
i6052;items
i6053;items
i6054;items
i6055;items
i6056;items
i6057;items
i6058;items
i6059;items
o857;orders
i6060;items
i6061;items
i6062;items
i6063;items
i6064;items
i6065;items
i6066;items
i6067;items
i6068;items
o858;orders
i6069;items
i6070;items
i6071;items
i6072;items
i6073;items
i6074;items
i6075;items
i6076;items
i6077;items
i6078;items
i6079;items
o859;orders
i6080;items
i6081;items
i6082;items
i6083;items
i6084;items
i6085;items
i6086;items
i6087;items
i6088;items
o860;orders
i6089;items
i6090;items
i6091;items
i6092;items
i6093;items
i6094;items
i6095;items
i6096;items
i6097;items
i6098;items
i6099;items
i6100;items
i6101;items
o861;orders
i6102;items
i6103;items
i6104;items
i6105;items
i6106;items
i6107;items
i6108;items
i6109;items
i6110;items
i6111;items
i6112;items
i6113;items
i6114;items
i6115;items
i6116;items
i6117;items
o862;orders
i6118;items
i6119;items
i6120;items
i6121;items
i6122;items
i6123;items
i6124;items
i6125;items
i6126;items
o863;orders
i6127;items
i6128;items
i6129;items
i6130;items
i6131;items
i6132;items
i6133;items
i6134;items
i6135;items
i6136;items
i6137;items
i6138;items
i6139;items
i6140;items
i6141;items
o864;orders
i6142;items
i6143;items
i6144;items
i6145;items
i6146;items
i6147;items
i6148;items
i6149;items
i6150;items
i6151;items
i6152;items
i6153;items
i6154;items
i6155;items
i6156;items
o865;orders
i6157;items
i6158;items
i6159;items
i6160;items
i6161;items
i6162;items
i6163;items
i6164;items
i6165;items
i6166;items
i6167;items
i6168;items
i6169;items
o866;orders
i6170;items
i6171;items
i6172;items
i6173;items
i6174;items
i6175;items
i6176;items
i6177;items
i6178;items
i6179;items
i6180;items
i6181;items
i6182;items
i6183;items
i6184;items
o867;orders
i6185;items
i6186;items
i6187;items
i6188;items
i6189;items
i6190;items
i6191;items
i6192;items
i6193;items
i6194;items
i6195;items
i6196;items
o868;orders
i6197;items
i6198;items
i6199;items
i6200;items
i6201;items
i6202;items
i6203;items
i6204;items
i6205;items
i6206;items
i6207;items
i6208;items
i6209;items
i6210;items
i6211;items
i6212;items
i6213;items
i6214;items
i6215;items
o869;orders
i6216;items
i6217;items
i6218;items
i6219;items
i6220;items
i6221;items
i6222;items
i6223;items
o870;orders
i6224;items
i6225;items
i6226;items
i6227;items
i6228;items
i6229;items
i6230;items
i6231;items
i6232;items
i6233;items
i6234;items
i6235;items
o871;orders
i6236;items
i6237;items
i6238;items
i6239;items
i6240;items
i6241;items
i6242;items
i6243;items
i6244;items
i6245;items
i6246;items
o872;orders
i6247;items
i6248;items
i6249;items
i6250;items
i6251;items
i6252;items
i6253;items
i6254;items
o873;orders
i6255;items
i6256;items
i6257;items
i6258;items
i6259;items
i6260;items
i6261;items
i6262;items
i6263;items
i6264;items
i6265;items
i6266;items
i6267;items
o874;orders
i6268;items
i6269;items
i6270;items
i6271;items
i6272;items
i6273;items
i6274;items
i6275;items
i6276;items
i6277;items
i6278;items
i6279;items
i6280;items
i6281;items
i6282;items
i6283;items
o875;orders
i6284;items
i6285;items
i6286;items
i6287;items
i6288;items
i6289;items
i6290;items
i6291;items
i6292;items
i6293;items
i6294;items
i6295;items
i6296;items
o876;orders
i6297;items
i6298;items
i6299;items
i6300;items
i6301;items
i6302;items
i6303;items
i6304;items
i6305;items
i6306;items
i6307;items
i6308;items
o877;orders
i6309;items
i6310;items
i6311;items
i6312;items
i6313;items
i6314;items
i6315;items
i6316;items
i6317;items
i6318;items
i6319;items
i6320;items
i6321;items
i6322;items
i6323;items
i6324;items
i6325;items
o878;orders
i6326;items
i6327;items
i6328;items
i6329;items
i6330;items
i6331;items
i6332;items
i6333;items
i6334;items
i6335;items
i6336;items
i6337;items
i6338;items
i6339;items
o879;orders
i6340;items
i6341;items
i6342;items
i6343;items
i6344;items
i6345;items
i6346;items
i6347;items
i6348;items
i6349;items
i6350;items
o880;orders
i6351;items
i6352;items
i6353;items
i6354;items
i6355;items
i6356;items
i6357;items
i6358;items
i6359;items
i6360;items
i6361;items
i6362;items
i6363;items
i6364;items
o881;orders
i6365;items
i6366;items
i6367;items
i6368;items
i6369;items
i6370;items
i6371;items
i6372;items
i6373;items
i6374;items
i6375;items
i6376;items
o882;orders
i6377;items
i6378;items
i6379;items
i6380;items
i6381;items
i6382;items
i6383;items
i6384;items
i6385;items
i6386;items
i6387;items
i6388;items
i6389;items
i6390;items
o883;orders
i6391;items
i6392;items
i6393;items
i6394;items
i6395;items
i6396;items
i6397;items
i6398;items
i6399;items
o884;orders
i6400;items
i6401;items
i6402;items
i6403;items
i6404;items
i6405;items
i6406;items
i6407;items
i6408;items
i6409;items
i6410;items
i6411;items
i6412;items
i6413;items
i6414;items
o885;orders
i6415;items
i6416;items
i6417;items
i6418;items
i6419;items
i6420;items
i6421;items
i6422;items
i6423;items
i6424;items
i6425;items
i6426;items
i6427;items
i6428;items
i6429;items
i6430;items
i6431;items
o886;orders
i6432;items
i6433;items
i6434;items
i6435;items
i6436;items
i6437;items
o887;orders
i6438;items
i6439;items
i6440;items
i6441;items
i6442;items
i6443;items
i6444;items
i6445;items
o888;orders
i6446;items
i6447;items
i6448;items
i6449;items
i6450;items
i6451;items
i6452;items
i6453;items
i6454;items
i6455;items
i6456;items
i6457;items
o889;orders
i6458;items
i6459;items
i6460;items
i6461;items
i6462;items
i6463;items
i6464;items
i6465;items
i6466;items
i6467;items
i6468;items
i6469;items
i6470;items
i6471;items
i6472;items
i6473;items
o890;orders
i6474;items
i6475;items
i6476;items
i6477;items
i6478;items
i6479;items
o891;orders
i6480;items
i6481;items
i6482;items
i6483;items
i6484;items
i6485;items
i6486;items
i6487;items
i6488;items
o892;orders
i6489;items
i6490;items
i6491;items
i6492;items
i6493;items
i6494;items
i6495;items
i6496;items
i6497;items
o893;orders
i6498;items
i6499;items
i6500;items
i6501;items
i6502;items
i6503;items
i6504;items
i6505;items
i6506;items
o894;orders
i6507;items
i6508;items
i6509;items
i6510;items
i6511;items
i6512;items
i6513;items
i6514;items
i6515;items
i6516;items
i6517;items
o895;orders
i6518;items
i6519;items
i6520;items
i6521;items
i6522;items
i6523;items
i6524;items
i6525;items
i6526;items
i6527;items
i6528;items
i6529;items
i6530;items
i6531;items
i6532;items
o896;orders
i6533;items
i6534;items
i6535;items
i6536;items
i6537;items
i6538;items
i6539;items
i6540;items
o897;orders
i6541;items
i6542;items
i6543;items
i6544;items
i6545;items
i6546;items
i6547;items
o898;orders
i6548;items
i6549;items
i6550;items
i6551;items
i6552;items
i6553;items
i6554;items
i6555;items
i6556;items
i6557;items
i6558;items
i6559;items
o899;orders
i6560;items
i6561;items
i6562;items
i6563;items
i6564;items
i6565;items
i6566;items
i6567;items
i6568;items
i6569;items
o900;orders
i6570;items
i6571;items
i6572;items
i6573;items
i6574;items
i6575;items
i6576;items
i6577;items
i6578;items
i6579;items
i6580;items
i6581;items
o901;orders
i6582;items
i6583;items
i6584;items
i6585;items
i6586;items
i6587;items
i6588;items
o902;orders
i6589;items
i6590;items
i6591;items
i6592;items
i6593;items
i6594;items
i6595;items
o903;orders
i6596;items
i6597;items
i6598;items
i6599;items
i6600;items
i6601;items
i6602;items
i6603;items
i6604;items
i6605;items
i6606;items
o904;orders
i6607;items
i6608;items
i6609;items
i6610;items
i6611;items
i6612;items
i6613;items
i6614;items
i6615;items
i6616;items
i6617;items
i6618;items
o905;orders
i6619;items
i6620;items
i6621;items
i6622;items
i6623;items
i6624;items
i6625;items
i6626;items
i6627;items
i6628;items
i6629;items
i6630;items
i6631;items
i6632;items
i6633;items
o906;orders
i6634;items
i6635;items
i6636;items
i6637;items
i6638;items
i6639;items
o907;orders
i6640;items
i6641;items
i6642;items
i6643;items
i6644;items
i6645;items
i6646;items
i6647;items
i6648;items
i6649;items
i6650;items
i6651;items
o908;orders
i6652;items
i6653;items
i6654;items
i6655;items
i6656;items
i6657;items
i6658;items
i6659;items
i6660;items
i6661;items
i6662;items
o909;orders
i6663;items
i6664;items
i6665;items
i6666;items
i6667;items
i6668;items
i6669;items
i6670;items
i6671;items
o910;orders
i6672;items
i6673;items
i6674;items
i6675;items
i6676;items
i6677;items
i6678;items
i6679;items
i6680;items
o911;orders
i6681;items
i6682;items
i6683;items
i6684;items
i6685;items
i6686;items
i6687;items
i6688;items
i6689;items
i6690;items
i6691;items
i6692;items
o912;orders
i6693;items
i6694;items
i6695;items
i6696;items
i6697;items
i6698;items
i6699;items
i6700;items
i6701;items
i6702;items
i6703;items
i6704;items
i6705;items
i6706;items
o913;orders
i6707;items
i6708;items
i6709;items
i6710;items
i6711;items
i6712;items
i6713;items
i6714;items
i6715;items
i6716;items
i6717;items
o914;orders
i6718;items
i6719;items
i6720;items
i6721;items
i6722;items
i6723;items
i6724;items
i6725;items
i6726;items
i6727;items
i6728;items
o915;orders
i6729;items
i6730;items
i6731;items
i6732;items
i6733;items
i6734;items
i6735;items
i6736;items
i6737;items
i6738;items
i6739;items
i6740;items
i6741;items
i6742;items
i6743;items
o916;orders
i6744;items
i6745;items
i6746;items
i6747;items
i6748;items
i6749;items
i6750;items
i6751;items
i6752;items
i6753;items
i6754;items
i6755;items
i6756;items
o917;orders
i6757;items
i6758;items
i6759;items
i6760;items
i6761;items
i6762;items
i6763;items
i6764;items
i6765;items
i6766;items
i6767;items
i6768;items
i6769;items
i6770;items
o918;orders
i6771;items
i6772;items
i6773;items
i6774;items
i6775;items
i6776;items
i6777;items
i6778;items
i6779;items
i6780;items
i6781;items
i6782;items
i6783;items
o919;orders
i6784;items
i6785;items
i6786;items
i6787;items
i6788;items
i6789;items
i6790;items
i6791;items
i6792;items
i6793;items
i6794;items
i6795;items
i6796;items
i6797;items
i6798;items
i6799;items
i6800;items
i6801;items
i6802;items
i6803;items
i6804;items
o920;orders
i6805;items
i6806;items
i6807;items
i6808;items
i6809;items
i6810;items
i6811;items
i6812;items
i6813;items
i6814;items
o921;orders
i6815;items
i6816;items
i6817;items
i6818;items
i6819;items
i6820;items
i6821;items
i6822;items
i6823;items
i6824;items
i6825;items
i6826;items
o922;orders
i6827;items
i6828;items
i6829;items
i6830;items
i6831;items
i6832;items
i6833;items
i6834;items
i6835;items
i6836;items
i6837;items
i6838;items
i6839;items
i6840;items
i6841;items
o923;orders
i6842;items
i6843;items
i6844;items
i6845;items
i6846;items
i6847;items
i6848;items
i6849;items
i6850;items
i6851;items
i6852;items
i6853;items
i6854;items
o924;orders
i6855;items
i6856;items
i6857;items
i6858;items
i6859;items
i6860;items
o925;orders
i6861;items
i6862;items
i6863;items
i6864;items
i6865;items
i6866;items
i6867;items
i6868;items
i6869;items
i6870;items
i6871;items
i6872;items
o926;orders
i6873;items
i6874;items
i6875;items
i6876;items
i6877;items
i6878;items
i6879;items
i6880;items
i6881;items
i6882;items
i6883;items
o927;orders
i6884;items
i6885;items
i6886;items
i6887;items
i6888;items
i6889;items
i6890;items
i6891;items
i6892;items
i6893;items
i6894;items
i6895;items
i6896;items
i6897;items
o928;orders
i6898;items
i6899;items
i6900;items
i6901;items
i6902;items
i6903;items
i6904;items
i6905;items
i6906;items
i6907;items
i6908;items
i6909;items
o929;orders
i6910;items
i6911;items
i6912;items
i6913;items
i6914;items
i6915;items
i6916;items
i6917;items
i6918;items
i6919;items
i6920;items
i6921;items
i6922;items
i6923;items
i6924;items
i6925;items
i6926;items
o930;orders
i6927;items
i6928;items
i6929;items
i6930;items
i6931;items
i6932;items
o931;orders
i6933;items
i6934;items
i6935;items
i6936;items
i6937;items
i6938;items
i6939;items
i6940;items
i6941;items
i6942;items
i6943;items
i6944;items
i6945;items
i6946;items
i6947;items
o932;orders
i6948;items
i6949;items
i6950;items
i6951;items
i6952;items
i6953;items
i6954;items
i6955;items
i6956;items
i6957;items
o933;orders
i6958;items
i6959;items
i6960;items
i6961;items
i6962;items
i6963;items
i6964;items
i6965;items
i6966;items
i6967;items
i6968;items
i6969;items
i6970;items
i6971;items
o934;orders
i6972;items
i6973;items
i6974;items
i6975;items
i6976;items
i6977;items
i6978;items
i6979;items
i6980;items
i6981;items
i6982;items
i6983;items
i6984;items
i6985;items
i6986;items
i6987;items
o935;orders
i6988;items
i6989;items
i6990;items
i6991;items
i6992;items
i6993;items
i6994;items
i6995;items
i6996;items
i6997;items
i6998;items
i6999;items
i7000;items
o936;orders
i7001;items
i7002;items
i7003;items
i7004;items
i7005;items
i7006;items
i7007;items
i7008;items
i7009;items
i7010;items
i7011;items
i7012;items
i7013;items
i7014;items
i7015;items
o937;orders
i7016;items
i7017;items
i7018;items
i7019;items
i7020;items
i7021;items
i7022;items
i7023;items
i7024;items
i7025;items
i7026;items
i7027;items
o938;orders
i7028;items
i7029;items
i7030;items
i7031;items
i7032;items
i7033;items
i7034;items
i7035;items
i7036;items
i7037;items
i7038;items
i7039;items
i7040;items
o939;orders
i7041;items
i7042;items
i7043;items
i7044;items
i7045;items
i7046;items
i7047;items
i7048;items
i7049;items
i7050;items
i7051;items
i7052;items
i7053;items
i7054;items
o940;orders
i7055;items
i7056;items
i7057;items
i7058;items
i7059;items
i7060;items
i7061;items
i7062;items
i7063;items
i7064;items
i7065;items
i7066;items
i7067;items
i7068;items
o941;orders
i7069;items
i7070;items
i7071;items
i7072;items
i7073;items
i7074;items
i7075;items
i7076;items
o942;orders
i7077;items
i7078;items
i7079;items
i7080;items
i7081;items
i7082;items
i7083;items
i7084;items
i7085;items
i7086;items
i7087;items
i7088;items
i7089;items
i7090;items
i7091;items
o943;orders
i7092;items
i7093;items
i7094;items
i7095;items
i7096;items
i7097;items
i7098;items
i7099;items
i7100;items
i7101;items
i7102;items
i7103;items
o944;orders
i7104;items
i7105;items
i7106;items
i7107;items
i7108;items
i7109;items
i7110;items
i7111;items
i7112;items
i7113;items
i7114;items
i7115;items
i7116;items
o945;orders
i7117;items
i7118;items
i7119;items
i7120;items
i7121;items
i7122;items
i7123;items
i7124;items
i7125;items
i7126;items
i7127;items
i7128;items
i7129;items
i7130;items
i7131;items
i7132;items
i7133;items
i7134;items
o946;orders
i7135;items
i7136;items
i7137;items
i7138;items
i7139;items
i7140;items
i7141;items
i7142;items
i7143;items
i7144;items
i7145;items
i7146;items
i7147;items
i7148;items
i7149;items
i7150;items
o947;orders
i7151;items
i7152;items
i7153;items
i7154;items
i7155;items
i7156;items
i7157;items
i7158;items
i7159;items
i7160;items
i7161;items
i7162;items
i7163;items
i7164;items
i7165;items
o948;orders
i7166;items
i7167;items
i7168;items
i7169;items
i7170;items
i7171;items
i7172;items
i7173;items
i7174;items
i7175;items
i7176;items
i7177;items
i7178;items
i7179;items
i7180;items
o949;orders
i7181;items
i7182;items
i7183;items
i7184;items
i7185;items
i7186;items
i7187;items
i7188;items
i7189;items
i7190;items
i7191;items
i7192;items
i7193;items
o950;orders
i7194;items
i7195;items
i7196;items
i7197;items
i7198;items
i7199;items
i7200;items
i7201;items
i7202;items
i7203;items
i7204;items
o951;orders
i7205;items
i7206;items
i7207;items
i7208;items
i7209;items
i7210;items
i7211;items
i7212;items
i7213;items
o952;orders
i7214;items
i7215;items
i7216;items
i7217;items
i7218;items
i7219;items
i7220;items
i7221;items
i7222;items
i7223;items
i7224;items
i7225;items
o953;orders
i7226;items
i7227;items
i7228;items
i7229;items
i7230;items
i7231;items
i7232;items
i7233;items
i7234;items
i7235;items
i7236;items
i7237;items
i7238;items
i7239;items
i7240;items
o954;orders
i7241;items
i7242;items
i7243;items
i7244;items
i7245;items
i7246;items
i7247;items
i7248;items
o955;orders
i7249;items
i7250;items
i7251;items
i7252;items
i7253;items
i7254;items
i7255;items
o956;orders
i7256;items
i7257;items
i7258;items
i7259;items
i7260;items
i7261;items
i7262;items
i7263;items
i7264;items
i7265;items
i7266;items
i7267;items
i7268;items
i7269;items
i7270;items
i7271;items
i7272;items
i7273;items
i7274;items
i7275;items
i7276;items
o957;orders
i7277;items
i7278;items
i7279;items
i7280;items
i7281;items
i7282;items
i7283;items
i7284;items
i7285;items
i7286;items
i7287;items
i7288;items
i7289;items
i7290;items
o958;orders
i7291;items
i7292;items
i7293;items
i7294;items
i7295;items
i7296;items
i7297;items
i7298;items
i7299;items
i7300;items
i7301;items
i7302;items
i7303;items
o959;orders
i7304;items
i7305;items
i7306;items
i7307;items
i7308;items
i7309;items
i7310;items
i7311;items
i7312;items
i7313;items
i7314;items
i7315;items
i7316;items
i7317;items
o960;orders
i7318;items
i7319;items
i7320;items
i7321;items
i7322;items
i7323;items
i7324;items
o961;orders
i7325;items
i7326;items
i7327;items
i7328;items
i7329;items
i7330;items
i7331;items
i7332;items
i7333;items
i7334;items
i7335;items
i7336;items
i7337;items
i7338;items
o962;orders
i7339;items
i7340;items
i7341;items
i7342;items
i7343;items
i7344;items
i7345;items
i7346;items
i7347;items
i7348;items
i7349;items
i7350;items
i7351;items
i7352;items
i7353;items
i7354;items
o963;orders
i7355;items
i7356;items
i7357;items
i7358;items
i7359;items
i7360;items
i7361;items
i7362;items
i7363;items
i7364;items
i7365;items
i7366;items
i7367;items
i7368;items
i7369;items
i7370;items
i7371;items
i7372;items
i7373;items
i7374;items
o964;orders
i7375;items
i7376;items
i7377;items
i7378;items
i7379;items
i7380;items
i7381;items
i7382;items
i7383;items
i7384;items
i7385;items
o965;orders
i7386;items
i7387;items
i7388;items
i7389;items
i7390;items
i7391;items
i7392;items
i7393;items
i7394;items
i7395;items
i7396;items
i7397;items
i7398;items
i7399;items
i7400;items
i7401;items
o966;orders
i7402;items
i7403;items
i7404;items
i7405;items
i7406;items
i7407;items
i7408;items
i7409;items
i7410;items
i7411;items
i7412;items
i7413;items
o967;orders
i7414;items
i7415;items
i7416;items
i7417;items
i7418;items
i7419;items
i7420;items
i7421;items
i7422;items
i7423;items
i7424;items
i7425;items
i7426;items
i7427;items
o968;orders
i7428;items
i7429;items
i7430;items
i7431;items
i7432;items
i7433;items
i7434;items
i7435;items
i7436;items
i7437;items
i7438;items
i7439;items
o969;orders
i7440;items
i7441;items
i7442;items
i7443;items
i7444;items
i7445;items
i7446;items
i7447;items
i7448;items
i7449;items
i7450;items
i7451;items
i7452;items
i7453;items
i7454;items
i7455;items
o970;orders
i7456;items
i7457;items
i7458;items
i7459;items
i7460;items
i7461;items
i7462;items
i7463;items
i7464;items
i7465;items
i7466;items
o971;orders
i7467;items
i7468;items
i7469;items
i7470;items
i7471;items
i7472;items
i7473;items
i7474;items
i7475;items
i7476;items
i7477;items
o972;orders
i7478;items
i7479;items
i7480;items
i7481;items
i7482;items
i7483;items
i7484;items
i7485;items
i7486;items
i7487;items
i7488;items
i7489;items
i7490;items
i7491;items
i7492;items
i7493;items
o973;orders
i7494;items
i7495;items
i7496;items
i7497;items
i7498;items
i7499;items
i7500;items
i7501;items
i7502;items
i7503;items
i7504;items
i7505;items
i7506;items
i7507;items
i7508;items
i7509;items
i7510;items
i7511;items
o974;orders
i7512;items
i7513;items
i7514;items
i7515;items
i7516;items
i7517;items
i7518;items
i7519;items
i7520;items
i7521;items
o975;orders
i7522;items
i7523;items
i7524;items
i7525;items
i7526;items
i7527;items
i7528;items
i7529;items
i7530;items
i7531;items
i7532;items
i7533;items
i7534;items
o976;orders
i7535;items
i7536;items
i7537;items
i7538;items
i7539;items
i7540;items
i7541;items
i7542;items
i7543;items
i7544;items
i7545;items
i7546;items
o977;orders
i7547;items
i7548;items
i7549;items
i7550;items
i7551;items
i7552;items
i7553;items
i7554;items
i7555;items
i7556;items
i7557;items
i7558;items
i7559;items
i7560;items
i7561;items
i7562;items
i7563;items
i7564;items
o978;orders
i7565;items
i7566;items
i7567;items
i7568;items
i7569;items
i7570;items
i7571;items
i7572;items
i7573;items
i7574;items
i7575;items
i7576;items
i7577;items
o979;orders
i7578;items
i7579;items
i7580;items
i7581;items
i7582;items
i7583;items
i7584;items
i7585;items
i7586;items
i7587;items
i7588;items
i7589;items
i7590;items
i7591;items
i7592;items
i7593;items
i7594;items
i7595;items
i7596;items
o980;orders
i7597;items
i7598;items
i7599;items
i7600;items
i7601;items
i7602;items
i7603;items
i7604;items
i7605;items
i7606;items
o981;orders
i7607;items
i7608;items
i7609;items
i7610;items
i7611;items
i7612;items
i7613;items
i7614;items
i7615;items
i7616;items
i7617;items
i7618;items
i7619;items
i7620;items
i7621;items
o982;orders
i7622;items
i7623;items
i7624;items
i7625;items
i7626;items
i7627;items
i7628;items
i7629;items
i7630;items
i7631;items
i7632;items
i7633;items
i7634;items
i7635;items
i7636;items
o983;orders
i7637;items
i7638;items
i7639;items
i7640;items
i7641;items
i7642;items
i7643;items
i7644;items
i7645;items
i7646;items
i7647;items
i7648;items
i7649;items
i7650;items
i7651;items
i7652;items
i7653;items
i7654;items
i7655;items
o984;orders
i7656;items
i7657;items
i7658;items
i7659;items
i7660;items
i7661;items
i7662;items
i7663;items
i7664;items
i7665;items
i7666;items
i7667;items
o985;orders
i7668;items
i7669;items
i7670;items
i7671;items
i7672;items
i7673;items
i7674;items
i7675;items
i7676;items
i7677;items
i7678;items
o986;orders
i7679;items
i7680;items
i7681;items
i7682;items
i7683;items
i7684;items
i7685;items
i7686;items
i7687;items
i7688;items
i7689;items
o987;orders
i7690;items
i7691;items
i7692;items
i7693;items
i7694;items
i7695;items
i7696;items
i7697;items
i7698;items
i7699;items
i7700;items
o988;orders
i7701;items
i7702;items
i7703;items
i7704;items
i7705;items
i7706;items
i7707;items
i7708;items
i7709;items
i7710;items
i7711;items
i7712;items
i7713;items
o989;orders
i7714;items
i7715;items
i7716;items
i7717;items
i7718;items
i7719;items
i7720;items
i7721;items
i7722;items
i7723;items
i7724;items
i7725;items
i7726;items
o990;orders
i7727;items
i7728;items
i7729;items
i7730;items
i7731;items
i7732;items
i7733;items
i7734;items
i7735;items
i7736;items
o991;orders
i7737;items
i7738;items
i7739;items
i7740;items
i7741;items
o992;orders
i7742;items
i7743;items
i7744;items
i7745;items
i7746;items
i7747;items
i7748;items
i7749;items
i7750;items
i7751;items
i7752;items
i7753;items
i7754;items
i7755;items
i7756;items
o993;orders
i7757;items
i7758;items
i7759;items
i7760;items
i7761;items
i7762;items
i7763;items
i7764;items
i7765;items
i7766;items
i7767;items
o994;orders
i7768;items
i7769;items
i7770;items
i7771;items
i7772;items
i7773;items
i7774;items
i7775;items
i7776;items
i7777;items
i7778;items
i7779;items
i7780;items
i7781;items
i7782;items
i7783;items
o995;orders
i7784;items
i7785;items
i7786;items
i7787;items
i7788;items
i7789;items
i7790;items
i7791;items
i7792;items
i7793;items
o996;orders
i7794;items
i7795;items
i7796;items
i7797;items
i7798;items
i7799;items
i7800;items
i7801;items
i7802;items
i7803;items
i7804;items
i7805;items
i7806;items
i7807;items
o997;orders
i7808;items
i7809;items
i7810;items
i7811;items
i7812;items
i7813;items
i7814;items
i7815;items
o998;orders
i7816;items
i7817;items
i7818;items
i7819;items
i7820;items
i7821;items
i7822;items
i7823;items
i7824;items
i7825;items
i7826;items
i7827;items
i7828;items
i7829;items
i7830;items
i7831;items
o999;orders
i7832;items
i7833;items
i7834;items
i7835;items
i7836;items
i7837;items
i7838;items
i7839;items
i7840;items
i7841;items
i7842;items
i7843;items
i7844;items
o1000;orders
i7845;items
i7846;items
i7847;items
i7848;items
i7849;items
i7850;items
i7851;items
i7852;items
i7853;items
i7854;items
i7855;items
o1001;orders
i7856;items
i7857;items
i7858;items
i7859;items
i7860;items
i7861;items
i7862;items
i7863;items
o1002;orders
i7864;items
i7865;items
i7866;items
i7867;items
i7868;items
i7869;items
i7870;items
i7871;items
i7872;items
i7873;items
i7874;items
i7875;items
i7876;items
i7877;items
o1003;orders
i7878;items
i7879;items
i7880;items
i7881;items
i7882;items
i7883;items
i7884;items
i7885;items
i7886;items
i7887;items
i7888;items
i7889;items
i7890;items
i7891;items
i7892;items
i7893;items
o1004;orders
i7894;items
i7895;items
i7896;items
i7897;items
i7898;items
i7899;items
i7900;items
i7901;items
i7902;items
i7903;items
i7904;items
i7905;items
o1005;orders
i7906;items
i7907;items
i7908;items
i7909;items
i7910;items
i7911;items
i7912;items
i7913;items
o1006;orders
i7914;items
i7915;items
i7916;items
i7917;items
i7918;items
i7919;items
i7920;items
i7921;items
i7922;items
i7923;items
i7924;items
i7925;items
i7926;items
i7927;items
i7928;items
i7929;items
i7930;items
i7931;items
i7932;items
o1007;orders
i7933;items
i7934;items
i7935;items
i7936;items
i7937;items
i7938;items
i7939;items
i7940;items
i7941;items
i7942;items
i7943;items
i7944;items
i7945;items
i7946;items
i7947;items
i7948;items
i7949;items
o1008;orders
i7950;items
i7951;items
i7952;items
i7953;items
i7954;items
i7955;items
i7956;items
i7957;items
i7958;items
i7959;items
i7960;items
i7961;items
i7962;items
i7963;items
o1009;orders
i7964;items
i7965;items
i7966;items
i7967;items
i7968;items
i7969;items
i7970;items
i7971;items
i7972;items
i7973;items
i7974;items
i7975;items
i7976;items
o1010;orders
i7977;items
i7978;items
i7979;items
i7980;items
i7981;items
i7982;items
i7983;items
i7984;items
i7985;items
i7986;items
i7987;items
o1011;orders
i7988;items
i7989;items
i7990;items
i7991;items
i7992;items
i7993;items
i7994;items
i7995;items
i7996;items
i7997;items
i7998;items
i7999;items
i8000;items
i8001;items
i8002;items
o1012;orders
i8003;items
i8004;items
i8005;items
i8006;items
i8007;items
i8008;items
i8009;items
i8010;items
i8011;items
i8012;items
i8013;items
i8014;items
i8015;items
i8016;items
i8017;items
o1013;orders
i8018;items
i8019;items
i8020;items
i8021;items
i8022;items
i8023;items
i8024;items
i8025;items
i8026;items
o1014;orders
i8027;items
i8028;items
i8029;items
i8030;items
i8031;items
i8032;items
i8033;items
i8034;items
i8035;items
i8036;items
i8037;items
i8038;items
i8039;items
i8040;items
i8041;items
i8042;items
o1015;orders
i8043;items
i8044;items
i8045;items
i8046;items
i8047;items
i8048;items
i8049;items
o1016;orders
i8050;items
i8051;items
i8052;items
i8053;items
i8054;items
i8055;items
i8056;items
i8057;items
i8058;items
i8059;items
i8060;items
i8061;items
i8062;items
i8063;items
i8064;items
i8065;items
i8066;items
i8067;items
i8068;items
o1017;orders
i8069;items
i8070;items
i8071;items
i8072;items
i8073;items
i8074;items
i8075;items
i8076;items
i8077;items
o1018;orders
i8078;items
i8079;items
i8080;items
i8081;items
i8082;items
i8083;items
i8084;items
i8085;items
i8086;items
i8087;items
i8088;items
i8089;items
i8090;items
i8091;items
i8092;items
o1019;orders
i8093;items
i8094;items
i8095;items
i8096;items
i8097;items
i8098;items
i8099;items
i8100;items
i8101;items
i8102;items
i8103;items
i8104;items
i8105;items
i8106;items
i8107;items
i8108;items
i8109;items
i8110;items
i8111;items
o1020;orders
i8112;items
i8113;items
i8114;items
i8115;items
i8116;items
i8117;items
i8118;items
i8119;items
i8120;items
i8121;items
i8122;items
i8123;items
i8124;items
i8125;items
i8126;items
i8127;items
o1021;orders
i8128;items
i8129;items
i8130;items
i8131;items
i8132;items
i8133;items
i8134;items
i8135;items
i8136;items
i8137;items
i8138;items
i8139;items
i8140;items
i8141;items
i8142;items
i8143;items
i8144;items
i8145;items
o1022;orders
i8146;items
i8147;items
i8148;items
i8149;items
i8150;items
i8151;items
i8152;items
i8153;items
o1023;orders
i8154;items
i8155;items
i8156;items
i8157;items
i8158;items
i8159;items
i8160;items
i8161;items
i8162;items
i8163;items
i8164;items
i8165;items
i8166;items
i8167;items
i8168;items
o1024;orders
i8169;items
i8170;items
i8171;items
i8172;items
i8173;items
i8174;items
i8175;items
i8176;items
i8177;items
i8178;items
o1025;orders
i8179;items
i8180;items
i8181;items
i8182;items
i8183;items
i8184;items
i8185;items
i8186;items
i8187;items
i8188;items
i8189;items
o1026;orders
i8190;items
i8191;items
i8192;items
i8193;items
i8194;items
i8195;items
i8196;items
i8197;items
i8198;items
i8199;items
i8200;items
i8201;items
i8202;items
i8203;items
i8204;items
i8205;items
i8206;items
o1027;orders
i8207;items
i8208;items
i8209;items
i8210;items
i8211;items
i8212;items
i8213;items
i8214;items
o1028;orders
i8215;items
i8216;items
i8217;items
i8218;items
i8219;items
i8220;items
i8221;items
i8222;items
i8223;items
i8224;items
i8225;items
i8226;items
i8227;items
i8228;items
i8229;items
o1029;orders
i8230;items
i8231;items
i8232;items
i8233;items
i8234;items
i8235;items
i8236;items
i8237;items
i8238;items
i8239;items
i8240;items
i8241;items
i8242;items
i8243;items
i8244;items
i8245;items
i8246;items
o1030;orders
i8247;items
i8248;items
i8249;items
i8250;items
i8251;items
i8252;items
i8253;items
i8254;items
i8255;items
i8256;items
i8257;items
i8258;items
i8259;items
i8260;items
o1031;orders
i8261;items
i8262;items
i8263;items
i8264;items
i8265;items
i8266;items
i8267;items
i8268;items
i8269;items
i8270;items
i8271;items
i8272;items
i8273;items
i8274;items
o1032;orders
i8275;items
i8276;items
i8277;items
i8278;items
i8279;items
i8280;items
i8281;items
i8282;items
i8283;items
i8284;items
i8285;items
o1033;orders
i8286;items
i8287;items
i8288;items
i8289;items
i8290;items
i8291;items
i8292;items
i8293;items
i8294;items
i8295;items
i8296;items
i8297;items
i8298;items
o1034;orders
i8299;items
i8300;items
i8301;items
i8302;items
i8303;items
i8304;items
i8305;items
i8306;items
i8307;items
i8308;items
i8309;items
i8310;items
i8311;items
i8312;items
i8313;items
o1035;orders
i8314;items
i8315;items
i8316;items
i8317;items
i8318;items
i8319;items
i8320;items
i8321;items
i8322;items
i8323;items
i8324;items
i8325;items
i8326;items
i8327;items
i8328;items
i8329;items
i8330;items
i8331;items
o1036;orders
i8332;items
i8333;items
i8334;items
i8335;items
i8336;items
i8337;items
i8338;items
i8339;items
i8340;items
i8341;items
o1037;orders
i8342;items
i8343;items
i8344;items
i8345;items
i8346;items
i8347;items
i8348;items
i8349;items
i8350;items
i8351;items
i8352;items
i8353;items
i8354;items
i8355;items
o1038;orders
i8356;items
i8357;items
i8358;items
i8359;items
i8360;items
i8361;items
i8362;items
i8363;items
o1039;orders
i8364;items
i8365;items
i8366;items
i8367;items
i8368;items
i8369;items
i8370;items
i8371;items
i8372;items
i8373;items
i8374;items
i8375;items
i8376;items
i8377;items
i8378;items
o1040;orders
i8379;items
i8380;items
i8381;items
i8382;items
i8383;items
i8384;items
i8385;items
i8386;items
i8387;items
i8388;items
i8389;items
i8390;items
o1041;orders
i8391;items
i8392;items
i8393;items
i8394;items
i8395;items
i8396;items
i8397;items
i8398;items
i8399;items
i8400;items
i8401;items
i8402;items
i8403;items
o1042;orders
i8404;items
i8405;items
i8406;items
i8407;items
i8408;items
i8409;items
i8410;items
i8411;items
i8412;items
i8413;items
i8414;items
i8415;items
i8416;items
o1043;orders
i8417;items
i8418;items
i8419;items
i8420;items
i8421;items
i8422;items
i8423;items
i8424;items
i8425;items
i8426;items
i8427;items
i8428;items
i8429;items
o1044;orders
i8430;items
i8431;items
i8432;items
i8433;items
i8434;items
i8435;items
i8436;items
i8437;items
i8438;items
i8439;items
i8440;items
i8441;items
i8442;items
o1045;orders
i8443;items
i8444;items
i8445;items
i8446;items
i8447;items
i8448;items
i8449;items
i8450;items
i8451;items
i8452;items
i8453;items
i8454;items
i8455;items
i8456;items
i8457;items
i8458;items
i8459;items
i8460;items
i8461;items
i8462;items
o1046;orders
i8463;items
i8464;items
i8465;items
i8466;items
i8467;items
i8468;items
i8469;items
i8470;items
i8471;items
i8472;items
i8473;items
i8474;items
i8475;items
i8476;items
i8477;items
o1047;orders
i8478;items
i8479;items
i8480;items
i8481;items
i8482;items
i8483;items
i8484;items
i8485;items
i8486;items
i8487;items
i8488;items
i8489;items
i8490;items
i8491;items
i8492;items
i8493;items
i8494;items
o1048;orders
i8495;items
i8496;items
i8497;items
i8498;items
i8499;items
i8500;items
i8501;items
i8502;items
i8503;items
i8504;items
i8505;items
i8506;items
i8507;items
i8508;items
i8509;items
i8510;items
i8511;items
o1049;orders
i8512;items
i8513;items
i8514;items
i8515;items
i8516;items
i8517;items
i8518;items
i8519;items
i8520;items
i8521;items
i8522;items
o1050;orders
i8523;items
i8524;items
i8525;items
i8526;items
i8527;items
i8528;items
i8529;items
i8530;items
i8531;items
i8532;items
i8533;items
o1051;orders
i8534;items
i8535;items
i8536;items
i8537;items
i8538;items
i8539;items
i8540;items
i8541;items
i8542;items
i8543;items
o1052;orders
i8544;items
i8545;items
i8546;items
i8547;items
i8548;items
i8549;items
i8550;items
i8551;items
i8552;items
i8553;items
i8554;items
i8555;items
i8556;items
i8557;items
o1053;orders
i8558;items
i8559;items
i8560;items
i8561;items
i8562;items
i8563;items
i8564;items
i8565;items
i8566;items
i8567;items
i8568;items
i8569;items
i8570;items
o1054;orders
i8571;items
i8572;items
i8573;items
i8574;items
i8575;items
i8576;items
i8577;items
i8578;items
i8579;items
i8580;items
i8581;items
o1055;orders
i8582;items
i8583;items
i8584;items
i8585;items
i8586;items
i8587;items
i8588;items
i8589;items
i8590;items
i8591;items
i8592;items
i8593;items
i8594;items
o1056;orders
i8595;items
i8596;items
i8597;items
i8598;items
i8599;items
i8600;items
i8601;items
i8602;items
i8603;items
i8604;items
i8605;items
i8606;items
i8607;items
o1057;orders
i8608;items
i8609;items
i8610;items
i8611;items
i8612;items
i8613;items
i8614;items
i8615;items
i8616;items
i8617;items
i8618;items
i8619;items
i8620;items
o1058;orders
i8621;items
i8622;items
i8623;items
i8624;items
i8625;items
i8626;items
i8627;items
i8628;items
i8629;items
i8630;items
i8631;items
i8632;items
i8633;items
o1059;orders
i8634;items
i8635;items
i8636;items
i8637;items
i8638;items
i8639;items
i8640;items
i8641;items
i8642;items
i8643;items
i8644;items
i8645;items
i8646;items
i8647;items
i8648;items
o1060;orders
i8649;items
i8650;items
i8651;items
i8652;items
i8653;items
i8654;items
i8655;items
i8656;items
i8657;items
i8658;items
i8659;items
i8660;items
i8661;items
i8662;items
i8663;items
i8664;items
i8665;items
o1061;orders
i8666;items
i8667;items
i8668;items
i8669;items
i8670;items
i8671;items
i8672;items
i8673;items
i8674;items
i8675;items
o1062;orders
i8676;items
i8677;items
i8678;items
i8679;items
i8680;items
i8681;items
i8682;items
i8683;items
i8684;items
i8685;items
i8686;items
i8687;items
i8688;items
i8689;items
i8690;items
i8691;items
o1063;orders
i8692;items
i8693;items
i8694;items
i8695;items
i8696;items
i8697;items
i8698;items
i8699;items
i8700;items
i8701;items
i8702;items
i8703;items
i8704;items
i8705;items
i8706;items
i8707;items
i8708;items
i8709;items
i8710;items
o1064;orders
i8711;items
i8712;items
i8713;items
i8714;items
i8715;items
i8716;items
i8717;items
i8718;items
i8719;items
i8720;items
i8721;items
i8722;items
i8723;items
i8724;items
o1065;orders
i8725;items
i8726;items
i8727;items
i8728;items
i8729;items
i8730;items
i8731;items
i8732;items
i8733;items
i8734;items
i8735;items
i8736;items
i8737;items
i8738;items
i8739;items
i8740;items
i8741;items
i8742;items
i8743;items
i8744;items
i8745;items
i8746;items
o1066;orders
i8747;items
i8748;items
i8749;items
i8750;items
i8751;items
i8752;items
i8753;items
i8754;items
i8755;items
i8756;items
i8757;items
i8758;items
o1067;orders
i8759;items
i8760;items
i8761;items
i8762;items
i8763;items
i8764;items
i8765;items
i8766;items
i8767;items
i8768;items
i8769;items
i8770;items
i8771;items
i8772;items
i8773;items
i8774;items
i8775;items
i8776;items
i8777;items
i8778;items
i8779;items
i8780;items
o1068;orders
i8781;items
i8782;items
i8783;items
i8784;items
i8785;items
i8786;items
i8787;items
i8788;items
i8789;items
i8790;items
i8791;items
i8792;items
i8793;items
i8794;items
i8795;items
i8796;items
i8797;items
i8798;items
i8799;items
i8800;items
i8801;items
o1069;orders
i8802;items
i8803;items
i8804;items
i8805;items
i8806;items
i8807;items
i8808;items
i8809;items
i8810;items
i8811;items
i8812;items
i8813;items
i8814;items
o1070;orders
i8815;items
i8816;items
i8817;items
i8818;items
i8819;items
i8820;items
i8821;items
i8822;items
i8823;items
i8824;items
i8825;items
i8826;items
i8827;items
i8828;items
i8829;items
i8830;items
i8831;items
o1071;orders
i8832;items
i8833;items
i8834;items
i8835;items
i8836;items
i8837;items
i8838;items
i8839;items
i8840;items
i8841;items
i8842;items
i8843;items
i8844;items
i8845;items
i8846;items
i8847;items
o1072;orders
i8848;items
i8849;items
i8850;items
i8851;items
i8852;items
i8853;items
i8854;items
i8855;items
i8856;items
i8857;items
i8858;items
i8859;items
i8860;items
o1073;orders
i8861;items
i8862;items
i8863;items
i8864;items
i8865;items
i8866;items
i8867;items
i8868;items
i8869;items
i8870;items
i8871;items
i8872;items
i8873;items
o1074;orders
i8874;items
i8875;items
i8876;items
i8877;items
i8878;items
i8879;items
i8880;items
i8881;items
i8882;items
i8883;items
i8884;items
o1075;orders
i8885;items
i8886;items
i8887;items
i8888;items
i8889;items
i8890;items
i8891;items
i8892;items
i8893;items
i8894;items
i8895;items
i8896;items
o1076;orders
i8897;items
i8898;items
i8899;items
i8900;items
i8901;items
i8902;items
i8903;items
i8904;items
i8905;items
o1077;orders
i8906;items
i8907;items
i8908;items
i8909;items
i8910;items
i8911;items
i8912;items
i8913;items
o1078;orders
i8914;items
i8915;items
i8916;items
i8917;items
i8918;items
i8919;items
i8920;items
i8921;items
i8922;items
i8923;items
i8924;items
i8925;items
i8926;items
i8927;items
i8928;items
i8929;items
o1079;orders
i8930;items
i8931;items
i8932;items
i8933;items
i8934;items
i8935;items
i8936;items
i8937;items
i8938;items
i8939;items
i8940;items
i8941;items
i8942;items
i8943;items
i8944;items
o1080;orders
i8945;items
i8946;items
i8947;items
i8948;items
i8949;items
i8950;items
i8951;items
i8952;items
i8953;items
i8954;items
i8955;items
i8956;items
i8957;items
i8958;items
i8959;items
i8960;items
i8961;items
i8962;items
o1081;orders
i8963;items
i8964;items
i8965;items
i8966;items
i8967;items
i8968;items
i8969;items
i8970;items
i8971;items
i8972;items
i8973;items
i8974;items
o1082;orders
i8975;items
i8976;items
i8977;items
i8978;items
i8979;items
i8980;items
i8981;items
i8982;items
i8983;items
i8984;items
i8985;items
o1083;orders
i8986;items
i8987;items
i8988;items
i8989;items
i8990;items
i8991;items
i8992;items
i8993;items
i8994;items
i8995;items
i8996;items
i8997;items
o1084;orders
i8998;items
i8999;items
i9000;items
i9001;items
i9002;items
i9003;items
i9004;items
i9005;items
i9006;items
i9007;items
i9008;items
i9009;items
i9010;items
i9011;items
i9012;items
o1085;orders
i9013;items
i9014;items
i9015;items
i9016;items
i9017;items
i9018;items
i9019;items
i9020;items
i9021;items
i9022;items
i9023;items
i9024;items
i9025;items
i9026;items
o1086;orders
i9027;items
i9028;items
i9029;items
i9030;items
i9031;items
i9032;items
i9033;items
i9034;items
i9035;items
i9036;items
i9037;items
o1087;orders
i9038;items
i9039;items
i9040;items
i9041;items
i9042;items
i9043;items
i9044;items
i9045;items
i9046;items
i9047;items
i9048;items
i9049;items
o1088;orders
i9050;items
i9051;items
i9052;items
i9053;items
i9054;items
i9055;items
i9056;items
i9057;items
i9058;items
i9059;items
i9060;items
o1089;orders
i9061;items
i9062;items
i9063;items
i9064;items
i9065;items
i9066;items
i9067;items
i9068;items
i9069;items
i9070;items
i9071;items
o1090;orders
i9072;items
i9073;items
i9074;items
i9075;items
i9076;items
i9077;items
i9078;items
i9079;items
o1091;orders
i9080;items
i9081;items
i9082;items
i9083;items
i9084;items
i9085;items
i9086;items
i9087;items
i9088;items
i9089;items
i9090;items
i9091;items
i9092;items
i9093;items
i9094;items
i9095;items
i9096;items
o1092;orders
i9097;items
i9098;items
i9099;items
i9100;items
i9101;items
i9102;items
i9103;items
i9104;items
i9105;items
i9106;items
i9107;items
i9108;items
i9109;items
i9110;items
o1093;orders
i9111;items
i9112;items
i9113;items
i9114;items
i9115;items
i9116;items
i9117;items
o1094;orders
i9118;items
i9119;items
i9120;items
i9121;items
i9122;items
i9123;items
i9124;items
i9125;items
i9126;items
i9127;items
i9128;items
i9129;items
i9130;items
i9131;items
o1095;orders
i9132;items
i9133;items
i9134;items
i9135;items
i9136;items
i9137;items
i9138;items
i9139;items
i9140;items
i9141;items
i9142;items
i9143;items
i9144;items
i9145;items
i9146;items
i9147;items
i9148;items
o1096;orders
i9149;items
i9150;items
i9151;items
i9152;items
i9153;items
i9154;items
i9155;items
i9156;items
i9157;items
i9158;items
i9159;items
i9160;items
i9161;items
i9162;items
o1097;orders
i9163;items
i9164;items
i9165;items
i9166;items
i9167;items
i9168;items
i9169;items
i9170;items
i9171;items
i9172;items
i9173;items
i9174;items
i9175;items
i9176;items
i9177;items
i9178;items
o1098;orders
i9179;items
i9180;items
i9181;items
i9182;items
i9183;items
i9184;items
i9185;items
i9186;items
i9187;items
i9188;items
i9189;items
i9190;items
i9191;items
i9192;items
i9193;items
o1099;orders
i9194;items
i9195;items
i9196;items
i9197;items
i9198;items
i9199;items
i9200;items
i9201;items
i9202;items
i9203;items
i9204;items
i9205;items
o1100;orders
i9206;items
i9207;items
i9208;items
i9209;items
i9210;items
i9211;items
i9212;items
i9213;items
i9214;items
i9215;items
i9216;items
i9217;items
i9218;items
i9219;items
i9220;items
i9221;items
i9222;items
o1101;orders
i9223;items
i9224;items
i9225;items
i9226;items
i9227;items
i9228;items
i9229;items
i9230;items
i9231;items
i9232;items
o1102;orders
i9233;items
i9234;items
i9235;items
i9236;items
i9237;items
i9238;items
i9239;items
i9240;items
i9241;items
i9242;items
i9243;items
o1103;orders
i9244;items
i9245;items
i9246;items
i9247;items
i9248;items
i9249;items
i9250;items
i9251;items
i9252;items
i9253;items
i9254;items
i9255;items
i9256;items
i9257;items
i9258;items
i9259;items
i9260;items
o1104;orders
i9261;items
i9262;items
i9263;items
i9264;items
i9265;items
i9266;items
i9267;items
i9268;items
i9269;items
i9270;items
i9271;items
i9272;items
i9273;items
o1105;orders
i9274;items
i9275;items
i9276;items
i9277;items
i9278;items
i9279;items
i9280;items
i9281;items
i9282;items
i9283;items
i9284;items
i9285;items
i9286;items
i9287;items
o1106;orders
i9288;items
i9289;items
i9290;items
i9291;items
i9292;items
i9293;items
i9294;items
i9295;items
i9296;items
i9297;items
i9298;items
i9299;items
i9300;items
i9301;items
o1107;orders
i9302;items
i9303;items
i9304;items
i9305;items
i9306;items
i9307;items
i9308;items
i9309;items
i9310;items
i9311;items
i9312;items
o1108;orders
i9313;items
i9314;items
i9315;items
i9316;items
i9317;items
i9318;items
i9319;items
i9320;items
i9321;items
i9322;items
i9323;items
i9324;items
i9325;items
i9326;items
i9327;items
i9328;items
i9329;items
i9330;items
i9331;items
i9332;items
i9333;items
o1109;orders
i9334;items
i9335;items
i9336;items
i9337;items
i9338;items
i9339;items
i9340;items
i9341;items
i9342;items
i9343;items
i9344;items
i9345;items
i9346;items
o1110;orders
i9347;items
i9348;items
i9349;items
i9350;items
i9351;items
i9352;items
i9353;items
i9354;items
i9355;items
i9356;items
i9357;items
i9358;items
i9359;items
o1111;orders
i9360;items
i9361;items
i9362;items
i9363;items
i9364;items
i9365;items
i9366;items
i9367;items
i9368;items
i9369;items
i9370;items
o1112;orders
i9371;items
i9372;items
i9373;items
i9374;items
i9375;items
i9376;items
i9377;items
i9378;items
i9379;items
i9380;items
i9381;items
i9382;items
i9383;items
i9384;items
i9385;items
i9386;items
o1113;orders
i9387;items
i9388;items
i9389;items
i9390;items
i9391;items
i9392;items
i9393;items
i9394;items
i9395;items
i9396;items
o1114;orders
i9397;items
i9398;items
i9399;items
i9400;items
i9401;items
i9402;items
i9403;items
i9404;items
i9405;items
i9406;items
i9407;items
i9408;items
i9409;items
i9410;items
i9411;items
i9412;items
o1115;orders
i9413;items
i9414;items
i9415;items
i9416;items
i9417;items
i9418;items
i9419;items
i9420;items
i9421;items
i9422;items
i9423;items
i9424;items
i9425;items
i9426;items
i9427;items
i9428;items
i9429;items
i9430;items
i9431;items
o1116;orders
i9432;items
i9433;items
i9434;items
i9435;items
i9436;items
i9437;items
i9438;items
i9439;items
i9440;items
i9441;items
i9442;items
i9443;items
i9444;items
i9445;items
o1117;orders
i9446;items
i9447;items
i9448;items
i9449;items
i9450;items
i9451;items
i9452;items
i9453;items
i9454;items
i9455;items
i9456;items
i9457;items
i9458;items
i9459;items
o1118;orders
i9460;items
i9461;items
i9462;items
i9463;items
i9464;items
i9465;items
i9466;items
i9467;items
i9468;items
i9469;items
i9470;items
i9471;items
i9472;items
i9473;items
i9474;items
i9475;items
i9476;items
i9477;items
o1119;orders
i9478;items
i9479;items
i9480;items
i9481;items
i9482;items
i9483;items
i9484;items
i9485;items
i9486;items
i9487;items
i9488;items
i9489;items
i9490;items
i9491;items
o1120;orders
i9492;items
i9493;items
i9494;items
i9495;items
i9496;items
i9497;items
i9498;items
i9499;items
i9500;items
i9501;items
i9502;items
i9503;items
i9504;items
i9505;items
i9506;items
i9507;items
i9508;items
o1121;orders
i9509;items
i9510;items
i9511;items
i9512;items
i9513;items
i9514;items
i9515;items
i9516;items
i9517;items
i9518;items
i9519;items
i9520;items
i9521;items
i9522;items
i9523;items
i9524;items
i9525;items
o1122;orders
i9526;items
i9527;items
i9528;items
i9529;items
i9530;items
i9531;items
i9532;items
i9533;items
i9534;items
o1123;orders
i9535;items
i9536;items
i9537;items
i9538;items
i9539;items
i9540;items
i9541;items
i9542;items
i9543;items
i9544;items
i9545;items
i9546;items
i9547;items
i9548;items
i9549;items
o1124;orders
i9550;items
i9551;items
i9552;items
i9553;items
i9554;items
i9555;items
i9556;items
i9557;items
i9558;items
i9559;items
i9560;items
i9561;items
i9562;items
i9563;items
i9564;items
i9565;items
o1125;orders
i9566;items
i9567;items
i9568;items
i9569;items
i9570;items
i9571;items
i9572;items
i9573;items
i9574;items
i9575;items
i9576;items
o1126;orders
i9577;items
i9578;items
i9579;items
i9580;items
i9581;items
i9582;items
i9583;items
i9584;items
i9585;items
i9586;items
i9587;items
i9588;items
o1127;orders
i9589;items
i9590;items
i9591;items
i9592;items
i9593;items
i9594;items
i9595;items
i9596;items
o1128;orders
i9597;items
i9598;items
i9599;items
i9600;items
i9601;items
i9602;items
i9603;items
i9604;items
i9605;items
i9606;items
i9607;items
i9608;items
i9609;items
o1129;orders
i9610;items
i9611;items
i9612;items
i9613;items
i9614;items
o1130;orders
i9615;items
i9616;items
i9617;items
i9618;items
i9619;items
i9620;items
i9621;items
i9622;items
i9623;items
i9624;items
i9625;items
i9626;items
i9627;items
i9628;items
o1131;orders
i9629;items
i9630;items
i9631;items
i9632;items
i9633;items
i9634;items
i9635;items
i9636;items
i9637;items
i9638;items
i9639;items
i9640;items
o1132;orders
i9641;items
i9642;items
i9643;items
i9644;items
i9645;items
i9646;items
i9647;items
i9648;items
i9649;items
i9650;items
i9651;items
i9652;items
i9653;items
i9654;items
i9655;items
i9656;items
i9657;items
i9658;items
i9659;items
o1133;orders
i9660;items
i9661;items
i9662;items
i9663;items
i9664;items
i9665;items
i9666;items
i9667;items
i9668;items
i9669;items
i9670;items
i9671;items
o1134;orders
i9672;items
i9673;items
i9674;items
i9675;items
i9676;items
i9677;items
i9678;items
i9679;items
i9680;items
i9681;items
i9682;items
i9683;items
i9684;items
i9685;items
i9686;items
i9687;items
i9688;items
i9689;items
i9690;items
o1135;orders
i9691;items
i9692;items
i9693;items
i9694;items
i9695;items
i9696;items
i9697;items
i9698;items
i9699;items
i9700;items
i9701;items
i9702;items
i9703;items
i9704;items
i9705;items
i9706;items
i9707;items
i9708;items
i9709;items
o1136;orders
i9710;items
i9711;items
i9712;items
i9713;items
i9714;items
i9715;items
i9716;items
i9717;items
i9718;items
i9719;items
i9720;items
i9721;items
i9722;items
i9723;items
o1137;orders
i9724;items
i9725;items
i9726;items
i9727;items
i9728;items
i9729;items
i9730;items
i9731;items
i9732;items
i9733;items
i9734;items
i9735;items
i9736;items
i9737;items
o1138;orders
i9738;items
i9739;items
i9740;items
i9741;items
i9742;items
i9743;items
i9744;items
i9745;items
i9746;items
i9747;items
i9748;items
i9749;items
i9750;items
i9751;items
i9752;items
i9753;items
i9754;items
o1139;orders
i9755;items
i9756;items
i9757;items
i9758;items
i9759;items
i9760;items
i9761;items
i9762;items
i9763;items
i9764;items
i9765;items
i9766;items
i9767;items
i9768;items
i9769;items
i9770;items
i9771;items
o1140;orders
i9772;items
i9773;items
i9774;items
i9775;items
i9776;items
i9777;items
i9778;items
i9779;items
i9780;items
i9781;items
i9782;items
i9783;items
i9784;items
i9785;items
o1141;orders
i9786;items
i9787;items
i9788;items
i9789;items
i9790;items
i9791;items
i9792;items
i9793;items
i9794;items
i9795;items
i9796;items
o1142;orders
i9797;items
i9798;items
i9799;items
i9800;items
i9801;items
i9802;items
i9803;items
i9804;items
i9805;items
i9806;items
i9807;items
i9808;items
i9809;items
i9810;items
i9811;items
i9812;items
o1143;orders
i9813;items
i9814;items
i9815;items
i9816;items
i9817;items
i9818;items
i9819;items
i9820;items
i9821;items
i9822;items
i9823;items
i9824;items
i9825;items
i9826;items
o1144;orders
i9827;items
i9828;items
i9829;items
i9830;items
i9831;items
i9832;items
i9833;items
i9834;items
i9835;items
i9836;items
o1145;orders
i9837;items
i9838;items
i9839;items
i9840;items
i9841;items
o1146;orders
i9842;items
i9843;items
i9844;items
i9845;items
i9846;items
i9847;items
i9848;items
i9849;items
i9850;items
i9851;items
i9852;items
i9853;items
i9854;items
i9855;items
i9856;items
i9857;items
i9858;items
i9859;items
o1147;orders
i9860;items
i9861;items
i9862;items
i9863;items
i9864;items
i9865;items
i9866;items
i9867;items
i9868;items
i9869;items
o1148;orders
i9870;items
i9871;items
i9872;items
i9873;items
i9874;items
i9875;items
i9876;items
i9877;items
i9878;items
i9879;items
i9880;items
i9881;items
i9882;items
i9883;items
o1149;orders
i9884;items
i9885;items
i9886;items
i9887;items
i9888;items
i9889;items
i9890;items
i9891;items
i9892;items
i9893;items
i9894;items
i9895;items
i9896;items
i9897;items
i9898;items
o1150;orders
i9899;items
i9900;items
i9901;items
i9902;items
i9903;items
i9904;items
i9905;items
i9906;items
i9907;items
i9908;items
i9909;items
o1151;orders
i9910;items
i9911;items
i9912;items
i9913;items
i9914;items
i9915;items
i9916;items
i9917;items
i9918;items
i9919;items
i9920;items
o1152;orders
i9921;items
i9922;items
i9923;items
i9924;items
i9925;items
i9926;items
i9927;items
i9928;items
i9929;items
i9930;items
i9931;items
i9932;items
i9933;items
i9934;items
o1153;orders
i9935;items
i9936;items
i9937;items
i9938;items
i9939;items
i9940;items
i9941;items
i9942;items
i9943;items
i9944;items
i9945;items
i9946;items
i9947;items
o1154;orders
i9948;items
i9949;items
i9950;items
i9951;items
i9952;items
i9953;items
i9954;items
i9955;items
i9956;items
i9957;items
o1155;orders
i9958;items
i9959;items
i9960;items
i9961;items
i9962;items
i9963;items
i9964;items
i9965;items
i9966;items
i9967;items
i9968;items
i9969;items
i9970;items
i9971;items
o1156;orders
i9972;items
i9973;items
i9974;items
i9975;items
i9976;items
i9977;items
i9978;items
i9979;items
i9980;items
i9981;items
i9982;items
i9983;items
i9984;items
o1157;orders
i9985;items
i9986;items
i9987;items
i9988;items
i9989;items
i9990;items
i9991;items
i9992;items
i9993;items
i9994;items
i9995;items
i9996;items
i9997;items
i9998;items
o1158;orders
i9999;items
i10000;items
i10001;items
i10002;items
i10003;items
i10004;items
i10005;items
i10006;items
i10007;items
i10008;items
i10009;items
i10010;items
i10011;items
i10012;items
o1159;orders
i10013;items
i10014;items
i10015;items
i10016;items
i10017;items
i10018;items
i10019;items
i10020;items
i10021;items
i10022;items
i10023;items
i10024;items
i10025;items
o1160;orders
i10026;items
i10027;items
i10028;items
i10029;items
i10030;items
i10031;items
i10032;items
i10033;items
i10034;items
i10035;items
i10036;items
i10037;items
i10038;items
i10039;items
i10040;items
i10041;items
i10042;items
i10043;items
i10044;items
o1161;orders
i10045;items
i10046;items
i10047;items
i10048;items
i10049;items
i10050;items
i10051;items
i10052;items
i10053;items
i10054;items
i10055;items
i10056;items
i10057;items
i10058;items
i10059;items
i10060;items
i10061;items
i10062;items
i10063;items
i10064;items
i10065;items
i10066;items
o1162;orders
i10067;items
i10068;items
i10069;items
i10070;items
i10071;items
i10072;items
i10073;items
i10074;items
i10075;items
i10076;items
i10077;items
i10078;items
i10079;items
i10080;items
i10081;items
i10082;items
i10083;items
i10084;items
i10085;items
i10086;items
i10087;items
o1163;orders
i10088;items
i10089;items
i10090;items
i10091;items
i10092;items
i10093;items
i10094;items
i10095;items
i10096;items
i10097;items
i10098;items
i10099;items
i10100;items
i10101;items
i10102;items
i10103;items
i10104;items
i10105;items
i10106;items
i10107;items
i10108;items
i10109;items
i10110;items
o1164;orders
i10111;items
i10112;items
i10113;items
i10114;items
i10115;items
i10116;items
i10117;items
i10118;items
i10119;items
i10120;items
i10121;items
i10122;items
i10123;items
i10124;items
i10125;items
i10126;items
i10127;items
o1165;orders
i10128;items
i10129;items
i10130;items
i10131;items
i10132;items
i10133;items
i10134;items
i10135;items
i10136;items
i10137;items
i10138;items
i10139;items
i10140;items
i10141;items
o1166;orders
i10142;items
i10143;items
i10144;items
i10145;items
i10146;items
i10147;items
i10148;items
i10149;items
i10150;items
i10151;items
i10152;items
i10153;items
i10154;items
i10155;items
i10156;items
i10157;items
i10158;items
o1167;orders
i10159;items
i10160;items
i10161;items
i10162;items
i10163;items
i10164;items
i10165;items
i10166;items
i10167;items
i10168;items
i10169;items
i10170;items
i10171;items
i10172;items
i10173;items
i10174;items
o1168;orders
i10175;items
i10176;items
i10177;items
i10178;items
i10179;items
i10180;items
i10181;items
i10182;items
i10183;items
o1169;orders
i10184;items
i10185;items
i10186;items
i10187;items
i10188;items
i10189;items
i10190;items
i10191;items
i10192;items
i10193;items
i10194;items
i10195;items
i10196;items
i10197;items
o1170;orders
i10198;items
i10199;items
i10200;items
i10201;items
i10202;items
i10203;items
i10204;items
i10205;items
i10206;items
i10207;items
i10208;items
i10209;items
i10210;items
i10211;items
i10212;items
i10213;items
i10214;items
i10215;items
i10216;items
i10217;items
i10218;items
i10219;items
i10220;items
i10221;items
o1171;orders
i10222;items
i10223;items
i10224;items
i10225;items
i10226;items
i10227;items
i10228;items
i10229;items
i10230;items
i10231;items
i10232;items
i10233;items
i10234;items
i10235;items
i10236;items
i10237;items
o1172;orders
i10238;items
i10239;items
i10240;items
i10241;items
i10242;items
i10243;items
i10244;items
i10245;items
i10246;items
i10247;items
i10248;items
i10249;items
i10250;items
i10251;items
i10252;items
i10253;items
i10254;items
i10255;items
i10256;items
o1173;orders
i10257;items
i10258;items
i10259;items
i10260;items
i10261;items
i10262;items
i10263;items
i10264;items
i10265;items
i10266;items
i10267;items
o1174;orders
i10268;items
i10269;items
i10270;items
i10271;items
i10272;items
i10273;items
i10274;items
i10275;items
i10276;items
i10277;items
i10278;items
i10279;items
i10280;items
o1175;orders
i10281;items
i10282;items
i10283;items
i10284;items
i10285;items
i10286;items
i10287;items
i10288;items
i10289;items
i10290;items
i10291;items
i10292;items
o1176;orders
i10293;items
i10294;items
i10295;items
i10296;items
i10297;items
i10298;items
i10299;items
i10300;items
i10301;items
i10302;items
i10303;items
i10304;items
o1177;orders
i10305;items
i10306;items
i10307;items
i10308;items
i10309;items
i10310;items
i10311;items
i10312;items
o1178;orders
i10313;items
i10314;items
i10315;items
i10316;items
i10317;items
i10318;items
i10319;items
i10320;items
i10321;items
i10322;items
i10323;items
i10324;items
i10325;items
i10326;items
i10327;items
i10328;items
i10329;items
i10330;items
o1179;orders
i10331;items
i10332;items
i10333;items
i10334;items
i10335;items
i10336;items
i10337;items
i10338;items
i10339;items
i10340;items
i10341;items
i10342;items
i10343;items
i10344;items
o1180;orders
i10345;items
i10346;items
i10347;items
i10348;items
i10349;items
i10350;items
i10351;items
i10352;items
i10353;items
i10354;items
i10355;items
i10356;items
i10357;items
i10358;items
i10359;items
o1181;orders
i10360;items
i10361;items
i10362;items
i10363;items
i10364;items
i10365;items
i10366;items
i10367;items
i10368;items
o1182;orders
i10369;items
i10370;items
i10371;items
i10372;items
i10373;items
i10374;items
i10375;items
i10376;items
i10377;items
i10378;items
i10379;items
i10380;items
i10381;items
i10382;items
i10383;items
i10384;items
o1183;orders
i10385;items
i10386;items
i10387;items
i10388;items
i10389;items
i10390;items
i10391;items
i10392;items
i10393;items
i10394;items
i10395;items
i10396;items
i10397;items
i10398;items
i10399;items
i10400;items
i10401;items
i10402;items
i10403;items
o1184;orders
i10404;items
i10405;items
i10406;items
i10407;items
i10408;items
i10409;items
i10410;items
i10411;items
i10412;items
i10413;items
i10414;items
i10415;items
i10416;items
o1185;orders
i10417;items
i10418;items
i10419;items
i10420;items
i10421;items
i10422;items
i10423;items
i10424;items
i10425;items
i10426;items
o1186;orders
i10427;items
i10428;items
i10429;items
i10430;items
i10431;items
i10432;items
i10433;items
i10434;items
i10435;items
i10436;items
i10437;items
i10438;items
i10439;items
i10440;items
i10441;items
i10442;items
i10443;items
i10444;items
o1187;orders
i10445;items
i10446;items
i10447;items
i10448;items
i10449;items
i10450;items
i10451;items
i10452;items
i10453;items
i10454;items
i10455;items
i10456;items
i10457;items
i10458;items
i10459;items
o1188;orders
i10460;items
i10461;items
i10462;items
i10463;items
i10464;items
i10465;items
i10466;items
i10467;items
i10468;items
i10469;items
i10470;items
i10471;items
i10472;items
i10473;items
i10474;items
i10475;items
i10476;items
o1189;orders
i10477;items
i10478;items
i10479;items
i10480;items
i10481;items
i10482;items
i10483;items
i10484;items
i10485;items
i10486;items
i10487;items
i10488;items
i10489;items
i10490;items
o1190;orders
i10491;items
i10492;items
i10493;items
i10494;items
i10495;items
i10496;items
i10497;items
i10498;items
i10499;items
i10500;items
i10501;items
i10502;items
o1191;orders
i10503;items
i10504;items
i10505;items
i10506;items
i10507;items
i10508;items
i10509;items
i10510;items
i10511;items
i10512;items
i10513;items
i10514;items
i10515;items
i10516;items
i10517;items
i10518;items
o1192;orders
i10519;items
i10520;items
i10521;items
i10522;items
i10523;items
i10524;items
i10525;items
i10526;items
i10527;items
i10528;items
i10529;items
i10530;items
i10531;items
i10532;items
i10533;items
i10534;items
i10535;items
o1193;orders
i10536;items
i10537;items
i10538;items
i10539;items
i10540;items
i10541;items
i10542;items
i10543;items
i10544;items
i10545;items
i10546;items
i10547;items
o1194;orders
i10548;items
i10549;items
i10550;items
i10551;items
i10552;items
i10553;items
i10554;items
i10555;items
i10556;items
i10557;items
i10558;items
i10559;items
i10560;items
i10561;items
i10562;items
i10563;items
i10564;items
i10565;items
i10566;items
i10567;items
i10568;items
i10569;items
i10570;items
o1195;orders
i10571;items
i10572;items
i10573;items
i10574;items
i10575;items
i10576;items
i10577;items
i10578;items
i10579;items
i10580;items
i10581;items
i10582;items
i10583;items
i10584;items
i10585;items
i10586;items
i10587;items
o1196;orders
i10588;items
i10589;items
i10590;items
i10591;items
i10592;items
i10593;items
i10594;items
i10595;items
i10596;items
i10597;items
i10598;items
i10599;items
i10600;items
i10601;items
i10602;items
i10603;items
i10604;items
i10605;items
o1197;orders
i10606;items
i10607;items
i10608;items
i10609;items
i10610;items
i10611;items
i10612;items
i10613;items
i10614;items
i10615;items
i10616;items
i10617;items
i10618;items
i10619;items
i10620;items
i10621;items
i10622;items
o1198;orders
i10623;items
i10624;items
i10625;items
i10626;items
i10627;items
i10628;items
i10629;items
i10630;items
i10631;items
i10632;items
i10633;items
i10634;items
i10635;items
i10636;items
o1199;orders
i10637;items
i10638;items
i10639;items
i10640;items
i10641;items
i10642;items
i10643;items
i10644;items
i10645;items
i10646;items
i10647;items
i10648;items
i10649;items
i10650;items
i10651;items
o1200;orders
i10652;items
i10653;items
i10654;items
i10655;items
i10656;items
i10657;items
i10658;items
o1201;orders
i10659;items
i10660;items
i10661;items
i10662;items
i10663;items
i10664;items
i10665;items
i10666;items
i10667;items
i10668;items
i10669;items
i10670;items
i10671;items
i10672;items
i10673;items
i10674;items
i10675;items
i10676;items
i10677;items
i10678;items
i10679;items
o1202;orders
i10680;items
i10681;items
i10682;items
i10683;items
i10684;items
i10685;items
i10686;items
i10687;items
i10688;items
i10689;items
i10690;items
i10691;items
i10692;items
i10693;items
i10694;items
o1203;orders
i10695;items
i10696;items
i10697;items
i10698;items
i10699;items
i10700;items
i10701;items
i10702;items
o1204;orders
i10703;items
i10704;items
i10705;items
i10706;items
i10707;items
i10708;items
i10709;items
i10710;items
i10711;items
i10712;items
i10713;items
i10714;items
i10715;items
i10716;items
i10717;items
i10718;items
i10719;items
o1205;orders
i10720;items
i10721;items
i10722;items
i10723;items
i10724;items
i10725;items
i10726;items
i10727;items
i10728;items
i10729;items
i10730;items
i10731;items
i10732;items
i10733;items
i10734;items
i10735;items
o1206;orders
i10736;items
i10737;items
i10738;items
i10739;items
i10740;items
i10741;items
i10742;items
i10743;items
i10744;items
i10745;items
i10746;items
i10747;items
i10748;items
i10749;items
o1207;orders
i10750;items
i10751;items
i10752;items
i10753;items
i10754;items
i10755;items
i10756;items
i10757;items
i10758;items
i10759;items
i10760;items
i10761;items
i10762;items
i10763;items
o1208;orders
i10764;items
i10765;items
i10766;items
i10767;items
i10768;items
i10769;items
i10770;items
i10771;items
i10772;items
i10773;items
i10774;items
i10775;items
o1209;orders
i10776;items
i10777;items
i10778;items
i10779;items
i10780;items
i10781;items
i10782;items
i10783;items
i10784;items
i10785;items
i10786;items
i10787;items
i10788;items
o1210;orders
i10789;items
i10790;items
i10791;items
i10792;items
i10793;items
i10794;items
i10795;items
i10796;items
i10797;items
o1211;orders
i10798;items
i10799;items
i10800;items
i10801;items
i10802;items
i10803;items
i10804;items
i10805;items
i10806;items
i10807;items
i10808;items
i10809;items
i10810;items
i10811;items
i10812;items
i10813;items
o1212;orders
i10814;items
i10815;items
i10816;items
i10817;items
i10818;items
i10819;items
i10820;items
i10821;items
i10822;items
i10823;items
i10824;items
i10825;items
i10826;items
o1213;orders
i10827;items
i10828;items
i10829;items
i10830;items
i10831;items
i10832;items
i10833;items
i10834;items
i10835;items
i10836;items
i10837;items
i10838;items
i10839;items
i10840;items
i10841;items
i10842;items
o1214;orders
i10843;items
i10844;items
i10845;items
i10846;items
i10847;items
i10848;items
i10849;items
i10850;items
i10851;items
i10852;items
i10853;items
i10854;items
i10855;items
i10856;items
i10857;items
i10858;items
o1215;orders
i10859;items
i10860;items
i10861;items
i10862;items
i10863;items
i10864;items
i10865;items
i10866;items
i10867;items
i10868;items
i10869;items
i10870;items
i10871;items
i10872;items
i10873;items
i10874;items
i10875;items
i10876;items
o1216;orders
i10877;items
i10878;items
i10879;items
i10880;items
i10881;items
i10882;items
i10883;items
i10884;items
i10885;items
i10886;items
i10887;items
i10888;items
i10889;items
i10890;items
i10891;items
i10892;items
i10893;items
i10894;items
i10895;items
i10896;items
i10897;items
i10898;items
i10899;items
o1217;orders
i10900;items
i10901;items
i10902;items
i10903;items
i10904;items
i10905;items
i10906;items
i10907;items
i10908;items
i10909;items
i10910;items
i10911;items
i10912;items
i10913;items
i10914;items
i10915;items
i10916;items
o1218;orders
i10917;items
i10918;items
i10919;items
i10920;items
i10921;items
i10922;items
i10923;items
i10924;items
i10925;items
i10926;items
i10927;items
i10928;items
i10929;items
i10930;items
i10931;items
o1219;orders
i10932;items
i10933;items
i10934;items
i10935;items
i10936;items
i10937;items
i10938;items
i10939;items
i10940;items
o1220;orders
i10941;items
i10942;items
i10943;items
i10944;items
i10945;items
i10946;items
i10947;items
i10948;items
i10949;items
i10950;items
i10951;items
i10952;items
i10953;items
i10954;items
i10955;items
i10956;items
i10957;items
i10958;items
i10959;items
o1221;orders
i10960;items
i10961;items
i10962;items
i10963;items
i10964;items
i10965;items
i10966;items
i10967;items
i10968;items
i10969;items
i10970;items
i10971;items
i10972;items
i10973;items
i10974;items
i10975;items
i10976;items
i10977;items
i10978;items
i10979;items
i10980;items
i10981;items
i10982;items
o1222;orders
i10983;items
i10984;items
i10985;items
i10986;items
i10987;items
i10988;items
i10989;items
i10990;items
i10991;items
i10992;items
i10993;items
i10994;items
i10995;items
i10996;items
i10997;items
i10998;items
i10999;items
i11000;items
i11001;items
o1223;orders
i11002;items
i11003;items
i11004;items
i11005;items
i11006;items
i11007;items
i11008;items
i11009;items
i11010;items
i11011;items
i11012;items
i11013;items
i11014;items
o1224;orders
i11015;items
i11016;items
i11017;items
i11018;items
i11019;items
i11020;items
i11021;items
i11022;items
i11023;items
i11024;items
i11025;items
i11026;items
i11027;items
i11028;items
i11029;items
i11030;items
i11031;items
o1225;orders
i11032;items
i11033;items
i11034;items
i11035;items
i11036;items
i11037;items
i11038;items
i11039;items
i11040;items
i11041;items
i11042;items
i11043;items
i11044;items
i11045;items
i11046;items
i11047;items
i11048;items
i11049;items
i11050;items
i11051;items
i11052;items
i11053;items
i11054;items
o1226;orders
i11055;items
i11056;items
i11057;items
i11058;items
i11059;items
i11060;items
i11061;items
i11062;items
i11063;items
i11064;items
i11065;items
i11066;items
i11067;items
i11068;items
i11069;items
i11070;items
i11071;items
o1227;orders
i11072;items
i11073;items
i11074;items
i11075;items
i11076;items
i11077;items
i11078;items
o1228;orders
i11079;items
i11080;items
i11081;items
i11082;items
i11083;items
i11084;items
i11085;items
i11086;items
i11087;items
i11088;items
o1229;orders
i11089;items
i11090;items
i11091;items
i11092;items
i11093;items
i11094;items
i11095;items
i11096;items
i11097;items
i11098;items
i11099;items
i11100;items
i11101;items
i11102;items
i11103;items
i11104;items
o1230;orders
i11105;items
i11106;items
i11107;items
i11108;items
i11109;items
i11110;items
i11111;items
i11112;items
i11113;items
i11114;items
i11115;items
i11116;items
i11117;items
i11118;items
o1231;orders
i11119;items
i11120;items
i11121;items
i11122;items
i11123;items
i11124;items
i11125;items
i11126;items
i11127;items
i11128;items
i11129;items
i11130;items
i11131;items
i11132;items
i11133;items
i11134;items
i11135;items
o1232;orders
i11136;items
i11137;items
i11138;items
i11139;items
i11140;items
i11141;items
i11142;items
i11143;items
i11144;items
i11145;items
i11146;items
i11147;items
i11148;items
i11149;items
i11150;items
i11151;items
i11152;items
i11153;items
i11154;items
o1233;orders
i11155;items
i11156;items
i11157;items
i11158;items
i11159;items
i11160;items
i11161;items
i11162;items
i11163;items
i11164;items
i11165;items
i11166;items
i11167;items
i11168;items
i11169;items
i11170;items
i11171;items
i11172;items
i11173;items
o1234;orders
i11174;items
i11175;items
i11176;items
i11177;items
i11178;items
i11179;items
i11180;items
i11181;items
i11182;items
i11183;items
i11184;items
i11185;items
i11186;items
i11187;items
i11188;items
i11189;items
o1235;orders
i11190;items
i11191;items
i11192;items
i11193;items
i11194;items
i11195;items
i11196;items
i11197;items
i11198;items
i11199;items
i11200;items
i11201;items
i11202;items
i11203;items
i11204;items
o1236;orders
i11205;items
i11206;items
i11207;items
i11208;items
i11209;items
i11210;items
i11211;items
i11212;items
i11213;items
i11214;items
i11215;items
i11216;items
i11217;items
i11218;items
i11219;items
i11220;items
i11221;items
i11222;items
i11223;items
i11224;items
o1237;orders
i11225;items
i11226;items
i11227;items
i11228;items
i11229;items
i11230;items
i11231;items
i11232;items
i11233;items
i11234;items
i11235;items
i11236;items
i11237;items
i11238;items
i11239;items
i11240;items
i11241;items
i11242;items
o1238;orders
i11243;items
i11244;items
i11245;items
i11246;items
i11247;items
i11248;items
i11249;items
i11250;items
i11251;items
i11252;items
i11253;items
i11254;items
i11255;items
i11256;items
i11257;items
i11258;items
i11259;items
i11260;items
i11261;items
i11262;items
o1239;orders
i11263;items
i11264;items
i11265;items
i11266;items
i11267;items
i11268;items
i11269;items
i11270;items
i11271;items
i11272;items
i11273;items
i11274;items
i11275;items
i11276;items
i11277;items
i11278;items
i11279;items
o1240;orders
i11280;items
i11281;items
i11282;items
i11283;items
i11284;items
i11285;items
i11286;items
i11287;items
i11288;items
i11289;items
i11290;items
i11291;items
i11292;items
i11293;items
i11294;items
i11295;items
i11296;items
i11297;items
i11298;items
i11299;items
o1241;orders
i11300;items
i11301;items
i11302;items
i11303;items
i11304;items
i11305;items
i11306;items
i11307;items
i11308;items
i11309;items
i11310;items
i11311;items
i11312;items
i11313;items
i11314;items
i11315;items
i11316;items
o1242;orders
i11317;items
i11318;items
i11319;items
i11320;items
i11321;items
i11322;items
i11323;items
i11324;items
i11325;items
i11326;items
i11327;items
i11328;items
i11329;items
i11330;items
i11331;items
i11332;items
i11333;items
i11334;items
o1243;orders
i11335;items
i11336;items
i11337;items
i11338;items
i11339;items
i11340;items
i11341;items
i11342;items
i11343;items
i11344;items
i11345;items
o1244;orders
i11346;items
i11347;items
i11348;items
i11349;items
i11350;items
i11351;items
i11352;items
i11353;items
i11354;items
i11355;items
i11356;items
i11357;items
i11358;items
i11359;items
i11360;items
o1245;orders
i11361;items
i11362;items
i11363;items
i11364;items
i11365;items
i11366;items
i11367;items
i11368;items
i11369;items
i11370;items
i11371;items
i11372;items
i11373;items
i11374;items
o1246;orders
i11375;items
i11376;items
i11377;items
i11378;items
i11379;items
i11380;items
i11381;items
i11382;items
i11383;items
i11384;items
i11385;items
i11386;items
i11387;items
i11388;items
o1247;orders
i11389;items
i11390;items
i11391;items
i11392;items
i11393;items
i11394;items
i11395;items
i11396;items
i11397;items
i11398;items
i11399;items
i11400;items
i11401;items
i11402;items
i11403;items
o1248;orders
i11404;items
i11405;items
i11406;items
i11407;items
i11408;items
i11409;items
i11410;items
i11411;items
i11412;items
i11413;items
i11414;items
i11415;items
i11416;items
i11417;items
i11418;items
o1249;orders
i11419;items
i11420;items
i11421;items
i11422;items
i11423;items
i11424;items
i11425;items
i11426;items
i11427;items
i11428;items
i11429;items
o1250;orders
i11430;items
i11431;items
i11432;items
i11433;items
i11434;items
i11435;items
i11436;items
i11437;items
i11438;items
i11439;items
i11440;items
i11441;items
i11442;items
i11443;items
i11444;items
i11445;items
i11446;items
i11447;items
o1251;orders
i11448;items
i11449;items
i11450;items
i11451;items
i11452;items
i11453;items
i11454;items
i11455;items
i11456;items
i11457;items
i11458;items
i11459;items
i11460;items
i11461;items
i11462;items
i11463;items
i11464;items
i11465;items
i11466;items
i11467;items
i11468;items
o1252;orders
i11469;items
i11470;items
i11471;items
i11472;items
i11473;items
i11474;items
i11475;items
i11476;items
i11477;items
i11478;items
i11479;items
i11480;items
o1253;orders
i11481;items
i11482;items
i11483;items
i11484;items
i11485;items
i11486;items
i11487;items
i11488;items
i11489;items
i11490;items
i11491;items
i11492;items
i11493;items
i11494;items
i11495;items
i11496;items
i11497;items
i11498;items
o1254;orders
i11499;items
i11500;items
i11501;items
i11502;items
i11503;items
i11504;items
i11505;items
i11506;items
i11507;items
i11508;items
i11509;items
i11510;items
i11511;items
i11512;items
i11513;items
i11514;items
i11515;items
o1255;orders
i11516;items
i11517;items
i11518;items
i11519;items
i11520;items
i11521;items
i11522;items
i11523;items
i11524;items
i11525;items
i11526;items
o1256;orders
i11527;items
i11528;items
i11529;items
i11530;items
i11531;items
i11532;items
i11533;items
i11534;items
i11535;items
i11536;items
i11537;items
i11538;items
i11539;items
o1257;orders
i11540;items
i11541;items
i11542;items
i11543;items
i11544;items
i11545;items
i11546;items
i11547;items
i11548;items
o1258;orders
i11549;items
i11550;items
i11551;items
i11552;items
i11553;items
i11554;items
i11555;items
i11556;items
i11557;items
i11558;items
i11559;items
o1259;orders
i11560;items
i11561;items
i11562;items
i11563;items
i11564;items
i11565;items
i11566;items
i11567;items
i11568;items
i11569;items
i11570;items
i11571;items
i11572;items
i11573;items
i11574;items
i11575;items
i11576;items
i11577;items
i11578;items
i11579;items
i11580;items
i11581;items
o1260;orders
i11582;items
i11583;items
i11584;items
i11585;items
i11586;items
i11587;items
i11588;items
i11589;items
i11590;items
i11591;items
i11592;items
i11593;items
i11594;items
i11595;items
i11596;items
i11597;items
i11598;items
i11599;items
i11600;items
i11601;items
o1261;orders
i11602;items
i11603;items
i11604;items
i11605;items
i11606;items
i11607;items
i11608;items
i11609;items
i11610;items
i11611;items
i11612;items
i11613;items
i11614;items
i11615;items
i11616;items
i11617;items
i11618;items
i11619;items
o1262;orders
i11620;items
i11621;items
i11622;items
i11623;items
i11624;items
i11625;items
i11626;items
i11627;items
i11628;items
i11629;items
i11630;items
i11631;items
i11632;items
i11633;items
i11634;items
i11635;items
i11636;items
o1263;orders
i11637;items
i11638;items
i11639;items
i11640;items
i11641;items
i11642;items
i11643;items
i11644;items
i11645;items
i11646;items
i11647;items
i11648;items
i11649;items
i11650;items
i11651;items
i11652;items
i11653;items
o1264;orders
i11654;items
i11655;items
i11656;items
i11657;items
i11658;items
i11659;items
i11660;items
i11661;items
i11662;items
i11663;items
i11664;items
i11665;items
i11666;items
i11667;items
i11668;items
i11669;items
i11670;items
i11671;items
i11672;items
i11673;items
i11674;items
o1265;orders
i11675;items
i11676;items
i11677;items
i11678;items
i11679;items
i11680;items
i11681;items
i11682;items
i11683;items
i11684;items
i11685;items
i11686;items
i11687;items
i11688;items
i11689;items
i11690;items
o1266;orders
i11691;items
i11692;items
i11693;items
i11694;items
i11695;items
i11696;items
i11697;items
i11698;items
i11699;items
i11700;items
i11701;items
i11702;items
i11703;items
i11704;items
o1267;orders
i11705;items
i11706;items
i11707;items
i11708;items
i11709;items
i11710;items
i11711;items
i11712;items
i11713;items
i11714;items
i11715;items
i11716;items
i11717;items
i11718;items
i11719;items
i11720;items
i11721;items
i11722;items
i11723;items
i11724;items
o1268;orders
i11725;items
i11726;items
i11727;items
i11728;items
i11729;items
i11730;items
i11731;items
i11732;items
i11733;items
i11734;items
i11735;items
i11736;items
i11737;items
i11738;items
i11739;items
i11740;items
o1269;orders
i11741;items
i11742;items
i11743;items
i11744;items
i11745;items
i11746;items
i11747;items
i11748;items
i11749;items
i11750;items
i11751;items
i11752;items
i11753;items
i11754;items
i11755;items
o1270;orders
i11756;items
i11757;items
i11758;items
i11759;items
i11760;items
i11761;items
i11762;items
i11763;items
i11764;items
i11765;items
i11766;items
i11767;items
i11768;items
o1271;orders
i11769;items
i11770;items
i11771;items
i11772;items
i11773;items
i11774;items
i11775;items
i11776;items
i11777;items
i11778;items
i11779;items
i11780;items
o1272;orders
i11781;items
i11782;items
i11783;items
i11784;items
i11785;items
i11786;items
i11787;items
i11788;items
i11789;items
i11790;items
i11791;items
i11792;items
i11793;items
i11794;items
i11795;items
i11796;items
i11797;items
o1273;orders
i11798;items
i11799;items
i11800;items
i11801;items
i11802;items
i11803;items
i11804;items
o1274;orders
i11805;items
i11806;items
i11807;items
i11808;items
i11809;items
i11810;items
i11811;items
i11812;items
i11813;items
i11814;items
i11815;items
i11816;items
i11817;items
i11818;items
i11819;items
i11820;items
i11821;items
o1275;orders
i11822;items
i11823;items
i11824;items
i11825;items
i11826;items
i11827;items
i11828;items
i11829;items
i11830;items
i11831;items
i11832;items
i11833;items
i11834;items
i11835;items
i11836;items
o1276;orders
i11837;items
i11838;items
i11839;items
i11840;items
i11841;items
i11842;items
i11843;items
i11844;items
i11845;items
i11846;items
i11847;items
i11848;items
i11849;items
i11850;items
i11851;items
i11852;items
i11853;items
o1277;orders
i11854;items
i11855;items
i11856;items
i11857;items
i11858;items
i11859;items
i11860;items
i11861;items
i11862;items
i11863;items
i11864;items
i11865;items
i11866;items
i11867;items
i11868;items
i11869;items
o1278;orders
i11870;items
i11871;items
i11872;items
i11873;items
i11874;items
i11875;items
i11876;items
i11877;items
i11878;items
i11879;items
i11880;items
i11881;items
i11882;items
i11883;items
i11884;items
i11885;items
i11886;items
i11887;items
i11888;items
i11889;items
o1279;orders
i11890;items
i11891;items
i11892;items
i11893;items
i11894;items
i11895;items
i11896;items
i11897;items
i11898;items
i11899;items
i11900;items
i11901;items
i11902;items
i11903;items
o1280;orders
i11904;items
i11905;items
i11906;items
i11907;items
i11908;items
i11909;items
i11910;items
i11911;items
i11912;items
i11913;items
i11914;items
i11915;items
i11916;items
i11917;items
i11918;items
i11919;items
o1281;orders
i11920;items
i11921;items
i11922;items
i11923;items
i11924;items
i11925;items
i11926;items
i11927;items
i11928;items
i11929;items
i11930;items
i11931;items
o1282;orders
i11932;items
i11933;items
i11934;items
i11935;items
i11936;items
i11937;items
i11938;items
i11939;items
i11940;items
i11941;items
i11942;items
i11943;items
i11944;items
i11945;items
o1283;orders
i11946;items
i11947;items
i11948;items
i11949;items
i11950;items
i11951;items
i11952;items
i11953;items
i11954;items
i11955;items
i11956;items
i11957;items
i11958;items
i11959;items
i11960;items
i11961;items
i11962;items
o1284;orders
i11963;items
i11964;items
i11965;items
i11966;items
i11967;items
i11968;items
i11969;items
i11970;items
i11971;items
i11972;items
i11973;items
i11974;items
i11975;items
i11976;items
i11977;items
i11978;items
o1285;orders
i11979;items
i11980;items
i11981;items
i11982;items
i11983;items
i11984;items
i11985;items
i11986;items
i11987;items
i11988;items
i11989;items
i11990;items
i11991;items
o1286;orders
i11992;items
i11993;items
i11994;items
i11995;items
i11996;items
i11997;items
i11998;items
i11999;items
i12000;items
i12001;items
i12002;items
i12003;items
i12004;items
i12005;items
i12006;items
i12007;items
i12008;items
i12009;items
i12010;items
i12011;items
i12012;items
o1287;orders
i12013;items
i12014;items
i12015;items
i12016;items
i12017;items
i12018;items
i12019;items
i12020;items
i12021;items
i12022;items
i12023;items
i12024;items
i12025;items
i12026;items
i12027;items
i12028;items
i12029;items
i12030;items
i12031;items
i12032;items
i12033;items
i12034;items
i12035;items
i12036;items
i12037;items
o1288;orders
i12038;items
i12039;items
i12040;items
i12041;items
i12042;items
i12043;items
i12044;items
i12045;items
i12046;items
i12047;items
i12048;items
i12049;items
i12050;items
i12051;items
o1289;orders
i12052;items
i12053;items
i12054;items
i12055;items
i12056;items
i12057;items
i12058;items
i12059;items
i12060;items
i12061;items
i12062;items
i12063;items
i12064;items
i12065;items
i12066;items
i12067;items
o1290;orders
i12068;items
i12069;items
i12070;items
i12071;items
i12072;items
i12073;items
i12074;items
i12075;items
i12076;items
i12077;items
i12078;items
i12079;items
i12080;items
i12081;items
i12082;items
i12083;items
i12084;items
i12085;items
i12086;items
i12087;items
o1291;orders
i12088;items
i12089;items
i12090;items
i12091;items
i12092;items
i12093;items
i12094;items
i12095;items
i12096;items
i12097;items
i12098;items
i12099;items
i12100;items
i12101;items
i12102;items
i12103;items
o1292;orders
i12104;items
i12105;items
i12106;items
i12107;items
i12108;items
i12109;items
i12110;items
i12111;items
i12112;items
i12113;items
i12114;items
i12115;items
i12116;items
i12117;items
i12118;items
i12119;items
i12120;items
i12121;items
i12122;items
o1293;orders
i12123;items
i12124;items
i12125;items
i12126;items
i12127;items
i12128;items
i12129;items
i12130;items
i12131;items
i12132;items
o1294;orders
i12133;items
i12134;items
i12135;items
i12136;items
i12137;items
i12138;items
i12139;items
i12140;items
i12141;items
i12142;items
i12143;items
i12144;items
i12145;items
i12146;items
i12147;items
i12148;items
i12149;items
i12150;items
i12151;items
i12152;items
o1295;orders
i12153;items
i12154;items
i12155;items
i12156;items
i12157;items
i12158;items
i12159;items
i12160;items
i12161;items
i12162;items
i12163;items
o1296;orders
i12164;items
i12165;items
i12166;items
i12167;items
i12168;items
i12169;items
i12170;items
i12171;items
i12172;items
i12173;items
i12174;items
i12175;items
i12176;items
i12177;items
o1297;orders
i12178;items
i12179;items
i12180;items
i12181;items
i12182;items
i12183;items
i12184;items
i12185;items
i12186;items
i12187;items
i12188;items
i12189;items
i12190;items
i12191;items
i12192;items
i12193;items
o1298;orders
i12194;items
i12195;items
i12196;items
i12197;items
i12198;items
i12199;items
i12200;items
i12201;items
i12202;items
i12203;items
i12204;items
i12205;items
i12206;items
i12207;items
i12208;items
i12209;items
i12210;items
i12211;items
i12212;items
o1299;orders
i12213;items
i12214;items
i12215;items
i12216;items
i12217;items
i12218;items
i12219;items
i12220;items
i12221;items
i12222;items
i12223;items
i12224;items
i12225;items
i12226;items
i12227;items
i12228;items
i12229;items
i12230;items
o1300;orders
i12231;items
i12232;items
i12233;items
i12234;items
i12235;items
i12236;items
i12237;items
i12238;items
i12239;items
i12240;items
i12241;items
i12242;items
i12243;items
i12244;items
i12245;items
i12246;items
i12247;items
i12248;items
i12249;items
i12250;items
i12251;items
o1301;orders
i12252;items
i12253;items
i12254;items
i12255;items
i12256;items
i12257;items
i12258;items
i12259;items
i12260;items
i12261;items
i12262;items
i12263;items
i12264;items
i12265;items
i12266;items
i12267;items
i12268;items
i12269;items
i12270;items
o1302;orders
i12271;items
i12272;items
i12273;items
i12274;items
i12275;items
i12276;items
i12277;items
i12278;items
i12279;items
i12280;items
i12281;items
i12282;items
i12283;items
i12284;items
i12285;items
i12286;items
o1303;orders
i12287;items
i12288;items
i12289;items
i12290;items
i12291;items
i12292;items
i12293;items
i12294;items
i12295;items
i12296;items
i12297;items
i12298;items
i12299;items
i12300;items
i12301;items
i12302;items
i12303;items
o1304;orders
i12304;items
i12305;items
i12306;items
i12307;items
i12308;items
i12309;items
i12310;items
i12311;items
i12312;items
i12313;items
i12314;items
i12315;items
i12316;items
i12317;items
o1305;orders
i12318;items
i12319;items
i12320;items
i12321;items
i12322;items
i12323;items
i12324;items
i12325;items
i12326;items
i12327;items
i12328;items
i12329;items
i12330;items
i12331;items
i12332;items
i12333;items
i12334;items
o1306;orders
i12335;items
i12336;items
i12337;items
i12338;items
i12339;items
i12340;items
i12341;items
i12342;items
i12343;items
i12344;items
i12345;items
i12346;items
i12347;items
i12348;items
i12349;items
i12350;items
i12351;items
o1307;orders
i12352;items
i12353;items
i12354;items
i12355;items
i12356;items
i12357;items
i12358;items
i12359;items
i12360;items
i12361;items
i12362;items
i12363;items
i12364;items
i12365;items
i12366;items
o1308;orders
i12367;items
i12368;items
i12369;items
i12370;items
i12371;items
i12372;items
i12373;items
i12374;items
i12375;items
i12376;items
i12377;items
i12378;items
i12379;items
i12380;items
i12381;items
i12382;items
i12383;items
i12384;items
o1309;orders
i12385;items
i12386;items
i12387;items
i12388;items
i12389;items
i12390;items
i12391;items
i12392;items
i12393;items
i12394;items
i12395;items
i12396;items
o1310;orders
i12397;items
i12398;items
i12399;items
i12400;items
i12401;items
i12402;items
i12403;items
i12404;items
i12405;items
i12406;items
i12407;items
i12408;items
i12409;items
i12410;items
i12411;items
i12412;items
i12413;items
i12414;items
i12415;items
i12416;items
o1311;orders
i12417;items
i12418;items
i12419;items
i12420;items
i12421;items
i12422;items
i12423;items
i12424;items
i12425;items
i12426;items
i12427;items
i12428;items
i12429;items
i12430;items
i12431;items
i12432;items
i12433;items
o1312;orders
i12434;items
i12435;items
i12436;items
i12437;items
i12438;items
i12439;items
i12440;items
i12441;items
i12442;items
i12443;items
i12444;items
i12445;items
i12446;items
i12447;items
i12448;items
i12449;items
i12450;items
i12451;items
o1313;orders
i12452;items
i12453;items
i12454;items
i12455;items
i12456;items
i12457;items
i12458;items
i12459;items
i12460;items
i12461;items
i12462;items
i12463;items
i12464;items
i12465;items
i12466;items
i12467;items
o1314;orders
i12468;items
i12469;items
i12470;items
i12471;items
i12472;items
i12473;items
i12474;items
i12475;items
i12476;items
i12477;items
i12478;items
i12479;items
i12480;items
i12481;items
i12482;items
i12483;items
i12484;items
i12485;items
i12486;items
i12487;items
i12488;items
i12489;items
o1315;orders
i12490;items
i12491;items
i12492;items
i12493;items
i12494;items
i12495;items
i12496;items
i12497;items
i12498;items
i12499;items
i12500;items
i12501;items
i12502;items
i12503;items
i12504;items
i12505;items
i12506;items
o1316;orders
i12507;items
i12508;items
i12509;items
i12510;items
i12511;items
i12512;items
i12513;items
i12514;items
i12515;items
i12516;items
i12517;items
i12518;items
i12519;items
i12520;items
o1317;orders
i12521;items
i12522;items
i12523;items
i12524;items
i12525;items
i12526;items
i12527;items
i12528;items
i12529;items
i12530;items
i12531;items
i12532;items
i12533;items
i12534;items
i12535;items
i12536;items
i12537;items
i12538;items
i12539;items
o1318;orders
i12540;items
i12541;items
i12542;items
i12543;items
i12544;items
i12545;items
i12546;items
i12547;items
i12548;items
i12549;items
i12550;items
i12551;items
i12552;items
i12553;items
o1319;orders
i12554;items
i12555;items
i12556;items
i12557;items
i12558;items
i12559;items
i12560;items
i12561;items
i12562;items
i12563;items
i12564;items
i12565;items
i12566;items
i12567;items
i12568;items
i12569;items
i12570;items
i12571;items
i12572;items
o1320;orders
i12573;items
i12574;items
i12575;items
i12576;items
i12577;items
i12578;items
i12579;items
i12580;items
i12581;items
i12582;items
i12583;items
i12584;items
i12585;items
i12586;items
i12587;items
i12588;items
i12589;items
i12590;items
i12591;items
i12592;items
o1321;orders
i12593;items
i12594;items
i12595;items
i12596;items
i12597;items
i12598;items
i12599;items
i12600;items
i12601;items
i12602;items
i12603;items
o1322;orders
i12604;items
i12605;items
i12606;items
i12607;items
i12608;items
i12609;items
i12610;items
i12611;items
i12612;items
i12613;items
i12614;items
i12615;items
i12616;items
i12617;items
i12618;items
i12619;items
i12620;items
i12621;items
i12622;items
o1323;orders
i12623;items
i12624;items
i12625;items
i12626;items
i12627;items
i12628;items
i12629;items
i12630;items
i12631;items
i12632;items
i12633;items
i12634;items
i12635;items
i12636;items
i12637;items
i12638;items
i12639;items
o1324;orders
i12640;items
i12641;items
i12642;items
i12643;items
i12644;items
i12645;items
i12646;items
i12647;items
i12648;items
i12649;items
i12650;items
i12651;items
o1325;orders
i12652;items
i12653;items
i12654;items
i12655;items
i12656;items
i12657;items
i12658;items
i12659;items
i12660;items
i12661;items
i12662;items
o1326;orders
i12663;items
i12664;items
i12665;items
i12666;items
i12667;items
i12668;items
i12669;items
i12670;items
i12671;items
i12672;items
i12673;items
i12674;items
i12675;items
i12676;items
i12677;items
i12678;items
i12679;items
i12680;items
i12681;items
i12682;items
o1327;orders
i12683;items
i12684;items
i12685;items
i12686;items
i12687;items
i12688;items
i12689;items
i12690;items
i12691;items
i12692;items
i12693;items
i12694;items
i12695;items
i12696;items
i12697;items
i12698;items
i12699;items
o1328;orders
i12700;items
i12701;items
i12702;items
i12703;items
i12704;items
i12705;items
i12706;items
i12707;items
i12708;items
o1329;orders
i12709;items
i12710;items
i12711;items
i12712;items
i12713;items
i12714;items
i12715;items
i12716;items
i12717;items
i12718;items
i12719;items
i12720;items
i12721;items
o1330;orders
i12722;items
i12723;items
i12724;items
i12725;items
i12726;items
i12727;items
i12728;items
i12729;items
i12730;items
i12731;items
i12732;items
i12733;items
i12734;items
i12735;items
i12736;items
i12737;items
i12738;items
i12739;items
i12740;items
o1331;orders
i12741;items
i12742;items
i12743;items
i12744;items
i12745;items
i12746;items
i12747;items
i12748;items
i12749;items
i12750;items
i12751;items
i12752;items
i12753;items
i12754;items
i12755;items
i12756;items
i12757;items
o1332;orders
i12758;items
i12759;items
i12760;items
i12761;items
i12762;items
i12763;items
i12764;items
i12765;items
i12766;items
i12767;items
i12768;items
i12769;items
i12770;items
i12771;items
i12772;items
i12773;items
i12774;items
i12775;items
o1333;orders
i12776;items
i12777;items
i12778;items
i12779;items
i12780;items
i12781;items
i12782;items
i12783;items
i12784;items
i12785;items
i12786;items
i12787;items
i12788;items
i12789;items
i12790;items
i12791;items
i12792;items
i12793;items
i12794;items
i12795;items
i12796;items
i12797;items
i12798;items
o1334;orders
i12799;items
i12800;items
i12801;items
i12802;items
i12803;items
i12804;items
i12805;items
i12806;items
i12807;items
i12808;items
i12809;items
i12810;items
i12811;items
i12812;items
i12813;items
i12814;items
i12815;items
i12816;items
i12817;items
o1335;orders
i12818;items
i12819;items
i12820;items
i12821;items
i12822;items
i12823;items
i12824;items
i12825;items
i12826;items
i12827;items
i12828;items
i12829;items
o1336;orders
i12830;items
i12831;items
i12832;items
i12833;items
i12834;items
i12835;items
i12836;items
i12837;items
i12838;items
i12839;items
i12840;items
i12841;items
i12842;items
i12843;items
i12844;items
i12845;items
i12846;items
i12847;items
o1337;orders
i12848;items
i12849;items
i12850;items
i12851;items
i12852;items
i12853;items
i12854;items
i12855;items
i12856;items
i12857;items
i12858;items
i12859;items
i12860;items
i12861;items
i12862;items
i12863;items
i12864;items
o1338;orders
i12865;items
i12866;items
i12867;items
i12868;items
i12869;items
i12870;items
i12871;items
i12872;items
i12873;items
i12874;items
i12875;items
i12876;items
i12877;items
i12878;items
i12879;items
i12880;items
i12881;items
i12882;items
i12883;items
o1339;orders
i12884;items
i12885;items
i12886;items
i12887;items
i12888;items
i12889;items
i12890;items
i12891;items
i12892;items
i12893;items
i12894;items
i12895;items
i12896;items
i12897;items
i12898;items
i12899;items
i12900;items
i12901;items
o1340;orders
i12902;items
i12903;items
i12904;items
i12905;items
i12906;items
i12907;items
i12908;items
i12909;items
i12910;items
i12911;items
i12912;items
i12913;items
i12914;items
o1341;orders
i12915;items
i12916;items
i12917;items
i12918;items
i12919;items
i12920;items
i12921;items
i12922;items
i12923;items
i12924;items
i12925;items
i12926;items
i12927;items
i12928;items
i12929;items
i12930;items
i12931;items
i12932;items
i12933;items
i12934;items
o1342;orders
i12935;items
i12936;items
i12937;items
i12938;items
i12939;items
i12940;items
i12941;items
i12942;items
i12943;items
i12944;items
i12945;items
i12946;items
i12947;items
i12948;items
i12949;items
i12950;items
i12951;items
i12952;items
i12953;items
i12954;items
i12955;items
i12956;items
i12957;items
i12958;items
i12959;items
i12960;items
i12961;items
i12962;items
o1343;orders
i12963;items
i12964;items
i12965;items
i12966;items
i12967;items
i12968;items
i12969;items
i12970;items
i12971;items
i12972;items
i12973;items
i12974;items
i12975;items
i12976;items
i12977;items
i12978;items
i12979;items
o1344;orders
i12980;items
i12981;items
i12982;items
i12983;items
i12984;items
i12985;items
i12986;items
i12987;items
i12988;items
i12989;items
i12990;items
i12991;items
i12992;items
i12993;items
i12994;items
o1345;orders
i12995;items
i12996;items
i12997;items
i12998;items
i12999;items
i13000;items
i13001;items
i13002;items
i13003;items
i13004;items
i13005;items
i13006;items
i13007;items
i13008;items
i13009;items
i13010;items
o1346;orders
i13011;items
i13012;items
i13013;items
i13014;items
i13015;items
i13016;items
i13017;items
i13018;items
i13019;items
i13020;items
i13021;items
i13022;items
i13023;items
i13024;items
i13025;items
i13026;items
i13027;items
i13028;items
i13029;items
i13030;items
o1347;orders
i13031;items
i13032;items
i13033;items
i13034;items
i13035;items
i13036;items
i13037;items
i13038;items
i13039;items
i13040;items
i13041;items
i13042;items
i13043;items
i13044;items
i13045;items
i13046;items
i13047;items
o1348;orders
i13048;items
i13049;items
i13050;items
i13051;items
i13052;items
i13053;items
i13054;items
i13055;items
i13056;items
i13057;items
i13058;items
i13059;items
i13060;items
i13061;items
i13062;items
i13063;items
i13064;items
i13065;items
i13066;items
o1349;orders
i13067;items
i13068;items
i13069;items
i13070;items
i13071;items
i13072;items
i13073;items
i13074;items
i13075;items
i13076;items
i13077;items
i13078;items
i13079;items
i13080;items
i13081;items
i13082;items
o1350;orders
i13083;items
i13084;items
i13085;items
i13086;items
i13087;items
i13088;items
i13089;items
i13090;items
i13091;items
i13092;items
i13093;items
i13094;items
i13095;items
i13096;items
i13097;items
o1351;orders
i13098;items
i13099;items
i13100;items
i13101;items
i13102;items
i13103;items
i13104;items
i13105;items
i13106;items
i13107;items
i13108;items
i13109;items
i13110;items
i13111;items
i13112;items
i13113;items
i13114;items
i13115;items
i13116;items
o1352;orders
i13117;items
i13118;items
i13119;items
i13120;items
i13121;items
i13122;items
i13123;items
i13124;items
i13125;items
i13126;items
i13127;items
i13128;items
i13129;items
i13130;items
i13131;items
i13132;items
i13133;items
i13134;items
i13135;items
i13136;items
o1353;orders
i13137;items
i13138;items
i13139;items
i13140;items
i13141;items
i13142;items
i13143;items
i13144;items
i13145;items
i13146;items
i13147;items
i13148;items
i13149;items
i13150;items
i13151;items
i13152;items
o1354;orders
i13153;items
i13154;items
i13155;items
i13156;items
i13157;items
i13158;items
i13159;items
i13160;items
i13161;items
i13162;items
i13163;items
i13164;items
i13165;items
i13166;items
o1355;orders
i13167;items
i13168;items
i13169;items
i13170;items
i13171;items
i13172;items
i13173;items
i13174;items
i13175;items
i13176;items
i13177;items
i13178;items
i13179;items
i13180;items
i13181;items
i13182;items
o1356;orders
i13183;items
i13184;items
i13185;items
i13186;items
i13187;items
i13188;items
i13189;items
i13190;items
i13191;items
i13192;items
i13193;items
i13194;items
i13195;items
i13196;items
o1357;orders
i13197;items
i13198;items
i13199;items
i13200;items
i13201;items
i13202;items
i13203;items
i13204;items
i13205;items
i13206;items
i13207;items
i13208;items
i13209;items
o1358;orders
i13210;items
i13211;items
i13212;items
i13213;items
i13214;items
i13215;items
i13216;items
i13217;items
i13218;items
i13219;items
i13220;items
i13221;items
i13222;items
i13223;items
i13224;items
i13225;items
i13226;items
i13227;items
i13228;items
i13229;items
i13230;items
i13231;items
i13232;items
i13233;items
o1359;orders
i13234;items
i13235;items
i13236;items
i13237;items
i13238;items
i13239;items
i13240;items
i13241;items
i13242;items
i13243;items
i13244;items
i13245;items
i13246;items
i13247;items
i13248;items
i13249;items
i13250;items
i13251;items
i13252;items
i13253;items
i13254;items
o1360;orders
i13255;items
i13256;items
i13257;items
i13258;items
i13259;items
i13260;items
i13261;items
i13262;items
i13263;items
i13264;items
i13265;items
o1361;orders
i13266;items
i13267;items
i13268;items
i13269;items
i13270;items
i13271;items
i13272;items
i13273;items
i13274;items
i13275;items
i13276;items
i13277;items
i13278;items
i13279;items
i13280;items
i13281;items
o1362;orders
i13282;items
i13283;items
i13284;items
i13285;items
i13286;items
i13287;items
i13288;items
i13289;items
i13290;items
i13291;items
i13292;items
i13293;items
i13294;items
i13295;items
i13296;items
i13297;items
i13298;items
i13299;items
i13300;items
i13301;items
i13302;items
i13303;items
i13304;items
o1363;orders
i13305;items
i13306;items
i13307;items
i13308;items
i13309;items
i13310;items
i13311;items
i13312;items
i13313;items
i13314;items
i13315;items
i13316;items
i13317;items
i13318;items
i13319;items
o1364;orders
i13320;items
i13321;items
i13322;items
i13323;items
i13324;items
i13325;items
i13326;items
i13327;items
i13328;items
i13329;items
i13330;items
i13331;items
i13332;items
i13333;items
o1365;orders
i13334;items
i13335;items
i13336;items
i13337;items
i13338;items
i13339;items
i13340;items
i13341;items
i13342;items
i13343;items
i13344;items
i13345;items
i13346;items
i13347;items
i13348;items
i13349;items
i13350;items
i13351;items
i13352;items
o1366;orders
i13353;items
i13354;items
i13355;items
i13356;items
i13357;items
i13358;items
i13359;items
i13360;items
i13361;items
i13362;items
i13363;items
i13364;items
i13365;items
i13366;items
i13367;items
i13368;items
i13369;items
o1367;orders
i13370;items
i13371;items
i13372;items
i13373;items
i13374;items
i13375;items
i13376;items
i13377;items
i13378;items
i13379;items
o1368;orders
i13380;items
i13381;items
i13382;items
i13383;items
i13384;items
i13385;items
i13386;items
i13387;items
i13388;items
i13389;items
i13390;items
i13391;items
i13392;items
i13393;items
i13394;items
i13395;items
i13396;items
i13397;items
o1369;orders
i13398;items
i13399;items
i13400;items
i13401;items
i13402;items
i13403;items
i13404;items
i13405;items
i13406;items
i13407;items
i13408;items
o1370;orders
i13409;items
i13410;items
i13411;items
i13412;items
i13413;items
i13414;items
i13415;items
i13416;items
i13417;items
i13418;items
i13419;items
i13420;items
i13421;items
i13422;items
i13423;items
o1371;orders
i13424;items
i13425;items
i13426;items
i13427;items
i13428;items
i13429;items
i13430;items
i13431;items
i13432;items
i13433;items
i13434;items
i13435;items
i13436;items
i13437;items
i13438;items
i13439;items
i13440;items
i13441;items
i13442;items
i13443;items
i13444;items
i13445;items
i13446;items
i13447;items
i13448;items
o1372;orders
i13449;items
i13450;items
i13451;items
i13452;items
i13453;items
i13454;items
i13455;items
i13456;items
i13457;items
i13458;items
i13459;items
i13460;items
i13461;items
i13462;items
i13463;items
i13464;items
i13465;items
o1373;orders
i13466;items
i13467;items
i13468;items
i13469;items
i13470;items
i13471;items
i13472;items
i13473;items
i13474;items
i13475;items
i13476;items
i13477;items
i13478;items
i13479;items
i13480;items
o1374;orders
i13481;items
i13482;items
i13483;items
i13484;items
i13485;items
i13486;items
i13487;items
i13488;items
i13489;items
i13490;items
i13491;items
i13492;items
i13493;items
i13494;items
o1375;orders
i13495;items
i13496;items
i13497;items
i13498;items
i13499;items
i13500;items
i13501;items
i13502;items
i13503;items
i13504;items
i13505;items
i13506;items
i13507;items
i13508;items
i13509;items
i13510;items
i13511;items
i13512;items
i13513;items
i13514;items
i13515;items
i13516;items
i13517;items
i13518;items
i13519;items
i13520;items
i13521;items
o1376;orders
i13522;items
i13523;items
i13524;items
i13525;items
i13526;items
i13527;items
i13528;items
i13529;items
i13530;items
i13531;items
i13532;items
i13533;items
i13534;items
i13535;items
i13536;items
i13537;items
o1377;orders
i13538;items
i13539;items
i13540;items
i13541;items
i13542;items
i13543;items
i13544;items
i13545;items
i13546;items
i13547;items
i13548;items
i13549;items
i13550;items
i13551;items
i13552;items
i13553;items
i13554;items
i13555;items
i13556;items
o1378;orders
i13557;items
i13558;items
i13559;items
i13560;items
i13561;items
i13562;items
i13563;items
i13564;items
i13565;items
i13566;items
i13567;items
o1379;orders
i13568;items
i13569;items
i13570;items
i13571;items
i13572;items
i13573;items
i13574;items
i13575;items
i13576;items
i13577;items
i13578;items
i13579;items
i13580;items
i13581;items
i13582;items
i13583;items
o1380;orders
i13584;items
i13585;items
i13586;items
i13587;items
i13588;items
i13589;items
i13590;items
i13591;items
i13592;items
i13593;items
i13594;items
i13595;items
i13596;items
i13597;items
i13598;items
i13599;items
i13600;items
i13601;items
i13602;items
i13603;items
o1381;orders
i13604;items
i13605;items
i13606;items
i13607;items
i13608;items
i13609;items
i13610;items
i13611;items
i13612;items
i13613;items
i13614;items
i13615;items
i13616;items
i13617;items
i13618;items
o1382;orders
i13619;items
i13620;items
i13621;items
i13622;items
i13623;items
i13624;items
i13625;items
i13626;items
i13627;items
i13628;items
i13629;items
i13630;items
i13631;items
i13632;items
i13633;items
i13634;items
o1383;orders
i13635;items
i13636;items
i13637;items
i13638;items
i13639;items
i13640;items
i13641;items
i13642;items
i13643;items
i13644;items
i13645;items
i13646;items
i13647;items
i13648;items
o1384;orders
i13649;items
i13650;items
i13651;items
i13652;items
i13653;items
i13654;items
i13655;items
i13656;items
i13657;items
i13658;items
i13659;items
i13660;items
i13661;items
i13662;items
i13663;items
i13664;items
i13665;items
o1385;orders
i13666;items
i13667;items
i13668;items
i13669;items
i13670;items
i13671;items
i13672;items
i13673;items
i13674;items
i13675;items
i13676;items
i13677;items
i13678;items
o1386;orders
i13679;items
i13680;items
i13681;items
i13682;items
i13683;items
i13684;items
i13685;items
i13686;items
i13687;items
i13688;items
i13689;items
i13690;items
i13691;items
i13692;items
i13693;items
i13694;items
i13695;items
i13696;items
i13697;items
o1387;orders
i13698;items
i13699;items
i13700;items
i13701;items
i13702;items
i13703;items
i13704;items
i13705;items
i13706;items
i13707;items
i13708;items
i13709;items
i13710;items
i13711;items
i13712;items
i13713;items
i13714;items
i13715;items
i13716;items
i13717;items
i13718;items
o1388;orders
i13719;items
i13720;items
i13721;items
i13722;items
i13723;items
i13724;items
i13725;items
i13726;items
i13727;items
i13728;items
i13729;items
i13730;items
i13731;items
i13732;items
i13733;items
i13734;items
i13735;items
i13736;items
i13737;items
i13738;items
i13739;items
o1389;orders
i13740;items
i13741;items
i13742;items
i13743;items
i13744;items
i13745;items
i13746;items
i13747;items
i13748;items
i13749;items
i13750;items
i13751;items
i13752;items
i13753;items
i13754;items
i13755;items
i13756;items
o1390;orders
i13757;items
i13758;items
i13759;items
i13760;items
i13761;items
i13762;items
i13763;items
i13764;items
i13765;items
i13766;items
i13767;items
i13768;items
i13769;items
i13770;items
i13771;items
i13772;items
i13773;items
i13774;items
i13775;items
o1391;orders
i13776;items
i13777;items
i13778;items
i13779;items
i13780;items
i13781;items
i13782;items
i13783;items
i13784;items
i13785;items
i13786;items
i13787;items
i13788;items
i13789;items
i13790;items
i13791;items
o1392;orders
i13792;items
i13793;items
i13794;items
i13795;items
i13796;items
i13797;items
i13798;items
i13799;items
i13800;items
i13801;items
i13802;items
i13803;items
o1393;orders
i13804;items
i13805;items
i13806;items
i13807;items
i13808;items
i13809;items
i13810;items
i13811;items
i13812;items
i13813;items
i13814;items
i13815;items
i13816;items
i13817;items
i13818;items
o1394;orders
i13819;items
i13820;items
i13821;items
i13822;items
i13823;items
i13824;items
i13825;items
i13826;items
i13827;items
i13828;items
i13829;items
i13830;items
i13831;items
i13832;items
i13833;items
o1395;orders
i13834;items
i13835;items
i13836;items
i13837;items
i13838;items
i13839;items
i13840;items
i13841;items
i13842;items
i13843;items
i13844;items
i13845;items
i13846;items
i13847;items
i13848;items
i13849;items
o1396;orders
i13850;items
i13851;items
i13852;items
i13853;items
i13854;items
i13855;items
i13856;items
i13857;items
i13858;items
i13859;items
i13860;items
i13861;items
i13862;items
i13863;items
i13864;items
i13865;items
i13866;items
i13867;items
i13868;items
i13869;items
i13870;items
i13871;items
o1397;orders
i13872;items
i13873;items
i13874;items
i13875;items
i13876;items
i13877;items
i13878;items
i13879;items
i13880;items
i13881;items
i13882;items
i13883;items
i13884;items
i13885;items
i13886;items
o1398;orders
i13887;items
i13888;items
i13889;items
i13890;items
i13891;items
i13892;items
i13893;items
i13894;items
i13895;items
i13896;items
i13897;items
i13898;items
i13899;items
i13900;items
i13901;items
o1399;orders
i13902;items
i13903;items
i13904;items
i13905;items
i13906;items
i13907;items
i13908;items
i13909;items
i13910;items
i13911;items
i13912;items
i13913;items
i13914;items
i13915;items
i13916;items
i13917;items
i13918;items
o1400;orders
i13919;items
i13920;items
i13921;items
i13922;items
i13923;items
i13924;items
i13925;items
i13926;items
i13927;items
i13928;items
i13929;items
i13930;items
i13931;items
i13932;items
i13933;items
i13934;items
i13935;items
i13936;items
o1401;orders
i13937;items
i13938;items
i13939;items
i13940;items
i13941;items
i13942;items
i13943;items
i13944;items
i13945;items
i13946;items
i13947;items
i13948;items
i13949;items
i13950;items
i13951;items
i13952;items
i13953;items
i13954;items
i13955;items
i13956;items
o1402;orders
i13957;items
i13958;items
i13959;items
i13960;items
i13961;items
i13962;items
i13963;items
i13964;items
i13965;items
i13966;items
i13967;items
o1403;orders
i13968;items
i13969;items
i13970;items
i13971;items
i13972;items
i13973;items
i13974;items
i13975;items
i13976;items
i13977;items
i13978;items
i13979;items
i13980;items
i13981;items
i13982;items
o1404;orders
i13983;items
i13984;items
i13985;items
i13986;items
i13987;items
i13988;items
i13989;items
i13990;items
i13991;items
i13992;items
i13993;items
i13994;items
i13995;items
i13996;items
i13997;items
i13998;items
o1405;orders
i13999;items
i14000;items
i14001;items
i14002;items
i14003;items
i14004;items
i14005;items
i14006;items
i14007;items
i14008;items
i14009;items
i14010;items
i14011;items
o1406;orders
i14012;items
i14013;items
i14014;items
i14015;items
i14016;items
i14017;items
i14018;items
i14019;items
i14020;items
i14021;items
i14022;items
i14023;items
i14024;items
i14025;items
i14026;items
i14027;items
i14028;items
i14029;items
i14030;items
i14031;items
o1407;orders
i14032;items
i14033;items
i14034;items
i14035;items
i14036;items
i14037;items
i14038;items
i14039;items
i14040;items
i14041;items
i14042;items
i14043;items
i14044;items
i14045;items
i14046;items
i14047;items
o1408;orders
i14048;items
i14049;items
i14050;items
i14051;items
i14052;items
i14053;items
i14054;items
i14055;items
i14056;items
i14057;items
i14058;items
i14059;items
i14060;items
i14061;items
i14062;items
i14063;items
o1409;orders
i14064;items
i14065;items
i14066;items
i14067;items
i14068;items
i14069;items
i14070;items
i14071;items
i14072;items
i14073;items
i14074;items
i14075;items
i14076;items
i14077;items
i14078;items
i14079;items
i14080;items
i14081;items
i14082;items
o1410;orders
i14083;items
i14084;items
i14085;items
i14086;items
i14087;items
i14088;items
i14089;items
i14090;items
i14091;items
i14092;items
i14093;items
i14094;items
i14095;items
i14096;items
i14097;items
i14098;items
i14099;items
i14100;items
i14101;items
i14102;items
i14103;items
i14104;items
o1411;orders
i14105;items
i14106;items
i14107;items
i14108;items
i14109;items
i14110;items
i14111;items
i14112;items
i14113;items
i14114;items
i14115;items
i14116;items
i14117;items
i14118;items
i14119;items
i14120;items
o1412;orders
i14121;items
i14122;items
i14123;items
i14124;items
i14125;items
i14126;items
i14127;items
i14128;items
i14129;items
i14130;items
i14131;items
i14132;items
i14133;items
i14134;items
i14135;items
i14136;items
i14137;items
i14138;items
o1413;orders
i14139;items
i14140;items
i14141;items
i14142;items
i14143;items
i14144;items
i14145;items
i14146;items
i14147;items
i14148;items
i14149;items
i14150;items
i14151;items
i14152;items
i14153;items
i14154;items
i14155;items
i14156;items
i14157;items
i14158;items
i14159;items
i14160;items
o1414;orders
i14161;items
i14162;items
i14163;items
i14164;items
i14165;items
i14166;items
i14167;items
i14168;items
i14169;items
i14170;items
i14171;items
i14172;items
i14173;items
i14174;items
i14175;items
i14176;items
i14177;items
i14178;items
i14179;items
i14180;items
i14181;items
i14182;items
o1415;orders
i14183;items
i14184;items
i14185;items
i14186;items
i14187;items
i14188;items
i14189;items
i14190;items
i14191;items
i14192;items
i14193;items
i14194;items
i14195;items
i14196;items
i14197;items
i14198;items
i14199;items
i14200;items
i14201;items
i14202;items
i14203;items
i14204;items
i14205;items
o1416;orders
i14206;items
i14207;items
i14208;items
i14209;items
i14210;items
i14211;items
i14212;items
i14213;items
i14214;items
i14215;items
i14216;items
o1417;orders
i14217;items
i14218;items
i14219;items
i14220;items
i14221;items
i14222;items
i14223;items
i14224;items
i14225;items
i14226;items
i14227;items
i14228;items
i14229;items
i14230;items
o1418;orders
i14231;items
i14232;items
i14233;items
i14234;items
i14235;items
i14236;items
i14237;items
i14238;items
i14239;items
i14240;items
i14241;items
i14242;items
o1419;orders
i14243;items
i14244;items
i14245;items
i14246;items
i14247;items
i14248;items
i14249;items
i14250;items
i14251;items
i14252;items
i14253;items
i14254;items
i14255;items
i14256;items
i14257;items
i14258;items
i14259;items
i14260;items
i14261;items
i14262;items
i14263;items
i14264;items
o1420;orders
i14265;items
i14266;items
i14267;items
i14268;items
i14269;items
i14270;items
i14271;items
i14272;items
i14273;items
i14274;items
i14275;items
i14276;items
i14277;items
i14278;items
i14279;items
i14280;items
i14281;items
i14282;items
i14283;items
i14284;items
i14285;items
i14286;items
o1421;orders
i14287;items
i14288;items
i14289;items
i14290;items
i14291;items
i14292;items
i14293;items
i14294;items
i14295;items
i14296;items
i14297;items
i14298;items
i14299;items
i14300;items
i14301;items
i14302;items
i14303;items
i14304;items
i14305;items
o1422;orders
i14306;items
i14307;items
i14308;items
i14309;items
i14310;items
i14311;items
i14312;items
i14313;items
i14314;items
i14315;items
i14316;items
i14317;items
o1423;orders
i14318;items
i14319;items
i14320;items
i14321;items
i14322;items
i14323;items
i14324;items
i14325;items
i14326;items
i14327;items
i14328;items
i14329;items
i14330;items
i14331;items
i14332;items
i14333;items
i14334;items
i14335;items
o1424;orders
i14336;items
i14337;items
i14338;items
i14339;items
i14340;items
i14341;items
i14342;items
i14343;items
i14344;items
i14345;items
i14346;items
i14347;items
o1425;orders
i14348;items
i14349;items
i14350;items
i14351;items
i14352;items
i14353;items
i14354;items
i14355;items
i14356;items
i14357;items
i14358;items
i14359;items
i14360;items
i14361;items
i14362;items
i14363;items
i14364;items
i14365;items
i14366;items
i14367;items
i14368;items
i14369;items
o1426;orders
i14370;items
i14371;items
i14372;items
i14373;items
i14374;items
i14375;items
i14376;items
i14377;items
i14378;items
i14379;items
o1427;orders
i14380;items
i14381;items
i14382;items
i14383;items
i14384;items
i14385;items
i14386;items
i14387;items
i14388;items
i14389;items
i14390;items
o1428;orders
i14391;items
i14392;items
i14393;items
i14394;items
i14395;items
i14396;items
i14397;items
i14398;items
i14399;items
i14400;items
i14401;items
i14402;items
i14403;items
i14404;items
o1429;orders
i14405;items
i14406;items
i14407;items
i14408;items
i14409;items
i14410;items
i14411;items
i14412;items
i14413;items
i14414;items
i14415;items
i14416;items
i14417;items
i14418;items
i14419;items
i14420;items
i14421;items
i14422;items
i14423;items
o1430;orders
i14424;items
i14425;items
i14426;items
i14427;items
i14428;items
i14429;items
i14430;items
i14431;items
i14432;items
i14433;items
i14434;items
i14435;items
i14436;items
i14437;items
i14438;items
o1431;orders
i14439;items
i14440;items
i14441;items
i14442;items
i14443;items
i14444;items
i14445;items
i14446;items
i14447;items
i14448;items
i14449;items
i14450;items
i14451;items
i14452;items
i14453;items
i14454;items
i14455;items
i14456;items
o1432;orders
i14457;items
i14458;items
i14459;items
i14460;items
i14461;items
i14462;items
i14463;items
i14464;items
i14465;items
i14466;items
i14467;items
i14468;items
i14469;items
i14470;items
i14471;items
i14472;items
i14473;items
i14474;items
o1433;orders
i14475;items
i14476;items
i14477;items
i14478;items
i14479;items
i14480;items
i14481;items
i14482;items
i14483;items
i14484;items
i14485;items
o1434;orders
i14486;items
i14487;items
i14488;items
i14489;items
i14490;items
i14491;items
i14492;items
i14493;items
i14494;items
i14495;items
i14496;items
i14497;items
i14498;items
o1435;orders
i14499;items
i14500;items
i14501;items
i14502;items
i14503;items
i14504;items
i14505;items
i14506;items
i14507;items
i14508;items
i14509;items
i14510;items
i14511;items
o1436;orders
i14512;items
i14513;items
i14514;items
i14515;items
i14516;items
i14517;items
i14518;items
i14519;items
i14520;items
i14521;items
i14522;items
i14523;items
i14524;items
i14525;items
o1437;orders
i14526;items
i14527;items
i14528;items
i14529;items
i14530;items
i14531;items
i14532;items
i14533;items
i14534;items
i14535;items
i14536;items
i14537;items
i14538;items
i14539;items
i14540;items
i14541;items
i14542;items
o1438;orders
i14543;items
i14544;items
i14545;items
i14546;items
i14547;items
i14548;items
i14549;items
i14550;items
i14551;items
i14552;items
i14553;items
i14554;items
i14555;items
i14556;items
i14557;items
o1439;orders
i14558;items
i14559;items
i14560;items
i14561;items
i14562;items
i14563;items
i14564;items
i14565;items
i14566;items
i14567;items
i14568;items
i14569;items
i14570;items
i14571;items
i14572;items
i14573;items
i14574;items
i14575;items
i14576;items
o1440;orders
i14577;items
i14578;items
i14579;items
i14580;items
i14581;items
i14582;items
i14583;items
i14584;items
i14585;items
i14586;items
i14587;items
i14588;items
i14589;items
i14590;items
i14591;items
i14592;items
i14593;items
o1441;orders
i14594;items
i14595;items
i14596;items
i14597;items
i14598;items
i14599;items
i14600;items
i14601;items
i14602;items
i14603;items
i14604;items
i14605;items
i14606;items
i14607;items
i14608;items
i14609;items
i14610;items
i14611;items
i14612;items
i14613;items
i14614;items
i14615;items
o1442;orders
i14616;items
i14617;items
i14618;items
i14619;items
i14620;items
i14621;items
i14622;items
i14623;items
i14624;items
i14625;items
i14626;items
i14627;items
i14628;items
i14629;items
i14630;items
i14631;items
i14632;items
i14633;items
i14634;items
i14635;items
i14636;items
i14637;items
i14638;items
i14639;items
o1443;orders
i14640;items
i14641;items
i14642;items
i14643;items
i14644;items
i14645;items
i14646;items
i14647;items
i14648;items
i14649;items
i14650;items
i14651;items
i14652;items
i14653;items
i14654;items
i14655;items
i14656;items
o1444;orders
i14657;items
i14658;items
i14659;items
i14660;items
i14661;items
i14662;items
i14663;items
i14664;items
i14665;items
i14666;items
i14667;items
i14668;items
i14669;items
o1445;orders
i14670;items
i14671;items
i14672;items
i14673;items
i14674;items
i14675;items
i14676;items
i14677;items
i14678;items
i14679;items
i14680;items
i14681;items
i14682;items
i14683;items
i14684;items
i14685;items
i14686;items
o1446;orders
i14687;items
i14688;items
i14689;items
i14690;items
i14691;items
i14692;items
i14693;items
i14694;items
i14695;items
i14696;items
i14697;items
i14698;items
i14699;items
i14700;items
i14701;items
i14702;items
i14703;items
i14704;items
i14705;items
i14706;items
o1447;orders
i14707;items
i14708;items
i14709;items
i14710;items
i14711;items
i14712;items
i14713;items
i14714;items
i14715;items
i14716;items
i14717;items
i14718;items
i14719;items
i14720;items
i14721;items
o1448;orders
i14722;items
i14723;items
i14724;items
i14725;items
i14726;items
i14727;items
i14728;items
i14729;items
i14730;items
i14731;items
i14732;items
i14733;items
i14734;items
i14735;items
i14736;items
i14737;items
i14738;items
o1449;orders
i14739;items
i14740;items
i14741;items
i14742;items
i14743;items
i14744;items
i14745;items
i14746;items
i14747;items
i14748;items
i14749;items
i14750;items
i14751;items
i14752;items
i14753;items
i14754;items
i14755;items
o1450;orders
i14756;items
i14757;items
i14758;items
i14759;items
i14760;items
i14761;items
i14762;items
i14763;items
i14764;items
i14765;items
i14766;items
i14767;items
i14768;items
i14769;items
i14770;items
i14771;items
i14772;items
i14773;items
i14774;items
i14775;items
o1451;orders
i14776;items
i14777;items
i14778;items
i14779;items
i14780;items
i14781;items
i14782;items
i14783;items
i14784;items
i14785;items
i14786;items
i14787;items
i14788;items
i14789;items
i14790;items
i14791;items
i14792;items
i14793;items
i14794;items
i14795;items
i14796;items
o1452;orders
i14797;items
i14798;items
i14799;items
i14800;items
i14801;items
i14802;items
i14803;items
i14804;items
i14805;items
i14806;items
i14807;items
i14808;items
i14809;items
i14810;items
i14811;items
i14812;items
i14813;items
i14814;items
o1453;orders
i14815;items
i14816;items
i14817;items
i14818;items
i14819;items
i14820;items
i14821;items
i14822;items
i14823;items
i14824;items
i14825;items
i14826;items
i14827;items
i14828;items
i14829;items
i14830;items
i14831;items
i14832;items
o1454;orders
i14833;items
i14834;items
i14835;items
i14836;items
i14837;items
i14838;items
i14839;items
i14840;items
i14841;items
o1455;orders
i14842;items
i14843;items
i14844;items
i14845;items
i14846;items
i14847;items
i14848;items
i14849;items
i14850;items
i14851;items
o1456;orders
i14852;items
i14853;items
i14854;items
i14855;items
i14856;items
i14857;items
i14858;items
i14859;items
i14860;items
i14861;items
i14862;items
i14863;items
i14864;items
i14865;items
o1457;orders
i14866;items
i14867;items
i14868;items
i14869;items
i14870;items
i14871;items
i14872;items
i14873;items
i14874;items
i14875;items
i14876;items
i14877;items
i14878;items
i14879;items
o1458;orders
i14880;items
i14881;items
i14882;items
i14883;items
i14884;items
i14885;items
i14886;items
i14887;items
i14888;items
i14889;items
i14890;items
i14891;items
i14892;items
i14893;items
i14894;items
i14895;items
i14896;items
i14897;items
i14898;items
i14899;items
o1459;orders
i14900;items
i14901;items
i14902;items
i14903;items
i14904;items
i14905;items
i14906;items
i14907;items
i14908;items
i14909;items
i14910;items
i14911;items
i14912;items
i14913;items
i14914;items
i14915;items
i14916;items
i14917;items
i14918;items
o1460;orders
i14919;items
i14920;items
i14921;items
i14922;items
i14923;items
i14924;items
i14925;items
i14926;items
i14927;items
i14928;items
i14929;items
i14930;items
o1461;orders
i14931;items
i14932;items
i14933;items
i14934;items
i14935;items
i14936;items
i14937;items
i14938;items
i14939;items
i14940;items
i14941;items
i14942;items
i14943;items
i14944;items
i14945;items
i14946;items
i14947;items
o1462;orders
i14948;items
i14949;items
i14950;items
i14951;items
i14952;items
i14953;items
i14954;items
i14955;items
i14956;items
i14957;items
i14958;items
i14959;items
o1463;orders
i14960;items
i14961;items
i14962;items
i14963;items
i14964;items
i14965;items
i14966;items
i14967;items
i14968;items
i14969;items
i14970;items
i14971;items
i14972;items
i14973;items
o1464;orders
i14974;items
i14975;items
i14976;items
i14977;items
i14978;items
i14979;items
i14980;items
i14981;items
i14982;items
i14983;items
i14984;items
i14985;items
i14986;items
i14987;items
o1465;orders
i14988;items
i14989;items
i14990;items
i14991;items
i14992;items
i14993;items
i14994;items
i14995;items
i14996;items
i14997;items
i14998;items
i14999;items
i15000;items
i15001;items
i15002;items
i15003;items
i15004;items
i15005;items
o1466;orders
i15006;items
i15007;items
i15008;items
i15009;items
i15010;items
i15011;items
i15012;items
i15013;items
i15014;items
i15015;items
i15016;items
i15017;items
i15018;items
i15019;items
o1467;orders
i15020;items
i15021;items
i15022;items
i15023;items
i15024;items
i15025;items
i15026;items
i15027;items
i15028;items
i15029;items
i15030;items
i15031;items
i15032;items
i15033;items
i15034;items
i15035;items
o1468;orders
i15036;items
i15037;items
i15038;items
i15039;items
i15040;items
i15041;items
i15042;items
i15043;items
i15044;items
i15045;items
i15046;items
o1469;orders
i15047;items
i15048;items
i15049;items
i15050;items
i15051;items
i15052;items
i15053;items
i15054;items
i15055;items
i15056;items
i15057;items
i15058;items
i15059;items
i15060;items
i15061;items
i15062;items
i15063;items
i15064;items
i15065;items
i15066;items
i15067;items
o1470;orders
i15068;items
i15069;items
i15070;items
i15071;items
i15072;items
i15073;items
i15074;items
i15075;items
i15076;items
i15077;items
i15078;items
o1471;orders
i15079;items
i15080;items
i15081;items
i15082;items
i15083;items
i15084;items
i15085;items
i15086;items
i15087;items
i15088;items
i15089;items
i15090;items
i15091;items
i15092;items
i15093;items
i15094;items
i15095;items
i15096;items
i15097;items
i15098;items
i15099;items
i15100;items
o1472;orders
i15101;items
i15102;items
i15103;items
i15104;items
i15105;items
i15106;items
i15107;items
i15108;items
i15109;items
i15110;items
i15111;items
i15112;items
i15113;items
i15114;items
i15115;items
o1473;orders
i15116;items
i15117;items
i15118;items
i15119;items
i15120;items
i15121;items
i15122;items
i15123;items
i15124;items
i15125;items
i15126;items
i15127;items
i15128;items
i15129;items
i15130;items
i15131;items
i15132;items
i15133;items
o1474;orders
i15134;items
i15135;items
i15136;items
i15137;items
i15138;items
i15139;items
i15140;items
i15141;items
i15142;items
i15143;items
i15144;items
i15145;items
i15146;items
i15147;items
i15148;items
i15149;items
i15150;items
i15151;items
i15152;items
i15153;items
i15154;items
i15155;items
o1475;orders
i15156;items
i15157;items
i15158;items
i15159;items
i15160;items
i15161;items
i15162;items
i15163;items
i15164;items
i15165;items
i15166;items
i15167;items
i15168;items
i15169;items
i15170;items
i15171;items
i15172;items
i15173;items
o1476;orders
i15174;items
i15175;items
i15176;items
i15177;items
i15178;items
i15179;items
i15180;items
i15181;items
i15182;items
i15183;items
i15184;items
i15185;items
i15186;items
i15187;items
i15188;items
i15189;items
i15190;items
i15191;items
i15192;items
i15193;items
i15194;items
i15195;items
i15196;items
o1477;orders
i15197;items
i15198;items
i15199;items
i15200;items
i15201;items
i15202;items
i15203;items
i15204;items
i15205;items
i15206;items
i15207;items
i15208;items
i15209;items
i15210;items
i15211;items
i15212;items
o1478;orders
i15213;items
i15214;items
i15215;items
i15216;items
i15217;items
i15218;items
i15219;items
i15220;items
i15221;items
i15222;items
i15223;items
i15224;items
i15225;items
i15226;items
i15227;items
o1479;orders
i15228;items
i15229;items
i15230;items
i15231;items
i15232;items
i15233;items
i15234;items
i15235;items
i15236;items
i15237;items
i15238;items
o1480;orders
i15239;items
i15240;items
i15241;items
i15242;items
i15243;items
i15244;items
i15245;items
i15246;items
i15247;items
i15248;items
i15249;items
i15250;items
i15251;items
i15252;items
i15253;items
i15254;items
i15255;items
i15256;items
o1481;orders
i15257;items
i15258;items
i15259;items
i15260;items
i15261;items
i15262;items
i15263;items
i15264;items
i15265;items
i15266;items
i15267;items
i15268;items
i15269;items
i15270;items
i15271;items
i15272;items
i15273;items
i15274;items
i15275;items
i15276;items
i15277;items
o1482;orders
i15278;items
i15279;items
i15280;items
i15281;items
i15282;items
i15283;items
i15284;items
i15285;items
i15286;items
i15287;items
i15288;items
i15289;items
i15290;items
i15291;items
i15292;items
i15293;items
i15294;items
i15295;items
i15296;items
i15297;items
i15298;items
i15299;items
i15300;items
o1483;orders
i15301;items
i15302;items
i15303;items
i15304;items
i15305;items
i15306;items
i15307;items
i15308;items
i15309;items
i15310;items
i15311;items
i15312;items
i15313;items
i15314;items
i15315;items
i15316;items
i15317;items
i15318;items
i15319;items
i15320;items
i15321;items
i15322;items
i15323;items
i15324;items
i15325;items
o1484;orders
i15326;items
i15327;items
i15328;items
i15329;items
i15330;items
i15331;items
i15332;items
i15333;items
i15334;items
i15335;items
i15336;items
i15337;items
i15338;items
i15339;items
o1485;orders
i15340;items
i15341;items
i15342;items
i15343;items
i15344;items
i15345;items
i15346;items
i15347;items
i15348;items
i15349;items
i15350;items
i15351;items
i15352;items
o1486;orders
i15353;items
i15354;items
i15355;items
i15356;items
i15357;items
i15358;items
i15359;items
i15360;items
i15361;items
i15362;items
i15363;items
i15364;items
i15365;items
i15366;items
i15367;items
o1487;orders
i15368;items
i15369;items
i15370;items
i15371;items
i15372;items
i15373;items
i15374;items
i15375;items
i15376;items
i15377;items
i15378;items
i15379;items
i15380;items
i15381;items
i15382;items
i15383;items
i15384;items
i15385;items
i15386;items
i15387;items
o1488;orders
i15388;items
i15389;items
i15390;items
i15391;items
i15392;items
i15393;items
i15394;items
i15395;items
i15396;items
i15397;items
i15398;items
i15399;items
i15400;items
i15401;items
i15402;items
i15403;items
i15404;items
i15405;items
i15406;items
i15407;items
i15408;items
i15409;items
i15410;items
i15411;items
i15412;items
o1489;orders
i15413;items
i15414;items
i15415;items
i15416;items
i15417;items
i15418;items
i15419;items
i15420;items
i15421;items
i15422;items
i15423;items
i15424;items
i15425;items
i15426;items
i15427;items
i15428;items
i15429;items
i15430;items
o1490;orders
i15431;items
i15432;items
i15433;items
i15434;items
i15435;items
i15436;items
i15437;items
i15438;items
i15439;items
o1491;orders
i15440;items
i15441;items
i15442;items
i15443;items
i15444;items
i15445;items
i15446;items
i15447;items
i15448;items
i15449;items
i15450;items
i15451;items
i15452;items
i15453;items
i15454;items
i15455;items
i15456;items
i15457;items
i15458;items
i15459;items
i15460;items
i15461;items
i15462;items
i15463;items
i15464;items
i15465;items
i15466;items
o1492;orders
i15467;items
i15468;items
i15469;items
i15470;items
i15471;items
i15472;items
i15473;items
i15474;items
i15475;items
i15476;items
i15477;items
i15478;items
i15479;items
i15480;items
i15481;items
i15482;items
i15483;items
i15484;items
i15485;items
i15486;items
o1493;orders
i15487;items
i15488;items
i15489;items
i15490;items
i15491;items
i15492;items
i15493;items
i15494;items
i15495;items
i15496;items
i15497;items
i15498;items
i15499;items
i15500;items
i15501;items
i15502;items
i15503;items
i15504;items
i15505;items
o1494;orders
i15506;items
i15507;items
i15508;items
i15509;items
i15510;items
i15511;items
i15512;items
i15513;items
i15514;items
i15515;items
i15516;items
i15517;items
i15518;items
i15519;items
i15520;items
i15521;items
i15522;items
i15523;items
i15524;items
i15525;items
i15526;items
i15527;items
i15528;items
i15529;items
i15530;items
i15531;items
i15532;items
i15533;items
i15534;items
i15535;items
o1495;orders
i15536;items
i15537;items
i15538;items
i15539;items
i15540;items
i15541;items
i15542;items
i15543;items
i15544;items
i15545;items
i15546;items
i15547;items
i15548;items
i15549;items
i15550;items
i15551;items
i15552;items
i15553;items
i15554;items
o1496;orders
i15555;items
i15556;items
i15557;items
i15558;items
i15559;items
i15560;items
i15561;items
i15562;items
i15563;items
i15564;items
i15565;items
i15566;items
i15567;items
i15568;items
i15569;items
i15570;items
i15571;items
i15572;items
i15573;items
i15574;items
i15575;items
i15576;items
i15577;items
i15578;items
i15579;items
i15580;items
i15581;items
o1497;orders
i15582;items
i15583;items
i15584;items
i15585;items
i15586;items
i15587;items
i15588;items
i15589;items
i15590;items
i15591;items
i15592;items
i15593;items
i15594;items
i15595;items
i15596;items
o1498;orders
i15597;items
i15598;items
i15599;items
i15600;items
i15601;items
i15602;items
i15603;items
i15604;items
i15605;items
i15606;items
i15607;items
i15608;items
i15609;items
i15610;items
i15611;items
i15612;items
i15613;items
i15614;items
i15615;items
o1499;orders
i15616;items
i15617;items
i15618;items
i15619;items
i15620;items
i15621;items
i15622;items
i15623;items
i15624;items
i15625;items
i15626;items
i15627;items
i15628;items
i15629;items
i15630;items
i15631;items
i15632;items
i15633;items
o1500;orders
i15634;items
i15635;items
i15636;items
i15637;items
i15638;items
i15639;items
i15640;items
i15641;items
i15642;items
i15643;items
i15644;items
i15645;items
i15646;items
i15647;items
i15648;items
i15649;items
i15650;items
i15651;items
o1501;orders
i15652;items
i15653;items
i15654;items
i15655;items
i15656;items
i15657;items
i15658;items
i15659;items
i15660;items
i15661;items
i15662;items
i15663;items
i15664;items
i15665;items
i15666;items
i15667;items
i15668;items
i15669;items
i15670;items
i15671;items
o1502;orders
i15672;items
i15673;items
i15674;items
i15675;items
i15676;items
i15677;items
i15678;items
i15679;items
i15680;items
i15681;items
i15682;items
i15683;items
i15684;items
i15685;items
i15686;items
i15687;items
i15688;items
o1503;orders
i15689;items
i15690;items
i15691;items
i15692;items
i15693;items
i15694;items
i15695;items
i15696;items
i15697;items
i15698;items
i15699;items
i15700;items
i15701;items
i15702;items
i15703;items
i15704;items
i15705;items
i15706;items
i15707;items
i15708;items
o1504;orders
i15709;items
i15710;items
i15711;items
i15712;items
i15713;items
i15714;items
i15715;items
i15716;items
i15717;items
i15718;items
i15719;items
i15720;items
i15721;items
i15722;items
i15723;items
i15724;items
i15725;items
o1505;orders
i15726;items
i15727;items
i15728;items
i15729;items
i15730;items
i15731;items
i15732;items
i15733;items
i15734;items
i15735;items
i15736;items
i15737;items
i15738;items
i15739;items
i15740;items
i15741;items
o1506;orders
i15742;items
i15743;items
i15744;items
i15745;items
i15746;items
i15747;items
i15748;items
i15749;items
i15750;items
i15751;items
i15752;items
i15753;items
i15754;items
i15755;items
i15756;items
i15757;items
i15758;items
i15759;items
i15760;items
i15761;items
o1507;orders
i15762;items
i15763;items
i15764;items
i15765;items
i15766;items
i15767;items
i15768;items
i15769;items
i15770;items
i15771;items
i15772;items
i15773;items
i15774;items
i15775;items
i15776;items
o1508;orders
i15777;items
i15778;items
i15779;items
i15780;items
i15781;items
i15782;items
i15783;items
i15784;items
i15785;items
i15786;items
i15787;items
i15788;items
i15789;items
i15790;items
i15791;items
i15792;items
i15793;items
i15794;items
o1509;orders
i15795;items
i15796;items
i15797;items
i15798;items
i15799;items
i15800;items
i15801;items
i15802;items
i15803;items
i15804;items
i15805;items
i15806;items
i15807;items
i15808;items
i15809;items
i15810;items
i15811;items
i15812;items
i15813;items
i15814;items
i15815;items
i15816;items
o1510;orders
i15817;items
i15818;items
i15819;items
i15820;items
i15821;items
i15822;items
i15823;items
i15824;items
i15825;items
i15826;items
i15827;items
i15828;items
i15829;items
i15830;items
i15831;items
i15832;items
i15833;items
i15834;items
i15835;items
i15836;items
i15837;items
o1511;orders
i15838;items
i15839;items
i15840;items
i15841;items
i15842;items
i15843;items
i15844;items
i15845;items
i15846;items
i15847;items
i15848;items
i15849;items
i15850;items
i15851;items
i15852;items
i15853;items
i15854;items
i15855;items
i15856;items
i15857;items
i15858;items
i15859;items
o1512;orders
i15860;items
i15861;items
i15862;items
i15863;items
i15864;items
i15865;items
i15866;items
i15867;items
i15868;items
i15869;items
i15870;items
i15871;items
o1513;orders
i15872;items
i15873;items
i15874;items
i15875;items
i15876;items
i15877;items
i15878;items
i15879;items
i15880;items
i15881;items
i15882;items
i15883;items
i15884;items
i15885;items
i15886;items
i15887;items
i15888;items
i15889;items
i15890;items
i15891;items
i15892;items
i15893;items
i15894;items
i15895;items
i15896;items
o1514;orders
i15897;items
i15898;items
i15899;items
i15900;items
i15901;items
i15902;items
i15903;items
i15904;items
i15905;items
i15906;items
i15907;items
i15908;items
i15909;items
i15910;items
i15911;items
i15912;items
i15913;items
i15914;items
i15915;items
i15916;items
o1515;orders
i15917;items
i15918;items
i15919;items
i15920;items
i15921;items
i15922;items
i15923;items
i15924;items
i15925;items
i15926;items
i15927;items
i15928;items
i15929;items
i15930;items
i15931;items
o1516;orders
i15932;items
i15933;items
i15934;items
i15935;items
i15936;items
i15937;items
i15938;items
i15939;items
i15940;items
i15941;items
i15942;items
i15943;items
i15944;items
i15945;items
o1517;orders
i15946;items
i15947;items
i15948;items
i15949;items
i15950;items
i15951;items
i15952;items
i15953;items
i15954;items
i15955;items
i15956;items
i15957;items
i15958;items
i15959;items
o1518;orders
i15960;items
i15961;items
i15962;items
i15963;items
i15964;items
i15965;items
i15966;items
i15967;items
i15968;items
i15969;items
i15970;items
i15971;items
i15972;items
i15973;items
i15974;items
i15975;items
i15976;items
i15977;items
i15978;items
i15979;items
i15980;items
i15981;items
o1519;orders
i15982;items
i15983;items
i15984;items
i15985;items
i15986;items
i15987;items
i15988;items
i15989;items
i15990;items
i15991;items
i15992;items
i15993;items
i15994;items
i15995;items
i15996;items
i15997;items
i15998;items
i15999;items
i16000;items
i16001;items
o1520;orders
i16002;items
i16003;items
i16004;items
i16005;items
i16006;items
i16007;items
i16008;items
i16009;items
i16010;items
i16011;items
i16012;items
i16013;items
i16014;items
i16015;items
i16016;items
i16017;items
i16018;items
i16019;items
i16020;items
i16021;items
i16022;items
i16023;items
i16024;items
i16025;items
i16026;items
i16027;items
o1521;orders
i16028;items
i16029;items
i16030;items
i16031;items
i16032;items
i16033;items
i16034;items
i16035;items
i16036;items
i16037;items
i16038;items
i16039;items
i16040;items
i16041;items
i16042;items
i16043;items
i16044;items
i16045;items
i16046;items
o1522;orders
i16047;items
i16048;items
i16049;items
i16050;items
i16051;items
i16052;items
i16053;items
i16054;items
i16055;items
i16056;items
i16057;items
i16058;items
i16059;items
i16060;items
i16061;items
i16062;items
i16063;items
i16064;items
i16065;items
i16066;items
i16067;items
i16068;items
i16069;items
o1523;orders
i16070;items
i16071;items
i16072;items
i16073;items
i16074;items
i16075;items
i16076;items
i16077;items
i16078;items
i16079;items
i16080;items
i16081;items
i16082;items
i16083;items
i16084;items
i16085;items
i16086;items
i16087;items
i16088;items
i16089;items
i16090;items
o1524;orders
i16091;items
i16092;items
i16093;items
i16094;items
i16095;items
i16096;items
i16097;items
i16098;items
i16099;items
i16100;items
i16101;items
i16102;items
i16103;items
i16104;items
i16105;items
i16106;items
i16107;items
o1525;orders
i16108;items
i16109;items
i16110;items
i16111;items
i16112;items
i16113;items
i16114;items
i16115;items
i16116;items
i16117;items
i16118;items
i16119;items
i16120;items
i16121;items
i16122;items
o1526;orders
i16123;items
i16124;items
i16125;items
i16126;items
i16127;items
i16128;items
i16129;items
i16130;items
i16131;items
i16132;items
i16133;items
i16134;items
i16135;items
i16136;items
i16137;items
o1527;orders
i16138;items
i16139;items
i16140;items
i16141;items
i16142;items
i16143;items
i16144;items
i16145;items
i16146;items
i16147;items
i16148;items
i16149;items
i16150;items
i16151;items
i16152;items
i16153;items
i16154;items
i16155;items
i16156;items
i16157;items
o1528;orders
i16158;items
i16159;items
i16160;items
i16161;items
i16162;items
i16163;items
i16164;items
i16165;items
i16166;items
i16167;items
i16168;items
i16169;items
i16170;items
i16171;items
i16172;items
i16173;items
i16174;items
i16175;items
i16176;items
i16177;items
i16178;items
i16179;items
i16180;items
i16181;items
o1529;orders
i16182;items
i16183;items
i16184;items
i16185;items
i16186;items
i16187;items
i16188;items
i16189;items
i16190;items
i16191;items
i16192;items
i16193;items
i16194;items
i16195;items
i16196;items
i16197;items
i16198;items
o1530;orders
i16199;items
i16200;items
i16201;items
i16202;items
i16203;items
i16204;items
i16205;items
i16206;items
i16207;items
i16208;items
i16209;items
i16210;items
i16211;items
i16212;items
i16213;items
i16214;items
i16215;items
i16216;items
i16217;items
i16218;items
i16219;items
i16220;items
i16221;items
i16222;items
i16223;items
i16224;items
i16225;items
i16226;items
i16227;items
i16228;items
i16229;items
o1531;orders
i16230;items
i16231;items
i16232;items
i16233;items
i16234;items
i16235;items
i16236;items
i16237;items
i16238;items
i16239;items
i16240;items
i16241;items
i16242;items
o1532;orders
i16243;items
i16244;items
i16245;items
i16246;items
i16247;items
i16248;items
i16249;items
i16250;items
i16251;items
i16252;items
i16253;items
i16254;items
i16255;items
i16256;items
i16257;items
i16258;items
i16259;items
i16260;items
i16261;items
o1533;orders
i16262;items
i16263;items
i16264;items
i16265;items
i16266;items
i16267;items
i16268;items
i16269;items
i16270;items
i16271;items
i16272;items
i16273;items
i16274;items
i16275;items
i16276;items
i16277;items
i16278;items
i16279;items
i16280;items
i16281;items
i16282;items
i16283;items
o1534;orders
i16284;items
i16285;items
i16286;items
i16287;items
i16288;items
i16289;items
i16290;items
i16291;items
i16292;items
i16293;items
i16294;items
i16295;items
i16296;items
i16297;items
i16298;items
i16299;items
i16300;items
i16301;items
i16302;items
i16303;items
o1535;orders
i16304;items
i16305;items
i16306;items
i16307;items
i16308;items
i16309;items
i16310;items
i16311;items
i16312;items
i16313;items
i16314;items
i16315;items
i16316;items
i16317;items
i16318;items
i16319;items
i16320;items
o1536;orders
i16321;items
i16322;items
i16323;items
i16324;items
i16325;items
i16326;items
i16327;items
i16328;items
i16329;items
i16330;items
i16331;items
i16332;items
i16333;items
i16334;items
i16335;items
i16336;items
i16337;items
i16338;items
o1537;orders
i16339;items
i16340;items
i16341;items
i16342;items
i16343;items
i16344;items
i16345;items
i16346;items
i16347;items
i16348;items
i16349;items
i16350;items
i16351;items
i16352;items
i16353;items
i16354;items
i16355;items
o1538;orders
i16356;items
i16357;items
i16358;items
i16359;items
i16360;items
i16361;items
i16362;items
i16363;items
i16364;items
i16365;items
i16366;items
i16367;items
i16368;items
i16369;items
i16370;items
i16371;items
i16372;items
i16373;items
i16374;items
i16375;items
o1539;orders
i16376;items
i16377;items
i16378;items
i16379;items
i16380;items
i16381;items
i16382;items
i16383;items
i16384;items
i16385;items
i16386;items
i16387;items
i16388;items
i16389;items
o1540;orders
i16390;items
i16391;items
i16392;items
i16393;items
i16394;items
i16395;items
i16396;items
i16397;items
i16398;items
i16399;items
i16400;items
i16401;items
i16402;items
i16403;items
i16404;items
i16405;items
i16406;items
o1541;orders
i16407;items
i16408;items
i16409;items
i16410;items
i16411;items
i16412;items
i16413;items
i16414;items
i16415;items
i16416;items
i16417;items
i16418;items
i16419;items
i16420;items
i16421;items
i16422;items
i16423;items
i16424;items
i16425;items
i16426;items
i16427;items
o1542;orders
i16428;items
i16429;items
i16430;items
i16431;items
i16432;items
i16433;items
i16434;items
i16435;items
i16436;items
i16437;items
i16438;items
i16439;items
i16440;items
i16441;items
i16442;items
o1543;orders
i16443;items
i16444;items
i16445;items
i16446;items
i16447;items
i16448;items
i16449;items
i16450;items
i16451;items
i16452;items
i16453;items
i16454;items
i16455;items
i16456;items
i16457;items
i16458;items
i16459;items
o1544;orders
i16460;items
i16461;items
i16462;items
i16463;items
i16464;items
i16465;items
i16466;items
i16467;items
i16468;items
i16469;items
i16470;items
i16471;items
i16472;items
i16473;items
i16474;items
i16475;items
o1545;orders
i16476;items
i16477;items
i16478;items
i16479;items
i16480;items
i16481;items
i16482;items
i16483;items
i16484;items
i16485;items
i16486;items
i16487;items
i16488;items
i16489;items
i16490;items
i16491;items
i16492;items
i16493;items
o1546;orders
i16494;items
i16495;items
i16496;items
i16497;items
i16498;items
i16499;items
i16500;items
i16501;items
i16502;items
i16503;items
i16504;items
i16505;items
i16506;items
i16507;items
i16508;items
i16509;items
i16510;items
i16511;items
o1547;orders
i16512;items
i16513;items
i16514;items
i16515;items
i16516;items
i16517;items
i16518;items
i16519;items
i16520;items
i16521;items
i16522;items
i16523;items
o1548;orders
i16524;items
i16525;items
i16526;items
i16527;items
i16528;items
i16529;items
i16530;items
i16531;items
i16532;items
i16533;items
i16534;items
i16535;items
i16536;items
o1549;orders
i16537;items
i16538;items
i16539;items
i16540;items
i16541;items
i16542;items
i16543;items
i16544;items
i16545;items
i16546;items
i16547;items
i16548;items
i16549;items
i16550;items
i16551;items
i16552;items
o1550;orders
i16553;items
i16554;items
i16555;items
i16556;items
i16557;items
i16558;items
i16559;items
i16560;items
i16561;items
i16562;items
i16563;items
i16564;items
i16565;items
o1551;orders
i16566;items
i16567;items
i16568;items
i16569;items
i16570;items
i16571;items
i16572;items
i16573;items
i16574;items
i16575;items
i16576;items
i16577;items
i16578;items
i16579;items
o1552;orders
i16580;items
i16581;items
i16582;items
i16583;items
i16584;items
i16585;items
i16586;items
i16587;items
i16588;items
i16589;items
i16590;items
i16591;items
i16592;items
i16593;items
i16594;items
i16595;items
i16596;items
i16597;items
i16598;items
i16599;items
o1553;orders
i16600;items
i16601;items
i16602;items
i16603;items
i16604;items
i16605;items
i16606;items
i16607;items
i16608;items
i16609;items
i16610;items
i16611;items
i16612;items
i16613;items
i16614;items
i16615;items
i16616;items
o1554;orders
i16617;items
i16618;items
i16619;items
i16620;items
i16621;items
i16622;items
i16623;items
i16624;items
i16625;items
i16626;items
i16627;items
i16628;items
i16629;items
i16630;items
i16631;items
i16632;items
i16633;items
i16634;items
i16635;items
o1555;orders
i16636;items
i16637;items
i16638;items
i16639;items
i16640;items
i16641;items
i16642;items
i16643;items
i16644;items
i16645;items
i16646;items
i16647;items
i16648;items
i16649;items
i16650;items
i16651;items
o1556;orders
i16652;items
i16653;items
i16654;items
i16655;items
i16656;items
i16657;items
i16658;items
i16659;items
i16660;items
i16661;items
i16662;items
i16663;items
i16664;items
i16665;items
i16666;items
i16667;items
i16668;items
i16669;items
i16670;items
i16671;items
i16672;items
i16673;items
i16674;items
o1557;orders
i16675;items
i16676;items
i16677;items
i16678;items
i16679;items
i16680;items
i16681;items
i16682;items
i16683;items
i16684;items
i16685;items
i16686;items
i16687;items
i16688;items
i16689;items
o1558;orders
i16690;items
i16691;items
i16692;items
i16693;items
i16694;items
i16695;items
i16696;items
i16697;items
i16698;items
i16699;items
i16700;items
i16701;items
o1559;orders
i16702;items
i16703;items
i16704;items
i16705;items
i16706;items
i16707;items
i16708;items
i16709;items
i16710;items
i16711;items
i16712;items
i16713;items
i16714;items
i16715;items
i16716;items
o1560;orders
i16717;items
i16718;items
i16719;items
i16720;items
i16721;items
i16722;items
i16723;items
i16724;items
i16725;items
i16726;items
i16727;items
i16728;items
i16729;items
i16730;items
i16731;items
i16732;items
i16733;items
i16734;items
o1561;orders
i16735;items
i16736;items
i16737;items
i16738;items
i16739;items
i16740;items
i16741;items
i16742;items
i16743;items
i16744;items
i16745;items
o1562;orders
i16746;items
i16747;items
i16748;items
i16749;items
i16750;items
i16751;items
i16752;items
i16753;items
i16754;items
i16755;items
i16756;items
i16757;items
i16758;items
i16759;items
i16760;items
i16761;items
o1563;orders
i16762;items
i16763;items
i16764;items
i16765;items
i16766;items
i16767;items
i16768;items
i16769;items
i16770;items
i16771;items
i16772;items
i16773;items
i16774;items
i16775;items
i16776;items
i16777;items
i16778;items
i16779;items
i16780;items
i16781;items
o1564;orders
i16782;items
i16783;items
i16784;items
i16785;items
i16786;items
i16787;items
i16788;items
i16789;items
i16790;items
i16791;items
i16792;items
i16793;items
i16794;items
i16795;items
i16796;items
o1565;orders
i16797;items
i16798;items
i16799;items
i16800;items
i16801;items
i16802;items
i16803;items
i16804;items
i16805;items
i16806;items
i16807;items
i16808;items
i16809;items
i16810;items
i16811;items
o1566;orders
i16812;items
i16813;items
i16814;items
i16815;items
i16816;items
i16817;items
i16818;items
i16819;items
i16820;items
i16821;items
i16822;items
i16823;items
i16824;items
i16825;items
i16826;items
i16827;items
i16828;items
i16829;items
i16830;items
i16831;items
o1567;orders
i16832;items
i16833;items
i16834;items
i16835;items
i16836;items
i16837;items
i16838;items
i16839;items
i16840;items
i16841;items
i16842;items
i16843;items
i16844;items
i16845;items
i16846;items
i16847;items
i16848;items
i16849;items
i16850;items
i16851;items
i16852;items
i16853;items
o1568;orders
i16854;items
i16855;items
i16856;items
i16857;items
i16858;items
i16859;items
i16860;items
i16861;items
i16862;items
i16863;items
i16864;items
i16865;items
i16866;items
i16867;items
i16868;items
i16869;items
i16870;items
i16871;items
o1569;orders
i16872;items
i16873;items
i16874;items
i16875;items
i16876;items
i16877;items
i16878;items
i16879;items
i16880;items
i16881;items
i16882;items
i16883;items
i16884;items
i16885;items
i16886;items
i16887;items
i16888;items
i16889;items
i16890;items
i16891;items
i16892;items
i16893;items
i16894;items
i16895;items
i16896;items
o1570;orders
i16897;items
i16898;items
i16899;items
i16900;items
i16901;items
i16902;items
i16903;items
i16904;items
i16905;items
i16906;items
i16907;items
i16908;items
i16909;items
i16910;items
i16911;items
i16912;items
o1571;orders
i16913;items
i16914;items
i16915;items
i16916;items
i16917;items
i16918;items
i16919;items
i16920;items
i16921;items
i16922;items
i16923;items
i16924;items
i16925;items
i16926;items
i16927;items
i16928;items
i16929;items
i16930;items
i16931;items
i16932;items
i16933;items
i16934;items
i16935;items
o1572;orders
i16936;items
i16937;items
i16938;items
i16939;items
i16940;items
i16941;items
i16942;items
i16943;items
o1573;orders
i16944;items
i16945;items
i16946;items
i16947;items
i16948;items
i16949;items
i16950;items
i16951;items
i16952;items
i16953;items
i16954;items
i16955;items
i16956;items
i16957;items
i16958;items
i16959;items
i16960;items
i16961;items
i16962;items
i16963;items
i16964;items
i16965;items
i16966;items
o1574;orders
i16967;items
i16968;items
i16969;items
i16970;items
i16971;items
i16972;items
i16973;items
i16974;items
i16975;items
i16976;items
i16977;items
i16978;items
i16979;items
i16980;items
o1575;orders
i16981;items
i16982;items
i16983;items
i16984;items
i16985;items
i16986;items
i16987;items
i16988;items
i16989;items
i16990;items
i16991;items
i16992;items
i16993;items
i16994;items
i16995;items
i16996;items
i16997;items
o1576;orders
i16998;items
i16999;items
i17000;items
i17001;items
i17002;items
i17003;items
i17004;items
i17005;items
i17006;items
i17007;items
i17008;items
i17009;items
i17010;items
i17011;items
i17012;items
i17013;items
o1577;orders
i17014;items
i17015;items
i17016;items
i17017;items
i17018;items
i17019;items
i17020;items
i17021;items
i17022;items
i17023;items
i17024;items
i17025;items
i17026;items
i17027;items
i17028;items
i17029;items
i17030;items
i17031;items
i17032;items
i17033;items
i17034;items
i17035;items
i17036;items
i17037;items
i17038;items
i17039;items
i17040;items
i17041;items
o1578;orders
i17042;items
i17043;items
i17044;items
i17045;items
i17046;items
i17047;items
i17048;items
i17049;items
i17050;items
i17051;items
i17052;items
i17053;items
i17054;items
i17055;items
i17056;items
i17057;items
o1579;orders
i17058;items
i17059;items
i17060;items
i17061;items
i17062;items
i17063;items
i17064;items
i17065;items
i17066;items
i17067;items
i17068;items
i17069;items
i17070;items
i17071;items
i17072;items
i17073;items
i17074;items
i17075;items
i17076;items
i17077;items
i17078;items
i17079;items
i17080;items
i17081;items
i17082;items
i17083;items
o1580;orders
i17084;items
i17085;items
i17086;items
i17087;items
i17088;items
i17089;items
i17090;items
i17091;items
i17092;items
i17093;items
i17094;items
i17095;items
i17096;items
i17097;items
i17098;items
i17099;items
i17100;items
i17101;items
i17102;items
i17103;items
o1581;orders
i17104;items
i17105;items
i17106;items
i17107;items
i17108;items
i17109;items
i17110;items
i17111;items
i17112;items
i17113;items
i17114;items
i17115;items
i17116;items
i17117;items
i17118;items
i17119;items
i17120;items
i17121;items
i17122;items
i17123;items
i17124;items
i17125;items
o1582;orders
i17126;items
i17127;items
i17128;items
i17129;items
i17130;items
i17131;items
i17132;items
i17133;items
i17134;items
i17135;items
i17136;items
i17137;items
i17138;items
i17139;items
i17140;items
i17141;items
i17142;items
i17143;items
i17144;items
i17145;items
i17146;items
i17147;items
o1583;orders
i17148;items
i17149;items
i17150;items
i17151;items
i17152;items
i17153;items
i17154;items
i17155;items
i17156;items
i17157;items
i17158;items
i17159;items
i17160;items
i17161;items
i17162;items
i17163;items
i17164;items
o1584;orders
i17165;items
i17166;items
i17167;items
i17168;items
i17169;items
i17170;items
i17171;items
i17172;items
i17173;items
i17174;items
i17175;items
i17176;items
i17177;items
i17178;items
i17179;items
i17180;items
i17181;items
i17182;items
i17183;items
i17184;items
o1585;orders
i17185;items
i17186;items
i17187;items
i17188;items
i17189;items
i17190;items
i17191;items
i17192;items
i17193;items
i17194;items
i17195;items
i17196;items
i17197;items
i17198;items
i17199;items
i17200;items
i17201;items
i17202;items
i17203;items
i17204;items
i17205;items
i17206;items
i17207;items
i17208;items
i17209;items
i17210;items
i17211;items
o1586;orders
i17212;items
i17213;items
i17214;items
i17215;items
i17216;items
i17217;items
i17218;items
i17219;items
i17220;items
i17221;items
i17222;items
o1587;orders
i17223;items
i17224;items
i17225;items
i17226;items
i17227;items
i17228;items
i17229;items
i17230;items
i17231;items
i17232;items
i17233;items
i17234;items
i17235;items
i17236;items
i17237;items
i17238;items
i17239;items
i17240;items
i17241;items
i17242;items
i17243;items
i17244;items
i17245;items
i17246;items
o1588;orders
i17247;items
i17248;items
i17249;items
i17250;items
i17251;items
i17252;items
i17253;items
i17254;items
i17255;items
i17256;items
i17257;items
i17258;items
i17259;items
i17260;items
i17261;items
i17262;items
i17263;items
o1589;orders
i17264;items
i17265;items
i17266;items
i17267;items
i17268;items
i17269;items
i17270;items
i17271;items
i17272;items
i17273;items
i17274;items
i17275;items
i17276;items
i17277;items
i17278;items
i17279;items
i17280;items
i17281;items
o1590;orders
i17282;items
i17283;items
i17284;items
i17285;items
i17286;items
i17287;items
i17288;items
i17289;items
i17290;items
i17291;items
i17292;items
i17293;items
i17294;items
i17295;items
i17296;items
i17297;items
i17298;items
i17299;items
i17300;items
i17301;items
o1591;orders
i17302;items
i17303;items
i17304;items
i17305;items
i17306;items
i17307;items
i17308;items
i17309;items
i17310;items
i17311;items
i17312;items
i17313;items
i17314;items
i17315;items
i17316;items
i17317;items
o1592;orders
i17318;items
i17319;items
i17320;items
i17321;items
i17322;items
i17323;items
i17324;items
i17325;items
i17326;items
i17327;items
i17328;items
i17329;items
i17330;items
i17331;items
o1593;orders
i17332;items
i17333;items
i17334;items
i17335;items
i17336;items
i17337;items
i17338;items
i17339;items
i17340;items
i17341;items
i17342;items
i17343;items
i17344;items
i17345;items
i17346;items
i17347;items
o1594;orders
i17348;items
i17349;items
i17350;items
i17351;items
i17352;items
i17353;items
i17354;items
i17355;items
i17356;items
i17357;items
i17358;items
i17359;items
i17360;items
i17361;items
i17362;items
i17363;items
i17364;items
i17365;items
i17366;items
o1595;orders
i17367;items
i17368;items
i17369;items
i17370;items
i17371;items
i17372;items
i17373;items
i17374;items
i17375;items
i17376;items
i17377;items
i17378;items
i17379;items
i17380;items
i17381;items
i17382;items
i17383;items
i17384;items
i17385;items
i17386;items
i17387;items
i17388;items
o1596;orders
i17389;items
i17390;items
i17391;items
i17392;items
i17393;items
i17394;items
i17395;items
i17396;items
i17397;items
i17398;items
i17399;items
i17400;items
i17401;items
i17402;items
i17403;items
i17404;items
i17405;items
i17406;items
i17407;items
o1597;orders
i17408;items
i17409;items
i17410;items
i17411;items
i17412;items
i17413;items
i17414;items
i17415;items
i17416;items
i17417;items
i17418;items
i17419;items
i17420;items
i17421;items
i17422;items
i17423;items
i17424;items
i17425;items
i17426;items
o1598;orders
i17427;items
i17428;items
i17429;items
i17430;items
i17431;items
i17432;items
i17433;items
i17434;items
i17435;items
i17436;items
i17437;items
i17438;items
i17439;items
i17440;items
i17441;items
i17442;items
o1599;orders
i17443;items
i17444;items
i17445;items
i17446;items
i17447;items
i17448;items
i17449;items
i17450;items
i17451;items
i17452;items
i17453;items
i17454;items
i17455;items
i17456;items
i17457;items
i17458;items
i17459;items
i17460;items
i17461;items
i17462;items
i17463;items
i17464;items
i17465;items
i17466;items
i17467;items
i17468;items
i17469;items
o1600;orders
i17470;items
i17471;items
i17472;items
i17473;items
i17474;items
i17475;items
i17476;items
i17477;items
i17478;items
i17479;items
i17480;items
i17481;items
i17482;items
i17483;items
i17484;items
i17485;items
i17486;items
o1601;orders
i17487;items
i17488;items
i17489;items
i17490;items
i17491;items
i17492;items
i17493;items
i17494;items
i17495;items
i17496;items
i17497;items
i17498;items
i17499;items
i17500;items
i17501;items
i17502;items
i17503;items
i17504;items
i17505;items
i17506;items
i17507;items
o1602;orders
i17508;items
i17509;items
i17510;items
i17511;items
i17512;items
i17513;items
i17514;items
i17515;items
i17516;items
i17517;items
i17518;items
i17519;items
i17520;items
i17521;items
i17522;items
i17523;items
i17524;items
i17525;items
i17526;items
o1603;orders
i17527;items
i17528;items
i17529;items
i17530;items
i17531;items
i17532;items
i17533;items
i17534;items
i17535;items
i17536;items
i17537;items
i17538;items
i17539;items
i17540;items
i17541;items
i17542;items
i17543;items
i17544;items
i17545;items
o1604;orders
i17546;items
i17547;items
i17548;items
i17549;items
i17550;items
i17551;items
i17552;items
i17553;items
i17554;items
i17555;items
i17556;items
i17557;items
i17558;items
i17559;items
i17560;items
i17561;items
i17562;items
i17563;items
o1605;orders
i17564;items
i17565;items
i17566;items
i17567;items
i17568;items
i17569;items
i17570;items
i17571;items
i17572;items
i17573;items
i17574;items
i17575;items
i17576;items
i17577;items
i17578;items
i17579;items
i17580;items
i17581;items
i17582;items
o1606;orders
i17583;items
i17584;items
i17585;items
i17586;items
i17587;items
i17588;items
i17589;items
i17590;items
i17591;items
i17592;items
i17593;items
i17594;items
i17595;items
i17596;items
i17597;items
i17598;items
i17599;items
i17600;items
i17601;items
i17602;items
i17603;items
i17604;items
i17605;items
o1607;orders
i17606;items
i17607;items
i17608;items
i17609;items
i17610;items
i17611;items
i17612;items
i17613;items
i17614;items
i17615;items
i17616;items
i17617;items
i17618;items
i17619;items
i17620;items
i17621;items
i17622;items
i17623;items
i17624;items
i17625;items
i17626;items
o1608;orders
i17627;items
i17628;items
i17629;items
i17630;items
i17631;items
i17632;items
i17633;items
i17634;items
i17635;items
i17636;items
i17637;items
i17638;items
i17639;items
i17640;items
i17641;items
i17642;items
i17643;items
i17644;items
i17645;items
o1609;orders
i17646;items
i17647;items
i17648;items
i17649;items
i17650;items
i17651;items
i17652;items
i17653;items
i17654;items
i17655;items
i17656;items
i17657;items
i17658;items
i17659;items
i17660;items
i17661;items
i17662;items
i17663;items
i17664;items
i17665;items
o1610;orders
i17666;items
i17667;items
i17668;items
i17669;items
i17670;items
i17671;items
i17672;items
i17673;items
i17674;items
i17675;items
i17676;items
i17677;items
i17678;items
i17679;items
i17680;items
i17681;items
i17682;items
o1611;orders
i17683;items
i17684;items
i17685;items
i17686;items
i17687;items
i17688;items
i17689;items
i17690;items
i17691;items
i17692;items
i17693;items
i17694;items
i17695;items
i17696;items
i17697;items
i17698;items
i17699;items
i17700;items
i17701;items
i17702;items
i17703;items
i17704;items
i17705;items
i17706;items
o1612;orders
i17707;items
i17708;items
i17709;items
i17710;items
i17711;items
i17712;items
i17713;items
i17714;items
i17715;items
i17716;items
i17717;items
i17718;items
i17719;items
i17720;items
i17721;items
i17722;items
i17723;items
i17724;items
o1613;orders
i17725;items
i17726;items
i17727;items
i17728;items
i17729;items
i17730;items
i17731;items
i17732;items
i17733;items
i17734;items
i17735;items
i17736;items
i17737;items
i17738;items
i17739;items
i17740;items
i17741;items
i17742;items
i17743;items
i17744;items
i17745;items
i17746;items
i17747;items
o1614;orders
i17748;items
i17749;items
i17750;items
i17751;items
i17752;items
i17753;items
i17754;items
i17755;items
i17756;items
i17757;items
i17758;items
i17759;items
i17760;items
i17761;items
i17762;items
i17763;items
i17764;items
i17765;items
i17766;items
i17767;items
i17768;items
i17769;items
i17770;items
o1615;orders
i17771;items
i17772;items
i17773;items
i17774;items
i17775;items
i17776;items
i17777;items
i17778;items
i17779;items
i17780;items
i17781;items
i17782;items
i17783;items
i17784;items
i17785;items
i17786;items
i17787;items
i17788;items
i17789;items
i17790;items
i17791;items
i17792;items
i17793;items
o1616;orders
i17794;items
i17795;items
i17796;items
i17797;items
i17798;items
i17799;items
i17800;items
i17801;items
i17802;items
i17803;items
i17804;items
i17805;items
i17806;items
i17807;items
i17808;items
i17809;items
i17810;items
i17811;items
i17812;items
o1617;orders
i17813;items
i17814;items
i17815;items
i17816;items
i17817;items
i17818;items
i17819;items
i17820;items
i17821;items
i17822;items
i17823;items
i17824;items
i17825;items
i17826;items
i17827;items
i17828;items
i17829;items
i17830;items
i17831;items
i17832;items
i17833;items
i17834;items
i17835;items
o1618;orders
i17836;items
i17837;items
i17838;items
i17839;items
i17840;items
i17841;items
i17842;items
i17843;items
i17844;items
i17845;items
i17846;items
i17847;items
i17848;items
i17849;items
i17850;items
i17851;items
i17852;items
i17853;items
i17854;items
i17855;items
o1619;orders
i17856;items
i17857;items
i17858;items
i17859;items
i17860;items
i17861;items
i17862;items
i17863;items
i17864;items
i17865;items
i17866;items
i17867;items
i17868;items
i17869;items
i17870;items
i17871;items
i17872;items
i17873;items
i17874;items
i17875;items
i17876;items
o1620;orders
i17877;items
i17878;items
i17879;items
i17880;items
i17881;items
i17882;items
i17883;items
i17884;items
i17885;items
i17886;items
i17887;items
i17888;items
i17889;items
i17890;items
i17891;items
i17892;items
i17893;items
i17894;items
i17895;items
i17896;items
i17897;items
i17898;items
i17899;items
i17900;items
i17901;items
o1621;orders
i17902;items
i17903;items
i17904;items
i17905;items
i17906;items
i17907;items
i17908;items
i17909;items
i17910;items
i17911;items
i17912;items
i17913;items
i17914;items
i17915;items
i17916;items
i17917;items
i17918;items
i17919;items
i17920;items
i17921;items
o1622;orders
i17922;items
i17923;items
i17924;items
i17925;items
i17926;items
i17927;items
i17928;items
i17929;items
i17930;items
i17931;items
i17932;items
i17933;items
i17934;items
i17935;items
i17936;items
i17937;items
i17938;items
i17939;items
i17940;items
i17941;items
i17942;items
i17943;items
i17944;items
o1623;orders
i17945;items
i17946;items
i17947;items
i17948;items
i17949;items
i17950;items
i17951;items
i17952;items
i17953;items
i17954;items
o1624;orders
i17955;items
i17956;items
i17957;items
i17958;items
i17959;items
i17960;items
i17961;items
i17962;items
i17963;items
i17964;items
i17965;items
i17966;items
i17967;items
i17968;items
i17969;items
o1625;orders
i17970;items
i17971;items
i17972;items
i17973;items
i17974;items
i17975;items
i17976;items
i17977;items
i17978;items
i17979;items
i17980;items
o1626;orders
i17981;items
i17982;items
i17983;items
i17984;items
i17985;items
i17986;items
i17987;items
i17988;items
i17989;items
i17990;items
i17991;items
i17992;items
i17993;items
i17994;items
i17995;items
i17996;items
i17997;items
i17998;items
i17999;items
o1627;orders
i18000;items
i18001;items
i18002;items
i18003;items
i18004;items
i18005;items
i18006;items
i18007;items
i18008;items
i18009;items
i18010;items
i18011;items
i18012;items
i18013;items
i18014;items
i18015;items
i18016;items
i18017;items
i18018;items
i18019;items
i18020;items
i18021;items
i18022;items
i18023;items
i18024;items
i18025;items
i18026;items
o1628;orders
i18027;items
i18028;items
i18029;items
i18030;items
i18031;items
i18032;items
i18033;items
i18034;items
i18035;items
i18036;items
i18037;items
i18038;items
i18039;items
i18040;items
i18041;items
i18042;items
i18043;items
i18044;items
o1629;orders
i18045;items
i18046;items
i18047;items
i18048;items
i18049;items
i18050;items
i18051;items
i18052;items
i18053;items
i18054;items
i18055;items
i18056;items
i18057;items
i18058;items
i18059;items
i18060;items
i18061;items
i18062;items
i18063;items
i18064;items
o1630;orders
i18065;items
i18066;items
i18067;items
i18068;items
i18069;items
i18070;items
i18071;items
i18072;items
i18073;items
i18074;items
i18075;items
i18076;items
i18077;items
i18078;items
i18079;items
i18080;items
i18081;items
i18082;items
o1631;orders
i18083;items
i18084;items
i18085;items
i18086;items
i18087;items
i18088;items
i18089;items
i18090;items
i18091;items
i18092;items
i18093;items
i18094;items
i18095;items
i18096;items
i18097;items
i18098;items
i18099;items
o1632;orders
i18100;items
i18101;items
i18102;items
i18103;items
i18104;items
i18105;items
i18106;items
i18107;items
i18108;items
i18109;items
i18110;items
i18111;items
i18112;items
i18113;items
i18114;items
i18115;items
i18116;items
i18117;items
i18118;items
i18119;items
i18120;items
i18121;items
o1633;orders
i18122;items
i18123;items
i18124;items
i18125;items
i18126;items
i18127;items
i18128;items
i18129;items
i18130;items
i18131;items
i18132;items
i18133;items
i18134;items
i18135;items
i18136;items
o1634;orders
i18137;items
i18138;items
i18139;items
i18140;items
i18141;items
i18142;items
i18143;items
i18144;items
i18145;items
i18146;items
i18147;items
i18148;items
i18149;items
i18150;items
i18151;items
i18152;items
i18153;items
i18154;items
i18155;items
i18156;items
i18157;items
i18158;items
i18159;items
i18160;items
i18161;items
i18162;items
i18163;items
o1635;orders
i18164;items
i18165;items
i18166;items
i18167;items
i18168;items
i18169;items
i18170;items
i18171;items
i18172;items
i18173;items
i18174;items
i18175;items
i18176;items
i18177;items
i18178;items
o1636;orders
i18179;items
i18180;items
i18181;items
i18182;items
i18183;items
i18184;items
i18185;items
i18186;items
i18187;items
i18188;items
i18189;items
i18190;items
i18191;items
i18192;items
i18193;items
o1637;orders
i18194;items
i18195;items
i18196;items
i18197;items
i18198;items
i18199;items
i18200;items
i18201;items
i18202;items
i18203;items
i18204;items
i18205;items
i18206;items
i18207;items
i18208;items
i18209;items
i18210;items
i18211;items
o1638;orders
i18212;items
i18213;items
i18214;items
i18215;items
i18216;items
i18217;items
i18218;items
i18219;items
i18220;items
i18221;items
i18222;items
i18223;items
i18224;items
i18225;items
i18226;items
i18227;items
i18228;items
i18229;items
i18230;items
o1639;orders
i18231;items
i18232;items
i18233;items
i18234;items
i18235;items
i18236;items
i18237;items
i18238;items
i18239;items
i18240;items
i18241;items
i18242;items
i18243;items
i18244;items
i18245;items
i18246;items
i18247;items
i18248;items
i18249;items
i18250;items
o1640;orders
i18251;items
i18252;items
i18253;items
i18254;items
i18255;items
i18256;items
i18257;items
i18258;items
i18259;items
i18260;items
i18261;items
i18262;items
i18263;items
o1641;orders
i18264;items
i18265;items
i18266;items
i18267;items
i18268;items
i18269;items
i18270;items
i18271;items
i18272;items
i18273;items
i18274;items
i18275;items
i18276;items
i18277;items
i18278;items
i18279;items
i18280;items
o1642;orders
i18281;items
i18282;items
i18283;items
i18284;items
i18285;items
i18286;items
i18287;items
i18288;items
i18289;items
i18290;items
i18291;items
i18292;items
i18293;items
i18294;items
o1643;orders
i18295;items
i18296;items
i18297;items
i18298;items
i18299;items
i18300;items
i18301;items
i18302;items
i18303;items
i18304;items
i18305;items
i18306;items
i18307;items
i18308;items
i18309;items
i18310;items
i18311;items
o1644;orders
i18312;items
i18313;items
i18314;items
i18315;items
i18316;items
i18317;items
i18318;items
i18319;items
i18320;items
i18321;items
i18322;items
i18323;items
i18324;items
i18325;items
o1645;orders
i18326;items
i18327;items
i18328;items
i18329;items
i18330;items
i18331;items
i18332;items
i18333;items
i18334;items
i18335;items
i18336;items
i18337;items
i18338;items
i18339;items
i18340;items
o1646;orders
i18341;items
i18342;items
i18343;items
i18344;items
i18345;items
i18346;items
i18347;items
i18348;items
i18349;items
i18350;items
i18351;items
i18352;items
i18353;items
i18354;items
i18355;items
i18356;items
i18357;items
i18358;items
i18359;items
i18360;items
i18361;items
i18362;items
i18363;items
i18364;items
i18365;items
i18366;items
i18367;items
o1647;orders
i18368;items
i18369;items
i18370;items
i18371;items
i18372;items
i18373;items
i18374;items
i18375;items
i18376;items
i18377;items
i18378;items
i18379;items
i18380;items
i18381;items
i18382;items
i18383;items
i18384;items
i18385;items
o1648;orders
i18386;items
i18387;items
i18388;items
i18389;items
i18390;items
i18391;items
i18392;items
i18393;items
i18394;items
i18395;items
i18396;items
i18397;items
i18398;items
i18399;items
i18400;items
i18401;items
i18402;items
o1649;orders
i18403;items
i18404;items
i18405;items
i18406;items
i18407;items
i18408;items
i18409;items
i18410;items
i18411;items
i18412;items
i18413;items
i18414;items
i18415;items
i18416;items
i18417;items
i18418;items
i18419;items
i18420;items
i18421;items
i18422;items
o1650;orders
i18423;items
i18424;items
i18425;items
i18426;items
i18427;items
i18428;items
i18429;items
i18430;items
i18431;items
i18432;items
i18433;items
i18434;items
i18435;items
i18436;items
i18437;items
i18438;items
i18439;items
i18440;items
i18441;items
i18442;items
i18443;items
i18444;items
o1651;orders
i18445;items
i18446;items
i18447;items
i18448;items
i18449;items
i18450;items
i18451;items
i18452;items
i18453;items
i18454;items
i18455;items
i18456;items
i18457;items
i18458;items
i18459;items
i18460;items
i18461;items
i18462;items
i18463;items
i18464;items
i18465;items
i18466;items
i18467;items
i18468;items
o1652;orders
i18469;items
i18470;items
i18471;items
i18472;items
i18473;items
i18474;items
i18475;items
i18476;items
i18477;items
i18478;items
i18479;items
i18480;items
i18481;items
o1653;orders
i18482;items
i18483;items
i18484;items
i18485;items
i18486;items
i18487;items
i18488;items
i18489;items
i18490;items
i18491;items
i18492;items
i18493;items
i18494;items
i18495;items
i18496;items
i18497;items
i18498;items
i18499;items
i18500;items
i18501;items
o1654;orders
i18502;items
i18503;items
i18504;items
i18505;items
i18506;items
i18507;items
i18508;items
i18509;items
i18510;items
i18511;items
i18512;items
i18513;items
i18514;items
i18515;items
i18516;items
i18517;items
o1655;orders
i18518;items
i18519;items
i18520;items
i18521;items
i18522;items
i18523;items
i18524;items
i18525;items
i18526;items
o1656;orders
i18527;items
i18528;items
i18529;items
i18530;items
i18531;items
i18532;items
i18533;items
i18534;items
i18535;items
i18536;items
i18537;items
i18538;items
i18539;items
i18540;items
i18541;items
o1657;orders
i18542;items
i18543;items
i18544;items
i18545;items
i18546;items
i18547;items
i18548;items
i18549;items
i18550;items
i18551;items
i18552;items
i18553;items
i18554;items
i18555;items
i18556;items
i18557;items
i18558;items
i18559;items
i18560;items
i18561;items
i18562;items
i18563;items
i18564;items
i18565;items
i18566;items
o1658;orders
i18567;items
i18568;items
i18569;items
i18570;items
i18571;items
i18572;items
i18573;items
i18574;items
i18575;items
i18576;items
i18577;items
i18578;items
i18579;items
i18580;items
i18581;items
i18582;items
i18583;items
i18584;items
i18585;items
i18586;items
i18587;items
o1659;orders
i18588;items
i18589;items
i18590;items
i18591;items
i18592;items
i18593;items
i18594;items
i18595;items
i18596;items
i18597;items
i18598;items
i18599;items
i18600;items
i18601;items
i18602;items
i18603;items
i18604;items
i18605;items
i18606;items
i18607;items
o1660;orders
i18608;items
i18609;items
i18610;items
i18611;items
i18612;items
i18613;items
i18614;items
i18615;items
i18616;items
i18617;items
i18618;items
i18619;items
i18620;items
i18621;items
i18622;items
i18623;items
i18624;items
i18625;items
i18626;items
i18627;items
i18628;items
i18629;items
i18630;items
i18631;items
o1661;orders
i18632;items
i18633;items
i18634;items
i18635;items
i18636;items
i18637;items
i18638;items
i18639;items
i18640;items
i18641;items
i18642;items
i18643;items
i18644;items
i18645;items
i18646;items
i18647;items
i18648;items
i18649;items
i18650;items
i18651;items
i18652;items
i18653;items
o1662;orders
i18654;items
i18655;items
i18656;items
i18657;items
i18658;items
i18659;items
i18660;items
i18661;items
i18662;items
i18663;items
i18664;items
i18665;items
i18666;items
i18667;items
i18668;items
i18669;items
i18670;items
i18671;items
i18672;items
o1663;orders
i18673;items
i18674;items
i18675;items
i18676;items
i18677;items
i18678;items
i18679;items
i18680;items
i18681;items
i18682;items
i18683;items
i18684;items
i18685;items
i18686;items
i18687;items
i18688;items
i18689;items
i18690;items
i18691;items
i18692;items
i18693;items
o1664;orders
i18694;items
i18695;items
i18696;items
i18697;items
i18698;items
i18699;items
i18700;items
i18701;items
i18702;items
i18703;items
i18704;items
i18705;items
i18706;items
i18707;items
i18708;items
i18709;items
i18710;items
i18711;items
i18712;items
i18713;items
o1665;orders
i18714;items
i18715;items
i18716;items
i18717;items
i18718;items
i18719;items
i18720;items
i18721;items
i18722;items
i18723;items
i18724;items
i18725;items
i18726;items
i18727;items
i18728;items
i18729;items
i18730;items
i18731;items
i18732;items
i18733;items
i18734;items
i18735;items
i18736;items
i18737;items
i18738;items
i18739;items
i18740;items
i18741;items
o1666;orders
i18742;items
i18743;items
i18744;items
i18745;items
i18746;items
i18747;items
i18748;items
i18749;items
i18750;items
i18751;items
i18752;items
i18753;items
i18754;items
i18755;items
i18756;items
i18757;items
i18758;items
o1667;orders
i18759;items
i18760;items
i18761;items
i18762;items
i18763;items
i18764;items
i18765;items
i18766;items
i18767;items
i18768;items
i18769;items
i18770;items
i18771;items
i18772;items
i18773;items
i18774;items
i18775;items
i18776;items
i18777;items
o1668;orders
i18778;items
i18779;items
i18780;items
i18781;items
i18782;items
i18783;items
i18784;items
i18785;items
i18786;items
i18787;items
i18788;items
i18789;items
i18790;items
i18791;items
o1669;orders
i18792;items
i18793;items
i18794;items
i18795;items
i18796;items
i18797;items
i18798;items
i18799;items
i18800;items
i18801;items
i18802;items
i18803;items
i18804;items
i18805;items
i18806;items
o1670;orders
i18807;items
i18808;items
i18809;items
i18810;items
i18811;items
i18812;items
i18813;items
i18814;items
i18815;items
i18816;items
i18817;items
i18818;items
o1671;orders
i18819;items
i18820;items
i18821;items
i18822;items
i18823;items
i18824;items
i18825;items
i18826;items
i18827;items
i18828;items
i18829;items
i18830;items
i18831;items
i18832;items
i18833;items
i18834;items
i18835;items
o1672;orders
i18836;items
i18837;items
i18838;items
i18839;items
i18840;items
i18841;items
i18842;items
i18843;items
i18844;items
i18845;items
i18846;items
i18847;items
i18848;items
i18849;items
i18850;items
i18851;items
i18852;items
o1673;orders
i18853;items
i18854;items
i18855;items
i18856;items
i18857;items
i18858;items
i18859;items
i18860;items
i18861;items
i18862;items
i18863;items
i18864;items
i18865;items
i18866;items
i18867;items
i18868;items
i18869;items
i18870;items
i18871;items
i18872;items
i18873;items
i18874;items
o1674;orders
i18875;items
i18876;items
i18877;items
i18878;items
i18879;items
i18880;items
i18881;items
i18882;items
i18883;items
i18884;items
i18885;items
i18886;items
i18887;items
i18888;items
i18889;items
i18890;items
o1675;orders
i18891;items
i18892;items
i18893;items
i18894;items
i18895;items
i18896;items
i18897;items
i18898;items
i18899;items
i18900;items
i18901;items
i18902;items
i18903;items
i18904;items
i18905;items
i18906;items
i18907;items
i18908;items
i18909;items
i18910;items
i18911;items
i18912;items
o1676;orders
i18913;items
i18914;items
i18915;items
i18916;items
i18917;items
i18918;items
i18919;items
i18920;items
i18921;items
i18922;items
i18923;items
i18924;items
i18925;items
i18926;items
i18927;items
o1677;orders
i18928;items
i18929;items
i18930;items
i18931;items
i18932;items
i18933;items
i18934;items
i18935;items
i18936;items
i18937;items
i18938;items
i18939;items
i18940;items
i18941;items
i18942;items
i18943;items
i18944;items
i18945;items
i18946;items
o1678;orders
i18947;items
i18948;items
i18949;items
i18950;items
i18951;items
i18952;items
i18953;items
i18954;items
i18955;items
i18956;items
i18957;items
i18958;items
i18959;items
i18960;items
i18961;items
i18962;items
i18963;items
i18964;items
i18965;items
i18966;items
i18967;items
i18968;items
i18969;items
i18970;items
o1679;orders
i18971;items
i18972;items
i18973;items
i18974;items
i18975;items
i18976;items
i18977;items
i18978;items
i18979;items
i18980;items
i18981;items
i18982;items
i18983;items
i18984;items
o1680;orders
i18985;items
i18986;items
i18987;items
i18988;items
i18989;items
i18990;items
i18991;items
i18992;items
i18993;items
i18994;items
i18995;items
i18996;items
i18997;items
i18998;items
i18999;items
i19000;items
o1681;orders
i19001;items
i19002;items
i19003;items
i19004;items
i19005;items
i19006;items
i19007;items
i19008;items
i19009;items
i19010;items
i19011;items
i19012;items
i19013;items
i19014;items
i19015;items
i19016;items
i19017;items
i19018;items
i19019;items
i19020;items
i19021;items
i19022;items
i19023;items
o1682;orders
i19024;items
i19025;items
i19026;items
i19027;items
i19028;items
i19029;items
i19030;items
i19031;items
i19032;items
i19033;items
i19034;items
i19035;items
i19036;items
i19037;items
i19038;items
i19039;items
i19040;items
i19041;items
i19042;items
i19043;items
i19044;items
i19045;items
i19046;items
o1683;orders
i19047;items
i19048;items
i19049;items
i19050;items
i19051;items
i19052;items
i19053;items
i19054;items
i19055;items
i19056;items
i19057;items
i19058;items
i19059;items
i19060;items
i19061;items
i19062;items
i19063;items
i19064;items
i19065;items
o1684;orders
i19066;items
i19067;items
i19068;items
i19069;items
i19070;items
i19071;items
i19072;items
i19073;items
i19074;items
i19075;items
i19076;items
i19077;items
i19078;items
i19079;items
i19080;items
i19081;items
i19082;items
i19083;items
i19084;items
i19085;items
i19086;items
i19087;items
i19088;items
i19089;items
o1685;orders
i19090;items
i19091;items
i19092;items
i19093;items
i19094;items
i19095;items
i19096;items
i19097;items
i19098;items
i19099;items
i19100;items
i19101;items
i19102;items
i19103;items
i19104;items
i19105;items
i19106;items
i19107;items
i19108;items
i19109;items
i19110;items
o1686;orders
i19111;items
i19112;items
i19113;items
i19114;items
i19115;items
i19116;items
i19117;items
i19118;items
i19119;items
i19120;items
i19121;items
i19122;items
i19123;items
i19124;items
i19125;items
i19126;items
o1687;orders
i19127;items
i19128;items
i19129;items
i19130;items
i19131;items
i19132;items
i19133;items
i19134;items
i19135;items
i19136;items
i19137;items
i19138;items
i19139;items
i19140;items
i19141;items
i19142;items
i19143;items
i19144;items
i19145;items
o1688;orders
i19146;items
i19147;items
i19148;items
i19149;items
i19150;items
i19151;items
i19152;items
i19153;items
i19154;items
i19155;items
i19156;items
i19157;items
i19158;items
i19159;items
i19160;items
i19161;items
i19162;items
i19163;items
i19164;items
o1689;orders
i19165;items
i19166;items
i19167;items
i19168;items
i19169;items
i19170;items
i19171;items
i19172;items
i19173;items
i19174;items
i19175;items
i19176;items
i19177;items
i19178;items
i19179;items
i19180;items
i19181;items
i19182;items
i19183;items
i19184;items
i19185;items
o1690;orders
i19186;items
i19187;items
i19188;items
i19189;items
i19190;items
i19191;items
i19192;items
i19193;items
i19194;items
i19195;items
i19196;items
i19197;items
i19198;items
i19199;items
i19200;items
i19201;items
i19202;items
i19203;items
i19204;items
i19205;items
i19206;items
i19207;items
i19208;items
i19209;items
o1691;orders
i19210;items
i19211;items
i19212;items
i19213;items
i19214;items
i19215;items
i19216;items
i19217;items
i19218;items
i19219;items
i19220;items
i19221;items
i19222;items
i19223;items
i19224;items
i19225;items
i19226;items
i19227;items
i19228;items
o1692;orders
i19229;items
i19230;items
i19231;items
i19232;items
i19233;items
i19234;items
i19235;items
i19236;items
i19237;items
i19238;items
i19239;items
i19240;items
i19241;items
i19242;items
i19243;items
i19244;items
i19245;items
i19246;items
o1693;orders
i19247;items
i19248;items
i19249;items
i19250;items
i19251;items
i19252;items
i19253;items
i19254;items
i19255;items
i19256;items
i19257;items
i19258;items
i19259;items
i19260;items
o1694;orders
i19261;items
i19262;items
i19263;items
i19264;items
i19265;items
i19266;items
i19267;items
i19268;items
i19269;items
i19270;items
i19271;items
i19272;items
i19273;items
i19274;items
i19275;items
i19276;items
i19277;items
i19278;items
i19279;items
i19280;items
i19281;items
i19282;items
i19283;items
i19284;items
i19285;items
o1695;orders
i19286;items
i19287;items
i19288;items
i19289;items
i19290;items
i19291;items
i19292;items
i19293;items
i19294;items
i19295;items
i19296;items
i19297;items
i19298;items
i19299;items
i19300;items
i19301;items
o1696;orders
i19302;items
i19303;items
i19304;items
i19305;items
i19306;items
i19307;items
i19308;items
i19309;items
i19310;items
i19311;items
i19312;items
i19313;items
i19314;items
i19315;items
i19316;items
i19317;items
i19318;items
i19319;items
i19320;items
o1697;orders
i19321;items
i19322;items
i19323;items
i19324;items
i19325;items
i19326;items
i19327;items
i19328;items
i19329;items
i19330;items
i19331;items
i19332;items
i19333;items
i19334;items
o1698;orders
i19335;items
i19336;items
i19337;items
i19338;items
i19339;items
i19340;items
i19341;items
i19342;items
i19343;items
i19344;items
i19345;items
i19346;items
i19347;items
i19348;items
i19349;items
i19350;items
i19351;items
i19352;items
o1699;orders
i19353;items
i19354;items
i19355;items
i19356;items
i19357;items
i19358;items
i19359;items
i19360;items
i19361;items
i19362;items
i19363;items
i19364;items
i19365;items
i19366;items
i19367;items
i19368;items
i19369;items
i19370;items
i19371;items
i19372;items
i19373;items
i19374;items
i19375;items
i19376;items
i19377;items
i19378;items
i19379;items
i19380;items
o1700;orders
i19381;items
i19382;items
i19383;items
i19384;items
i19385;items
i19386;items
i19387;items
i19388;items
i19389;items
i19390;items
i19391;items
i19392;items
i19393;items
i19394;items
i19395;items
i19396;items
i19397;items
o1701;orders
i19398;items
i19399;items
i19400;items
i19401;items
i19402;items
i19403;items
i19404;items
i19405;items
i19406;items
i19407;items
i19408;items
i19409;items
i19410;items
i19411;items
i19412;items
i19413;items
i19414;items
i19415;items
i19416;items
o1702;orders
i19417;items
i19418;items
i19419;items
i19420;items
i19421;items
i19422;items
i19423;items
i19424;items
i19425;items
i19426;items
i19427;items
i19428;items
i19429;items
i19430;items
i19431;items
i19432;items
i19433;items
i19434;items
i19435;items
o1703;orders
i19436;items
i19437;items
i19438;items
i19439;items
i19440;items
i19441;items
i19442;items
i19443;items
i19444;items
i19445;items
i19446;items
i19447;items
i19448;items
i19449;items
i19450;items
i19451;items
i19452;items
i19453;items
o1704;orders
i19454;items
i19455;items
i19456;items
i19457;items
i19458;items
i19459;items
i19460;items
i19461;items
i19462;items
i19463;items
i19464;items
i19465;items
i19466;items
i19467;items
i19468;items
i19469;items
i19470;items
i19471;items
i19472;items
i19473;items
i19474;items
i19475;items
i19476;items
i19477;items
i19478;items
o1705;orders
i19479;items
i19480;items
i19481;items
i19482;items
i19483;items
i19484;items
i19485;items
i19486;items
i19487;items
i19488;items
i19489;items
i19490;items
i19491;items
i19492;items
i19493;items
i19494;items
i19495;items
i19496;items
i19497;items
i19498;items
o1706;orders
i19499;items
i19500;items
i19501;items
i19502;items
i19503;items
i19504;items
i19505;items
i19506;items
i19507;items
i19508;items
i19509;items
i19510;items
i19511;items
i19512;items
i19513;items
i19514;items
i19515;items
i19516;items
i19517;items
i19518;items
i19519;items
i19520;items
i19521;items
i19522;items
i19523;items
i19524;items
i19525;items
i19526;items
i19527;items
i19528;items
i19529;items
i19530;items
i19531;items
i19532;items
i19533;items
i19534;items
i19535;items
i19536;items
o1707;orders
i19537;items
i19538;items
i19539;items
i19540;items
i19541;items
i19542;items
i19543;items
i19544;items
i19545;items
i19546;items
i19547;items
i19548;items
i19549;items
i19550;items
i19551;items
i19552;items
i19553;items
i19554;items
i19555;items
i19556;items
i19557;items
o1708;orders
i19558;items
i19559;items
i19560;items
i19561;items
i19562;items
i19563;items
i19564;items
i19565;items
i19566;items
i19567;items
i19568;items
i19569;items
i19570;items
i19571;items
i19572;items
i19573;items
i19574;items
i19575;items
i19576;items
o1709;orders
i19577;items
i19578;items
i19579;items
i19580;items
i19581;items
i19582;items
i19583;items
i19584;items
i19585;items
i19586;items
i19587;items
i19588;items
i19589;items
i19590;items
i19591;items
o1710;orders
i19592;items
i19593;items
i19594;items
i19595;items
i19596;items
i19597;items
i19598;items
i19599;items
i19600;items
i19601;items
i19602;items
i19603;items
i19604;items
i19605;items
i19606;items
i19607;items
i19608;items
i19609;items
i19610;items
i19611;items
o1711;orders
i19612;items
i19613;items
i19614;items
i19615;items
i19616;items
i19617;items
i19618;items
i19619;items
i19620;items
i19621;items
i19622;items
i19623;items
i19624;items
i19625;items
i19626;items
i19627;items
i19628;items
i19629;items
o1712;orders
i19630;items
i19631;items
i19632;items
i19633;items
i19634;items
i19635;items
i19636;items
i19637;items
i19638;items
i19639;items
i19640;items
i19641;items
i19642;items
i19643;items
i19644;items
i19645;items
i19646;items
i19647;items
i19648;items
i19649;items
i19650;items
i19651;items
i19652;items
i19653;items
o1713;orders
i19654;items
i19655;items
i19656;items
i19657;items
i19658;items
i19659;items
i19660;items
i19661;items
i19662;items
i19663;items
i19664;items
i19665;items
i19666;items
i19667;items
i19668;items
i19669;items
i19670;items
i19671;items
i19672;items
i19673;items
o1714;orders
i19674;items
i19675;items
i19676;items
i19677;items
i19678;items
i19679;items
i19680;items
i19681;items
i19682;items
i19683;items
i19684;items
i19685;items
i19686;items
i19687;items
i19688;items
i19689;items
i19690;items
i19691;items
i19692;items
i19693;items
o1715;orders
i19694;items
i19695;items
i19696;items
i19697;items
i19698;items
i19699;items
i19700;items
i19701;items
i19702;items
i19703;items
i19704;items
i19705;items
i19706;items
i19707;items
i19708;items
i19709;items
i19710;items
i19711;items
i19712;items
o1716;orders
i19713;items
i19714;items
i19715;items
i19716;items
i19717;items
i19718;items
i19719;items
i19720;items
i19721;items
i19722;items
i19723;items
i19724;items
i19725;items
i19726;items
i19727;items
o1717;orders
i19728;items
i19729;items
i19730;items
i19731;items
i19732;items
i19733;items
i19734;items
i19735;items
i19736;items
i19737;items
i19738;items
i19739;items
i19740;items
i19741;items
i19742;items
i19743;items
i19744;items
i19745;items
i19746;items
i19747;items
i19748;items
o1718;orders
i19749;items
i19750;items
i19751;items
i19752;items
i19753;items
i19754;items
i19755;items
i19756;items
i19757;items
i19758;items
i19759;items
i19760;items
i19761;items
i19762;items
i19763;items
i19764;items
i19765;items
i19766;items
i19767;items
o1719;orders
i19768;items
i19769;items
i19770;items
i19771;items
i19772;items
i19773;items
i19774;items
i19775;items
i19776;items
i19777;items
i19778;items
o1720;orders
i19779;items
i19780;items
i19781;items
i19782;items
i19783;items
i19784;items
i19785;items
i19786;items
i19787;items
i19788;items
i19789;items
i19790;items
i19791;items
i19792;items
i19793;items
i19794;items
i19795;items
i19796;items
i19797;items
i19798;items
i19799;items
i19800;items
o1721;orders
i19801;items
i19802;items
i19803;items
i19804;items
i19805;items
i19806;items
i19807;items
i19808;items
i19809;items
i19810;items
i19811;items
i19812;items
i19813;items
i19814;items
i19815;items
i19816;items
i19817;items
i19818;items
i19819;items
i19820;items
i19821;items
i19822;items
i19823;items
i19824;items
i19825;items
o1722;orders
i19826;items
i19827;items
i19828;items
i19829;items
i19830;items
i19831;items
i19832;items
i19833;items
i19834;items
i19835;items
i19836;items
i19837;items
i19838;items
i19839;items
i19840;items
i19841;items
o1723;orders
i19842;items
i19843;items
i19844;items
i19845;items
i19846;items
i19847;items
i19848;items
i19849;items
i19850;items
i19851;items
i19852;items
i19853;items
i19854;items
i19855;items
i19856;items
i19857;items
i19858;items
i19859;items
i19860;items
i19861;items
i19862;items
i19863;items
i19864;items
i19865;items
i19866;items
i19867;items
i19868;items
i19869;items
o1724;orders
i19870;items
i19871;items
i19872;items
i19873;items
i19874;items
i19875;items
i19876;items
i19877;items
i19878;items
i19879;items
i19880;items
i19881;items
i19882;items
i19883;items
i19884;items
i19885;items
i19886;items
i19887;items
i19888;items
i19889;items
i19890;items
i19891;items
i19892;items
i19893;items
o1725;orders
i19894;items
i19895;items
i19896;items
i19897;items
i19898;items
i19899;items
i19900;items
i19901;items
i19902;items
i19903;items
i19904;items
i19905;items
i19906;items
i19907;items
i19908;items
i19909;items
i19910;items
o1726;orders
i19911;items
i19912;items
i19913;items
i19914;items
i19915;items
i19916;items
i19917;items
i19918;items
i19919;items
i19920;items
i19921;items
i19922;items
i19923;items
i19924;items
o1727;orders
i19925;items
i19926;items
i19927;items
i19928;items
i19929;items
i19930;items
i19931;items
i19932;items
i19933;items
i19934;items
i19935;items
i19936;items
i19937;items
i19938;items
i19939;items
i19940;items
i19941;items
i19942;items
i19943;items
i19944;items
o1728;orders
i19945;items
i19946;items
i19947;items
i19948;items
i19949;items
i19950;items
i19951;items
i19952;items
i19953;items
i19954;items
i19955;items
i19956;items
i19957;items
i19958;items
i19959;items
i19960;items
i19961;items
i19962;items
i19963;items
i19964;items
i19965;items
i19966;items
i19967;items
i19968;items
i19969;items
i19970;items
i19971;items
i19972;items
i19973;items
o1729;orders
i19974;items
i19975;items
i19976;items
i19977;items
i19978;items
i19979;items
i19980;items
i19981;items
i19982;items
i19983;items
i19984;items
i19985;items
i19986;items
i19987;items
i19988;items
i19989;items
i19990;items
i19991;items
i19992;items
i19993;items
i19994;items
i19995;items
o1730;orders
i19996;items
i19997;items
i19998;items
i19999;items
i20000;items
i20001;items
i20002;items
i20003;items
i20004;items
i20005;items
i20006;items
i20007;items
i20008;items
i20009;items
i20010;items
i20011;items
i20012;items
i20013;items
i20014;items
i20015;items
i20016;items
i20017;items
i20018;items
i20019;items
i20020;items
i20021;items
i20022;items
i20023;items
i20024;items
o1731;orders
i20025;items
i20026;items
i20027;items
i20028;items
i20029;items
i20030;items
i20031;items
i20032;items
i20033;items
i20034;items
i20035;items
i20036;items
i20037;items
i20038;items
i20039;items
i20040;items
i20041;items
i20042;items
i20043;items
i20044;items
i20045;items
o1732;orders
i20046;items
i20047;items
i20048;items
i20049;items
i20050;items
i20051;items
i20052;items
i20053;items
i20054;items
i20055;items
i20056;items
i20057;items
i20058;items
i20059;items
i20060;items
i20061;items
i20062;items
i20063;items
i20064;items
i20065;items
i20066;items
o1733;orders
i20067;items
i20068;items
i20069;items
i20070;items
i20071;items
i20072;items
i20073;items
i20074;items
i20075;items
i20076;items
i20077;items
i20078;items
i20079;items
i20080;items
i20081;items
i20082;items
i20083;items
o1734;orders
i20084;items
i20085;items
i20086;items
i20087;items
i20088;items
i20089;items
i20090;items
i20091;items
i20092;items
i20093;items
i20094;items
i20095;items
i20096;items
o1735;orders
i20097;items
i20098;items
i20099;items
i20100;items
i20101;items
i20102;items
i20103;items
i20104;items
i20105;items
i20106;items
i20107;items
i20108;items
i20109;items
i20110;items
i20111;items
i20112;items
i20113;items
i20114;items
i20115;items
o1736;orders
i20116;items
i20117;items
i20118;items
i20119;items
i20120;items
i20121;items
i20122;items
i20123;items
i20124;items
i20125;items
i20126;items
i20127;items
i20128;items
i20129;items
i20130;items
i20131;items
o1737;orders
i20132;items
i20133;items
i20134;items
i20135;items
i20136;items
i20137;items
i20138;items
i20139;items
i20140;items
i20141;items
i20142;items
i20143;items
i20144;items
i20145;items
i20146;items
i20147;items
i20148;items
i20149;items
i20150;items
i20151;items
i20152;items
i20153;items
i20154;items
i20155;items
i20156;items
i20157;items
i20158;items
o1738;orders
i20159;items
i20160;items
i20161;items
i20162;items
i20163;items
i20164;items
i20165;items
i20166;items
i20167;items
i20168;items
i20169;items
i20170;items
i20171;items
i20172;items
i20173;items
i20174;items
i20175;items
i20176;items
i20177;items
i20178;items
i20179;items
i20180;items
i20181;items
i20182;items
i20183;items
i20184;items
i20185;items
i20186;items
o1739;orders
i20187;items
i20188;items
i20189;items
i20190;items
i20191;items
i20192;items
i20193;items
i20194;items
i20195;items
i20196;items
i20197;items
i20198;items
i20199;items
i20200;items
i20201;items
i20202;items
i20203;items
i20204;items
i20205;items
o1740;orders
i20206;items
i20207;items
i20208;items
i20209;items
i20210;items
i20211;items
i20212;items
i20213;items
i20214;items
i20215;items
i20216;items
i20217;items
i20218;items
i20219;items
i20220;items
i20221;items
i20222;items
i20223;items
i20224;items
i20225;items
i20226;items
i20227;items
i20228;items
o1741;orders
i20229;items
i20230;items
i20231;items
i20232;items
i20233;items
i20234;items
i20235;items
i20236;items
i20237;items
i20238;items
i20239;items
i20240;items
i20241;items
i20242;items
i20243;items
i20244;items
i20245;items
i20246;items
i20247;items
i20248;items
i20249;items
i20250;items
i20251;items
i20252;items
i20253;items
i20254;items
i20255;items
i20256;items
i20257;items
o1742;orders
i20258;items
i20259;items
i20260;items
i20261;items
i20262;items
i20263;items
i20264;items
i20265;items
i20266;items
i20267;items
i20268;items
i20269;items
i20270;items
i20271;items
i20272;items
i20273;items
i20274;items
i20275;items
i20276;items
i20277;items
o1743;orders
i20278;items
i20279;items
i20280;items
i20281;items
i20282;items
i20283;items
i20284;items
i20285;items
i20286;items
i20287;items
i20288;items
i20289;items
i20290;items
i20291;items
i20292;items
i20293;items
i20294;items
i20295;items
i20296;items
i20297;items
i20298;items
i20299;items
i20300;items
i20301;items
i20302;items
i20303;items
i20304;items
i20305;items
i20306;items
i20307;items
o1744;orders
i20308;items
i20309;items
i20310;items
i20311;items
i20312;items
i20313;items
i20314;items
i20315;items
i20316;items
i20317;items
i20318;items
o1745;orders
i20319;items
i20320;items
i20321;items
i20322;items
i20323;items
i20324;items
i20325;items
i20326;items
i20327;items
i20328;items
i20329;items
i20330;items
i20331;items
i20332;items
i20333;items
i20334;items
i20335;items
i20336;items
i20337;items
i20338;items
i20339;items
i20340;items
i20341;items
i20342;items
i20343;items
i20344;items
i20345;items
i20346;items
i20347;items
i20348;items
i20349;items
o1746;orders
i20350;items
i20351;items
i20352;items
i20353;items
i20354;items
i20355;items
i20356;items
i20357;items
i20358;items
i20359;items
i20360;items
i20361;items
i20362;items
i20363;items
o1747;orders
i20364;items
i20365;items
i20366;items
i20367;items
i20368;items
i20369;items
i20370;items
i20371;items
i20372;items
i20373;items
i20374;items
i20375;items
i20376;items
i20377;items
i20378;items
i20379;items
i20380;items
i20381;items
i20382;items
i20383;items
i20384;items
i20385;items
i20386;items
i20387;items
o1748;orders
i20388;items
i20389;items
i20390;items
i20391;items
i20392;items
i20393;items
i20394;items
i20395;items
i20396;items
i20397;items
i20398;items
i20399;items
i20400;items
i20401;items
i20402;items
i20403;items
i20404;items
i20405;items
i20406;items
i20407;items
i20408;items
i20409;items
o1749;orders
i20410;items
i20411;items
i20412;items
i20413;items
i20414;items
i20415;items
i20416;items
i20417;items
i20418;items
i20419;items
i20420;items
i20421;items
i20422;items
i20423;items
i20424;items
o1750;orders
i20425;items
i20426;items
i20427;items
i20428;items
i20429;items
i20430;items
i20431;items
i20432;items
i20433;items
i20434;items
i20435;items
i20436;items
i20437;items
i20438;items
i20439;items
i20440;items
o1751;orders
i20441;items
i20442;items
i20443;items
i20444;items
i20445;items
i20446;items
i20447;items
i20448;items
i20449;items
i20450;items
i20451;items
i20452;items
i20453;items
i20454;items
i20455;items
i20456;items
i20457;items
i20458;items
i20459;items
i20460;items
o1752;orders
i20461;items
i20462;items
i20463;items
i20464;items
i20465;items
i20466;items
i20467;items
i20468;items
i20469;items
i20470;items
i20471;items
i20472;items
i20473;items
i20474;items
i20475;items
i20476;items
i20477;items
i20478;items
o1753;orders
i20479;items
i20480;items
i20481;items
i20482;items
i20483;items
i20484;items
i20485;items
i20486;items
i20487;items
i20488;items
i20489;items
i20490;items
i20491;items
i20492;items
i20493;items
o1754;orders
i20494;items
i20495;items
i20496;items
i20497;items
i20498;items
i20499;items
i20500;items
i20501;items
i20502;items
i20503;items
i20504;items
i20505;items
i20506;items
i20507;items
i20508;items
i20509;items
i20510;items
i20511;items
i20512;items
i20513;items
o1755;orders
i20514;items
i20515;items
i20516;items
i20517;items
i20518;items
i20519;items
i20520;items
i20521;items
i20522;items
i20523;items
i20524;items
i20525;items
i20526;items
i20527;items
i20528;items
i20529;items
i20530;items
o1756;orders
i20531;items
i20532;items
i20533;items
i20534;items
i20535;items
i20536;items
i20537;items
i20538;items
i20539;items
i20540;items
i20541;items
i20542;items
i20543;items
i20544;items
i20545;items
i20546;items
i20547;items
i20548;items
i20549;items
i20550;items
i20551;items
i20552;items
o1757;orders
i20553;items
i20554;items
i20555;items
i20556;items
i20557;items
i20558;items
i20559;items
i20560;items
i20561;items
i20562;items
i20563;items
i20564;items
i20565;items
i20566;items
i20567;items
i20568;items
i20569;items
i20570;items
i20571;items
i20572;items
o1758;orders
i20573;items
i20574;items
i20575;items
i20576;items
i20577;items
i20578;items
i20579;items
i20580;items
i20581;items
i20582;items
i20583;items
i20584;items
i20585;items
i20586;items
i20587;items
i20588;items
i20589;items
i20590;items
i20591;items
i20592;items
i20593;items
i20594;items
i20595;items
i20596;items
o1759;orders
i20597;items
i20598;items
i20599;items
i20600;items
i20601;items
i20602;items
i20603;items
i20604;items
i20605;items
i20606;items
i20607;items
i20608;items
i20609;items
i20610;items
i20611;items
i20612;items
o1760;orders
i20613;items
i20614;items
i20615;items
i20616;items
i20617;items
i20618;items
i20619;items
i20620;items
i20621;items
i20622;items
i20623;items
i20624;items
i20625;items
i20626;items
o1761;orders
i20627;items
i20628;items
i20629;items
i20630;items
i20631;items
i20632;items
i20633;items
o1762;orders
i20634;items
i20635;items
i20636;items
i20637;items
i20638;items
i20639;items
i20640;items
i20641;items
i20642;items
i20643;items
i20644;items
i20645;items
i20646;items
i20647;items
i20648;items
i20649;items
i20650;items
i20651;items
i20652;items
i20653;items
i20654;items
i20655;items
i20656;items
i20657;items
i20658;items
o1763;orders
i20659;items
i20660;items
i20661;items
i20662;items
i20663;items
i20664;items
i20665;items
i20666;items
i20667;items
i20668;items
i20669;items
i20670;items
i20671;items
i20672;items
i20673;items
i20674;items
i20675;items
i20676;items
i20677;items
i20678;items
i20679;items
i20680;items
i20681;items
i20682;items
i20683;items
i20684;items
o1764;orders
i20685;items
i20686;items
i20687;items
i20688;items
i20689;items
i20690;items
i20691;items
i20692;items
i20693;items
i20694;items
i20695;items
i20696;items
i20697;items
i20698;items
i20699;items
i20700;items
i20701;items
i20702;items
i20703;items
i20704;items
i20705;items
i20706;items
i20707;items
i20708;items
i20709;items
i20710;items
i20711;items
i20712;items
o1765;orders
i20713;items
i20714;items
i20715;items
i20716;items
i20717;items
i20718;items
i20719;items
i20720;items
i20721;items
i20722;items
i20723;items
i20724;items
i20725;items
i20726;items
i20727;items
i20728;items
i20729;items
i20730;items
i20731;items
i20732;items
i20733;items
i20734;items
o1766;orders
i20735;items
i20736;items
i20737;items
i20738;items
i20739;items
i20740;items
i20741;items
i20742;items
i20743;items
i20744;items
i20745;items
i20746;items
i20747;items
i20748;items
i20749;items
i20750;items
i20751;items
i20752;items
i20753;items
i20754;items
i20755;items
i20756;items
o1767;orders
i20757;items
i20758;items
i20759;items
i20760;items
i20761;items
i20762;items
i20763;items
i20764;items
i20765;items
i20766;items
i20767;items
i20768;items
i20769;items
i20770;items
i20771;items
i20772;items
i20773;items
i20774;items
i20775;items
i20776;items
i20777;items
i20778;items
i20779;items
o1768;orders
i20780;items
i20781;items
i20782;items
i20783;items
i20784;items
i20785;items
i20786;items
i20787;items
i20788;items
i20789;items
i20790;items
i20791;items
i20792;items
i20793;items
i20794;items
i20795;items
i20796;items
i20797;items
i20798;items
i20799;items
i20800;items
o1769;orders
i20801;items
i20802;items
i20803;items
i20804;items
i20805;items
i20806;items
i20807;items
i20808;items
i20809;items
i20810;items
i20811;items
i20812;items
i20813;items
i20814;items
i20815;items
i20816;items
i20817;items
i20818;items
i20819;items
i20820;items
o1770;orders
i20821;items
i20822;items
i20823;items
i20824;items
i20825;items
i20826;items
i20827;items
i20828;items
i20829;items
i20830;items
i20831;items
i20832;items
i20833;items
i20834;items
i20835;items
i20836;items
i20837;items
o1771;orders
i20838;items
i20839;items
i20840;items
i20841;items
i20842;items
i20843;items
i20844;items
i20845;items
i20846;items
i20847;items
i20848;items
i20849;items
i20850;items
i20851;items
o1772;orders
i20852;items
i20853;items
i20854;items
i20855;items
i20856;items
i20857;items
i20858;items
i20859;items
i20860;items
i20861;items
i20862;items
i20863;items
i20864;items
i20865;items
i20866;items
i20867;items
i20868;items
i20869;items
i20870;items
i20871;items
o1773;orders
i20872;items
i20873;items
i20874;items
i20875;items
i20876;items
i20877;items
i20878;items
i20879;items
i20880;items
i20881;items
i20882;items
i20883;items
i20884;items
i20885;items
i20886;items
i20887;items
i20888;items
i20889;items
o1774;orders
i20890;items
i20891;items
i20892;items
i20893;items
i20894;items
i20895;items
i20896;items
i20897;items
i20898;items
i20899;items
i20900;items
i20901;items
i20902;items
i20903;items
i20904;items
i20905;items
i20906;items
i20907;items
i20908;items
i20909;items
o1775;orders
i20910;items
i20911;items
i20912;items
i20913;items
i20914;items
i20915;items
i20916;items
i20917;items
i20918;items
i20919;items
i20920;items
i20921;items
i20922;items
i20923;items
i20924;items
i20925;items
i20926;items
i20927;items
i20928;items
o1776;orders
i20929;items
i20930;items
i20931;items
i20932;items
i20933;items
i20934;items
i20935;items
i20936;items
i20937;items
i20938;items
i20939;items
i20940;items
i20941;items
i20942;items
i20943;items
i20944;items
i20945;items
i20946;items
i20947;items
i20948;items
i20949;items
i20950;items
i20951;items
i20952;items
i20953;items
i20954;items
o1777;orders
i20955;items
i20956;items
i20957;items
i20958;items
i20959;items
i20960;items
i20961;items
i20962;items
i20963;items
i20964;items
i20965;items
i20966;items
i20967;items
i20968;items
i20969;items
i20970;items
o1778;orders
i20971;items
i20972;items
i20973;items
i20974;items
i20975;items
i20976;items
i20977;items
i20978;items
i20979;items
i20980;items
i20981;items
i20982;items
i20983;items
i20984;items
i20985;items
i20986;items
o1779;orders
i20987;items
i20988;items
i20989;items
i20990;items
i20991;items
i20992;items
i20993;items
i20994;items
i20995;items
i20996;items
i20997;items
i20998;items
i20999;items
i21000;items
i21001;items
i21002;items
i21003;items
i21004;items
i21005;items
i21006;items
i21007;items
o1780;orders
i21008;items
i21009;items
i21010;items
i21011;items
i21012;items
i21013;items
i21014;items
i21015;items
i21016;items
i21017;items
i21018;items
i21019;items
i21020;items
i21021;items
i21022;items
i21023;items
i21024;items
i21025;items
i21026;items
i21027;items
i21028;items
i21029;items
i21030;items
i21031;items
i21032;items
o1781;orders
i21033;items
i21034;items
i21035;items
i21036;items
i21037;items
i21038;items
i21039;items
i21040;items
i21041;items
i21042;items
i21043;items
i21044;items
i21045;items
i21046;items
i21047;items
i21048;items
i21049;items
i21050;items
i21051;items
i21052;items
i21053;items
o1782;orders
i21054;items
i21055;items
i21056;items
i21057;items
i21058;items
i21059;items
i21060;items
i21061;items
i21062;items
i21063;items
i21064;items
i21065;items
i21066;items
i21067;items
i21068;items
i21069;items
o1783;orders
i21070;items
i21071;items
i21072;items
i21073;items
i21074;items
i21075;items
i21076;items
i21077;items
i21078;items
i21079;items
i21080;items
i21081;items
o1784;orders
i21082;items
i21083;items
i21084;items
i21085;items
i21086;items
i21087;items
i21088;items
i21089;items
i21090;items
i21091;items
i21092;items
i21093;items
i21094;items
i21095;items
i21096;items
i21097;items
i21098;items
i21099;items
i21100;items
o1785;orders
i21101;items
i21102;items
i21103;items
i21104;items
i21105;items
i21106;items
i21107;items
i21108;items
i21109;items
i21110;items
i21111;items
i21112;items
i21113;items
i21114;items
i21115;items
o1786;orders
i21116;items
i21117;items
i21118;items
i21119;items
i21120;items
i21121;items
i21122;items
i21123;items
i21124;items
i21125;items
i21126;items
i21127;items
i21128;items
i21129;items
i21130;items
i21131;items
i21132;items
i21133;items
o1787;orders
i21134;items
i21135;items
i21136;items
i21137;items
i21138;items
i21139;items
i21140;items
i21141;items
i21142;items
i21143;items
i21144;items
i21145;items
i21146;items
i21147;items
i21148;items
i21149;items
i21150;items
i21151;items
i21152;items
i21153;items
i21154;items
i21155;items
i21156;items
o1788;orders
i21157;items
i21158;items
i21159;items
i21160;items
i21161;items
i21162;items
i21163;items
i21164;items
i21165;items
i21166;items
i21167;items
i21168;items
i21169;items
i21170;items
o1789;orders
i21171;items
i21172;items
i21173;items
i21174;items
i21175;items
i21176;items
i21177;items
i21178;items
i21179;items
i21180;items
i21181;items
i21182;items
i21183;items
i21184;items
i21185;items
i21186;items
i21187;items
i21188;items
i21189;items
i21190;items
i21191;items
o1790;orders
i21192;items
i21193;items
i21194;items
i21195;items
i21196;items
i21197;items
i21198;items
i21199;items
i21200;items
i21201;items
i21202;items
i21203;items
i21204;items
i21205;items
i21206;items
o1791;orders
i21207;items
i21208;items
i21209;items
i21210;items
i21211;items
i21212;items
i21213;items
i21214;items
i21215;items
i21216;items
i21217;items
i21218;items
i21219;items
i21220;items
i21221;items
i21222;items
o1792;orders
i21223;items
i21224;items
i21225;items
i21226;items
i21227;items
i21228;items
i21229;items
i21230;items
i21231;items
i21232;items
i21233;items
i21234;items
i21235;items
i21236;items
i21237;items
o1793;orders
i21238;items
i21239;items
i21240;items
i21241;items
i21242;items
i21243;items
i21244;items
i21245;items
i21246;items
i21247;items
i21248;items
i21249;items
i21250;items
i21251;items
i21252;items
o1794;orders
i21253;items
i21254;items
i21255;items
i21256;items
i21257;items
i21258;items
i21259;items
i21260;items
i21261;items
i21262;items
i21263;items
i21264;items
i21265;items
i21266;items
i21267;items
i21268;items
i21269;items
i21270;items
i21271;items
i21272;items
i21273;items
i21274;items
i21275;items
i21276;items
i21277;items
i21278;items
i21279;items
i21280;items
i21281;items
i21282;items
o1795;orders
i21283;items
i21284;items
i21285;items
i21286;items
i21287;items
i21288;items
i21289;items
i21290;items
i21291;items
i21292;items
i21293;items
i21294;items
i21295;items
i21296;items
i21297;items
i21298;items
i21299;items
i21300;items
i21301;items
i21302;items
i21303;items
i21304;items
i21305;items
i21306;items
o1796;orders
i21307;items
i21308;items
i21309;items
i21310;items
i21311;items
i21312;items
i21313;items
i21314;items
i21315;items
i21316;items
i21317;items
i21318;items
i21319;items
i21320;items
i21321;items
i21322;items
o1797;orders
i21323;items
i21324;items
i21325;items
i21326;items
i21327;items
i21328;items
i21329;items
i21330;items
i21331;items
i21332;items
i21333;items
i21334;items
i21335;items
i21336;items
i21337;items
i21338;items
i21339;items
i21340;items
o1798;orders
i21341;items
i21342;items
i21343;items
i21344;items
i21345;items
i21346;items
i21347;items
i21348;items
i21349;items
i21350;items
i21351;items
i21352;items
i21353;items
i21354;items
i21355;items
i21356;items
i21357;items
i21358;items
i21359;items
i21360;items
i21361;items
o1799;orders
i21362;items
i21363;items
i21364;items
i21365;items
i21366;items
i21367;items
i21368;items
i21369;items
i21370;items
i21371;items
i21372;items
i21373;items
i21374;items
i21375;items
i21376;items
i21377;items
o1800;orders
i21378;items
i21379;items
i21380;items
i21381;items
i21382;items
i21383;items
i21384;items
i21385;items
i21386;items
i21387;items
i21388;items
i21389;items
i21390;items
i21391;items
i21392;items
i21393;items
i21394;items
i21395;items
o1801;orders
i21396;items
i21397;items
i21398;items
i21399;items
i21400;items
i21401;items
i21402;items
i21403;items
i21404;items
i21405;items
i21406;items
i21407;items
i21408;items
i21409;items
i21410;items
i21411;items
i21412;items
i21413;items
i21414;items
i21415;items
i21416;items
i21417;items
i21418;items
i21419;items
i21420;items
i21421;items
i21422;items
o1802;orders
i21423;items
i21424;items
i21425;items
i21426;items
i21427;items
i21428;items
i21429;items
i21430;items
i21431;items
i21432;items
i21433;items
i21434;items
i21435;items
i21436;items
i21437;items
i21438;items
i21439;items
i21440;items
i21441;items
i21442;items
i21443;items
i21444;items
i21445;items
i21446;items
i21447;items
o1803;orders
i21448;items
i21449;items
i21450;items
i21451;items
i21452;items
i21453;items
i21454;items
i21455;items
i21456;items
i21457;items
i21458;items
o1804;orders
i21459;items
i21460;items
i21461;items
i21462;items
i21463;items
i21464;items
i21465;items
i21466;items
i21467;items
i21468;items
i21469;items
i21470;items
i21471;items
i21472;items
i21473;items
i21474;items
i21475;items
o1805;orders
i21476;items
i21477;items
i21478;items
i21479;items
i21480;items
i21481;items
i21482;items
i21483;items
i21484;items
i21485;items
i21486;items
i21487;items
i21488;items
o1806;orders
i21489;items
i21490;items
i21491;items
i21492;items
i21493;items
i21494;items
i21495;items
i21496;items
i21497;items
i21498;items
i21499;items
i21500;items
i21501;items
i21502;items
i21503;items
i21504;items
i21505;items
o1807;orders
i21506;items
i21507;items
i21508;items
i21509;items
i21510;items
i21511;items
i21512;items
i21513;items
i21514;items
i21515;items
i21516;items
i21517;items
i21518;items
i21519;items
i21520;items
i21521;items
i21522;items
i21523;items
i21524;items
i21525;items
i21526;items
i21527;items
o1808;orders
i21528;items
i21529;items
i21530;items
i21531;items
i21532;items
i21533;items
i21534;items
i21535;items
i21536;items
i21537;items
i21538;items
i21539;items
i21540;items
i21541;items
i21542;items
i21543;items
i21544;items
i21545;items
i21546;items
i21547;items
o1809;orders
i21548;items
i21549;items
i21550;items
i21551;items
i21552;items
i21553;items
i21554;items
i21555;items
i21556;items
i21557;items
i21558;items
i21559;items
i21560;items
i21561;items
i21562;items
i21563;items
i21564;items
i21565;items
i21566;items
i21567;items
i21568;items
i21569;items
i21570;items
i21571;items
i21572;items
i21573;items
i21574;items
i21575;items
i21576;items
i21577;items
i21578;items
i21579;items
i21580;items
o1810;orders
i21581;items
i21582;items
i21583;items
i21584;items
i21585;items
i21586;items
i21587;items
i21588;items
i21589;items
i21590;items
i21591;items
i21592;items
i21593;items
i21594;items
i21595;items
i21596;items
i21597;items
i21598;items
i21599;items
i21600;items
i21601;items
i21602;items
i21603;items
i21604;items
i21605;items
i21606;items
o1811;orders
i21607;items
i21608;items
i21609;items
i21610;items
i21611;items
i21612;items
i21613;items
i21614;items
i21615;items
i21616;items
i21617;items
i21618;items
i21619;items
i21620;items
i21621;items
i21622;items
i21623;items
i21624;items
i21625;items
i21626;items
i21627;items
i21628;items
i21629;items
i21630;items
i21631;items
i21632;items
o1812;orders
i21633;items
i21634;items
i21635;items
i21636;items
i21637;items
i21638;items
i21639;items
i21640;items
i21641;items
i21642;items
i21643;items
i21644;items
i21645;items
i21646;items
i21647;items
i21648;items
o1813;orders
i21649;items
i21650;items
i21651;items
i21652;items
i21653;items
i21654;items
i21655;items
i21656;items
i21657;items
i21658;items
i21659;items
i21660;items
i21661;items
i21662;items
i21663;items
i21664;items
i21665;items
i21666;items
i21667;items
i21668;items
o1814;orders
i21669;items
i21670;items
i21671;items
i21672;items
i21673;items
i21674;items
i21675;items
i21676;items
i21677;items
i21678;items
i21679;items
i21680;items
i21681;items
i21682;items
i21683;items
i21684;items
i21685;items
i21686;items
i21687;items
i21688;items
i21689;items
i21690;items
i21691;items
i21692;items
i21693;items
i21694;items
i21695;items
o1815;orders
i21696;items
i21697;items
i21698;items
i21699;items
i21700;items
i21701;items
i21702;items
i21703;items
i21704;items
i21705;items
i21706;items
i21707;items
i21708;items
i21709;items
i21710;items
i21711;items
i21712;items
i21713;items
i21714;items
i21715;items
i21716;items
i21717;items
o1816;orders
i21718;items
i21719;items
i21720;items
i21721;items
i21722;items
i21723;items
i21724;items
i21725;items
i21726;items
i21727;items
i21728;items
i21729;items
i21730;items
i21731;items
i21732;items
i21733;items
i21734;items
o1817;orders
i21735;items
i21736;items
i21737;items
i21738;items
i21739;items
i21740;items
i21741;items
i21742;items
i21743;items
i21744;items
i21745;items
i21746;items
i21747;items
i21748;items
i21749;items
i21750;items
i21751;items
i21752;items
i21753;items
i21754;items
i21755;items
i21756;items
i21757;items
i21758;items
i21759;items
o1818;orders
i21760;items
i21761;items
i21762;items
i21763;items
i21764;items
i21765;items
i21766;items
i21767;items
i21768;items
i21769;items
i21770;items
i21771;items
i21772;items
i21773;items
i21774;items
i21775;items
i21776;items
i21777;items
o1819;orders
i21778;items
i21779;items
i21780;items
i21781;items
i21782;items
i21783;items
i21784;items
i21785;items
i21786;items
i21787;items
i21788;items
i21789;items
i21790;items
i21791;items
i21792;items
i21793;items
o1820;orders
i21794;items
i21795;items
i21796;items
i21797;items
i21798;items
i21799;items
i21800;items
i21801;items
i21802;items
i21803;items
i21804;items
i21805;items
i21806;items
i21807;items
i21808;items
i21809;items
i21810;items
i21811;items
i21812;items
i21813;items
i21814;items
i21815;items
o1821;orders
i21816;items
i21817;items
i21818;items
i21819;items
i21820;items
i21821;items
i21822;items
i21823;items
i21824;items
i21825;items
i21826;items
i21827;items
o1822;orders
i21828;items
i21829;items
i21830;items
i21831;items
i21832;items
i21833;items
i21834;items
i21835;items
i21836;items
i21837;items
i21838;items
i21839;items
i21840;items
i21841;items
i21842;items
i21843;items
i21844;items
i21845;items
i21846;items
i21847;items
i21848;items
i21849;items
i21850;items
i21851;items
i21852;items
i21853;items
i21854;items
i21855;items
i21856;items
i21857;items
o1823;orders
i21858;items
i21859;items
i21860;items
i21861;items
i21862;items
i21863;items
i21864;items
i21865;items
i21866;items
i21867;items
i21868;items
i21869;items
i21870;items
i21871;items
i21872;items
i21873;items
i21874;items
i21875;items
i21876;items
i21877;items
i21878;items
i21879;items
i21880;items
i21881;items
i21882;items
i21883;items
o1824;orders
i21884;items
i21885;items
i21886;items
i21887;items
i21888;items
i21889;items
i21890;items
i21891;items
i21892;items
i21893;items
i21894;items
i21895;items
i21896;items
i21897;items
i21898;items
i21899;items
i21900;items
i21901;items
i21902;items
i21903;items
i21904;items
i21905;items
i21906;items
i21907;items
i21908;items
i21909;items
i21910;items
o1825;orders
i21911;items
i21912;items
i21913;items
i21914;items
i21915;items
i21916;items
i21917;items
i21918;items
i21919;items
i21920;items
i21921;items
i21922;items
i21923;items
i21924;items
i21925;items
i21926;items
i21927;items
i21928;items
i21929;items
i21930;items
i21931;items
i21932;items
i21933;items
i21934;items
i21935;items
i21936;items
i21937;items
o1826;orders
i21938;items
i21939;items
i21940;items
i21941;items
i21942;items
i21943;items
i21944;items
i21945;items
i21946;items
i21947;items
i21948;items
i21949;items
i21950;items
i21951;items
i21952;items
i21953;items
i21954;items
i21955;items
i21956;items
i21957;items
i21958;items
i21959;items
i21960;items
i21961;items
i21962;items
o1827;orders
i21963;items
i21964;items
i21965;items
i21966;items
i21967;items
i21968;items
i21969;items
i21970;items
i21971;items
i21972;items
i21973;items
i21974;items
i21975;items
i21976;items
i21977;items
i21978;items
i21979;items
i21980;items
i21981;items
i21982;items
i21983;items
i21984;items
i21985;items
i21986;items
o1828;orders
i21987;items
i21988;items
i21989;items
i21990;items
i21991;items
i21992;items
i21993;items
i21994;items
i21995;items
i21996;items
i21997;items
i21998;items
i21999;items
i22000;items
i22001;items
i22002;items
i22003;items
i22004;items
o1829;orders
i22005;items
i22006;items
i22007;items
i22008;items
i22009;items
i22010;items
i22011;items
i22012;items
i22013;items
i22014;items
i22015;items
i22016;items
i22017;items
i22018;items
i22019;items
i22020;items
i22021;items
i22022;items
i22023;items
i22024;items
o1830;orders
i22025;items
i22026;items
i22027;items
i22028;items
i22029;items
i22030;items
i22031;items
i22032;items
i22033;items
i22034;items
i22035;items
i22036;items
i22037;items
i22038;items
i22039;items
i22040;items
i22041;items
i22042;items
i22043;items
i22044;items
o1831;orders
i22045;items
i22046;items
i22047;items
i22048;items
i22049;items
i22050;items
i22051;items
i22052;items
i22053;items
i22054;items
i22055;items
i22056;items
i22057;items
i22058;items
i22059;items
i22060;items
i22061;items
i22062;items
i22063;items
i22064;items
i22065;items
i22066;items
i22067;items
i22068;items
o1832;orders
i22069;items
i22070;items
i22071;items
i22072;items
i22073;items
i22074;items
i22075;items
i22076;items
i22077;items
i22078;items
i22079;items
i22080;items
i22081;items
i22082;items
i22083;items
i22084;items
i22085;items
i22086;items
i22087;items
i22088;items
i22089;items
i22090;items
o1833;orders
i22091;items
i22092;items
i22093;items
i22094;items
i22095;items
i22096;items
i22097;items
i22098;items
i22099;items
i22100;items
i22101;items
i22102;items
i22103;items
i22104;items
i22105;items
i22106;items
i22107;items
i22108;items
i22109;items
i22110;items
i22111;items
o1834;orders
i22112;items
i22113;items
i22114;items
i22115;items
i22116;items
i22117;items
i22118;items
i22119;items
i22120;items
i22121;items
i22122;items
i22123;items
i22124;items
i22125;items
i22126;items
i22127;items
i22128;items
i22129;items
i22130;items
i22131;items
i22132;items
i22133;items
i22134;items
i22135;items
i22136;items
i22137;items
o1835;orders
i22138;items
i22139;items
i22140;items
i22141;items
i22142;items
i22143;items
i22144;items
i22145;items
i22146;items
i22147;items
i22148;items
i22149;items
i22150;items
i22151;items
i22152;items
i22153;items
i22154;items
i22155;items
i22156;items
i22157;items
o1836;orders
i22158;items
i22159;items
i22160;items
i22161;items
i22162;items
i22163;items
i22164;items
i22165;items
i22166;items
i22167;items
i22168;items
i22169;items
i22170;items
i22171;items
i22172;items
i22173;items
i22174;items
i22175;items
i22176;items
i22177;items
i22178;items
i22179;items
i22180;items
i22181;items
i22182;items
o1837;orders
i22183;items
i22184;items
i22185;items
i22186;items
i22187;items
i22188;items
i22189;items
i22190;items
i22191;items
i22192;items
i22193;items
i22194;items
i22195;items
i22196;items
i22197;items
i22198;items
i22199;items
i22200;items
i22201;items
i22202;items
i22203;items
i22204;items
i22205;items
i22206;items
o1838;orders
i22207;items
i22208;items
i22209;items
i22210;items
i22211;items
i22212;items
i22213;items
i22214;items
i22215;items
i22216;items
i22217;items
i22218;items
i22219;items
o1839;orders
i22220;items
i22221;items
i22222;items
i22223;items
i22224;items
i22225;items
i22226;items
i22227;items
i22228;items
o1840;orders
i22229;items
i22230;items
i22231;items
i22232;items
i22233;items
i22234;items
i22235;items
i22236;items
i22237;items
i22238;items
i22239;items
i22240;items
i22241;items
i22242;items
i22243;items
i22244;items
i22245;items
i22246;items
i22247;items
i22248;items
o1841;orders
i22249;items
i22250;items
i22251;items
i22252;items
i22253;items
i22254;items
i22255;items
i22256;items
i22257;items
i22258;items
i22259;items
i22260;items
i22261;items
i22262;items
i22263;items
i22264;items
i22265;items
i22266;items
i22267;items
i22268;items
i22269;items
o1842;orders
i22270;items
i22271;items
i22272;items
i22273;items
i22274;items
i22275;items
i22276;items
i22277;items
i22278;items
i22279;items
i22280;items
i22281;items
i22282;items
i22283;items
i22284;items
i22285;items
i22286;items
i22287;items
i22288;items
i22289;items
i22290;items
i22291;items
i22292;items
i22293;items
i22294;items
i22295;items
i22296;items
i22297;items
i22298;items
i22299;items
o1843;orders
i22300;items
i22301;items
i22302;items
i22303;items
i22304;items
i22305;items
i22306;items
i22307;items
i22308;items
i22309;items
i22310;items
i22311;items
i22312;items
i22313;items
i22314;items
i22315;items
i22316;items
i22317;items
i22318;items
i22319;items
i22320;items
i22321;items
i22322;items
i22323;items
i22324;items
i22325;items
i22326;items
i22327;items
i22328;items
i22329;items
i22330;items
i22331;items
o1844;orders
i22332;items
i22333;items
i22334;items
i22335;items
i22336;items
i22337;items
i22338;items
i22339;items
i22340;items
i22341;items
i22342;items
i22343;items
i22344;items
i22345;items
i22346;items
i22347;items
i22348;items
i22349;items
i22350;items
i22351;items
i22352;items
i22353;items
i22354;items
i22355;items
i22356;items
o1845;orders
i22357;items
i22358;items
i22359;items
i22360;items
i22361;items
i22362;items
i22363;items
i22364;items
i22365;items
i22366;items
i22367;items
i22368;items
i22369;items
i22370;items
i22371;items
i22372;items
o1846;orders
i22373;items
i22374;items
i22375;items
i22376;items
i22377;items
i22378;items
i22379;items
i22380;items
i22381;items
i22382;items
i22383;items
i22384;items
i22385;items
i22386;items
i22387;items
i22388;items
i22389;items
i22390;items
i22391;items
i22392;items
i22393;items
i22394;items
o1847;orders
i22395;items
i22396;items
i22397;items
i22398;items
i22399;items
i22400;items
i22401;items
i22402;items
i22403;items
i22404;items
i22405;items
i22406;items
i22407;items
i22408;items
i22409;items
i22410;items
i22411;items
i22412;items
i22413;items
i22414;items
i22415;items
i22416;items
i22417;items
o1848;orders
i22418;items
i22419;items
i22420;items
i22421;items
i22422;items
i22423;items
i22424;items
i22425;items
i22426;items
i22427;items
i22428;items
i22429;items
i22430;items
i22431;items
i22432;items
i22433;items
i22434;items
i22435;items
i22436;items
i22437;items
i22438;items
o1849;orders
i22439;items
i22440;items
i22441;items
i22442;items
i22443;items
i22444;items
i22445;items
i22446;items
i22447;items
i22448;items
i22449;items
i22450;items
i22451;items
i22452;items
i22453;items
i22454;items
i22455;items
i22456;items
i22457;items
i22458;items
o1850;orders
i22459;items
i22460;items
i22461;items
i22462;items
i22463;items
i22464;items
i22465;items
i22466;items
i22467;items
i22468;items
i22469;items
i22470;items
i22471;items
i22472;items
i22473;items
i22474;items
i22475;items
i22476;items
i22477;items
i22478;items
i22479;items
i22480;items
i22481;items
i22482;items
i22483;items
i22484;items
i22485;items
i22486;items
i22487;items
i22488;items
o1851;orders
i22489;items
i22490;items
i22491;items
i22492;items
i22493;items
i22494;items
i22495;items
i22496;items
i22497;items
i22498;items
i22499;items
i22500;items
i22501;items
i22502;items
i22503;items
i22504;items
i22505;items
i22506;items
i22507;items
i22508;items
i22509;items
i22510;items
i22511;items
i22512;items
i22513;items
i22514;items
o1852;orders
i22515;items
i22516;items
i22517;items
i22518;items
i22519;items
i22520;items
i22521;items
i22522;items
i22523;items
i22524;items
i22525;items
i22526;items
i22527;items
i22528;items
i22529;items
i22530;items
i22531;items
i22532;items
i22533;items
o1853;orders
i22534;items
i22535;items
i22536;items
i22537;items
i22538;items
i22539;items
i22540;items
i22541;items
i22542;items
i22543;items
i22544;items
i22545;items
i22546;items
o1854;orders
i22547;items
i22548;items
i22549;items
i22550;items
i22551;items
i22552;items
i22553;items
i22554;items
i22555;items
i22556;items
i22557;items
i22558;items
o1855;orders
i22559;items
i22560;items
i22561;items
i22562;items
i22563;items
i22564;items
i22565;items
i22566;items
i22567;items
i22568;items
i22569;items
i22570;items
i22571;items
i22572;items
i22573;items
i22574;items
i22575;items
i22576;items
i22577;items
i22578;items
i22579;items
o1856;orders
i22580;items
i22581;items
i22582;items
i22583;items
i22584;items
i22585;items
i22586;items
i22587;items
i22588;items
i22589;items
i22590;items
i22591;items
i22592;items
i22593;items
i22594;items
i22595;items
i22596;items
i22597;items
i22598;items
i22599;items
i22600;items
i22601;items
i22602;items
i22603;items
i22604;items
i22605;items
i22606;items
i22607;items
i22608;items
i22609;items
o1857;orders
i22610;items
i22611;items
i22612;items
i22613;items
i22614;items
i22615;items
i22616;items
i22617;items
i22618;items
i22619;items
i22620;items
i22621;items
i22622;items
i22623;items
i22624;items
i22625;items
i22626;items
i22627;items
i22628;items
i22629;items
i22630;items
o1858;orders
i22631;items
i22632;items
i22633;items
i22634;items
i22635;items
i22636;items
i22637;items
i22638;items
i22639;items
i22640;items
i22641;items
i22642;items
i22643;items
i22644;items
i22645;items
i22646;items
i22647;items
i22648;items
i22649;items
i22650;items
i22651;items
i22652;items
i22653;items
i22654;items
i22655;items
i22656;items
i22657;items
i22658;items
i22659;items
i22660;items
o1859;orders
i22661;items
i22662;items
i22663;items
i22664;items
i22665;items
i22666;items
i22667;items
i22668;items
i22669;items
i22670;items
i22671;items
i22672;items
i22673;items
i22674;items
i22675;items
i22676;items
i22677;items
i22678;items
i22679;items
i22680;items
i22681;items
i22682;items
i22683;items
i22684;items
o1860;orders
i22685;items
i22686;items
i22687;items
i22688;items
i22689;items
i22690;items
i22691;items
i22692;items
i22693;items
i22694;items
i22695;items
i22696;items
i22697;items
i22698;items
i22699;items
i22700;items
i22701;items
i22702;items
i22703;items
i22704;items
i22705;items
i22706;items
o1861;orders
i22707;items
i22708;items
i22709;items
i22710;items
i22711;items
i22712;items
i22713;items
i22714;items
i22715;items
i22716;items
i22717;items
i22718;items
i22719;items
i22720;items
i22721;items
o1862;orders
i22722;items
i22723;items
i22724;items
i22725;items
i22726;items
i22727;items
i22728;items
i22729;items
i22730;items
i22731;items
i22732;items
i22733;items
i22734;items
i22735;items
i22736;items
i22737;items
i22738;items
i22739;items
i22740;items
i22741;items
i22742;items
i22743;items
o1863;orders
i22744;items
i22745;items
i22746;items
i22747;items
i22748;items
i22749;items
i22750;items
i22751;items
i22752;items
i22753;items
i22754;items
i22755;items
i22756;items
i22757;items
i22758;items
o1864;orders
i22759;items
i22760;items
i22761;items
i22762;items
i22763;items
i22764;items
i22765;items
i22766;items
i22767;items
i22768;items
i22769;items
i22770;items
i22771;items
i22772;items
i22773;items
i22774;items
i22775;items
i22776;items
i22777;items
i22778;items
o1865;orders
i22779;items
i22780;items
i22781;items
i22782;items
i22783;items
i22784;items
i22785;items
i22786;items
i22787;items
i22788;items
i22789;items
i22790;items
i22791;items
i22792;items
i22793;items
i22794;items
i22795;items
i22796;items
i22797;items
i22798;items
i22799;items
i22800;items
o1866;orders
i22801;items
i22802;items
i22803;items
i22804;items
i22805;items
i22806;items
i22807;items
i22808;items
i22809;items
i22810;items
i22811;items
i22812;items
i22813;items
i22814;items
i22815;items
i22816;items
i22817;items
i22818;items
i22819;items
i22820;items
i22821;items
i22822;items
o1867;orders
i22823;items
i22824;items
i22825;items
i22826;items
i22827;items
i22828;items
i22829;items
i22830;items
i22831;items
i22832;items
i22833;items
i22834;items
i22835;items
i22836;items
i22837;items
i22838;items
i22839;items
i22840;items
i22841;items
i22842;items
i22843;items
i22844;items
i22845;items
o1868;orders
i22846;items
i22847;items
i22848;items
i22849;items
i22850;items
i22851;items
i22852;items
i22853;items
i22854;items
i22855;items
i22856;items
i22857;items
i22858;items
i22859;items
i22860;items
i22861;items
i22862;items
i22863;items
i22864;items
i22865;items
o1869;orders
i22866;items
i22867;items
i22868;items
i22869;items
i22870;items
i22871;items
i22872;items
i22873;items
i22874;items
i22875;items
i22876;items
i22877;items
i22878;items
i22879;items
i22880;items
i22881;items
i22882;items
i22883;items
i22884;items
i22885;items
i22886;items
i22887;items
i22888;items
i22889;items
i22890;items
o1870;orders
i22891;items
i22892;items
i22893;items
i22894;items
i22895;items
i22896;items
i22897;items
i22898;items
i22899;items
i22900;items
i22901;items
i22902;items
i22903;items
i22904;items
i22905;items
i22906;items
i22907;items
i22908;items
i22909;items
i22910;items
i22911;items
o1871;orders
i22912;items
i22913;items
i22914;items
i22915;items
i22916;items
i22917;items
i22918;items
i22919;items
i22920;items
i22921;items
i22922;items
i22923;items
i22924;items
i22925;items
i22926;items
i22927;items
i22928;items
i22929;items
i22930;items
i22931;items
i22932;items
i22933;items
i22934;items
i22935;items
i22936;items
i22937;items
i22938;items
i22939;items
o1872;orders
i22940;items
i22941;items
i22942;items
i22943;items
i22944;items
i22945;items
i22946;items
i22947;items
i22948;items
i22949;items
i22950;items
i22951;items
i22952;items
i22953;items
i22954;items
i22955;items
i22956;items
i22957;items
i22958;items
i22959;items
i22960;items
i22961;items
i22962;items
i22963;items
o1873;orders
i22964;items
i22965;items
i22966;items
i22967;items
i22968;items
i22969;items
i22970;items
i22971;items
i22972;items
i22973;items
i22974;items
i22975;items
i22976;items
i22977;items
i22978;items
i22979;items
i22980;items
i22981;items
i22982;items
i22983;items
i22984;items
i22985;items
i22986;items
i22987;items
i22988;items
o1874;orders
i22989;items
i22990;items
i22991;items
i22992;items
i22993;items
i22994;items
i22995;items
i22996;items
i22997;items
i22998;items
i22999;items
i23000;items
i23001;items
i23002;items
i23003;items
i23004;items
i23005;items
i23006;items
i23007;items
i23008;items
i23009;items
o1875;orders
i23010;items
i23011;items
i23012;items
i23013;items
i23014;items
i23015;items
i23016;items
i23017;items
i23018;items
i23019;items
i23020;items
i23021;items
i23022;items
i23023;items
i23024;items
i23025;items
i23026;items
i23027;items
o1876;orders
i23028;items
i23029;items
i23030;items
i23031;items
i23032;items
i23033;items
i23034;items
i23035;items
i23036;items
i23037;items
i23038;items
i23039;items
i23040;items
i23041;items
i23042;items
i23043;items
i23044;items
i23045;items
i23046;items
i23047;items
i23048;items
i23049;items
i23050;items
i23051;items
o1877;orders
i23052;items
i23053;items
i23054;items
i23055;items
i23056;items
i23057;items
i23058;items
i23059;items
i23060;items
i23061;items
i23062;items
i23063;items
i23064;items
i23065;items
i23066;items
i23067;items
i23068;items
i23069;items
i23070;items
i23071;items
i23072;items
i23073;items
i23074;items
i23075;items
i23076;items
i23077;items
i23078;items
i23079;items
i23080;items
i23081;items
o1878;orders
i23082;items
i23083;items
i23084;items
i23085;items
i23086;items
i23087;items
i23088;items
i23089;items
i23090;items
i23091;items
i23092;items
i23093;items
i23094;items
i23095;items
o1879;orders
i23096;items
i23097;items
i23098;items
i23099;items
i23100;items
i23101;items
i23102;items
i23103;items
i23104;items
i23105;items
i23106;items
i23107;items
i23108;items
i23109;items
i23110;items
i23111;items
i23112;items
i23113;items
i23114;items
i23115;items
i23116;items
o1880;orders
i23117;items
i23118;items
i23119;items
i23120;items
i23121;items
i23122;items
i23123;items
i23124;items
i23125;items
i23126;items
i23127;items
i23128;items
i23129;items
i23130;items
i23131;items
i23132;items
i23133;items
i23134;items
i23135;items
i23136;items
i23137;items
i23138;items
i23139;items
i23140;items
i23141;items
o1881;orders
i23142;items
i23143;items
i23144;items
i23145;items
i23146;items
i23147;items
i23148;items
i23149;items
i23150;items
i23151;items
i23152;items
i23153;items
i23154;items
i23155;items
i23156;items
i23157;items
i23158;items
i23159;items
i23160;items
i23161;items
i23162;items
i23163;items
i23164;items
i23165;items
i23166;items
i23167;items
i23168;items
o1882;orders
i23169;items
i23170;items
i23171;items
i23172;items
i23173;items
i23174;items
i23175;items
i23176;items
i23177;items
i23178;items
i23179;items
i23180;items
i23181;items
i23182;items
i23183;items
i23184;items
o1883;orders
i23185;items
i23186;items
i23187;items
i23188;items
i23189;items
i23190;items
i23191;items
i23192;items
i23193;items
i23194;items
i23195;items
i23196;items
i23197;items
i23198;items
i23199;items
i23200;items
i23201;items
i23202;items
i23203;items
i23204;items
i23205;items
i23206;items
i23207;items
i23208;items
o1884;orders
i23209;items
i23210;items
i23211;items
i23212;items
i23213;items
i23214;items
i23215;items
i23216;items
i23217;items
i23218;items
i23219;items
i23220;items
i23221;items
i23222;items
i23223;items
i23224;items
i23225;items
o1885;orders
i23226;items
i23227;items
i23228;items
i23229;items
i23230;items
i23231;items
i23232;items
i23233;items
i23234;items
i23235;items
i23236;items
i23237;items
i23238;items
i23239;items
i23240;items
i23241;items
i23242;items
i23243;items
i23244;items
i23245;items
i23246;items
i23247;items
i23248;items
i23249;items
i23250;items
o1886;orders
i23251;items
i23252;items
i23253;items
i23254;items
i23255;items
i23256;items
i23257;items
i23258;items
i23259;items
i23260;items
i23261;items
i23262;items
i23263;items
i23264;items
i23265;items
i23266;items
i23267;items
i23268;items
o1887;orders
i23269;items
i23270;items
i23271;items
i23272;items
i23273;items
i23274;items
i23275;items
i23276;items
i23277;items
i23278;items
i23279;items
i23280;items
i23281;items
i23282;items
i23283;items
i23284;items
i23285;items
i23286;items
i23287;items
o1888;orders
i23288;items
i23289;items
i23290;items
i23291;items
i23292;items
i23293;items
i23294;items
i23295;items
i23296;items
i23297;items
i23298;items
i23299;items
i23300;items
i23301;items
i23302;items
i23303;items
o1889;orders
i23304;items
i23305;items
i23306;items
i23307;items
i23308;items
i23309;items
i23310;items
i23311;items
i23312;items
i23313;items
i23314;items
i23315;items
i23316;items
i23317;items
i23318;items
i23319;items
i23320;items
i23321;items
i23322;items
i23323;items
i23324;items
i23325;items
i23326;items
i23327;items
i23328;items
o1890;orders
i23329;items
i23330;items
i23331;items
i23332;items
i23333;items
i23334;items
i23335;items
i23336;items
i23337;items
i23338;items
i23339;items
i23340;items
i23341;items
i23342;items
i23343;items
i23344;items
i23345;items
i23346;items
i23347;items
i23348;items
i23349;items
i23350;items
i23351;items
i23352;items
i23353;items
i23354;items
i23355;items
i23356;items
i23357;items
i23358;items
o1891;orders
i23359;items
i23360;items
i23361;items
i23362;items
i23363;items
i23364;items
i23365;items
i23366;items
i23367;items
i23368;items
i23369;items
i23370;items
i23371;items
i23372;items
i23373;items
i23374;items
i23375;items
i23376;items
i23377;items
i23378;items
i23379;items
i23380;items
i23381;items
i23382;items
o1892;orders
i23383;items
i23384;items
i23385;items
i23386;items
i23387;items
i23388;items
i23389;items
i23390;items
i23391;items
i23392;items
i23393;items
i23394;items
i23395;items
i23396;items
i23397;items
i23398;items
i23399;items
i23400;items
i23401;items
i23402;items
i23403;items
i23404;items
i23405;items
i23406;items
o1893;orders
i23407;items
i23408;items
i23409;items
i23410;items
i23411;items
i23412;items
i23413;items
i23414;items
i23415;items
i23416;items
i23417;items
i23418;items
i23419;items
i23420;items
i23421;items
i23422;items
i23423;items
i23424;items
o1894;orders
i23425;items
i23426;items
i23427;items
i23428;items
i23429;items
i23430;items
i23431;items
i23432;items
i23433;items
i23434;items
i23435;items
i23436;items
i23437;items
i23438;items
i23439;items
i23440;items
i23441;items
i23442;items
i23443;items
i23444;items
i23445;items
i23446;items
i23447;items
i23448;items
o1895;orders
i23449;items
i23450;items
i23451;items
i23452;items
i23453;items
i23454;items
i23455;items
i23456;items
i23457;items
i23458;items
i23459;items
i23460;items
i23461;items
i23462;items
i23463;items
i23464;items
i23465;items
i23466;items
i23467;items
i23468;items
i23469;items
i23470;items
i23471;items
i23472;items
i23473;items
i23474;items
o1896;orders
i23475;items
i23476;items
i23477;items
i23478;items
i23479;items
i23480;items
i23481;items
i23482;items
i23483;items
i23484;items
i23485;items
i23486;items
i23487;items
i23488;items
i23489;items
i23490;items
i23491;items
o1897;orders
i23492;items
i23493;items
i23494;items
i23495;items
i23496;items
i23497;items
i23498;items
i23499;items
i23500;items
i23501;items
i23502;items
i23503;items
i23504;items
i23505;items
i23506;items
i23507;items
i23508;items
i23509;items
i23510;items
i23511;items
i23512;items
i23513;items
o1898;orders
i23514;items
i23515;items
i23516;items
i23517;items
i23518;items
i23519;items
i23520;items
i23521;items
i23522;items
i23523;items
i23524;items
i23525;items
i23526;items
i23527;items
i23528;items
i23529;items
i23530;items
i23531;items
i23532;items
i23533;items
i23534;items
i23535;items
i23536;items
i23537;items
o1899;orders
i23538;items
i23539;items
i23540;items
i23541;items
i23542;items
i23543;items
i23544;items
i23545;items
i23546;items
i23547;items
i23548;items
i23549;items
i23550;items
i23551;items
i23552;items
i23553;items
i23554;items
i23555;items
i23556;items
i23557;items
o1900;orders
i23558;items
i23559;items
i23560;items
i23561;items
i23562;items
i23563;items
i23564;items
i23565;items
i23566;items
i23567;items
i23568;items
i23569;items
i23570;items
i23571;items
i23572;items
i23573;items
i23574;items
o1901;orders
i23575;items
i23576;items
i23577;items
i23578;items
i23579;items
i23580;items
i23581;items
i23582;items
i23583;items
i23584;items
i23585;items
i23586;items
i23587;items
i23588;items
i23589;items
i23590;items
i23591;items
i23592;items
i23593;items
i23594;items
i23595;items
i23596;items
i23597;items
i23598;items
i23599;items
i23600;items
i23601;items
i23602;items
i23603;items
o1902;orders
i23604;items
i23605;items
i23606;items
i23607;items
i23608;items
i23609;items
i23610;items
i23611;items
i23612;items
i23613;items
i23614;items
i23615;items
i23616;items
i23617;items
i23618;items
i23619;items
i23620;items
i23621;items
i23622;items
i23623;items
i23624;items
i23625;items
i23626;items
i23627;items
i23628;items
i23629;items
o1903;orders
i23630;items
i23631;items
i23632;items
i23633;items
i23634;items
i23635;items
i23636;items
i23637;items
i23638;items
i23639;items
i23640;items
i23641;items
i23642;items
i23643;items
i23644;items
i23645;items
i23646;items
i23647;items
i23648;items
i23649;items
i23650;items
i23651;items
o1904;orders
i23652;items
i23653;items
i23654;items
i23655;items
i23656;items
i23657;items
i23658;items
i23659;items
i23660;items
i23661;items
i23662;items
i23663;items
i23664;items
i23665;items
i23666;items
i23667;items
i23668;items
i23669;items
i23670;items
i23671;items
i23672;items
i23673;items
o1905;orders
i23674;items
i23675;items
i23676;items
i23677;items
i23678;items
i23679;items
i23680;items
i23681;items
i23682;items
i23683;items
i23684;items
i23685;items
i23686;items
i23687;items
i23688;items
i23689;items
i23690;items
i23691;items
i23692;items
i23693;items
i23694;items
o1906;orders
i23695;items
i23696;items
i23697;items
i23698;items
i23699;items
i23700;items
i23701;items
i23702;items
i23703;items
i23704;items
i23705;items
i23706;items
i23707;items
i23708;items
i23709;items
i23710;items
i23711;items
i23712;items
i23713;items
i23714;items
i23715;items
i23716;items
i23717;items
i23718;items
o1907;orders
i23719;items
i23720;items
i23721;items
i23722;items
i23723;items
i23724;items
i23725;items
i23726;items
i23727;items
i23728;items
i23729;items
i23730;items
i23731;items
i23732;items
i23733;items
i23734;items
i23735;items
i23736;items
i23737;items
i23738;items
i23739;items
i23740;items
o1908;orders
i23741;items
i23742;items
i23743;items
i23744;items
i23745;items
i23746;items
i23747;items
i23748;items
i23749;items
i23750;items
i23751;items
i23752;items
i23753;items
i23754;items
i23755;items
i23756;items
i23757;items
o1909;orders
i23758;items
i23759;items
i23760;items
i23761;items
i23762;items
i23763;items
i23764;items
i23765;items
i23766;items
i23767;items
i23768;items
i23769;items
i23770;items
i23771;items
i23772;items
i23773;items
i23774;items
i23775;items
i23776;items
i23777;items
o1910;orders
i23778;items
i23779;items
i23780;items
i23781;items
i23782;items
i23783;items
i23784;items
i23785;items
i23786;items
i23787;items
i23788;items
i23789;items
i23790;items
i23791;items
i23792;items
i23793;items
i23794;items
o1911;orders
i23795;items
i23796;items
i23797;items
i23798;items
i23799;items
i23800;items
i23801;items
i23802;items
i23803;items
i23804;items
i23805;items
i23806;items
i23807;items
i23808;items
i23809;items
i23810;items
i23811;items
i23812;items
i23813;items
i23814;items
i23815;items
o1912;orders
i23816;items
i23817;items
i23818;items
i23819;items
i23820;items
i23821;items
i23822;items
i23823;items
i23824;items
i23825;items
i23826;items
i23827;items
i23828;items
o1913;orders
i23829;items
i23830;items
i23831;items
i23832;items
i23833;items
i23834;items
i23835;items
i23836;items
i23837;items
i23838;items
i23839;items
i23840;items
i23841;items
i23842;items
i23843;items
i23844;items
i23845;items
i23846;items
i23847;items
o1914;orders
i23848;items
i23849;items
i23850;items
i23851;items
i23852;items
i23853;items
i23854;items
i23855;items
i23856;items
i23857;items
i23858;items
i23859;items
i23860;items
i23861;items
i23862;items
i23863;items
i23864;items
i23865;items
i23866;items
i23867;items
o1915;orders
i23868;items
i23869;items
i23870;items
i23871;items
i23872;items
i23873;items
i23874;items
i23875;items
i23876;items
i23877;items
i23878;items
i23879;items
i23880;items
i23881;items
i23882;items
i23883;items
i23884;items
i23885;items
i23886;items
o1916;orders
i23887;items
i23888;items
i23889;items
i23890;items
i23891;items
i23892;items
i23893;items
i23894;items
i23895;items
i23896;items
i23897;items
i23898;items
i23899;items
i23900;items
i23901;items
i23902;items
i23903;items
i23904;items
i23905;items
i23906;items
i23907;items
i23908;items
i23909;items
i23910;items
i23911;items
i23912;items
i23913;items
i23914;items
o1917;orders
i23915;items
i23916;items
i23917;items
i23918;items
i23919;items
i23920;items
i23921;items
i23922;items
i23923;items
i23924;items
i23925;items
i23926;items
i23927;items
i23928;items
i23929;items
i23930;items
i23931;items
o1918;orders
i23932;items
i23933;items
i23934;items
i23935;items
i23936;items
i23937;items
i23938;items
i23939;items
i23940;items
i23941;items
i23942;items
i23943;items
i23944;items
i23945;items
i23946;items
i23947;items
i23948;items
o1919;orders
i23949;items
i23950;items
i23951;items
i23952;items
i23953;items
i23954;items
i23955;items
i23956;items
i23957;items
i23958;items
i23959;items
i23960;items
i23961;items
i23962;items
i23963;items
i23964;items
i23965;items
i23966;items
i23967;items
o1920;orders
i23968;items
i23969;items
i23970;items
i23971;items
i23972;items
i23973;items
i23974;items
i23975;items
i23976;items
i23977;items
i23978;items
i23979;items
i23980;items
i23981;items
i23982;items
i23983;items
i23984;items
i23985;items
i23986;items
o1921;orders
i23987;items
i23988;items
i23989;items
i23990;items
i23991;items
i23992;items
i23993;items
i23994;items
i23995;items
i23996;items
i23997;items
i23998;items
i23999;items
i24000;items
i24001;items
i24002;items
i24003;items
i24004;items
i24005;items
i24006;items
i24007;items
i24008;items
i24009;items
i24010;items
i24011;items
o1922;orders
i24012;items
i24013;items
i24014;items
i24015;items
i24016;items
i24017;items
i24018;items
i24019;items
i24020;items
i24021;items
i24022;items
i24023;items
i24024;items
i24025;items
i24026;items
i24027;items
i24028;items
i24029;items
i24030;items
i24031;items
i24032;items
i24033;items
i24034;items
i24035;items
i24036;items
i24037;items
i24038;items
i24039;items
o1923;orders
i24040;items
i24041;items
i24042;items
i24043;items
i24044;items
i24045;items
i24046;items
i24047;items
i24048;items
i24049;items
i24050;items
i24051;items
i24052;items
i24053;items
i24054;items
i24055;items
i24056;items
i24057;items
i24058;items
o1924;orders
i24059;items
i24060;items
i24061;items
i24062;items
i24063;items
i24064;items
i24065;items
i24066;items
i24067;items
i24068;items
i24069;items
i24070;items
i24071;items
i24072;items
i24073;items
i24074;items
i24075;items
i24076;items
i24077;items
i24078;items
i24079;items
i24080;items
i24081;items
i24082;items
i24083;items
i24084;items
i24085;items
o1925;orders
i24086;items
i24087;items
i24088;items
i24089;items
i24090;items
i24091;items
i24092;items
i24093;items
i24094;items
i24095;items
i24096;items
i24097;items
i24098;items
i24099;items
i24100;items
i24101;items
i24102;items
o1926;orders
i24103;items
i24104;items
i24105;items
i24106;items
i24107;items
i24108;items
i24109;items
i24110;items
i24111;items
i24112;items
i24113;items
i24114;items
i24115;items
i24116;items
i24117;items
i24118;items
i24119;items
i24120;items
i24121;items
i24122;items
o1927;orders
i24123;items
i24124;items
i24125;items
i24126;items
i24127;items
i24128;items
i24129;items
i24130;items
i24131;items
i24132;items
i24133;items
i24134;items
i24135;items
i24136;items
i24137;items
i24138;items
i24139;items
i24140;items
i24141;items
i24142;items
o1928;orders
i24143;items
i24144;items
i24145;items
i24146;items
i24147;items
i24148;items
i24149;items
i24150;items
i24151;items
i24152;items
i24153;items
i24154;items
i24155;items
i24156;items
i24157;items
i24158;items
i24159;items
i24160;items
i24161;items
i24162;items
i24163;items
i24164;items
i24165;items
i24166;items
i24167;items
o1929;orders
i24168;items
i24169;items
i24170;items
i24171;items
i24172;items
i24173;items
i24174;items
i24175;items
i24176;items
i24177;items
i24178;items
i24179;items
i24180;items
i24181;items
i24182;items
i24183;items
i24184;items
i24185;items
i24186;items
i24187;items
o1930;orders
i24188;items
i24189;items
i24190;items
i24191;items
i24192;items
i24193;items
i24194;items
i24195;items
i24196;items
i24197;items
i24198;items
i24199;items
i24200;items
i24201;items
i24202;items
i24203;items
i24204;items
i24205;items
i24206;items
i24207;items
i24208;items
i24209;items
o1931;orders
i24210;items
i24211;items
i24212;items
i24213;items
i24214;items
i24215;items
i24216;items
i24217;items
i24218;items
i24219;items
i24220;items
i24221;items
i24222;items
i24223;items
i24224;items
i24225;items
i24226;items
i24227;items
i24228;items
i24229;items
i24230;items
i24231;items
i24232;items
i24233;items
o1932;orders
i24234;items
i24235;items
i24236;items
i24237;items
i24238;items
i24239;items
i24240;items
i24241;items
i24242;items
i24243;items
i24244;items
i24245;items
i24246;items
i24247;items
i24248;items
i24249;items
i24250;items
i24251;items
i24252;items
i24253;items
i24254;items
o1933;orders
i24255;items
i24256;items
i24257;items
i24258;items
i24259;items
i24260;items
i24261;items
i24262;items
i24263;items
i24264;items
i24265;items
i24266;items
i24267;items
i24268;items
i24269;items
i24270;items
i24271;items
o1934;orders
i24272;items
i24273;items
i24274;items
i24275;items
i24276;items
i24277;items
i24278;items
i24279;items
i24280;items
i24281;items
i24282;items
i24283;items
i24284;items
i24285;items
i24286;items
i24287;items
i24288;items
o1935;orders
i24289;items
i24290;items
i24291;items
i24292;items
i24293;items
i24294;items
i24295;items
i24296;items
i24297;items
i24298;items
i24299;items
i24300;items
i24301;items
i24302;items
i24303;items
i24304;items
i24305;items
i24306;items
i24307;items
i24308;items
i24309;items
i24310;items
i24311;items
i24312;items
o1936;orders
i24313;items
i24314;items
i24315;items
i24316;items
i24317;items
i24318;items
i24319;items
i24320;items
i24321;items
i24322;items
i24323;items
i24324;items
i24325;items
i24326;items
i24327;items
i24328;items
i24329;items
i24330;items
i24331;items
i24332;items
i24333;items
i24334;items
i24335;items
i24336;items
i24337;items
i24338;items
i24339;items
i24340;items
i24341;items
o1937;orders
i24342;items
i24343;items
i24344;items
i24345;items
i24346;items
i24347;items
i24348;items
i24349;items
i24350;items
i24351;items
i24352;items
i24353;items
i24354;items
i24355;items
i24356;items
i24357;items
i24358;items
i24359;items
i24360;items
i24361;items
i24362;items
i24363;items
i24364;items
i24365;items
o1938;orders
i24366;items
i24367;items
i24368;items
i24369;items
i24370;items
i24371;items
i24372;items
i24373;items
i24374;items
i24375;items
i24376;items
i24377;items
i24378;items
i24379;items
i24380;items
i24381;items
i24382;items
i24383;items
i24384;items
o1939;orders
i24385;items
i24386;items
i24387;items
i24388;items
i24389;items
i24390;items
i24391;items
i24392;items
i24393;items
i24394;items
i24395;items
i24396;items
i24397;items
i24398;items
i24399;items
i24400;items
i24401;items
o1940;orders
i24402;items
i24403;items
i24404;items
i24405;items
i24406;items
i24407;items
i24408;items
i24409;items
i24410;items
i24411;items
i24412;items
i24413;items
i24414;items
i24415;items
i24416;items
i24417;items
i24418;items
i24419;items
i24420;items
i24421;items
i24422;items
i24423;items
i24424;items
i24425;items
i24426;items
o1941;orders
i24427;items
i24428;items
i24429;items
i24430;items
i24431;items
i24432;items
i24433;items
i24434;items
i24435;items
i24436;items
i24437;items
i24438;items
i24439;items
i24440;items
i24441;items
o1942;orders
i24442;items
i24443;items
i24444;items
i24445;items
i24446;items
i24447;items
i24448;items
i24449;items
i24450;items
i24451;items
i24452;items
i24453;items
i24454;items
i24455;items
i24456;items
i24457;items
i24458;items
i24459;items
i24460;items
i24461;items
i24462;items
i24463;items
i24464;items
i24465;items
i24466;items
i24467;items
i24468;items
i24469;items
i24470;items
i24471;items
i24472;items
i24473;items
i24474;items
o1943;orders
i24475;items
i24476;items
i24477;items
i24478;items
i24479;items
i24480;items
i24481;items
i24482;items
i24483;items
i24484;items
i24485;items
i24486;items
i24487;items
i24488;items
i24489;items
i24490;items
i24491;items
i24492;items
i24493;items
i24494;items
i24495;items
o1944;orders
i24496;items
i24497;items
i24498;items
i24499;items
i24500;items
i24501;items
i24502;items
i24503;items
i24504;items
i24505;items
i24506;items
i24507;items
i24508;items
i24509;items
i24510;items
i24511;items
i24512;items
i24513;items
i24514;items
i24515;items
i24516;items
i24517;items
i24518;items
i24519;items
o1945;orders
i24520;items
i24521;items
i24522;items
i24523;items
i24524;items
i24525;items
i24526;items
i24527;items
i24528;items
i24529;items
i24530;items
i24531;items
i24532;items
i24533;items
i24534;items
i24535;items
i24536;items
i24537;items
i24538;items
i24539;items
o1946;orders
i24540;items
i24541;items
i24542;items
i24543;items
i24544;items
i24545;items
i24546;items
i24547;items
i24548;items
i24549;items
i24550;items
i24551;items
i24552;items
i24553;items
i24554;items
i24555;items
i24556;items
i24557;items
i24558;items
i24559;items
i24560;items
i24561;items
i24562;items
o1947;orders
i24563;items
i24564;items
i24565;items
i24566;items
i24567;items
i24568;items
i24569;items
i24570;items
i24571;items
i24572;items
i24573;items
i24574;items
i24575;items
i24576;items
i24577;items
i24578;items
i24579;items
i24580;items
i24581;items
i24582;items
o1948;orders
i24583;items
i24584;items
i24585;items
i24586;items
i24587;items
i24588;items
i24589;items
i24590;items
i24591;items
i24592;items
i24593;items
i24594;items
i24595;items
i24596;items
i24597;items
i24598;items
i24599;items
i24600;items
o1949;orders
i24601;items
i24602;items
i24603;items
i24604;items
i24605;items
i24606;items
i24607;items
i24608;items
i24609;items
i24610;items
i24611;items
i24612;items
o1950;orders
i24613;items
i24614;items
i24615;items
i24616;items
i24617;items
i24618;items
i24619;items
i24620;items
i24621;items
i24622;items
i24623;items
i24624;items
i24625;items
i24626;items
i24627;items
i24628;items
i24629;items
o1951;orders
i24630;items
i24631;items
i24632;items
i24633;items
i24634;items
i24635;items
i24636;items
i24637;items
i24638;items
i24639;items
i24640;items
i24641;items
i24642;items
i24643;items
i24644;items
i24645;items
i24646;items
i24647;items
i24648;items
i24649;items
i24650;items
i24651;items
i24652;items
i24653;items
i24654;items
o1952;orders
i24655;items
i24656;items
i24657;items
i24658;items
i24659;items
i24660;items
i24661;items
i24662;items
i24663;items
i24664;items
i24665;items
i24666;items
i24667;items
i24668;items
i24669;items
i24670;items
i24671;items
i24672;items
i24673;items
i24674;items
i24675;items
i24676;items
o1953;orders
i24677;items
i24678;items
i24679;items
i24680;items
i24681;items
i24682;items
i24683;items
i24684;items
i24685;items
i24686;items
i24687;items
i24688;items
i24689;items
i24690;items
i24691;items
i24692;items
i24693;items
i24694;items
i24695;items
i24696;items
i24697;items
o1954;orders
i24698;items
i24699;items
i24700;items
i24701;items
i24702;items
i24703;items
i24704;items
i24705;items
i24706;items
i24707;items
i24708;items
i24709;items
i24710;items
i24711;items
i24712;items
i24713;items
i24714;items
i24715;items
i24716;items
i24717;items
i24718;items
i24719;items
i24720;items
i24721;items
i24722;items
i24723;items
i24724;items
i24725;items
i24726;items
i24727;items
i24728;items
i24729;items
o1955;orders
i24730;items
i24731;items
i24732;items
i24733;items
i24734;items
i24735;items
i24736;items
i24737;items
i24738;items
i24739;items
i24740;items
i24741;items
i24742;items
i24743;items
i24744;items
i24745;items
i24746;items
i24747;items
i24748;items
i24749;items
i24750;items
i24751;items
i24752;items
i24753;items
i24754;items
o1956;orders
i24755;items
i24756;items
i24757;items
i24758;items
i24759;items
i24760;items
i24761;items
i24762;items
i24763;items
i24764;items
i24765;items
i24766;items
i24767;items
i24768;items
i24769;items
i24770;items
i24771;items
i24772;items
i24773;items
i24774;items
i24775;items
i24776;items
i24777;items
o1957;orders
i24778;items
i24779;items
i24780;items
i24781;items
i24782;items
i24783;items
i24784;items
i24785;items
i24786;items
i24787;items
i24788;items
i24789;items
i24790;items
i24791;items
o1958;orders
i24792;items
i24793;items
i24794;items
i24795;items
i24796;items
i24797;items
i24798;items
i24799;items
i24800;items
i24801;items
i24802;items
i24803;items
i24804;items
i24805;items
i24806;items
i24807;items
i24808;items
i24809;items
i24810;items
i24811;items
i24812;items
i24813;items
i24814;items
o1959;orders
i24815;items
i24816;items
i24817;items
i24818;items
i24819;items
i24820;items
i24821;items
i24822;items
i24823;items
i24824;items
i24825;items
i24826;items
i24827;items
i24828;items
i24829;items
i24830;items
i24831;items
i24832;items
i24833;items
i24834;items
i24835;items
i24836;items
i24837;items
i24838;items
o1960;orders
i24839;items
i24840;items
i24841;items
i24842;items
i24843;items
i24844;items
i24845;items
i24846;items
i24847;items
i24848;items
i24849;items
i24850;items
i24851;items
i24852;items
i24853;items
i24854;items
i24855;items
i24856;items
o1961;orders
i24857;items
i24858;items
i24859;items
i24860;items
i24861;items
i24862;items
i24863;items
i24864;items
i24865;items
i24866;items
i24867;items
i24868;items
i24869;items
i24870;items
i24871;items
i24872;items
i24873;items
i24874;items
i24875;items
i24876;items
o1962;orders
i24877;items
i24878;items
i24879;items
i24880;items
i24881;items
i24882;items
i24883;items
i24884;items
i24885;items
i24886;items
i24887;items
i24888;items
i24889;items
i24890;items
i24891;items
i24892;items
i24893;items
i24894;items
i24895;items
i24896;items
i24897;items
i24898;items
i24899;items
i24900;items
i24901;items
i24902;items
i24903;items
o1963;orders
i24904;items
i24905;items
i24906;items
i24907;items
i24908;items
i24909;items
i24910;items
i24911;items
i24912;items
i24913;items
i24914;items
i24915;items
i24916;items
i24917;items
i24918;items
i24919;items
i24920;items
o1964;orders
i24921;items
i24922;items
i24923;items
i24924;items
i24925;items
i24926;items
i24927;items
i24928;items
i24929;items
i24930;items
i24931;items
i24932;items
i24933;items
i24934;items
i24935;items
i24936;items
i24937;items
o1965;orders
i24938;items
i24939;items
i24940;items
i24941;items
i24942;items
i24943;items
i24944;items
i24945;items
i24946;items
i24947;items
i24948;items
i24949;items
i24950;items
i24951;items
i24952;items
i24953;items
i24954;items
i24955;items
i24956;items
i24957;items
i24958;items
i24959;items
i24960;items
i24961;items
i24962;items
i24963;items
o1966;orders
i24964;items
i24965;items
i24966;items
i24967;items
i24968;items
i24969;items
i24970;items
i24971;items
i24972;items
i24973;items
i24974;items
i24975;items
i24976;items
i24977;items
i24978;items
i24979;items
o1967;orders
i24980;items
i24981;items
i24982;items
i24983;items
i24984;items
i24985;items
i24986;items
i24987;items
i24988;items
i24989;items
i24990;items
i24991;items
i24992;items
i24993;items
i24994;items
i24995;items
i24996;items
i24997;items
o1968;orders
i24998;items
i24999;items
i25000;items
i25001;items
i25002;items
i25003;items
i25004;items
i25005;items
i25006;items
i25007;items
i25008;items
i25009;items
i25010;items
i25011;items
i25012;items
i25013;items
i25014;items
i25015;items
o1969;orders
i25016;items
i25017;items
i25018;items
i25019;items
i25020;items
i25021;items
i25022;items
i25023;items
i25024;items
i25025;items
i25026;items
i25027;items
i25028;items
i25029;items
i25030;items
i25031;items
i25032;items
i25033;items
i25034;items
i25035;items
i25036;items
i25037;items
i25038;items
i25039;items
i25040;items
o1970;orders
i25041;items
i25042;items
i25043;items
i25044;items
i25045;items
i25046;items
i25047;items
i25048;items
i25049;items
i25050;items
i25051;items
i25052;items
i25053;items
i25054;items
i25055;items
i25056;items
i25057;items
i25058;items
i25059;items
i25060;items
i25061;items
i25062;items
i25063;items
o1971;orders
i25064;items
i25065;items
i25066;items
i25067;items
i25068;items
i25069;items
i25070;items
i25071;items
i25072;items
i25073;items
i25074;items
i25075;items
i25076;items
i25077;items
i25078;items
i25079;items
i25080;items
i25081;items
i25082;items
i25083;items
i25084;items
i25085;items
i25086;items
i25087;items
i25088;items
i25089;items
o1972;orders
i25090;items
i25091;items
i25092;items
i25093;items
i25094;items
i25095;items
i25096;items
i25097;items
i25098;items
i25099;items
i25100;items
i25101;items
i25102;items
i25103;items
i25104;items
i25105;items
i25106;items
i25107;items
i25108;items
i25109;items
i25110;items
i25111;items
i25112;items
i25113;items
i25114;items
i25115;items
i25116;items
i25117;items
i25118;items
o1973;orders
i25119;items
i25120;items
i25121;items
i25122;items
i25123;items
i25124;items
i25125;items
i25126;items
i25127;items
i25128;items
i25129;items
i25130;items
i25131;items
i25132;items
i25133;items
i25134;items
i25135;items
i25136;items
i25137;items
i25138;items
i25139;items
i25140;items
i25141;items
i25142;items
o1974;orders
i25143;items
i25144;items
i25145;items
i25146;items
i25147;items
i25148;items
i25149;items
i25150;items
i25151;items
i25152;items
i25153;items
i25154;items
i25155;items
i25156;items
i25157;items
i25158;items
i25159;items
i25160;items
i25161;items
i25162;items
i25163;items
i25164;items
i25165;items
o1975;orders
i25166;items
i25167;items
i25168;items
i25169;items
i25170;items
i25171;items
i25172;items
i25173;items
i25174;items
i25175;items
i25176;items
i25177;items
i25178;items
i25179;items
i25180;items
i25181;items
i25182;items
i25183;items
i25184;items
i25185;items
i25186;items
i25187;items
i25188;items
i25189;items
i25190;items
i25191;items
i25192;items
i25193;items
o1976;orders
i25194;items
i25195;items
i25196;items
i25197;items
i25198;items
i25199;items
i25200;items
i25201;items
i25202;items
i25203;items
i25204;items
i25205;items
i25206;items
i25207;items
i25208;items
i25209;items
i25210;items
o1977;orders
i25211;items
i25212;items
i25213;items
i25214;items
i25215;items
i25216;items
i25217;items
i25218;items
i25219;items
i25220;items
i25221;items
i25222;items
i25223;items
i25224;items
i25225;items
i25226;items
i25227;items
i25228;items
i25229;items
o1978;orders
i25230;items
i25231;items
i25232;items
i25233;items
i25234;items
i25235;items
i25236;items
i25237;items
i25238;items
i25239;items
i25240;items
i25241;items
i25242;items
i25243;items
i25244;items
i25245;items
i25246;items
i25247;items
i25248;items
o1979;orders
i25249;items
i25250;items
i25251;items
i25252;items
i25253;items
i25254;items
i25255;items
i25256;items
i25257;items
i25258;items
i25259;items
i25260;items
i25261;items
i25262;items
i25263;items
i25264;items
i25265;items
i25266;items
i25267;items
i25268;items
i25269;items
i25270;items
i25271;items
i25272;items
i25273;items
i25274;items
o1980;orders
i25275;items
i25276;items
i25277;items
i25278;items
i25279;items
i25280;items
i25281;items
i25282;items
i25283;items
i25284;items
i25285;items
i25286;items
i25287;items
i25288;items
i25289;items
i25290;items
i25291;items
i25292;items
i25293;items
o1981;orders
i25294;items
i25295;items
i25296;items
i25297;items
i25298;items
i25299;items
i25300;items
i25301;items
i25302;items
i25303;items
i25304;items
i25305;items
i25306;items
i25307;items
i25308;items
i25309;items
i25310;items
i25311;items
i25312;items
i25313;items
i25314;items
i25315;items
i25316;items
o1982;orders
i25317;items
i25318;items
i25319;items
i25320;items
i25321;items
i25322;items
i25323;items
i25324;items
i25325;items
i25326;items
i25327;items
i25328;items
i25329;items
i25330;items
i25331;items
i25332;items
i25333;items
i25334;items
i25335;items
i25336;items
i25337;items
i25338;items
i25339;items
i25340;items
i25341;items
i25342;items
i25343;items
i25344;items
o1983;orders
i25345;items
i25346;items
i25347;items
i25348;items
i25349;items
i25350;items
i25351;items
i25352;items
i25353;items
i25354;items
i25355;items
i25356;items
i25357;items
i25358;items
i25359;items
i25360;items
i25361;items
i25362;items
i25363;items
o1984;orders
i25364;items
i25365;items
i25366;items
i25367;items
i25368;items
i25369;items
i25370;items
i25371;items
i25372;items
i25373;items
i25374;items
i25375;items
i25376;items
i25377;items
i25378;items
i25379;items
i25380;items
i25381;items
i25382;items
i25383;items
i25384;items
i25385;items
i25386;items
i25387;items
i25388;items
i25389;items
o1985;orders
i25390;items
i25391;items
i25392;items
i25393;items
i25394;items
i25395;items
i25396;items
i25397;items
i25398;items
i25399;items
i25400;items
i25401;items
i25402;items
i25403;items
i25404;items
i25405;items
i25406;items
i25407;items
i25408;items
i25409;items
i25410;items
i25411;items
i25412;items
i25413;items
i25414;items
i25415;items
i25416;items
o1986;orders
i25417;items
i25418;items
i25419;items
i25420;items
i25421;items
i25422;items
i25423;items
i25424;items
i25425;items
i25426;items
i25427;items
i25428;items
i25429;items
i25430;items
i25431;items
i25432;items
i25433;items
i25434;items
i25435;items
i25436;items
i25437;items
i25438;items
i25439;items
i25440;items
i25441;items
i25442;items
i25443;items
i25444;items
o1987;orders
i25445;items
i25446;items
i25447;items
i25448;items
i25449;items
i25450;items
i25451;items
i25452;items
i25453;items
i25454;items
i25455;items
i25456;items
i25457;items
i25458;items
i25459;items
i25460;items
i25461;items
i25462;items
i25463;items
i25464;items
o1988;orders
i25465;items
i25466;items
i25467;items
i25468;items
i25469;items
i25470;items
i25471;items
i25472;items
i25473;items
i25474;items
i25475;items
i25476;items
i25477;items
i25478;items
i25479;items
i25480;items
i25481;items
i25482;items
i25483;items
i25484;items
i25485;items
i25486;items
i25487;items
i25488;items
i25489;items
o1989;orders
i25490;items
i25491;items
i25492;items
i25493;items
i25494;items
i25495;items
i25496;items
i25497;items
i25498;items
i25499;items
i25500;items
i25501;items
i25502;items
i25503;items
i25504;items
i25505;items
i25506;items
i25507;items
i25508;items
i25509;items
o1990;orders
i25510;items
i25511;items
i25512;items
i25513;items
i25514;items
i25515;items
i25516;items
i25517;items
i25518;items
i25519;items
i25520;items
i25521;items
i25522;items
i25523;items
i25524;items
i25525;items
i25526;items
o1991;orders
i25527;items
i25528;items
i25529;items
i25530;items
i25531;items
i25532;items
i25533;items
i25534;items
i25535;items
i25536;items
i25537;items
i25538;items
i25539;items
i25540;items
i25541;items
i25542;items
i25543;items
i25544;items
i25545;items
i25546;items
i25547;items
i25548;items
i25549;items
i25550;items
i25551;items
i25552;items
o1992;orders
i25553;items
i25554;items
i25555;items
i25556;items
i25557;items
i25558;items
i25559;items
i25560;items
i25561;items
i25562;items
i25563;items
i25564;items
i25565;items
i25566;items
i25567;items
i25568;items
i25569;items
i25570;items
i25571;items
i25572;items
i25573;items
i25574;items
i25575;items
o1993;orders
i25576;items
i25577;items
i25578;items
i25579;items
i25580;items
i25581;items
i25582;items
i25583;items
i25584;items
i25585;items
i25586;items
i25587;items
i25588;items
i25589;items
i25590;items
i25591;items
i25592;items
o1994;orders
i25593;items
i25594;items
i25595;items
i25596;items
i25597;items
i25598;items
i25599;items
i25600;items
i25601;items
i25602;items
i25603;items
i25604;items
i25605;items
i25606;items
i25607;items
i25608;items
i25609;items
i25610;items
i25611;items
i25612;items
i25613;items
i25614;items
i25615;items
i25616;items
i25617;items
i25618;items
o1995;orders
i25619;items
i25620;items
i25621;items
i25622;items
i25623;items
i25624;items
i25625;items
i25626;items
i25627;items
i25628;items
i25629;items
i25630;items
i25631;items
i25632;items
i25633;items
i25634;items
i25635;items
i25636;items
i25637;items
i25638;items
i25639;items
o1996;orders
i25640;items
i25641;items
i25642;items
i25643;items
i25644;items
i25645;items
i25646;items
i25647;items
i25648;items
i25649;items
i25650;items
i25651;items
i25652;items
i25653;items
i25654;items
i25655;items
i25656;items
i25657;items
i25658;items
i25659;items
i25660;items
i25661;items
i25662;items
i25663;items
i25664;items
i25665;items
o1997;orders
i25666;items
i25667;items
i25668;items
i25669;items
i25670;items
i25671;items
i25672;items
i25673;items
i25674;items
i25675;items
i25676;items
i25677;items
i25678;items
i25679;items
i25680;items
i25681;items
i25682;items
i25683;items
i25684;items
i25685;items
i25686;items
i25687;items
i25688;items
i25689;items
o1998;orders
i25690;items
i25691;items
i25692;items
i25693;items
i25694;items
i25695;items
i25696;items
i25697;items
i25698;items
i25699;items
i25700;items
i25701;items
i25702;items
i25703;items
i25704;items
i25705;items
i25706;items
i25707;items
i25708;items
i25709;items
i25710;items
i25711;items
i25712;items
i25713;items
i25714;items
o1999;orders
i25715;items
i25716;items
i25717;items
i25718;items
i25719;items
i25720;items
i25721;items
i25722;items
i25723;items
i25724;items
i25725;items
i25726;items
i25727;items
i25728;items
i25729;items
i25730;items
o2000;orders
i25731;items
i25732;items
i25733;items
i25734;items
i25735;items
i25736;items
i25737;items
i25738;items
i25739;items
i25740;items
i25741;items
i25742;items
i25743;items
i25744;items
i25745;items
i25746;items
i25747;items
i25748;items
i25749;items
i25750;items
i25751;items
i25752;items
o2001;orders
i25753;items
i25754;items
i25755;items
i25756;items
i25757;items
i25758;items
i25759;items
i25760;items
i25761;items
i25762;items
i25763;items
i25764;items
i25765;items
i25766;items
i25767;items
i25768;items
i25769;items
i25770;items
i25771;items
i25772;items
o2002;orders
i25773;items
i25774;items
i25775;items
i25776;items
i25777;items
i25778;items
i25779;items
i25780;items
i25781;items
i25782;items
i25783;items
i25784;items
i25785;items
i25786;items
i25787;items
i25788;items
i25789;items
i25790;items
i25791;items
i25792;items
i25793;items
i25794;items
i25795;items
i25796;items
i25797;items
i25798;items
i25799;items
i25800;items
i25801;items
i25802;items
i25803;items
i25804;items
o2003;orders
i25805;items
i25806;items
i25807;items
i25808;items
i25809;items
i25810;items
i25811;items
i25812;items
i25813;items
i25814;items
i25815;items
i25816;items
i25817;items
i25818;items
i25819;items
o2004;orders
i25820;items
i25821;items
i25822;items
i25823;items
i25824;items
i25825;items
i25826;items
i25827;items
i25828;items
i25829;items
i25830;items
i25831;items
i25832;items
i25833;items
i25834;items
i25835;items
i25836;items
i25837;items
i25838;items
i25839;items
i25840;items
i25841;items
o2005;orders
i25842;items
i25843;items
i25844;items
i25845;items
i25846;items
i25847;items
i25848;items
i25849;items
i25850;items
i25851;items
i25852;items
i25853;items
i25854;items
i25855;items
i25856;items
i25857;items
i25858;items
i25859;items
i25860;items
i25861;items
i25862;items
i25863;items
i25864;items
i25865;items
i25866;items
o2006;orders
i25867;items
i25868;items
i25869;items
i25870;items
i25871;items
i25872;items
i25873;items
i25874;items
i25875;items
i25876;items
i25877;items
i25878;items
i25879;items
i25880;items
i25881;items
i25882;items
i25883;items
i25884;items
i25885;items
i25886;items
i25887;items
i25888;items
i25889;items
i25890;items
i25891;items
i25892;items
i25893;items
i25894;items
i25895;items
i25896;items
o2007;orders
i25897;items
i25898;items
i25899;items
i25900;items
i25901;items
i25902;items
i25903;items
i25904;items
i25905;items
i25906;items
i25907;items
i25908;items
i25909;items
i25910;items
i25911;items
i25912;items
i25913;items
i25914;items
i25915;items
i25916;items
i25917;items
o2008;orders
i25918;items
i25919;items
i25920;items
i25921;items
i25922;items
i25923;items
i25924;items
i25925;items
i25926;items
i25927;items
i25928;items
i25929;items
i25930;items
i25931;items
i25932;items
i25933;items
i25934;items
o2009;orders
i25935;items
i25936;items
i25937;items
i25938;items
i25939;items
i25940;items
i25941;items
i25942;items
i25943;items
i25944;items
i25945;items
i25946;items
i25947;items
i25948;items
i25949;items
i25950;items
i25951;items
i25952;items
i25953;items
i25954;items
i25955;items
i25956;items
i25957;items
i25958;items
i25959;items
i25960;items
i25961;items
i25962;items
i25963;items
o2010;orders
i25964;items
i25965;items
i25966;items
i25967;items
i25968;items
i25969;items
i25970;items
i25971;items
i25972;items
i25973;items
i25974;items
i25975;items
i25976;items
i25977;items
i25978;items
i25979;items
i25980;items
i25981;items
i25982;items
i25983;items
i25984;items
i25985;items
i25986;items
i25987;items
i25988;items
i25989;items
i25990;items
i25991;items
o2011;orders
i25992;items
i25993;items
i25994;items
i25995;items
i25996;items
i25997;items
i25998;items
i25999;items
i26000;items
i26001;items
i26002;items
i26003;items
i26004;items
i26005;items
i26006;items
i26007;items
i26008;items
i26009;items
i26010;items
i26011;items
i26012;items
i26013;items
i26014;items
i26015;items
o2012;orders
i26016;items
i26017;items
i26018;items
i26019;items
i26020;items
i26021;items
i26022;items
i26023;items
i26024;items
i26025;items
i26026;items
i26027;items
i26028;items
i26029;items
i26030;items
i26031;items
i26032;items
i26033;items
i26034;items
i26035;items
i26036;items
o2013;orders
i26037;items
i26038;items
i26039;items
i26040;items
i26041;items
i26042;items
i26043;items
i26044;items
i26045;items
i26046;items
i26047;items
i26048;items
i26049;items
i26050;items
i26051;items
i26052;items
i26053;items
i26054;items
i26055;items
i26056;items
i26057;items
i26058;items
i26059;items
i26060;items
i26061;items
i26062;items
i26063;items
i26064;items
i26065;items
o2014;orders
i26066;items
i26067;items
i26068;items
i26069;items
i26070;items
i26071;items
i26072;items
i26073;items
i26074;items
i26075;items
i26076;items
i26077;items
i26078;items
i26079;items
i26080;items
i26081;items
i26082;items
i26083;items
i26084;items
i26085;items
o2015;orders
i26086;items
i26087;items
i26088;items
i26089;items
i26090;items
i26091;items
i26092;items
i26093;items
i26094;items
i26095;items
i26096;items
i26097;items
i26098;items
i26099;items
i26100;items
i26101;items
o2016;orders
i26102;items
i26103;items
i26104;items
i26105;items
i26106;items
i26107;items
i26108;items
i26109;items
i26110;items
i26111;items
i26112;items
i26113;items
i26114;items
i26115;items
i26116;items
i26117;items
i26118;items
i26119;items
i26120;items
i26121;items
i26122;items
i26123;items
i26124;items
o2017;orders
i26125;items
i26126;items
i26127;items
i26128;items
i26129;items
i26130;items
i26131;items
i26132;items
i26133;items
i26134;items
i26135;items
i26136;items
i26137;items
i26138;items
i26139;items
i26140;items
i26141;items
i26142;items
i26143;items
i26144;items
i26145;items
i26146;items
i26147;items
i26148;items
o2018;orders
i26149;items
i26150;items
i26151;items
i26152;items
i26153;items
i26154;items
i26155;items
i26156;items
i26157;items
i26158;items
i26159;items
i26160;items
i26161;items
i26162;items
i26163;items
i26164;items
o2019;orders
i26165;items
i26166;items
i26167;items
i26168;items
i26169;items
i26170;items
i26171;items
i26172;items
i26173;items
i26174;items
i26175;items
i26176;items
i26177;items
i26178;items
i26179;items
i26180;items
i26181;items
i26182;items
i26183;items
i26184;items
i26185;items
i26186;items
o2020;orders
i26187;items
i26188;items
i26189;items
i26190;items
i26191;items
i26192;items
i26193;items
i26194;items
i26195;items
i26196;items
i26197;items
i26198;items
i26199;items
i26200;items
i26201;items
i26202;items
i26203;items
i26204;items
i26205;items
i26206;items
i26207;items
i26208;items
o2021;orders
i26209;items
i26210;items
i26211;items
i26212;items
i26213;items
i26214;items
i26215;items
i26216;items
i26217;items
i26218;items
i26219;items
i26220;items
i26221;items
i26222;items
i26223;items
i26224;items
i26225;items
i26226;items
i26227;items
i26228;items
i26229;items
i26230;items
i26231;items
i26232;items
i26233;items
i26234;items
i26235;items
i26236;items
i26237;items
i26238;items
i26239;items
o2022;orders
i26240;items
i26241;items
i26242;items
i26243;items
i26244;items
i26245;items
i26246;items
i26247;items
i26248;items
i26249;items
i26250;items
i26251;items
i26252;items
i26253;items
i26254;items
i26255;items
i26256;items
i26257;items
i26258;items
i26259;items
o2023;orders
i26260;items
i26261;items
i26262;items
i26263;items
i26264;items
i26265;items
i26266;items
i26267;items
i26268;items
i26269;items
i26270;items
i26271;items
i26272;items
i26273;items
i26274;items
i26275;items
i26276;items
i26277;items
i26278;items
i26279;items
i26280;items
i26281;items
i26282;items
i26283;items
i26284;items
i26285;items
i26286;items
o2024;orders
i26287;items
i26288;items
i26289;items
i26290;items
i26291;items
i26292;items
i26293;items
i26294;items
i26295;items
i26296;items
i26297;items
i26298;items
i26299;items
i26300;items
i26301;items
i26302;items
i26303;items
i26304;items
o2025;orders
i26305;items
i26306;items
i26307;items
i26308;items
i26309;items
i26310;items
i26311;items
i26312;items
i26313;items
i26314;items
i26315;items
i26316;items
i26317;items
i26318;items
i26319;items
i26320;items
i26321;items
i26322;items
i26323;items
i26324;items
i26325;items
o2026;orders
i26326;items
i26327;items
i26328;items
i26329;items
i26330;items
i26331;items
i26332;items
i26333;items
i26334;items
i26335;items
i26336;items
i26337;items
i26338;items
i26339;items
i26340;items
i26341;items
i26342;items
i26343;items
o2027;orders
i26344;items
i26345;items
i26346;items
i26347;items
i26348;items
i26349;items
i26350;items
i26351;items
i26352;items
i26353;items
i26354;items
i26355;items
i26356;items
i26357;items
i26358;items
i26359;items
i26360;items
i26361;items
i26362;items
i26363;items
i26364;items
i26365;items
i26366;items
i26367;items
i26368;items
i26369;items
i26370;items
i26371;items
i26372;items
o2028;orders
i26373;items
i26374;items
i26375;items
i26376;items
i26377;items
i26378;items
i26379;items
i26380;items
i26381;items
i26382;items
i26383;items
i26384;items
i26385;items
i26386;items
i26387;items
i26388;items
i26389;items
i26390;items
i26391;items
o2029;orders
i26392;items
i26393;items
i26394;items
i26395;items
i26396;items
i26397;items
i26398;items
i26399;items
i26400;items
i26401;items
i26402;items
i26403;items
i26404;items
i26405;items
i26406;items
i26407;items
i26408;items
i26409;items
i26410;items
i26411;items
i26412;items
i26413;items
i26414;items
i26415;items
i26416;items
i26417;items
o2030;orders
i26418;items
i26419;items
i26420;items
i26421;items
i26422;items
i26423;items
i26424;items
i26425;items
i26426;items
i26427;items
i26428;items
i26429;items
i26430;items
i26431;items
i26432;items
i26433;items
i26434;items
i26435;items
i26436;items
i26437;items
i26438;items
i26439;items
i26440;items
i26441;items
i26442;items
i26443;items
i26444;items
i26445;items
i26446;items
i26447;items
o2031;orders
i26448;items
i26449;items
i26450;items
i26451;items
i26452;items
i26453;items
i26454;items
i26455;items
i26456;items
i26457;items
i26458;items
i26459;items
i26460;items
i26461;items
i26462;items
i26463;items
i26464;items
i26465;items
i26466;items
i26467;items
i26468;items
i26469;items
i26470;items
i26471;items
i26472;items
i26473;items
i26474;items
i26475;items
i26476;items
i26477;items
o2032;orders
i26478;items
i26479;items
i26480;items
i26481;items
i26482;items
i26483;items
i26484;items
i26485;items
i26486;items
i26487;items
i26488;items
i26489;items
i26490;items
i26491;items
i26492;items
i26493;items
i26494;items
i26495;items
i26496;items
i26497;items
i26498;items
o2033;orders
i26499;items
i26500;items
i26501;items
i26502;items
i26503;items
i26504;items
i26505;items
i26506;items
i26507;items
i26508;items
i26509;items
i26510;items
i26511;items
i26512;items
i26513;items
i26514;items
i26515;items
i26516;items
i26517;items
i26518;items
i26519;items
i26520;items
i26521;items
o2034;orders
i26522;items
i26523;items
i26524;items
i26525;items
i26526;items
i26527;items
i26528;items
i26529;items
i26530;items
i26531;items
i26532;items
i26533;items
i26534;items
i26535;items
i26536;items
i26537;items
i26538;items
i26539;items
i26540;items
i26541;items
i26542;items
i26543;items
i26544;items
o2035;orders
i26545;items
i26546;items
i26547;items
i26548;items
i26549;items
i26550;items
i26551;items
i26552;items
i26553;items
i26554;items
i26555;items
i26556;items
i26557;items
i26558;items
i26559;items
i26560;items
i26561;items
i26562;items
i26563;items
i26564;items
i26565;items
i26566;items
i26567;items
i26568;items
i26569;items
i26570;items
i26571;items
o2036;orders
i26572;items
i26573;items
i26574;items
i26575;items
i26576;items
i26577;items
i26578;items
i26579;items
i26580;items
i26581;items
i26582;items
i26583;items
i26584;items
i26585;items
i26586;items
i26587;items
i26588;items
i26589;items
i26590;items
i26591;items
i26592;items
i26593;items
i26594;items
i26595;items
o2037;orders
i26596;items
i26597;items
i26598;items
i26599;items
i26600;items
i26601;items
i26602;items
i26603;items
i26604;items
i26605;items
i26606;items
i26607;items
i26608;items
i26609;items
i26610;items
i26611;items
i26612;items
i26613;items
i26614;items
i26615;items
i26616;items
i26617;items
i26618;items
i26619;items
i26620;items
i26621;items
o2038;orders
i26622;items
i26623;items
i26624;items
i26625;items
i26626;items
i26627;items
i26628;items
i26629;items
i26630;items
i26631;items
i26632;items
i26633;items
i26634;items
i26635;items
i26636;items
i26637;items
i26638;items
i26639;items
i26640;items
o2039;orders
i26641;items
i26642;items
i26643;items
i26644;items
i26645;items
i26646;items
i26647;items
i26648;items
i26649;items
i26650;items
i26651;items
i26652;items
i26653;items
i26654;items
i26655;items
i26656;items
i26657;items
i26658;items
i26659;items
i26660;items
i26661;items
i26662;items
i26663;items
i26664;items
i26665;items
i26666;items
i26667;items
i26668;items
i26669;items
i26670;items
o2040;orders
i26671;items
i26672;items
i26673;items
i26674;items
i26675;items
i26676;items
i26677;items
i26678;items
i26679;items
i26680;items
i26681;items
i26682;items
i26683;items
i26684;items
i26685;items
i26686;items
i26687;items
i26688;items
i26689;items
o2041;orders
i26690;items
i26691;items
i26692;items
i26693;items
i26694;items
i26695;items
i26696;items
i26697;items
i26698;items
i26699;items
i26700;items
i26701;items
i26702;items
i26703;items
i26704;items
i26705;items
o2042;orders
i26706;items
i26707;items
i26708;items
i26709;items
i26710;items
i26711;items
i26712;items
i26713;items
i26714;items
i26715;items
i26716;items
i26717;items
i26718;items
i26719;items
i26720;items
i26721;items
i26722;items
i26723;items
i26724;items
i26725;items
i26726;items
o2043;orders
i26727;items
i26728;items
i26729;items
i26730;items
i26731;items
i26732;items
i26733;items
i26734;items
i26735;items
i26736;items
i26737;items
i26738;items
i26739;items
i26740;items
i26741;items
i26742;items
i26743;items
i26744;items
i26745;items
i26746;items
o2044;orders
i26747;items
i26748;items
i26749;items
i26750;items
i26751;items
i26752;items
i26753;items
i26754;items
i26755;items
i26756;items
i26757;items
i26758;items
i26759;items
i26760;items
i26761;items
i26762;items
i26763;items
i26764;items
i26765;items
i26766;items
i26767;items
i26768;items
i26769;items
i26770;items
o2045;orders
i26771;items
i26772;items
i26773;items
i26774;items
i26775;items
i26776;items
i26777;items
i26778;items
i26779;items
i26780;items
i26781;items
i26782;items
i26783;items
i26784;items
i26785;items
o2046;orders
i26786;items
i26787;items
i26788;items
i26789;items
i26790;items
i26791;items
i26792;items
i26793;items
i26794;items
i26795;items
i26796;items
i26797;items
i26798;items
i26799;items
i26800;items
o2047;orders
i26801;items
i26802;items
i26803;items
i26804;items
i26805;items
i26806;items
i26807;items
i26808;items
i26809;items
i26810;items
i26811;items
i26812;items
i26813;items
i26814;items
i26815;items
i26816;items
i26817;items
i26818;items
i26819;items
i26820;items
i26821;items
i26822;items
i26823;items
i26824;items
o2048;orders
i26825;items
i26826;items
i26827;items
i26828;items
i26829;items
i26830;items
i26831;items
i26832;items
i26833;items
i26834;items
i26835;items
i26836;items
i26837;items
i26838;items
i26839;items
i26840;items
i26841;items
i26842;items
i26843;items
i26844;items
i26845;items
i26846;items
o2049;orders
i26847;items
i26848;items
i26849;items
i26850;items
i26851;items
i26852;items
i26853;items
i26854;items
i26855;items
i26856;items
i26857;items
i26858;items
i26859;items
i26860;items
i26861;items
i26862;items
i26863;items
i26864;items
i26865;items
i26866;items
i26867;items
i26868;items
i26869;items
i26870;items
i26871;items
i26872;items
i26873;items
i26874;items
i26875;items
i26876;items
o2050;orders
i26877;items
i26878;items
i26879;items
i26880;items
i26881;items
i26882;items
i26883;items
i26884;items
i26885;items
i26886;items
i26887;items
i26888;items
i26889;items
i26890;items
i26891;items
i26892;items
i26893;items
i26894;items
i26895;items
i26896;items
i26897;items
i26898;items
i26899;items
i26900;items
o2051;orders
i26901;items
i26902;items
i26903;items
i26904;items
i26905;items
i26906;items
i26907;items
i26908;items
i26909;items
i26910;items
i26911;items
i26912;items
i26913;items
i26914;items
i26915;items
i26916;items
i26917;items
i26918;items
i26919;items
i26920;items
i26921;items
i26922;items
o2052;orders
i26923;items
i26924;items
i26925;items
i26926;items
i26927;items
i26928;items
i26929;items
i26930;items
i26931;items
i26932;items
i26933;items
i26934;items
i26935;items
i26936;items
i26937;items
i26938;items
i26939;items
i26940;items
i26941;items
i26942;items
i26943;items
i26944;items
i26945;items
i26946;items
i26947;items
i26948;items
i26949;items
i26950;items
i26951;items
i26952;items
i26953;items
i26954;items
i26955;items
i26956;items
o2053;orders
i26957;items
i26958;items
i26959;items
i26960;items
i26961;items
i26962;items
i26963;items
i26964;items
i26965;items
i26966;items
i26967;items
i26968;items
i26969;items
i26970;items
i26971;items
i26972;items
i26973;items
i26974;items
i26975;items
i26976;items
i26977;items
i26978;items
i26979;items
i26980;items
i26981;items
o2054;orders
i26982;items
i26983;items
i26984;items
i26985;items
i26986;items
i26987;items
i26988;items
i26989;items
i26990;items
i26991;items
i26992;items
i26993;items
i26994;items
i26995;items
i26996;items
i26997;items
i26998;items
i26999;items
i27000;items
i27001;items
i27002;items
i27003;items
i27004;items
i27005;items
i27006;items
i27007;items
i27008;items
i27009;items
i27010;items
i27011;items
o2055;orders
i27012;items
i27013;items
i27014;items
i27015;items
i27016;items
i27017;items
i27018;items
i27019;items
i27020;items
i27021;items
i27022;items
i27023;items
i27024;items
i27025;items
i27026;items
i27027;items
i27028;items
i27029;items
i27030;items
i27031;items
i27032;items
i27033;items
i27034;items
i27035;items
i27036;items
o2056;orders
i27037;items
i27038;items
i27039;items
i27040;items
i27041;items
i27042;items
i27043;items
i27044;items
i27045;items
i27046;items
i27047;items
i27048;items
i27049;items
i27050;items
i27051;items
i27052;items
i27053;items
i27054;items
i27055;items
i27056;items
i27057;items
i27058;items
i27059;items
i27060;items
i27061;items
i27062;items
i27063;items
i27064;items
o2057;orders
i27065;items
i27066;items
i27067;items
i27068;items
i27069;items
i27070;items
i27071;items
i27072;items
i27073;items
i27074;items
i27075;items
i27076;items
i27077;items
i27078;items
i27079;items
i27080;items
i27081;items
i27082;items
i27083;items
i27084;items
i27085;items
i27086;items
i27087;items
o2058;orders
i27088;items
i27089;items
i27090;items
i27091;items
i27092;items
i27093;items
i27094;items
i27095;items
i27096;items
i27097;items
i27098;items
i27099;items
i27100;items
i27101;items
i27102;items
i27103;items
i27104;items
i27105;items
i27106;items
i27107;items
i27108;items
i27109;items
i27110;items
i27111;items
i27112;items
i27113;items
i27114;items
i27115;items
o2059;orders
i27116;items
i27117;items
i27118;items
i27119;items
i27120;items
i27121;items
i27122;items
i27123;items
i27124;items
i27125;items
i27126;items
i27127;items
i27128;items
i27129;items
i27130;items
i27131;items
i27132;items
i27133;items
i27134;items
i27135;items
i27136;items
i27137;items
o2060;orders
i27138;items
i27139;items
i27140;items
i27141;items
i27142;items
i27143;items
i27144;items
i27145;items
i27146;items
i27147;items
i27148;items
i27149;items
i27150;items
i27151;items
i27152;items
i27153;items
i27154;items
i27155;items
i27156;items
i27157;items
i27158;items
i27159;items
i27160;items
i27161;items
i27162;items
i27163;items
i27164;items
i27165;items
o2061;orders
i27166;items
i27167;items
i27168;items
i27169;items
i27170;items
i27171;items
i27172;items
i27173;items
i27174;items
i27175;items
i27176;items
i27177;items
i27178;items
i27179;items
i27180;items
i27181;items
i27182;items
i27183;items
i27184;items
i27185;items
i27186;items
i27187;items
i27188;items
o2062;orders
i27189;items
i27190;items
i27191;items
i27192;items
i27193;items
i27194;items
i27195;items
i27196;items
i27197;items
i27198;items
i27199;items
i27200;items
i27201;items
i27202;items
i27203;items
i27204;items
i27205;items
i27206;items
i27207;items
i27208;items
i27209;items
i27210;items
i27211;items
i27212;items
i27213;items
i27214;items
o2063;orders
i27215;items
i27216;items
i27217;items
i27218;items
i27219;items
i27220;items
i27221;items
i27222;items
i27223;items
i27224;items
i27225;items
i27226;items
i27227;items
i27228;items
o2064;orders
i27229;items
i27230;items
i27231;items
i27232;items
i27233;items
i27234;items
i27235;items
i27236;items
i27237;items
i27238;items
i27239;items
i27240;items
i27241;items
i27242;items
i27243;items
i27244;items
i27245;items
i27246;items
i27247;items
i27248;items
i27249;items
o2065;orders
i27250;items
i27251;items
i27252;items
i27253;items
i27254;items
i27255;items
i27256;items
i27257;items
i27258;items
i27259;items
i27260;items
i27261;items
i27262;items
i27263;items
i27264;items
i27265;items
o2066;orders
i27266;items
i27267;items
i27268;items
i27269;items
i27270;items
i27271;items
i27272;items
i27273;items
i27274;items
i27275;items
i27276;items
i27277;items
i27278;items
i27279;items
i27280;items
i27281;items
i27282;items
i27283;items
i27284;items
i27285;items
i27286;items
i27287;items
i27288;items
i27289;items
i27290;items
i27291;items
i27292;items
o2067;orders
i27293;items
i27294;items
i27295;items
i27296;items
i27297;items
i27298;items
i27299;items
i27300;items
i27301;items
i27302;items
i27303;items
i27304;items
i27305;items
i27306;items
i27307;items
i27308;items
i27309;items
i27310;items
i27311;items
i27312;items
i27313;items
i27314;items
i27315;items
o2068;orders
i27316;items
i27317;items
i27318;items
i27319;items
i27320;items
i27321;items
i27322;items
i27323;items
i27324;items
i27325;items
i27326;items
i27327;items
i27328;items
i27329;items
i27330;items
i27331;items
i27332;items
i27333;items
i27334;items
i27335;items
i27336;items
i27337;items
i27338;items
i27339;items
i27340;items
i27341;items
i27342;items
o2069;orders
i27343;items
i27344;items
i27345;items
i27346;items
i27347;items
i27348;items
i27349;items
i27350;items
i27351;items
i27352;items
i27353;items
i27354;items
i27355;items
i27356;items
i27357;items
i27358;items
i27359;items
i27360;items
i27361;items
i27362;items
i27363;items
i27364;items
i27365;items
o2070;orders
i27366;items
i27367;items
i27368;items
i27369;items
i27370;items
i27371;items
i27372;items
i27373;items
i27374;items
i27375;items
i27376;items
i27377;items
i27378;items
i27379;items
i27380;items
i27381;items
i27382;items
i27383;items
i27384;items
i27385;items
i27386;items
i27387;items
i27388;items
i27389;items
o2071;orders
i27390;items
i27391;items
i27392;items
i27393;items
i27394;items
i27395;items
i27396;items
i27397;items
i27398;items
i27399;items
i27400;items
i27401;items
i27402;items
i27403;items
i27404;items
i27405;items
i27406;items
i27407;items
i27408;items
i27409;items
i27410;items
i27411;items
i27412;items
i27413;items
i27414;items
i27415;items
i27416;items
i27417;items
i27418;items
i27419;items
i27420;items
i27421;items
i27422;items
i27423;items
i27424;items
i27425;items
i27426;items
o2072;orders
i27427;items
i27428;items
i27429;items
i27430;items
i27431;items
i27432;items
i27433;items
i27434;items
i27435;items
i27436;items
i27437;items
i27438;items
i27439;items
i27440;items
i27441;items
i27442;items
i27443;items
i27444;items
i27445;items
i27446;items
i27447;items
i27448;items
i27449;items
i27450;items
i27451;items
i27452;items
i27453;items
i27454;items
o2073;orders
i27455;items
i27456;items
i27457;items
i27458;items
i27459;items
i27460;items
i27461;items
i27462;items
i27463;items
i27464;items
i27465;items
i27466;items
i27467;items
i27468;items
i27469;items
i27470;items
i27471;items
i27472;items
i27473;items
i27474;items
i27475;items
i27476;items
i27477;items
i27478;items
o2074;orders
i27479;items
i27480;items
i27481;items
i27482;items
i27483;items
i27484;items
i27485;items
i27486;items
i27487;items
i27488;items
i27489;items
i27490;items
i27491;items
i27492;items
i27493;items
i27494;items
i27495;items
i27496;items
i27497;items
i27498;items
i27499;items
i27500;items
i27501;items
o2075;orders
i27502;items
i27503;items
i27504;items
i27505;items
i27506;items
i27507;items
i27508;items
i27509;items
i27510;items
i27511;items
i27512;items
i27513;items
i27514;items
i27515;items
i27516;items
o2076;orders
i27517;items
i27518;items
i27519;items
i27520;items
i27521;items
i27522;items
i27523;items
i27524;items
i27525;items
i27526;items
i27527;items
i27528;items
i27529;items
i27530;items
i27531;items
i27532;items
i27533;items
i27534;items
i27535;items
i27536;items
i27537;items
i27538;items
o2077;orders
i27539;items
i27540;items
i27541;items
i27542;items
i27543;items
i27544;items
i27545;items
i27546;items
i27547;items
i27548;items
i27549;items
i27550;items
i27551;items
i27552;items
i27553;items
i27554;items
i27555;items
i27556;items
o2078;orders
i27557;items
i27558;items
i27559;items
i27560;items
i27561;items
i27562;items
i27563;items
i27564;items
i27565;items
i27566;items
i27567;items
i27568;items
i27569;items
i27570;items
i27571;items
i27572;items
i27573;items
i27574;items
i27575;items
i27576;items
i27577;items
i27578;items
o2079;orders
i27579;items
i27580;items
i27581;items
i27582;items
i27583;items
i27584;items
i27585;items
i27586;items
i27587;items
i27588;items
i27589;items
i27590;items
i27591;items
i27592;items
i27593;items
i27594;items
i27595;items
i27596;items
i27597;items
i27598;items
i27599;items
i27600;items
i27601;items
o2080;orders
i27602;items
i27603;items
i27604;items
i27605;items
i27606;items
i27607;items
i27608;items
i27609;items
i27610;items
i27611;items
i27612;items
i27613;items
i27614;items
i27615;items
i27616;items
i27617;items
i27618;items
i27619;items
i27620;items
i27621;items
i27622;items
o2081;orders
i27623;items
i27624;items
i27625;items
i27626;items
i27627;items
i27628;items
i27629;items
i27630;items
i27631;items
i27632;items
i27633;items
i27634;items
i27635;items
i27636;items
i27637;items
i27638;items
i27639;items
i27640;items
i27641;items
i27642;items
i27643;items
i27644;items
i27645;items
i27646;items
i27647;items
i27648;items
o2082;orders
i27649;items
i27650;items
i27651;items
i27652;items
i27653;items
i27654;items
i27655;items
i27656;items
i27657;items
i27658;items
i27659;items
i27660;items
i27661;items
i27662;items
i27663;items
i27664;items
i27665;items
i27666;items
i27667;items
i27668;items
o2083;orders
i27669;items
i27670;items
i27671;items
i27672;items
i27673;items
i27674;items
i27675;items
i27676;items
i27677;items
i27678;items
i27679;items
i27680;items
i27681;items
i27682;items
i27683;items
i27684;items
i27685;items
i27686;items
i27687;items
i27688;items
i27689;items
i27690;items
i27691;items
i27692;items
i27693;items
i27694;items
o2084;orders
i27695;items
i27696;items
i27697;items
i27698;items
i27699;items
i27700;items
i27701;items
i27702;items
i27703;items
i27704;items
i27705;items
i27706;items
i27707;items
i27708;items
i27709;items
i27710;items
i27711;items
i27712;items
i27713;items
i27714;items
i27715;items
i27716;items
i27717;items
i27718;items
i27719;items
i27720;items
i27721;items
i27722;items
i27723;items
o2085;orders
i27724;items
i27725;items
i27726;items
i27727;items
i27728;items
i27729;items
i27730;items
i27731;items
i27732;items
i27733;items
i27734;items
i27735;items
i27736;items
i27737;items
i27738;items
i27739;items
i27740;items
i27741;items
o2086;orders
i27742;items
i27743;items
i27744;items
i27745;items
i27746;items
i27747;items
i27748;items
i27749;items
i27750;items
i27751;items
i27752;items
i27753;items
i27754;items
i27755;items
i27756;items
i27757;items
i27758;items
i27759;items
i27760;items
i27761;items
i27762;items
i27763;items
i27764;items
i27765;items
i27766;items
i27767;items
i27768;items
i27769;items
i27770;items
o2087;orders
i27771;items
i27772;items
i27773;items
i27774;items
i27775;items
i27776;items
i27777;items
i27778;items
i27779;items
i27780;items
i27781;items
i27782;items
i27783;items
i27784;items
i27785;items
i27786;items
i27787;items
i27788;items
i27789;items
i27790;items
i27791;items
i27792;items
i27793;items
i27794;items
i27795;items
i27796;items
i27797;items
i27798;items
i27799;items
i27800;items
i27801;items
o2088;orders
i27802;items
i27803;items
i27804;items
i27805;items
i27806;items
i27807;items
i27808;items
i27809;items
i27810;items
i27811;items
i27812;items
i27813;items
i27814;items
i27815;items
i27816;items
i27817;items
i27818;items
i27819;items
i27820;items
i27821;items
i27822;items
i27823;items
i27824;items
i27825;items
i27826;items
i27827;items
i27828;items
o2089;orders
i27829;items
i27830;items
i27831;items
i27832;items
i27833;items
i27834;items
i27835;items
i27836;items
i27837;items
i27838;items
i27839;items
i27840;items
i27841;items
i27842;items
i27843;items
i27844;items
i27845;items
i27846;items
i27847;items
i27848;items
i27849;items
i27850;items
i27851;items
i27852;items
i27853;items
i27854;items
i27855;items
i27856;items
i27857;items
i27858;items
i27859;items
i27860;items
i27861;items
o2090;orders
i27862;items
i27863;items
i27864;items
i27865;items
i27866;items
i27867;items
i27868;items
i27869;items
i27870;items
i27871;items
i27872;items
i27873;items
i27874;items
i27875;items
i27876;items
i27877;items
i27878;items
i27879;items
i27880;items
i27881;items
i27882;items
i27883;items
i27884;items
o2091;orders
i27885;items
i27886;items
i27887;items
i27888;items
i27889;items
i27890;items
i27891;items
i27892;items
i27893;items
i27894;items
i27895;items
i27896;items
i27897;items
i27898;items
i27899;items
i27900;items
i27901;items
i27902;items
i27903;items
i27904;items
i27905;items
i27906;items
i27907;items
i27908;items
i27909;items
i27910;items
i27911;items
i27912;items
i27913;items
i27914;items
i27915;items
i27916;items
i27917;items
i27918;items
o2092;orders
i27919;items
i27920;items
i27921;items
i27922;items
i27923;items
i27924;items
i27925;items
i27926;items
i27927;items
i27928;items
i27929;items
i27930;items
i27931;items
i27932;items
i27933;items
i27934;items
i27935;items
i27936;items
i27937;items
i27938;items
o2093;orders
i27939;items
i27940;items
i27941;items
i27942;items
i27943;items
i27944;items
i27945;items
i27946;items
i27947;items
i27948;items
i27949;items
i27950;items
i27951;items
i27952;items
i27953;items
i27954;items
i27955;items
i27956;items
i27957;items
i27958;items
i27959;items
i27960;items
i27961;items
i27962;items
i27963;items
i27964;items
i27965;items
i27966;items
i27967;items
i27968;items
i27969;items
i27970;items
i27971;items
i27972;items
i27973;items
o2094;orders
i27974;items
i27975;items
i27976;items
i27977;items
i27978;items
i27979;items
i27980;items
i27981;items
i27982;items
i27983;items
i27984;items
i27985;items
i27986;items
i27987;items
i27988;items
i27989;items
i27990;items
i27991;items
i27992;items
i27993;items
i27994;items
i27995;items
i27996;items
i27997;items
i27998;items
i27999;items
i28000;items
i28001;items
i28002;items
o2095;orders
i28003;items
i28004;items
i28005;items
i28006;items
i28007;items
i28008;items
i28009;items
i28010;items
i28011;items
i28012;items
i28013;items
i28014;items
i28015;items
i28016;items
i28017;items
i28018;items
i28019;items
i28020;items
i28021;items
i28022;items
i28023;items
o2096;orders
i28024;items
i28025;items
i28026;items
i28027;items
i28028;items
i28029;items
i28030;items
i28031;items
i28032;items
i28033;items
i28034;items
i28035;items
i28036;items
i28037;items
i28038;items
i28039;items
i28040;items
i28041;items
i28042;items
i28043;items
i28044;items
i28045;items
i28046;items
i28047;items
i28048;items
i28049;items
i28050;items
i28051;items
i28052;items
i28053;items
i28054;items
i28055;items
i28056;items
i28057;items
i28058;items
o2097;orders
i28059;items
i28060;items
i28061;items
i28062;items
i28063;items
i28064;items
i28065;items
i28066;items
i28067;items
i28068;items
i28069;items
i28070;items
i28071;items
i28072;items
i28073;items
i28074;items
i28075;items
i28076;items
i28077;items
i28078;items
i28079;items
i28080;items
i28081;items
i28082;items
i28083;items
i28084;items
i28085;items
o2098;orders
i28086;items
i28087;items
i28088;items
i28089;items
i28090;items
i28091;items
i28092;items
i28093;items
i28094;items
i28095;items
i28096;items
i28097;items
i28098;items
i28099;items
i28100;items
i28101;items
i28102;items
o2099;orders
i28103;items
i28104;items
i28105;items
i28106;items
i28107;items
i28108;items
i28109;items
i28110;items
i28111;items
i28112;items
i28113;items
i28114;items
i28115;items
i28116;items
i28117;items
i28118;items
i28119;items
i28120;items
i28121;items
i28122;items
i28123;items
i28124;items
i28125;items
i28126;items
i28127;items
o2100;orders
i28128;items
i28129;items
i28130;items
i28131;items
i28132;items
i28133;items
i28134;items
i28135;items
i28136;items
i28137;items
i28138;items
i28139;items
i28140;items
i28141;items
i28142;items
i28143;items
i28144;items
i28145;items
i28146;items
i28147;items
i28148;items
i28149;items
i28150;items
i28151;items
i28152;items
i28153;items
i28154;items
i28155;items
i28156;items
i28157;items
o2101;orders
i28158;items
i28159;items
i28160;items
i28161;items
i28162;items
i28163;items
i28164;items
i28165;items
i28166;items
i28167;items
i28168;items
i28169;items
i28170;items
i28171;items
i28172;items
i28173;items
i28174;items
i28175;items
i28176;items
i28177;items
i28178;items
i28179;items
i28180;items
i28181;items
i28182;items
i28183;items
i28184;items
i28185;items
i28186;items
i28187;items
o2102;orders
i28188;items
i28189;items
i28190;items
i28191;items
i28192;items
i28193;items
i28194;items
i28195;items
i28196;items
i28197;items
i28198;items
i28199;items
i28200;items
i28201;items
i28202;items
i28203;items
i28204;items
i28205;items
i28206;items
i28207;items
i28208;items
i28209;items
i28210;items
i28211;items
i28212;items
i28213;items
o2103;orders
i28214;items
i28215;items
i28216;items
i28217;items
i28218;items
i28219;items
i28220;items
i28221;items
i28222;items
i28223;items
i28224;items
i28225;items
i28226;items
i28227;items
i28228;items
i28229;items
i28230;items
i28231;items
i28232;items
i28233;items
i28234;items
i28235;items
i28236;items
i28237;items
i28238;items
i28239;items
i28240;items
i28241;items
i28242;items
i28243;items
o2104;orders
i28244;items
i28245;items
i28246;items
i28247;items
i28248;items
i28249;items
i28250;items
i28251;items
i28252;items
i28253;items
i28254;items
i28255;items
i28256;items
i28257;items
i28258;items
i28259;items
i28260;items
i28261;items
o2105;orders
i28262;items
i28263;items
i28264;items
i28265;items
i28266;items
i28267;items
i28268;items
i28269;items
i28270;items
i28271;items
i28272;items
i28273;items
i28274;items
i28275;items
i28276;items
i28277;items
i28278;items
i28279;items
i28280;items
i28281;items
i28282;items
i28283;items
i28284;items
o2106;orders
i28285;items
i28286;items
i28287;items
i28288;items
i28289;items
i28290;items
i28291;items
i28292;items
i28293;items
i28294;items
i28295;items
i28296;items
i28297;items
i28298;items
i28299;items
i28300;items
i28301;items
i28302;items
i28303;items
i28304;items
i28305;items
o2107;orders
i28306;items
i28307;items
i28308;items
i28309;items
i28310;items
i28311;items
i28312;items
i28313;items
i28314;items
i28315;items
i28316;items
i28317;items
i28318;items
i28319;items
i28320;items
i28321;items
i28322;items
i28323;items
i28324;items
i28325;items
i28326;items
i28327;items
i28328;items
i28329;items
i28330;items
o2108;orders
i28331;items
i28332;items
i28333;items
i28334;items
i28335;items
i28336;items
i28337;items
i28338;items
i28339;items
i28340;items
i28341;items
i28342;items
i28343;items
i28344;items
i28345;items
i28346;items
i28347;items
i28348;items
i28349;items
i28350;items
i28351;items
i28352;items
i28353;items
i28354;items
i28355;items
i28356;items
i28357;items
i28358;items
o2109;orders
i28359;items
i28360;items
i28361;items
i28362;items
i28363;items
i28364;items
i28365;items
i28366;items
i28367;items
i28368;items
i28369;items
i28370;items
i28371;items
i28372;items
i28373;items
i28374;items
i28375;items
i28376;items
i28377;items
o2110;orders
i28378;items
i28379;items
i28380;items
i28381;items
i28382;items
i28383;items
i28384;items
i28385;items
i28386;items
i28387;items
i28388;items
i28389;items
i28390;items
i28391;items
i28392;items
i28393;items
i28394;items
o2111;orders
i28395;items
i28396;items
i28397;items
i28398;items
i28399;items
i28400;items
i28401;items
i28402;items
i28403;items
i28404;items
i28405;items
i28406;items
i28407;items
i28408;items
i28409;items
i28410;items
i28411;items
i28412;items
i28413;items
i28414;items
i28415;items
i28416;items
i28417;items
i28418;items
i28419;items
i28420;items
o2112;orders
i28421;items
i28422;items
i28423;items
i28424;items
i28425;items
i28426;items
i28427;items
i28428;items
i28429;items
i28430;items
i28431;items
i28432;items
i28433;items
i28434;items
i28435;items
i28436;items
i28437;items
i28438;items
i28439;items
i28440;items
i28441;items
i28442;items
i28443;items
o2113;orders
i28444;items
i28445;items
i28446;items
i28447;items
i28448;items
i28449;items
i28450;items
i28451;items
i28452;items
i28453;items
i28454;items
i28455;items
i28456;items
i28457;items
i28458;items
i28459;items
i28460;items
i28461;items
i28462;items
i28463;items
i28464;items
i28465;items
o2114;orders
i28466;items
i28467;items
i28468;items
i28469;items
i28470;items
i28471;items
i28472;items
i28473;items
i28474;items
i28475;items
i28476;items
i28477;items
i28478;items
i28479;items
i28480;items
i28481;items
i28482;items
i28483;items
i28484;items
i28485;items
i28486;items
i28487;items
i28488;items
i28489;items
i28490;items
i28491;items
i28492;items
i28493;items
o2115;orders
i28494;items
i28495;items
i28496;items
i28497;items
i28498;items
i28499;items
i28500;items
i28501;items
i28502;items
i28503;items
i28504;items
i28505;items
i28506;items
i28507;items
i28508;items
i28509;items
i28510;items
i28511;items
i28512;items
i28513;items
o2116;orders
i28514;items
i28515;items
i28516;items
i28517;items
i28518;items
i28519;items
i28520;items
i28521;items
i28522;items
i28523;items
i28524;items
i28525;items
i28526;items
i28527;items
i28528;items
o2117;orders
i28529;items
i28530;items
i28531;items
i28532;items
i28533;items
i28534;items
i28535;items
i28536;items
i28537;items
i28538;items
i28539;items
i28540;items
i28541;items
i28542;items
i28543;items
i28544;items
i28545;items
i28546;items
i28547;items
i28548;items
i28549;items
i28550;items
i28551;items
i28552;items
i28553;items
i28554;items
i28555;items
i28556;items
i28557;items
i28558;items
i28559;items
o2118;orders
i28560;items
i28561;items
i28562;items
i28563;items
i28564;items
i28565;items
i28566;items
i28567;items
i28568;items
i28569;items
i28570;items
i28571;items
i28572;items
i28573;items
i28574;items
i28575;items
i28576;items
i28577;items
i28578;items
i28579;items
i28580;items
i28581;items
i28582;items
i28583;items
i28584;items
i28585;items
i28586;items
i28587;items
o2119;orders
i28588;items
i28589;items
i28590;items
i28591;items
i28592;items
i28593;items
i28594;items
i28595;items
i28596;items
i28597;items
i28598;items
i28599;items
i28600;items
i28601;items
i28602;items
i28603;items
i28604;items
i28605;items
i28606;items
i28607;items
i28608;items
i28609;items
i28610;items
i28611;items
i28612;items
i28613;items
i28614;items
i28615;items
o2120;orders
i28616;items
i28617;items
i28618;items
i28619;items
i28620;items
i28621;items
i28622;items
i28623;items
i28624;items
i28625;items
i28626;items
i28627;items
i28628;items
i28629;items
i28630;items
i28631;items
i28632;items
i28633;items
i28634;items
i28635;items
i28636;items
i28637;items
i28638;items
i28639;items
i28640;items
i28641;items
i28642;items
i28643;items
o2121;orders
i28644;items
i28645;items
i28646;items
i28647;items
i28648;items
i28649;items
i28650;items
i28651;items
i28652;items
i28653;items
i28654;items
i28655;items
i28656;items
i28657;items
i28658;items
i28659;items
i28660;items
i28661;items
i28662;items
i28663;items
i28664;items
o2122;orders
i28665;items
i28666;items
i28667;items
i28668;items
i28669;items
i28670;items
i28671;items
i28672;items
i28673;items
i28674;items
i28675;items
i28676;items
i28677;items
i28678;items
i28679;items
i28680;items
i28681;items
i28682;items
i28683;items
i28684;items
i28685;items
i28686;items
i28687;items
i28688;items
i28689;items
i28690;items
i28691;items
i28692;items
i28693;items
i28694;items
i28695;items
o2123;orders
i28696;items
i28697;items
i28698;items
i28699;items
i28700;items
i28701;items
i28702;items
i28703;items
i28704;items
i28705;items
i28706;items
i28707;items
i28708;items
i28709;items
i28710;items
i28711;items
i28712;items
i28713;items
i28714;items
o2124;orders
i28715;items
i28716;items
i28717;items
i28718;items
i28719;items
i28720;items
i28721;items
i28722;items
i28723;items
i28724;items
i28725;items
i28726;items
i28727;items
i28728;items
i28729;items
i28730;items
i28731;items
i28732;items
i28733;items
i28734;items
i28735;items
i28736;items
i28737;items
i28738;items
o2125;orders
i28739;items
i28740;items
i28741;items
i28742;items
i28743;items
i28744;items
i28745;items
i28746;items
i28747;items
i28748;items
i28749;items
i28750;items
i28751;items
i28752;items
i28753;items
i28754;items
i28755;items
i28756;items
i28757;items
i28758;items
i28759;items
i28760;items
i28761;items
i28762;items
i28763;items
i28764;items
i28765;items
o2126;orders
i28766;items
i28767;items
i28768;items
i28769;items
i28770;items
i28771;items
i28772;items
i28773;items
i28774;items
i28775;items
i28776;items
i28777;items
i28778;items
i28779;items
i28780;items
i28781;items
i28782;items
i28783;items
i28784;items
i28785;items
i28786;items
i28787;items
i28788;items
i28789;items
i28790;items
o2127;orders
i28791;items
i28792;items
i28793;items
i28794;items
i28795;items
i28796;items
i28797;items
i28798;items
i28799;items
i28800;items
i28801;items
i28802;items
i28803;items
i28804;items
i28805;items
i28806;items
i28807;items
i28808;items
i28809;items
i28810;items
i28811;items
i28812;items
o2128;orders
i28813;items
i28814;items
i28815;items
i28816;items
i28817;items
i28818;items
i28819;items
i28820;items
i28821;items
i28822;items
i28823;items
i28824;items
i28825;items
i28826;items
i28827;items
i28828;items
i28829;items
i28830;items
i28831;items
i28832;items
i28833;items
i28834;items
i28835;items
i28836;items
i28837;items
o2129;orders
i28838;items
i28839;items
i28840;items
i28841;items
i28842;items
i28843;items
i28844;items
i28845;items
i28846;items
i28847;items
i28848;items
i28849;items
i28850;items
i28851;items
i28852;items
i28853;items
i28854;items
i28855;items
i28856;items
i28857;items
i28858;items
i28859;items
i28860;items
i28861;items
o2130;orders
i28862;items
i28863;items
i28864;items
i28865;items
i28866;items
i28867;items
i28868;items
i28869;items
i28870;items
i28871;items
i28872;items
i28873;items
i28874;items
i28875;items
i28876;items
i28877;items
i28878;items
i28879;items
i28880;items
i28881;items
i28882;items
i28883;items
i28884;items
i28885;items
i28886;items
i28887;items
i28888;items
i28889;items
i28890;items
i28891;items
i28892;items
i28893;items
i28894;items
i28895;items
o2131;orders
i28896;items
i28897;items
i28898;items
i28899;items
i28900;items
i28901;items
i28902;items
i28903;items
i28904;items
i28905;items
i28906;items
i28907;items
i28908;items
i28909;items
i28910;items
i28911;items
i28912;items
i28913;items
i28914;items
i28915;items
i28916;items
i28917;items
i28918;items
i28919;items
i28920;items
i28921;items
i28922;items
i28923;items
i28924;items
o2132;orders
i28925;items
i28926;items
i28927;items
i28928;items
i28929;items
i28930;items
i28931;items
i28932;items
i28933;items
i28934;items
i28935;items
i28936;items
i28937;items
i28938;items
i28939;items
i28940;items
i28941;items
i28942;items
i28943;items
i28944;items
i28945;items
i28946;items
i28947;items
i28948;items
i28949;items
i28950;items
i28951;items
i28952;items
i28953;items
i28954;items
i28955;items
o2133;orders
i28956;items
i28957;items
i28958;items
i28959;items
i28960;items
i28961;items
i28962;items
i28963;items
i28964;items
i28965;items
i28966;items
i28967;items
i28968;items
i28969;items
i28970;items
i28971;items
i28972;items
i28973;items
i28974;items
i28975;items
i28976;items
i28977;items
i28978;items
i28979;items
i28980;items
i28981;items
i28982;items
i28983;items
i28984;items
i28985;items
i28986;items
i28987;items
i28988;items
i28989;items
o2134;orders
i28990;items
i28991;items
i28992;items
i28993;items
i28994;items
i28995;items
i28996;items
i28997;items
i28998;items
i28999;items
i29000;items
i29001;items
i29002;items
i29003;items
i29004;items
i29005;items
i29006;items
i29007;items
i29008;items
i29009;items
i29010;items
i29011;items
i29012;items
i29013;items
i29014;items
i29015;items
i29016;items
i29017;items
i29018;items
o2135;orders
i29019;items
i29020;items
i29021;items
i29022;items
i29023;items
i29024;items
i29025;items
i29026;items
i29027;items
i29028;items
i29029;items
i29030;items
i29031;items
i29032;items
i29033;items
i29034;items
i29035;items
i29036;items
i29037;items
i29038;items
i29039;items
i29040;items
i29041;items
i29042;items
i29043;items
i29044;items
i29045;items
i29046;items
i29047;items
i29048;items
o2136;orders
i29049;items
i29050;items
i29051;items
i29052;items
i29053;items
i29054;items
i29055;items
i29056;items
i29057;items
i29058;items
i29059;items
i29060;items
i29061;items
i29062;items
i29063;items
i29064;items
i29065;items
i29066;items
i29067;items
i29068;items
i29069;items
i29070;items
i29071;items
i29072;items
i29073;items
i29074;items
i29075;items
i29076;items
i29077;items
o2137;orders
i29078;items
i29079;items
i29080;items
i29081;items
i29082;items
i29083;items
i29084;items
i29085;items
i29086;items
i29087;items
i29088;items
i29089;items
i29090;items
i29091;items
i29092;items
i29093;items
i29094;items
i29095;items
i29096;items
i29097;items
i29098;items
i29099;items
i29100;items
i29101;items
i29102;items
i29103;items
i29104;items
o2138;orders
i29105;items
i29106;items
i29107;items
i29108;items
i29109;items
i29110;items
i29111;items
i29112;items
i29113;items
i29114;items
i29115;items
i29116;items
i29117;items
i29118;items
i29119;items
i29120;items
i29121;items
i29122;items
i29123;items
i29124;items
i29125;items
i29126;items
i29127;items
i29128;items
i29129;items
o2139;orders
i29130;items
i29131;items
i29132;items
i29133;items
i29134;items
i29135;items
i29136;items
i29137;items
i29138;items
i29139;items
i29140;items
i29141;items
i29142;items
i29143;items
i29144;items
i29145;items
i29146;items
i29147;items
i29148;items
o2140;orders
i29149;items
i29150;items
i29151;items
i29152;items
i29153;items
i29154;items
i29155;items
i29156;items
i29157;items
i29158;items
i29159;items
i29160;items
i29161;items
i29162;items
i29163;items
i29164;items
i29165;items
i29166;items
i29167;items
i29168;items
i29169;items
i29170;items
i29171;items
i29172;items
i29173;items
i29174;items
o2141;orders
i29175;items
i29176;items
i29177;items
i29178;items
i29179;items
i29180;items
i29181;items
i29182;items
i29183;items
i29184;items
i29185;items
i29186;items
i29187;items
i29188;items
i29189;items
i29190;items
i29191;items
i29192;items
i29193;items
i29194;items
i29195;items
i29196;items
i29197;items
o2142;orders
i29198;items
i29199;items
i29200;items
i29201;items
i29202;items
i29203;items
i29204;items
i29205;items
i29206;items
i29207;items
i29208;items
i29209;items
i29210;items
i29211;items
i29212;items
i29213;items
i29214;items
i29215;items
i29216;items
i29217;items
i29218;items
i29219;items
i29220;items
i29221;items
i29222;items
i29223;items
o2143;orders
i29224;items
i29225;items
i29226;items
i29227;items
i29228;items
i29229;items
i29230;items
i29231;items
i29232;items
i29233;items
i29234;items
i29235;items
i29236;items
i29237;items
i29238;items
i29239;items
i29240;items
i29241;items
i29242;items
i29243;items
i29244;items
i29245;items
i29246;items
i29247;items
i29248;items
i29249;items
i29250;items
i29251;items
i29252;items
i29253;items
i29254;items
i29255;items
o2144;orders
i29256;items
i29257;items
i29258;items
i29259;items
i29260;items
i29261;items
i29262;items
i29263;items
i29264;items
i29265;items
i29266;items
i29267;items
i29268;items
i29269;items
i29270;items
i29271;items
i29272;items
i29273;items
i29274;items
i29275;items
i29276;items
i29277;items
i29278;items
i29279;items
i29280;items
i29281;items
o2145;orders
i29282;items
i29283;items
i29284;items
i29285;items
i29286;items
i29287;items
i29288;items
i29289;items
i29290;items
i29291;items
i29292;items
i29293;items
i29294;items
i29295;items
i29296;items
i29297;items
i29298;items
i29299;items
i29300;items
i29301;items
i29302;items
i29303;items
i29304;items
i29305;items
i29306;items
i29307;items
i29308;items
i29309;items
i29310;items
o2146;orders
i29311;items
i29312;items
i29313;items
i29314;items
i29315;items
i29316;items
i29317;items
i29318;items
i29319;items
i29320;items
i29321;items
i29322;items
i29323;items
i29324;items
i29325;items
i29326;items
i29327;items
i29328;items
i29329;items
i29330;items
i29331;items
i29332;items
i29333;items
i29334;items
i29335;items
i29336;items
i29337;items
i29338;items
i29339;items
i29340;items
i29341;items
o2147;orders
i29342;items
i29343;items
i29344;items
i29345;items
i29346;items
i29347;items
i29348;items
i29349;items
i29350;items
i29351;items
i29352;items
i29353;items
i29354;items
i29355;items
i29356;items
i29357;items
i29358;items
i29359;items
i29360;items
i29361;items
i29362;items
i29363;items
i29364;items
i29365;items
i29366;items
o2148;orders
i29367;items
i29368;items
i29369;items
i29370;items
i29371;items
i29372;items
i29373;items
i29374;items
i29375;items
i29376;items
i29377;items
i29378;items
i29379;items
i29380;items
i29381;items
i29382;items
i29383;items
i29384;items
i29385;items
i29386;items
i29387;items
i29388;items
i29389;items
i29390;items
o2149;orders
i29391;items
i29392;items
i29393;items
i29394;items
i29395;items
i29396;items
i29397;items
i29398;items
i29399;items
i29400;items
i29401;items
i29402;items
i29403;items
i29404;items
i29405;items
i29406;items
i29407;items
i29408;items
i29409;items
i29410;items
i29411;items
i29412;items
i29413;items
i29414;items
i29415;items
i29416;items
i29417;items
i29418;items
i29419;items
o2150;orders
i29420;items
i29421;items
i29422;items
i29423;items
i29424;items
i29425;items
i29426;items
i29427;items
i29428;items
i29429;items
i29430;items
i29431;items
i29432;items
i29433;items
i29434;items
i29435;items
i29436;items
i29437;items
i29438;items
i29439;items
i29440;items
i29441;items
o2151;orders
i29442;items
i29443;items
i29444;items
i29445;items
i29446;items
i29447;items
i29448;items
i29449;items
i29450;items
i29451;items
i29452;items
i29453;items
i29454;items
i29455;items
i29456;items
i29457;items
i29458;items
i29459;items
i29460;items
i29461;items
i29462;items
i29463;items
o2152;orders
i29464;items
i29465;items
i29466;items
i29467;items
i29468;items
i29469;items
i29470;items
i29471;items
i29472;items
i29473;items
i29474;items
i29475;items
i29476;items
i29477;items
i29478;items
i29479;items
i29480;items
i29481;items
i29482;items
i29483;items
i29484;items
i29485;items
i29486;items
i29487;items
i29488;items
o2153;orders
i29489;items
i29490;items
i29491;items
i29492;items
i29493;items
i29494;items
i29495;items
i29496;items
i29497;items
i29498;items
i29499;items
i29500;items
i29501;items
i29502;items
i29503;items
i29504;items
i29505;items
i29506;items
i29507;items
i29508;items
i29509;items
i29510;items
i29511;items
i29512;items
o2154;orders
i29513;items
i29514;items
i29515;items
i29516;items
i29517;items
i29518;items
i29519;items
i29520;items
i29521;items
i29522;items
i29523;items
i29524;items
i29525;items
i29526;items
i29527;items
i29528;items
i29529;items
i29530;items
i29531;items
o2155;orders
i29532;items
i29533;items
i29534;items
i29535;items
i29536;items
i29537;items
i29538;items
i29539;items
i29540;items
i29541;items
i29542;items
i29543;items
i29544;items
i29545;items
i29546;items
i29547;items
i29548;items
i29549;items
i29550;items
i29551;items
i29552;items
i29553;items
i29554;items
i29555;items
i29556;items
i29557;items
i29558;items
i29559;items
o2156;orders
i29560;items
i29561;items
i29562;items
i29563;items
i29564;items
i29565;items
i29566;items
i29567;items
i29568;items
i29569;items
i29570;items
i29571;items
i29572;items
i29573;items
i29574;items
i29575;items
i29576;items
i29577;items
i29578;items
i29579;items
i29580;items
i29581;items
i29582;items
i29583;items
i29584;items
o2157;orders
i29585;items
i29586;items
i29587;items
i29588;items
i29589;items
i29590;items
i29591;items
i29592;items
i29593;items
i29594;items
i29595;items
i29596;items
i29597;items
i29598;items
i29599;items
i29600;items
i29601;items
i29602;items
o2158;orders
i29603;items
i29604;items
i29605;items
i29606;items
i29607;items
i29608;items
i29609;items
i29610;items
i29611;items
i29612;items
i29613;items
i29614;items
i29615;items
i29616;items
i29617;items
i29618;items
i29619;items
i29620;items
i29621;items
i29622;items
i29623;items
i29624;items
i29625;items
i29626;items
o2159;orders
i29627;items
i29628;items
i29629;items
i29630;items
i29631;items
i29632;items
i29633;items
i29634;items
i29635;items
i29636;items
i29637;items
i29638;items
i29639;items
i29640;items
i29641;items
i29642;items
i29643;items
i29644;items
i29645;items
i29646;items
i29647;items
o2160;orders
i29648;items
i29649;items
i29650;items
i29651;items
i29652;items
i29653;items
i29654;items
i29655;items
i29656;items
i29657;items
i29658;items
i29659;items
i29660;items
i29661;items
i29662;items
i29663;items
i29664;items
i29665;items
i29666;items
i29667;items
i29668;items
i29669;items
i29670;items
i29671;items
i29672;items
i29673;items
i29674;items
o2161;orders
i29675;items
i29676;items
i29677;items
i29678;items
i29679;items
i29680;items
i29681;items
i29682;items
i29683;items
i29684;items
i29685;items
i29686;items
i29687;items
i29688;items
i29689;items
i29690;items
i29691;items
i29692;items
i29693;items
i29694;items
i29695;items
i29696;items
i29697;items
i29698;items
i29699;items
i29700;items
i29701;items
i29702;items
i29703;items
i29704;items
o2162;orders
i29705;items
i29706;items
i29707;items
i29708;items
i29709;items
i29710;items
i29711;items
i29712;items
i29713;items
i29714;items
i29715;items
i29716;items
i29717;items
i29718;items
i29719;items
i29720;items
i29721;items
i29722;items
i29723;items
i29724;items
i29725;items
i29726;items
i29727;items
i29728;items
i29729;items
i29730;items
i29731;items
o2163;orders
i29732;items
i29733;items
i29734;items
i29735;items
i29736;items
i29737;items
i29738;items
i29739;items
i29740;items
i29741;items
i29742;items
i29743;items
i29744;items
i29745;items
i29746;items
i29747;items
i29748;items
i29749;items
i29750;items
i29751;items
i29752;items
i29753;items
i29754;items
i29755;items
i29756;items
i29757;items
i29758;items
i29759;items
o2164;orders
i29760;items
i29761;items
i29762;items
i29763;items
i29764;items
i29765;items
i29766;items
i29767;items
i29768;items
i29769;items
i29770;items
i29771;items
i29772;items
i29773;items
i29774;items
i29775;items
i29776;items
i29777;items
i29778;items
i29779;items
i29780;items
i29781;items
i29782;items
i29783;items
i29784;items
i29785;items
i29786;items
i29787;items
i29788;items
i29789;items
i29790;items
o2165;orders
i29791;items
i29792;items
i29793;items
i29794;items
i29795;items
i29796;items
i29797;items
i29798;items
i29799;items
i29800;items
i29801;items
i29802;items
i29803;items
i29804;items
i29805;items
i29806;items
i29807;items
i29808;items
i29809;items
i29810;items
i29811;items
i29812;items
i29813;items
o2166;orders
i29814;items
i29815;items
i29816;items
i29817;items
i29818;items
i29819;items
i29820;items
i29821;items
i29822;items
i29823;items
i29824;items
i29825;items
i29826;items
i29827;items
i29828;items
i29829;items
i29830;items
i29831;items
i29832;items
i29833;items
i29834;items
i29835;items
i29836;items
o2167;orders
i29837;items
i29838;items
i29839;items
i29840;items
i29841;items
i29842;items
i29843;items
i29844;items
i29845;items
i29846;items
i29847;items
i29848;items
i29849;items
i29850;items
i29851;items
i29852;items
i29853;items
i29854;items
i29855;items
i29856;items
i29857;items
i29858;items
i29859;items
i29860;items
i29861;items
i29862;items
i29863;items
i29864;items
i29865;items
o2168;orders
i29866;items
i29867;items
i29868;items
i29869;items
i29870;items
i29871;items
i29872;items
i29873;items
i29874;items
i29875;items
i29876;items
i29877;items
i29878;items
i29879;items
i29880;items
i29881;items
i29882;items
i29883;items
i29884;items
i29885;items
i29886;items
i29887;items
i29888;items
i29889;items
i29890;items
o2169;orders
i29891;items
i29892;items
i29893;items
i29894;items
i29895;items
i29896;items
i29897;items
i29898;items
i29899;items
i29900;items
i29901;items
i29902;items
i29903;items
i29904;items
i29905;items
i29906;items
i29907;items
i29908;items
i29909;items
i29910;items
i29911;items
i29912;items
i29913;items
i29914;items
i29915;items
i29916;items
i29917;items
i29918;items
i29919;items
i29920;items
i29921;items
i29922;items
i29923;items
i29924;items
o2170;orders
i29925;items
i29926;items
i29927;items
i29928;items
i29929;items
i29930;items
i29931;items
i29932;items
i29933;items
i29934;items
i29935;items
i29936;items
i29937;items
i29938;items
i29939;items
i29940;items
i29941;items
i29942;items
i29943;items
i29944;items
i29945;items
i29946;items
i29947;items
i29948;items
i29949;items
o2171;orders
i29950;items
i29951;items
i29952;items
i29953;items
i29954;items
i29955;items
i29956;items
i29957;items
i29958;items
i29959;items
i29960;items
i29961;items
i29962;items
i29963;items
i29964;items
i29965;items
i29966;items
i29967;items
i29968;items
o2172;orders
i29969;items
i29970;items
i29971;items
i29972;items
i29973;items
i29974;items
i29975;items
i29976;items
i29977;items
i29978;items
i29979;items
i29980;items
i29981;items
i29982;items
i29983;items
i29984;items
i29985;items
i29986;items
i29987;items
i29988;items
i29989;items
i29990;items
i29991;items
i29992;items
i29993;items
o2173;orders
i29994;items
i29995;items
i29996;items
i29997;items
i29998;items
i29999;items
i30000;items
i30001;items
i30002;items
i30003;items
i30004;items
i30005;items
i30006;items
i30007;items
i30008;items
i30009;items
i30010;items
i30011;items
i30012;items
i30013;items
i30014;items
i30015;items
i30016;items
i30017;items
i30018;items
o2174;orders
i30019;items
i30020;items
i30021;items
i30022;items
i30023;items
i30024;items
i30025;items
i30026;items
i30027;items
i30028;items
i30029;items
i30030;items
i30031;items
i30032;items
i30033;items
i30034;items
i30035;items
i30036;items
i30037;items
i30038;items
i30039;items
i30040;items
i30041;items
i30042;items
i30043;items
i30044;items
i30045;items
o2175;orders
i30046;items
i30047;items
i30048;items
i30049;items
i30050;items
i30051;items
i30052;items
i30053;items
i30054;items
i30055;items
i30056;items
i30057;items
i30058;items
i30059;items
i30060;items
i30061;items
i30062;items
i30063;items
i30064;items
i30065;items
i30066;items
i30067;items
i30068;items
o2176;orders
i30069;items
i30070;items
i30071;items
i30072;items
i30073;items
i30074;items
i30075;items
i30076;items
i30077;items
i30078;items
i30079;items
i30080;items
i30081;items
i30082;items
i30083;items
i30084;items
i30085;items
i30086;items
i30087;items
i30088;items
i30089;items
i30090;items
i30091;items
i30092;items
i30093;items
i30094;items
i30095;items
o2177;orders
i30096;items
i30097;items
i30098;items
i30099;items
i30100;items
i30101;items
i30102;items
i30103;items
i30104;items
i30105;items
i30106;items
i30107;items
i30108;items
i30109;items
i30110;items
i30111;items
i30112;items
i30113;items
i30114;items
i30115;items
i30116;items
o2178;orders
i30117;items
i30118;items
i30119;items
i30120;items
i30121;items
i30122;items
i30123;items
i30124;items
i30125;items
i30126;items
i30127;items
i30128;items
i30129;items
i30130;items
i30131;items
i30132;items
i30133;items
i30134;items
i30135;items
i30136;items
i30137;items
i30138;items
i30139;items
i30140;items
i30141;items
o2179;orders
i30142;items
i30143;items
i30144;items
i30145;items
i30146;items
i30147;items
i30148;items
i30149;items
i30150;items
i30151;items
i30152;items
i30153;items
i30154;items
i30155;items
i30156;items
i30157;items
i30158;items
i30159;items
i30160;items
i30161;items
i30162;items
i30163;items
i30164;items
i30165;items
i30166;items
i30167;items
i30168;items
o2180;orders
i30169;items
i30170;items
i30171;items
i30172;items
i30173;items
i30174;items
i30175;items
i30176;items
i30177;items
i30178;items
i30179;items
i30180;items
i30181;items
i30182;items
i30183;items
i30184;items
i30185;items
i30186;items
i30187;items
i30188;items
o2181;orders
i30189;items
i30190;items
i30191;items
i30192;items
i30193;items
i30194;items
i30195;items
i30196;items
i30197;items
i30198;items
i30199;items
i30200;items
i30201;items
i30202;items
i30203;items
i30204;items
i30205;items
i30206;items
i30207;items
i30208;items
i30209;items
i30210;items
i30211;items
i30212;items
i30213;items
o2182;orders
i30214;items
i30215;items
i30216;items
i30217;items
i30218;items
i30219;items
i30220;items
i30221;items
i30222;items
i30223;items
i30224;items
i30225;items
i30226;items
i30227;items
i30228;items
i30229;items
i30230;items
i30231;items
i30232;items
i30233;items
i30234;items
i30235;items
i30236;items
i30237;items
i30238;items
i30239;items
i30240;items
i30241;items
o2183;orders
i30242;items
i30243;items
i30244;items
i30245;items
i30246;items
i30247;items
i30248;items
i30249;items
i30250;items
i30251;items
i30252;items
i30253;items
i30254;items
i30255;items
i30256;items
i30257;items
i30258;items
i30259;items
i30260;items
i30261;items
i30262;items
i30263;items
i30264;items
i30265;items
o2184;orders
i30266;items
i30267;items
i30268;items
i30269;items
i30270;items
i30271;items
i30272;items
i30273;items
i30274;items
i30275;items
i30276;items
i30277;items
i30278;items
i30279;items
i30280;items
i30281;items
i30282;items
i30283;items
i30284;items
i30285;items
i30286;items
i30287;items
i30288;items
i30289;items
i30290;items
i30291;items
i30292;items
i30293;items
i30294;items
i30295;items
i30296;items
o2185;orders
i30297;items
i30298;items
i30299;items
i30300;items
i30301;items
i30302;items
i30303;items
i30304;items
i30305;items
i30306;items
i30307;items
i30308;items
i30309;items
i30310;items
i30311;items
i30312;items
i30313;items
i30314;items
i30315;items
i30316;items
i30317;items
i30318;items
i30319;items
i30320;items
i30321;items
i30322;items
i30323;items
i30324;items
i30325;items
i30326;items
i30327;items
i30328;items
i30329;items
i30330;items
i30331;items
i30332;items
i30333;items
i30334;items
o2186;orders
i30335;items
i30336;items
i30337;items
i30338;items
i30339;items
i30340;items
i30341;items
i30342;items
i30343;items
i30344;items
i30345;items
i30346;items
i30347;items
i30348;items
i30349;items
i30350;items
i30351;items
i30352;items
i30353;items
i30354;items
i30355;items
i30356;items
i30357;items
i30358;items
i30359;items
i30360;items
i30361;items
i30362;items
i30363;items
i30364;items
i30365;items
o2187;orders
i30366;items
i30367;items
i30368;items
i30369;items
i30370;items
i30371;items
i30372;items
i30373;items
i30374;items
i30375;items
i30376;items
i30377;items
i30378;items
i30379;items
i30380;items
i30381;items
i30382;items
i30383;items
i30384;items
i30385;items
i30386;items
i30387;items
i30388;items
i30389;items
o2188;orders
i30390;items
i30391;items
i30392;items
i30393;items
i30394;items
i30395;items
i30396;items
i30397;items
i30398;items
i30399;items
i30400;items
i30401;items
i30402;items
i30403;items
i30404;items
i30405;items
i30406;items
i30407;items
i30408;items
i30409;items
i30410;items
i30411;items
i30412;items
i30413;items
i30414;items
i30415;items
i30416;items
i30417;items
i30418;items
o2189;orders
i30419;items
i30420;items
i30421;items
i30422;items
i30423;items
i30424;items
i30425;items
i30426;items
i30427;items
i30428;items
i30429;items
i30430;items
i30431;items
i30432;items
i30433;items
i30434;items
i30435;items
i30436;items
i30437;items
i30438;items
i30439;items
i30440;items
o2190;orders
i30441;items
i30442;items
i30443;items
i30444;items
i30445;items
i30446;items
i30447;items
i30448;items
i30449;items
i30450;items
i30451;items
i30452;items
i30453;items
i30454;items
i30455;items
i30456;items
i30457;items
i30458;items
i30459;items
i30460;items
i30461;items
i30462;items
i30463;items
i30464;items
i30465;items
i30466;items
i30467;items
o2191;orders
i30468;items
i30469;items
i30470;items
i30471;items
i30472;items
i30473;items
i30474;items
i30475;items
i30476;items
i30477;items
i30478;items
i30479;items
i30480;items
i30481;items
i30482;items
i30483;items
i30484;items
i30485;items
i30486;items
i30487;items
i30488;items
i30489;items
i30490;items
i30491;items
i30492;items
i30493;items
i30494;items
o2192;orders
i30495;items
i30496;items
i30497;items
i30498;items
i30499;items
i30500;items
i30501;items
i30502;items
i30503;items
i30504;items
i30505;items
i30506;items
i30507;items
i30508;items
i30509;items
i30510;items
i30511;items
i30512;items
i30513;items
i30514;items
i30515;items
i30516;items
i30517;items
i30518;items
i30519;items
i30520;items
i30521;items
i30522;items
i30523;items
o2193;orders
i30524;items
i30525;items
i30526;items
i30527;items
i30528;items
i30529;items
i30530;items
i30531;items
i30532;items
i30533;items
i30534;items
i30535;items
i30536;items
i30537;items
i30538;items
i30539;items
o2194;orders
i30540;items
i30541;items
i30542;items
i30543;items
i30544;items
i30545;items
i30546;items
i30547;items
i30548;items
i30549;items
i30550;items
i30551;items
i30552;items
i30553;items
i30554;items
i30555;items
i30556;items
i30557;items
i30558;items
i30559;items
i30560;items
o2195;orders
i30561;items
i30562;items
i30563;items
i30564;items
i30565;items
i30566;items
i30567;items
i30568;items
i30569;items
i30570;items
i30571;items
i30572;items
i30573;items
i30574;items
i30575;items
i30576;items
i30577;items
i30578;items
i30579;items
i30580;items
i30581;items
i30582;items
i30583;items
i30584;items
i30585;items
o2196;orders
i30586;items
i30587;items
i30588;items
i30589;items
i30590;items
i30591;items
i30592;items
i30593;items
i30594;items
i30595;items
i30596;items
i30597;items
i30598;items
i30599;items
i30600;items
i30601;items
i30602;items
i30603;items
i30604;items
i30605;items
i30606;items
i30607;items
i30608;items
i30609;items
i30610;items
i30611;items
i30612;items
i30613;items
o2197;orders
i30614;items
i30615;items
i30616;items
i30617;items
i30618;items
i30619;items
i30620;items
i30621;items
i30622;items
i30623;items
i30624;items
i30625;items
i30626;items
i30627;items
i30628;items
i30629;items
i30630;items
i30631;items
i30632;items
i30633;items
i30634;items
i30635;items
i30636;items
i30637;items
i30638;items
i30639;items
i30640;items
i30641;items
i30642;items
o2198;orders
i30643;items
i30644;items
i30645;items
i30646;items
i30647;items
i30648;items
i30649;items
i30650;items
i30651;items
i30652;items
i30653;items
i30654;items
i30655;items
i30656;items
i30657;items
i30658;items
i30659;items
i30660;items
i30661;items
i30662;items
i30663;items
i30664;items
i30665;items
i30666;items
o2199;orders
i30667;items
i30668;items
i30669;items
i30670;items
i30671;items
i30672;items
i30673;items
i30674;items
i30675;items
i30676;items
i30677;items
i30678;items
i30679;items
i30680;items
i30681;items
i30682;items
i30683;items
i30684;items
i30685;items
i30686;items
i30687;items
i30688;items
i30689;items
i30690;items
i30691;items
i30692;items
i30693;items
i30694;items
i30695;items
i30696;items
i30697;items
i30698;items
i30699;items
i30700;items
o2200;orders
i30701;items
i30702;items
i30703;items
i30704;items
i30705;items
i30706;items
i30707;items
i30708;items
i30709;items
i30710;items
i30711;items
i30712;items
i30713;items
i30714;items
i30715;items
i30716;items
i30717;items
i30718;items
i30719;items
i30720;items
i30721;items
i30722;items
i30723;items
i30724;items
i30725;items
i30726;items
i30727;items
i30728;items
i30729;items
i30730;items
i30731;items
i30732;items
o2201;orders
i30733;items
i30734;items
i30735;items
i30736;items
i30737;items
i30738;items
i30739;items
i30740;items
i30741;items
i30742;items
i30743;items
i30744;items
i30745;items
i30746;items
i30747;items
i30748;items
i30749;items
i30750;items
i30751;items
i30752;items
i30753;items
i30754;items
i30755;items
i30756;items
i30757;items
i30758;items
i30759;items
i30760;items
i30761;items
i30762;items
i30763;items
o2202;orders
i30764;items
i30765;items
i30766;items
i30767;items
i30768;items
i30769;items
i30770;items
i30771;items
i30772;items
i30773;items
i30774;items
i30775;items
i30776;items
i30777;items
i30778;items
i30779;items
i30780;items
i30781;items
i30782;items
i30783;items
i30784;items
i30785;items
i30786;items
o2203;orders
i30787;items
i30788;items
i30789;items
i30790;items
i30791;items
i30792;items
i30793;items
i30794;items
i30795;items
i30796;items
i30797;items
i30798;items
i30799;items
i30800;items
i30801;items
o2204;orders
i30802;items
i30803;items
i30804;items
i30805;items
i30806;items
i30807;items
i30808;items
i30809;items
i30810;items
i30811;items
i30812;items
i30813;items
i30814;items
i30815;items
i30816;items
i30817;items
i30818;items
i30819;items
o2205;orders
i30820;items
i30821;items
i30822;items
i30823;items
i30824;items
i30825;items
i30826;items
i30827;items
i30828;items
i30829;items
i30830;items
i30831;items
i30832;items
i30833;items
i30834;items
i30835;items
i30836;items
i30837;items
i30838;items
i30839;items
i30840;items
i30841;items
i30842;items
i30843;items
i30844;items
i30845;items
o2206;orders
i30846;items
i30847;items
i30848;items
i30849;items
i30850;items
i30851;items
i30852;items
i30853;items
i30854;items
i30855;items
i30856;items
i30857;items
i30858;items
i30859;items
i30860;items
i30861;items
i30862;items
i30863;items
i30864;items
i30865;items
i30866;items
i30867;items
i30868;items
i30869;items
i30870;items
i30871;items
i30872;items
i30873;items
i30874;items
i30875;items
i30876;items
i30877;items
i30878;items
i30879;items
i30880;items
i30881;items
i30882;items
i30883;items
i30884;items
o2207;orders
i30885;items
i30886;items
i30887;items
i30888;items
i30889;items
i30890;items
i30891;items
i30892;items
i30893;items
i30894;items
i30895;items
i30896;items
i30897;items
i30898;items
i30899;items
i30900;items
i30901;items
i30902;items
i30903;items
i30904;items
i30905;items
i30906;items
i30907;items
i30908;items
i30909;items
i30910;items
i30911;items
o2208;orders
i30912;items
i30913;items
i30914;items
i30915;items
i30916;items
i30917;items
i30918;items
i30919;items
i30920;items
i30921;items
i30922;items
i30923;items
i30924;items
i30925;items
i30926;items
i30927;items
i30928;items
o2209;orders
i30929;items
i30930;items
i30931;items
i30932;items
i30933;items
i30934;items
i30935;items
i30936;items
i30937;items
i30938;items
i30939;items
i30940;items
i30941;items
i30942;items
i30943;items
i30944;items
i30945;items
i30946;items
i30947;items
i30948;items
i30949;items
o2210;orders
i30950;items
i30951;items
i30952;items
i30953;items
i30954;items
i30955;items
i30956;items
i30957;items
i30958;items
i30959;items
i30960;items
i30961;items
i30962;items
i30963;items
i30964;items
i30965;items
i30966;items
i30967;items
i30968;items
i30969;items
i30970;items
i30971;items
i30972;items
i30973;items
i30974;items
i30975;items
i30976;items
i30977;items
i30978;items
o2211;orders
i30979;items
i30980;items
i30981;items
i30982;items
i30983;items
i30984;items
i30985;items
i30986;items
i30987;items
i30988;items
i30989;items
i30990;items
i30991;items
i30992;items
i30993;items
i30994;items
i30995;items
i30996;items
i30997;items
i30998;items
i30999;items
i31000;items
i31001;items
o2212;orders
i31002;items
i31003;items
i31004;items
i31005;items
i31006;items
i31007;items
i31008;items
i31009;items
i31010;items
i31011;items
i31012;items
i31013;items
i31014;items
i31015;items
i31016;items
i31017;items
i31018;items
i31019;items
i31020;items
i31021;items
i31022;items
i31023;items
i31024;items
i31025;items
i31026;items
i31027;items
i31028;items
i31029;items
o2213;orders
i31030;items
i31031;items
i31032;items
i31033;items
i31034;items
i31035;items
i31036;items
i31037;items
i31038;items
i31039;items
i31040;items
i31041;items
i31042;items
i31043;items
i31044;items
i31045;items
i31046;items
i31047;items
i31048;items
i31049;items
i31050;items
i31051;items
i31052;items
i31053;items
i31054;items
i31055;items
i31056;items
i31057;items
i31058;items
i31059;items
i31060;items
i31061;items
o2214;orders
i31062;items
i31063;items
i31064;items
i31065;items
i31066;items
i31067;items
i31068;items
i31069;items
i31070;items
i31071;items
i31072;items
i31073;items
i31074;items
i31075;items
i31076;items
i31077;items
i31078;items
i31079;items
o2215;orders
i31080;items
i31081;items
i31082;items
i31083;items
i31084;items
i31085;items
i31086;items
i31087;items
i31088;items
i31089;items
i31090;items
i31091;items
i31092;items
i31093;items
i31094;items
i31095;items
i31096;items
i31097;items
i31098;items
o2216;orders
i31099;items
i31100;items
i31101;items
i31102;items
i31103;items
i31104;items
i31105;items
i31106;items
i31107;items
i31108;items
i31109;items
i31110;items
i31111;items
i31112;items
i31113;items
i31114;items
i31115;items
i31116;items
i31117;items
i31118;items
i31119;items
o2217;orders
i31120;items
i31121;items
i31122;items
i31123;items
i31124;items
i31125;items
i31126;items
i31127;items
i31128;items
i31129;items
i31130;items
i31131;items
i31132;items
i31133;items
i31134;items
i31135;items
i31136;items
i31137;items
i31138;items
i31139;items
i31140;items
i31141;items
i31142;items
i31143;items
i31144;items
o2218;orders
i31145;items
i31146;items
i31147;items
i31148;items
i31149;items
i31150;items
i31151;items
i31152;items
i31153;items
i31154;items
i31155;items
i31156;items
i31157;items
i31158;items
i31159;items
o2219;orders
i31160;items
i31161;items
i31162;items
i31163;items
i31164;items
i31165;items
i31166;items
i31167;items
i31168;items
i31169;items
i31170;items
i31171;items
i31172;items
i31173;items
i31174;items
i31175;items
i31176;items
i31177;items
i31178;items
i31179;items
i31180;items
i31181;items
i31182;items
i31183;items
i31184;items
i31185;items
i31186;items
i31187;items
i31188;items
i31189;items
i31190;items
i31191;items
i31192;items
o2220;orders
i31193;items
i31194;items
i31195;items
i31196;items
i31197;items
i31198;items
i31199;items
i31200;items
i31201;items
i31202;items
i31203;items
i31204;items
i31205;items
i31206;items
i31207;items
i31208;items
i31209;items
i31210;items
i31211;items
i31212;items
i31213;items
i31214;items
i31215;items
i31216;items
i31217;items
i31218;items
i31219;items
i31220;items
i31221;items
i31222;items
o2221;orders
i31223;items
i31224;items
i31225;items
i31226;items
i31227;items
i31228;items
i31229;items
i31230;items
i31231;items
i31232;items
i31233;items
i31234;items
i31235;items
i31236;items
i31237;items
i31238;items
i31239;items
i31240;items
i31241;items
i31242;items
i31243;items
i31244;items
i31245;items
i31246;items
o2222;orders
i31247;items
i31248;items
i31249;items
i31250;items
i31251;items
i31252;items
i31253;items
i31254;items
i31255;items
i31256;items
i31257;items
i31258;items
i31259;items
i31260;items
i31261;items
i31262;items
i31263;items
i31264;items
i31265;items
i31266;items
i31267;items
i31268;items
i31269;items
i31270;items
i31271;items
i31272;items
i31273;items
i31274;items
i31275;items
i31276;items
i31277;items
i31278;items
o2223;orders
i31279;items
i31280;items
i31281;items
i31282;items
i31283;items
i31284;items
i31285;items
i31286;items
i31287;items
i31288;items
i31289;items
i31290;items
i31291;items
i31292;items
i31293;items
i31294;items
i31295;items
i31296;items
i31297;items
i31298;items
i31299;items
i31300;items
o2224;orders
i31301;items
i31302;items
i31303;items
i31304;items
i31305;items
i31306;items
i31307;items
i31308;items
i31309;items
i31310;items
i31311;items
i31312;items
i31313;items
i31314;items
i31315;items
i31316;items
i31317;items
i31318;items
i31319;items
i31320;items
i31321;items
i31322;items
i31323;items
i31324;items
i31325;items
i31326;items
i31327;items
i31328;items
i31329;items
i31330;items
i31331;items
i31332;items
i31333;items
i31334;items
o2225;orders
i31335;items
i31336;items
i31337;items
i31338;items
i31339;items
i31340;items
i31341;items
i31342;items
i31343;items
i31344;items
i31345;items
i31346;items
i31347;items
i31348;items
i31349;items
i31350;items
i31351;items
i31352;items
i31353;items
i31354;items
i31355;items
i31356;items
o2226;orders
i31357;items
i31358;items
i31359;items
i31360;items
i31361;items
i31362;items
i31363;items
i31364;items
i31365;items
i31366;items
i31367;items
i31368;items
i31369;items
i31370;items
i31371;items
i31372;items
i31373;items
i31374;items
i31375;items
i31376;items
i31377;items
i31378;items
i31379;items
i31380;items
i31381;items
i31382;items
i31383;items
i31384;items
i31385;items
o2227;orders
i31386;items
i31387;items
i31388;items
i31389;items
i31390;items
i31391;items
i31392;items
i31393;items
i31394;items
i31395;items
i31396;items
i31397;items
i31398;items
i31399;items
i31400;items
i31401;items
i31402;items
i31403;items
i31404;items
i31405;items
i31406;items
i31407;items
i31408;items
o2228;orders
i31409;items
i31410;items
i31411;items
i31412;items
i31413;items
i31414;items
i31415;items
i31416;items
i31417;items
i31418;items
i31419;items
i31420;items
i31421;items
i31422;items
i31423;items
i31424;items
i31425;items
i31426;items
i31427;items
i31428;items
i31429;items
i31430;items
i31431;items
i31432;items
i31433;items
i31434;items
i31435;items
i31436;items
i31437;items
i31438;items
i31439;items
o2229;orders
i31440;items
i31441;items
i31442;items
i31443;items
i31444;items
i31445;items
i31446;items
i31447;items
i31448;items
i31449;items
i31450;items
i31451;items
i31452;items
i31453;items
i31454;items
i31455;items
i31456;items
i31457;items
i31458;items
i31459;items
o2230;orders
i31460;items
i31461;items
i31462;items
i31463;items
i31464;items
i31465;items
i31466;items
i31467;items
i31468;items
i31469;items
i31470;items
i31471;items
i31472;items
i31473;items
i31474;items
i31475;items
i31476;items
i31477;items
i31478;items
i31479;items
i31480;items
i31481;items
o2231;orders
i31482;items
i31483;items
i31484;items
i31485;items
i31486;items
i31487;items
i31488;items
i31489;items
i31490;items
i31491;items
i31492;items
i31493;items
i31494;items
i31495;items
i31496;items
i31497;items
i31498;items
i31499;items
i31500;items
i31501;items
i31502;items
i31503;items
i31504;items
i31505;items
i31506;items
i31507;items
i31508;items
o2232;orders
i31509;items
i31510;items
i31511;items
i31512;items
i31513;items
i31514;items
i31515;items
i31516;items
i31517;items
i31518;items
i31519;items
i31520;items
i31521;items
i31522;items
i31523;items
i31524;items
i31525;items
i31526;items
i31527;items
i31528;items
i31529;items
i31530;items
i31531;items
i31532;items
i31533;items
i31534;items
o2233;orders
i31535;items
i31536;items
i31537;items
i31538;items
i31539;items
i31540;items
i31541;items
i31542;items
i31543;items
i31544;items
i31545;items
i31546;items
i31547;items
i31548;items
i31549;items
i31550;items
i31551;items
i31552;items
i31553;items
i31554;items
o2234;orders
i31555;items
i31556;items
i31557;items
i31558;items
i31559;items
i31560;items
i31561;items
i31562;items
i31563;items
i31564;items
i31565;items
i31566;items
i31567;items
i31568;items
i31569;items
i31570;items
i31571;items
i31572;items
i31573;items
i31574;items
i31575;items
i31576;items
i31577;items
i31578;items
i31579;items
i31580;items
o2235;orders
i31581;items
i31582;items
i31583;items
i31584;items
i31585;items
i31586;items
i31587;items
i31588;items
i31589;items
i31590;items
i31591;items
i31592;items
i31593;items
i31594;items
i31595;items
i31596;items
i31597;items
i31598;items
i31599;items
i31600;items
i31601;items
i31602;items
i31603;items
i31604;items
i31605;items
i31606;items
i31607;items
i31608;items
o2236;orders
i31609;items
i31610;items
i31611;items
i31612;items
i31613;items
i31614;items
i31615;items
i31616;items
i31617;items
i31618;items
i31619;items
i31620;items
i31621;items
i31622;items
i31623;items
i31624;items
i31625;items
i31626;items
i31627;items
i31628;items
i31629;items
i31630;items
i31631;items
o2237;orders
i31632;items
i31633;items
i31634;items
i31635;items
i31636;items
i31637;items
i31638;items
i31639;items
i31640;items
i31641;items
i31642;items
i31643;items
i31644;items
i31645;items
i31646;items
i31647;items
i31648;items
i31649;items
i31650;items
i31651;items
i31652;items
i31653;items
i31654;items
i31655;items
i31656;items
o2238;orders
i31657;items
i31658;items
i31659;items
i31660;items
i31661;items
i31662;items
i31663;items
i31664;items
i31665;items
i31666;items
i31667;items
i31668;items
i31669;items
i31670;items
i31671;items
i31672;items
i31673;items
i31674;items
i31675;items
i31676;items
i31677;items
i31678;items
i31679;items
i31680;items
i31681;items
i31682;items
i31683;items
o2239;orders
i31684;items
i31685;items
i31686;items
i31687;items
i31688;items
i31689;items
i31690;items
i31691;items
i31692;items
i31693;items
i31694;items
i31695;items
i31696;items
i31697;items
i31698;items
i31699;items
i31700;items
i31701;items
i31702;items
i31703;items
i31704;items
i31705;items
i31706;items
i31707;items
i31708;items
i31709;items
o2240;orders
i31710;items
i31711;items
i31712;items
i31713;items
i31714;items
i31715;items
i31716;items
i31717;items
i31718;items
i31719;items
i31720;items
i31721;items
i31722;items
i31723;items
i31724;items
i31725;items
i31726;items
i31727;items
i31728;items
i31729;items
i31730;items
i31731;items
i31732;items
i31733;items
i31734;items
o2241;orders
i31735;items
i31736;items
i31737;items
i31738;items
i31739;items
i31740;items
i31741;items
i31742;items
i31743;items
i31744;items
i31745;items
i31746;items
i31747;items
i31748;items
i31749;items
i31750;items
i31751;items
i31752;items
i31753;items
i31754;items
i31755;items
i31756;items
i31757;items
i31758;items
i31759;items
i31760;items
i31761;items
i31762;items
i31763;items
i31764;items
o2242;orders
i31765;items
i31766;items
i31767;items
i31768;items
i31769;items
i31770;items
i31771;items
i31772;items
i31773;items
i31774;items
i31775;items
i31776;items
i31777;items
i31778;items
i31779;items
i31780;items
i31781;items
i31782;items
i31783;items
i31784;items
i31785;items
i31786;items
i31787;items
o2243;orders
i31788;items
i31789;items
i31790;items
i31791;items
i31792;items
i31793;items
i31794;items
i31795;items
i31796;items
i31797;items
i31798;items
i31799;items
i31800;items
i31801;items
i31802;items
i31803;items
i31804;items
i31805;items
i31806;items
i31807;items
i31808;items
i31809;items
i31810;items
i31811;items
i31812;items
i31813;items
i31814;items
i31815;items
i31816;items
o2244;orders
i31817;items
i31818;items
i31819;items
i31820;items
i31821;items
i31822;items
i31823;items
i31824;items
i31825;items
i31826;items
i31827;items
i31828;items
i31829;items
i31830;items
i31831;items
i31832;items
i31833;items
i31834;items
i31835;items
i31836;items
o2245;orders
i31837;items
i31838;items
i31839;items
i31840;items
i31841;items
i31842;items
i31843;items
i31844;items
i31845;items
i31846;items
i31847;items
i31848;items
i31849;items
i31850;items
i31851;items
i31852;items
i31853;items
i31854;items
i31855;items
i31856;items
i31857;items
i31858;items
i31859;items
i31860;items
o2246;orders
i31861;items
i31862;items
i31863;items
i31864;items
i31865;items
i31866;items
i31867;items
i31868;items
i31869;items
i31870;items
i31871;items
i31872;items
i31873;items
i31874;items
i31875;items
i31876;items
i31877;items
i31878;items
i31879;items
i31880;items
o2247;orders
i31881;items
i31882;items
i31883;items
i31884;items
i31885;items
i31886;items
i31887;items
i31888;items
i31889;items
i31890;items
i31891;items
i31892;items
i31893;items
i31894;items
i31895;items
i31896;items
i31897;items
i31898;items
i31899;items
i31900;items
i31901;items
o2248;orders
i31902;items
i31903;items
i31904;items
i31905;items
i31906;items
i31907;items
i31908;items
i31909;items
i31910;items
i31911;items
i31912;items
i31913;items
i31914;items
i31915;items
i31916;items
i31917;items
i31918;items
i31919;items
i31920;items
i31921;items
i31922;items
i31923;items
i31924;items
i31925;items
i31926;items
i31927;items
i31928;items
i31929;items
i31930;items
i31931;items
o2249;orders
i31932;items
i31933;items
i31934;items
i31935;items
i31936;items
i31937;items
i31938;items
i31939;items
i31940;items
i31941;items
i31942;items
i31943;items
i31944;items
i31945;items
i31946;items
i31947;items
i31948;items
i31949;items
i31950;items
i31951;items
i31952;items
i31953;items
i31954;items
i31955;items
i31956;items
i31957;items
i31958;items
i31959;items
i31960;items
i31961;items
i31962;items
i31963;items
i31964;items
i31965;items
o2250;orders
i31966;items
i31967;items
i31968;items
i31969;items
i31970;items
i31971;items
i31972;items
i31973;items
i31974;items
i31975;items
i31976;items
i31977;items
i31978;items
i31979;items
i31980;items
i31981;items
i31982;items
i31983;items
i31984;items
i31985;items
i31986;items
i31987;items
i31988;items
i31989;items
i31990;items
i31991;items
o2251;orders
i31992;items
i31993;items
i31994;items
i31995;items
i31996;items
i31997;items
i31998;items
i31999;items
i32000;items
i32001;items
i32002;items
i32003;items
i32004;items
i32005;items
i32006;items
i32007;items
i32008;items
i32009;items
i32010;items
i32011;items
i32012;items
i32013;items
i32014;items
i32015;items
i32016;items
i32017;items
i32018;items
i32019;items
i32020;items
i32021;items
i32022;items
i32023;items
o2252;orders
i32024;items
i32025;items
i32026;items
i32027;items
i32028;items
i32029;items
i32030;items
i32031;items
i32032;items
i32033;items
i32034;items
i32035;items
i32036;items
i32037;items
i32038;items
i32039;items
i32040;items
i32041;items
i32042;items
i32043;items
i32044;items
i32045;items
i32046;items
i32047;items
i32048;items
i32049;items
i32050;items
i32051;items
o2253;orders
i32052;items
i32053;items
i32054;items
i32055;items
i32056;items
i32057;items
i32058;items
i32059;items
i32060;items
i32061;items
i32062;items
i32063;items
i32064;items
i32065;items
i32066;items
i32067;items
i32068;items
i32069;items
i32070;items
o2254;orders
i32071;items
i32072;items
i32073;items
i32074;items
i32075;items
i32076;items
i32077;items
i32078;items
i32079;items
i32080;items
i32081;items
i32082;items
i32083;items
i32084;items
i32085;items
i32086;items
i32087;items
i32088;items
i32089;items
i32090;items
i32091;items
i32092;items
i32093;items
i32094;items
i32095;items
i32096;items
i32097;items
i32098;items
i32099;items
o2255;orders
i32100;items
i32101;items
i32102;items
i32103;items
i32104;items
i32105;items
i32106;items
i32107;items
i32108;items
i32109;items
i32110;items
i32111;items
i32112;items
i32113;items
i32114;items
i32115;items
o2256;orders
i32116;items
i32117;items
i32118;items
i32119;items
i32120;items
i32121;items
i32122;items
i32123;items
i32124;items
i32125;items
i32126;items
i32127;items
i32128;items
i32129;items
i32130;items
i32131;items
i32132;items
i32133;items
i32134;items
i32135;items
i32136;items
i32137;items
i32138;items
i32139;items
i32140;items
i32141;items
i32142;items
i32143;items
i32144;items
i32145;items
i32146;items
o2257;orders
i32147;items
i32148;items
i32149;items
i32150;items
i32151;items
i32152;items
i32153;items
i32154;items
i32155;items
i32156;items
i32157;items
i32158;items
i32159;items
i32160;items
i32161;items
i32162;items
i32163;items
i32164;items
i32165;items
i32166;items
i32167;items
i32168;items
o2258;orders
i32169;items
i32170;items
i32171;items
i32172;items
i32173;items
i32174;items
i32175;items
i32176;items
i32177;items
i32178;items
i32179;items
i32180;items
i32181;items
i32182;items
i32183;items
i32184;items
i32185;items
i32186;items
o2259;orders
i32187;items
i32188;items
i32189;items
i32190;items
i32191;items
i32192;items
i32193;items
i32194;items
i32195;items
i32196;items
i32197;items
i32198;items
i32199;items
i32200;items
i32201;items
i32202;items
i32203;items
i32204;items
i32205;items
i32206;items
i32207;items
i32208;items
i32209;items
i32210;items
i32211;items
i32212;items
i32213;items
o2260;orders
i32214;items
i32215;items
i32216;items
i32217;items
i32218;items
i32219;items
i32220;items
i32221;items
i32222;items
i32223;items
i32224;items
i32225;items
i32226;items
i32227;items
i32228;items
i32229;items
i32230;items
i32231;items
i32232;items
i32233;items
i32234;items
i32235;items
i32236;items
i32237;items
o2261;orders
i32238;items
i32239;items
i32240;items
i32241;items
i32242;items
i32243;items
i32244;items
i32245;items
i32246;items
i32247;items
i32248;items
i32249;items
i32250;items
i32251;items
i32252;items
i32253;items
i32254;items
i32255;items
o2262;orders
i32256;items
i32257;items
i32258;items
i32259;items
i32260;items
i32261;items
i32262;items
i32263;items
i32264;items
i32265;items
i32266;items
i32267;items
i32268;items
i32269;items
i32270;items
i32271;items
i32272;items
i32273;items
i32274;items
i32275;items
o2263;orders
i32276;items
i32277;items
i32278;items
i32279;items
i32280;items
i32281;items
i32282;items
i32283;items
i32284;items
i32285;items
i32286;items
i32287;items
i32288;items
i32289;items
i32290;items
i32291;items
i32292;items
i32293;items
i32294;items
i32295;items
i32296;items
i32297;items
i32298;items
i32299;items
i32300;items
i32301;items
i32302;items
i32303;items
i32304;items
i32305;items
o2264;orders
i32306;items
i32307;items
i32308;items
i32309;items
i32310;items
i32311;items
i32312;items
i32313;items
i32314;items
i32315;items
i32316;items
i32317;items
i32318;items
i32319;items
i32320;items
i32321;items
i32322;items
i32323;items
i32324;items
i32325;items
i32326;items
i32327;items
i32328;items
i32329;items
i32330;items
i32331;items
i32332;items
i32333;items
i32334;items
o2265;orders
i32335;items
i32336;items
i32337;items
i32338;items
i32339;items
i32340;items
i32341;items
i32342;items
i32343;items
i32344;items
i32345;items
i32346;items
i32347;items
i32348;items
i32349;items
i32350;items
i32351;items
i32352;items
i32353;items
i32354;items
i32355;items
i32356;items
i32357;items
i32358;items
i32359;items
i32360;items
i32361;items
i32362;items
o2266;orders
i32363;items
i32364;items
i32365;items
i32366;items
i32367;items
i32368;items
i32369;items
i32370;items
i32371;items
i32372;items
i32373;items
i32374;items
i32375;items
i32376;items
i32377;items
i32378;items
i32379;items
i32380;items
i32381;items
i32382;items
i32383;items
i32384;items
i32385;items
i32386;items
i32387;items
i32388;items
i32389;items
i32390;items
o2267;orders
i32391;items
i32392;items
i32393;items
i32394;items
i32395;items
i32396;items
i32397;items
i32398;items
i32399;items
i32400;items
i32401;items
i32402;items
i32403;items
i32404;items
i32405;items
i32406;items
i32407;items
i32408;items
i32409;items
i32410;items
i32411;items
i32412;items
i32413;items
i32414;items
i32415;items
i32416;items
i32417;items
i32418;items
i32419;items
o2268;orders
i32420;items
i32421;items
i32422;items
i32423;items
i32424;items
i32425;items
i32426;items
i32427;items
i32428;items
i32429;items
i32430;items
i32431;items
i32432;items
i32433;items
i32434;items
i32435;items
i32436;items
i32437;items
i32438;items
i32439;items
i32440;items
o2269;orders
i32441;items
i32442;items
i32443;items
i32444;items
i32445;items
i32446;items
i32447;items
i32448;items
i32449;items
i32450;items
i32451;items
i32452;items
i32453;items
i32454;items
i32455;items
i32456;items
i32457;items
i32458;items
i32459;items
i32460;items
i32461;items
i32462;items
i32463;items
i32464;items
i32465;items
i32466;items
i32467;items
o2270;orders
i32468;items
i32469;items
i32470;items
i32471;items
i32472;items
i32473;items
i32474;items
i32475;items
i32476;items
i32477;items
i32478;items
i32479;items
i32480;items
i32481;items
i32482;items
i32483;items
i32484;items
i32485;items
i32486;items
i32487;items
i32488;items
i32489;items
i32490;items
i32491;items
i32492;items
i32493;items
i32494;items
i32495;items
i32496;items
i32497;items
i32498;items
i32499;items
o2271;orders
i32500;items
i32501;items
i32502;items
i32503;items
i32504;items
i32505;items
i32506;items
i32507;items
i32508;items
i32509;items
i32510;items
i32511;items
i32512;items
i32513;items
i32514;items
i32515;items
i32516;items
i32517;items
i32518;items
i32519;items
i32520;items
i32521;items
i32522;items
i32523;items
i32524;items
i32525;items
i32526;items
i32527;items
i32528;items
i32529;items
i32530;items
i32531;items
i32532;items
i32533;items
o2272;orders
i32534;items
i32535;items
i32536;items
i32537;items
i32538;items
i32539;items
i32540;items
i32541;items
i32542;items
i32543;items
i32544;items
i32545;items
i32546;items
i32547;items
i32548;items
i32549;items
i32550;items
i32551;items
i32552;items
i32553;items
i32554;items
i32555;items
i32556;items
i32557;items
i32558;items
i32559;items
i32560;items
i32561;items
i32562;items
i32563;items
i32564;items
i32565;items
i32566;items
i32567;items
i32568;items
i32569;items
i32570;items
o2273;orders
i32571;items
i32572;items
i32573;items
i32574;items
i32575;items
i32576;items
i32577;items
i32578;items
i32579;items
i32580;items
i32581;items
i32582;items
i32583;items
i32584;items
i32585;items
i32586;items
i32587;items
i32588;items
i32589;items
i32590;items
i32591;items
i32592;items
i32593;items
i32594;items
i32595;items
i32596;items
i32597;items
i32598;items
o2274;orders
i32599;items
i32600;items
i32601;items
i32602;items
i32603;items
i32604;items
i32605;items
i32606;items
i32607;items
i32608;items
i32609;items
i32610;items
i32611;items
i32612;items
i32613;items
i32614;items
i32615;items
i32616;items
i32617;items
i32618;items
i32619;items
o2275;orders
i32620;items
i32621;items
i32622;items
i32623;items
i32624;items
i32625;items
i32626;items
i32627;items
i32628;items
i32629;items
i32630;items
i32631;items
i32632;items
i32633;items
i32634;items
i32635;items
i32636;items
i32637;items
i32638;items
i32639;items
i32640;items
i32641;items
o2276;orders
i32642;items
i32643;items
i32644;items
i32645;items
i32646;items
i32647;items
i32648;items
i32649;items
i32650;items
i32651;items
i32652;items
i32653;items
i32654;items
i32655;items
i32656;items
i32657;items
i32658;items
i32659;items
i32660;items
i32661;items
i32662;items
i32663;items
i32664;items
o2277;orders
i32665;items
i32666;items
i32667;items
i32668;items
i32669;items
i32670;items
i32671;items
i32672;items
i32673;items
i32674;items
i32675;items
i32676;items
i32677;items
i32678;items
i32679;items
i32680;items
i32681;items
i32682;items
i32683;items
i32684;items
i32685;items
i32686;items
i32687;items
i32688;items
i32689;items
i32690;items
i32691;items
i32692;items
i32693;items
i32694;items
o2278;orders
i32695;items
i32696;items
i32697;items
i32698;items
i32699;items
i32700;items
i32701;items
i32702;items
i32703;items
i32704;items
i32705;items
i32706;items
i32707;items
i32708;items
i32709;items
i32710;items
i32711;items
i32712;items
i32713;items
o2279;orders
i32714;items
i32715;items
i32716;items
i32717;items
i32718;items
i32719;items
i32720;items
i32721;items
i32722;items
i32723;items
i32724;items
i32725;items
i32726;items
i32727;items
i32728;items
i32729;items
i32730;items
i32731;items
i32732;items
i32733;items
i32734;items
i32735;items
i32736;items
i32737;items
o2280;orders
i32738;items
i32739;items
i32740;items
i32741;items
i32742;items
i32743;items
i32744;items
i32745;items
i32746;items
i32747;items
i32748;items
i32749;items
i32750;items
i32751;items
i32752;items
i32753;items
i32754;items
i32755;items
i32756;items
i32757;items
i32758;items
i32759;items
i32760;items
i32761;items
i32762;items
i32763;items
i32764;items
i32765;items
i32766;items
i32767;items
i32768;items
i32769;items
i32770;items
i32771;items
i32772;items
i32773;items
o2281;orders
i32774;items
i32775;items
i32776;items
i32777;items
i32778;items
i32779;items
i32780;items
i32781;items
i32782;items
i32783;items
i32784;items
i32785;items
i32786;items
i32787;items
i32788;items
i32789;items
i32790;items
i32791;items
i32792;items
i32793;items
i32794;items
i32795;items
i32796;items
i32797;items
i32798;items
i32799;items
i32800;items
o2282;orders
i32801;items
i32802;items
i32803;items
i32804;items
i32805;items
i32806;items
i32807;items
i32808;items
i32809;items
i32810;items
i32811;items
i32812;items
i32813;items
i32814;items
i32815;items
i32816;items
i32817;items
i32818;items
i32819;items
i32820;items
i32821;items
i32822;items
o2283;orders
i32823;items
i32824;items
i32825;items
i32826;items
i32827;items
i32828;items
i32829;items
i32830;items
i32831;items
i32832;items
i32833;items
i32834;items
i32835;items
i32836;items
i32837;items
i32838;items
i32839;items
i32840;items
i32841;items
i32842;items
i32843;items
o2284;orders
i32844;items
i32845;items
i32846;items
i32847;items
i32848;items
i32849;items
i32850;items
i32851;items
i32852;items
i32853;items
i32854;items
i32855;items
i32856;items
i32857;items
i32858;items
i32859;items
i32860;items
i32861;items
i32862;items
i32863;items
i32864;items
i32865;items
i32866;items
i32867;items
i32868;items
i32869;items
o2285;orders
i32870;items
i32871;items
i32872;items
i32873;items
i32874;items
i32875;items
i32876;items
i32877;items
i32878;items
i32879;items
i32880;items
i32881;items
i32882;items
i32883;items
i32884;items
i32885;items
i32886;items
i32887;items
i32888;items
i32889;items
i32890;items
i32891;items
i32892;items
i32893;items
i32894;items
i32895;items
o2286;orders
i32896;items
i32897;items
i32898;items
i32899;items
i32900;items
i32901;items
i32902;items
i32903;items
i32904;items
i32905;items
i32906;items
i32907;items
i32908;items
i32909;items
i32910;items
i32911;items
i32912;items
i32913;items
i32914;items
i32915;items
i32916;items
i32917;items
i32918;items
i32919;items
i32920;items
i32921;items
i32922;items
i32923;items
i32924;items
o2287;orders
i32925;items
i32926;items
i32927;items
i32928;items
i32929;items
i32930;items
i32931;items
i32932;items
i32933;items
i32934;items
i32935;items
i32936;items
i32937;items
i32938;items
i32939;items
i32940;items
i32941;items
i32942;items
i32943;items
i32944;items
i32945;items
i32946;items
o2288;orders
i32947;items
i32948;items
i32949;items
i32950;items
i32951;items
i32952;items
i32953;items
i32954;items
i32955;items
i32956;items
i32957;items
i32958;items
i32959;items
i32960;items
i32961;items
i32962;items
i32963;items
i32964;items
i32965;items
i32966;items
o2289;orders
i32967;items
i32968;items
i32969;items
i32970;items
i32971;items
i32972;items
i32973;items
i32974;items
i32975;items
i32976;items
i32977;items
i32978;items
i32979;items
i32980;items
i32981;items
i32982;items
i32983;items
i32984;items
i32985;items
i32986;items
i32987;items
i32988;items
i32989;items
i32990;items
i32991;items
i32992;items
i32993;items
o2290;orders
i32994;items
i32995;items
i32996;items
i32997;items
i32998;items
i32999;items
i33000;items
i33001;items
i33002;items
i33003;items
i33004;items
i33005;items
i33006;items
i33007;items
i33008;items
i33009;items
i33010;items
i33011;items
i33012;items
i33013;items
i33014;items
i33015;items
i33016;items
i33017;items
i33018;items
o2291;orders
i33019;items
i33020;items
i33021;items
i33022;items
i33023;items
i33024;items
i33025;items
i33026;items
i33027;items
i33028;items
i33029;items
i33030;items
i33031;items
i33032;items
i33033;items
i33034;items
i33035;items
i33036;items
i33037;items
i33038;items
i33039;items
i33040;items
i33041;items
o2292;orders
i33042;items
i33043;items
i33044;items
i33045;items
i33046;items
i33047;items
i33048;items
i33049;items
i33050;items
i33051;items
i33052;items
i33053;items
i33054;items
i33055;items
i33056;items
i33057;items
i33058;items
i33059;items
i33060;items
i33061;items
i33062;items
i33063;items
i33064;items
i33065;items
i33066;items
o2293;orders
i33067;items
i33068;items
i33069;items
i33070;items
i33071;items
i33072;items
i33073;items
i33074;items
i33075;items
i33076;items
i33077;items
i33078;items
i33079;items
i33080;items
i33081;items
i33082;items
i33083;items
i33084;items
i33085;items
i33086;items
i33087;items
i33088;items
i33089;items
i33090;items
i33091;items
i33092;items
i33093;items
i33094;items
o2294;orders
i33095;items
i33096;items
i33097;items
i33098;items
i33099;items
i33100;items
i33101;items
i33102;items
i33103;items
i33104;items
i33105;items
i33106;items
i33107;items
i33108;items
i33109;items
i33110;items
i33111;items
i33112;items
i33113;items
i33114;items
i33115;items
i33116;items
i33117;items
i33118;items
i33119;items
i33120;items
i33121;items
i33122;items
i33123;items
i33124;items
o2295;orders
i33125;items
i33126;items
i33127;items
i33128;items
i33129;items
i33130;items
i33131;items
i33132;items
i33133;items
i33134;items
i33135;items
i33136;items
i33137;items
i33138;items
i33139;items
i33140;items
i33141;items
i33142;items
i33143;items
i33144;items
i33145;items
i33146;items
i33147;items
i33148;items
i33149;items
i33150;items
i33151;items
i33152;items
o2296;orders
i33153;items
i33154;items
i33155;items
i33156;items
i33157;items
i33158;items
i33159;items
i33160;items
i33161;items
i33162;items
i33163;items
i33164;items
i33165;items
i33166;items
i33167;items
i33168;items
i33169;items
i33170;items
i33171;items
o2297;orders
i33172;items
i33173;items
i33174;items
i33175;items
i33176;items
i33177;items
i33178;items
i33179;items
i33180;items
i33181;items
i33182;items
i33183;items
i33184;items
i33185;items
i33186;items
i33187;items
i33188;items
i33189;items
i33190;items
i33191;items
i33192;items
i33193;items
i33194;items
i33195;items
i33196;items
i33197;items
i33198;items
o2298;orders
i33199;items
i33200;items
i33201;items
i33202;items
i33203;items
i33204;items
i33205;items
i33206;items
i33207;items
i33208;items
i33209;items
i33210;items
i33211;items
i33212;items
i33213;items
i33214;items
i33215;items
i33216;items
i33217;items
o2299;orders
i33218;items
i33219;items
i33220;items
i33221;items
i33222;items
i33223;items
i33224;items
i33225;items
i33226;items
i33227;items
i33228;items
i33229;items
i33230;items
i33231;items
i33232;items
i33233;items
i33234;items
i33235;items
i33236;items
i33237;items
i33238;items
i33239;items
i33240;items
i33241;items
i33242;items
i33243;items
o2300;orders
i33244;items
i33245;items
i33246;items
i33247;items
i33248;items
i33249;items
i33250;items
i33251;items
i33252;items
i33253;items
i33254;items
i33255;items
i33256;items
i33257;items
i33258;items
i33259;items
i33260;items
i33261;items
i33262;items
i33263;items
i33264;items
i33265;items
i33266;items
i33267;items
i33268;items
i33269;items
i33270;items
i33271;items
i33272;items
i33273;items
i33274;items
i33275;items
i33276;items
o2301;orders
i33277;items
i33278;items
i33279;items
i33280;items
i33281;items
i33282;items
i33283;items
i33284;items
i33285;items
i33286;items
i33287;items
i33288;items
i33289;items
i33290;items
i33291;items
i33292;items
i33293;items
i33294;items
i33295;items
i33296;items
i33297;items
i33298;items
i33299;items
i33300;items
i33301;items
i33302;items
i33303;items
i33304;items
i33305;items
o2302;orders
i33306;items
i33307;items
i33308;items
i33309;items
i33310;items
i33311;items
i33312;items
i33313;items
i33314;items
i33315;items
i33316;items
i33317;items
i33318;items
i33319;items
i33320;items
i33321;items
i33322;items
i33323;items
i33324;items
i33325;items
i33326;items
i33327;items
i33328;items
i33329;items
i33330;items
i33331;items
i33332;items
i33333;items
i33334;items
o2303;orders
i33335;items
i33336;items
i33337;items
i33338;items
i33339;items
i33340;items
i33341;items
i33342;items
i33343;items
i33344;items
i33345;items
i33346;items
i33347;items
i33348;items
i33349;items
i33350;items
i33351;items
i33352;items
i33353;items
i33354;items
i33355;items
i33356;items
i33357;items
i33358;items
i33359;items
i33360;items
i33361;items
o2304;orders
i33362;items
i33363;items
i33364;items
i33365;items
i33366;items
i33367;items
i33368;items
i33369;items
i33370;items
i33371;items
i33372;items
i33373;items
i33374;items
i33375;items
i33376;items
i33377;items
i33378;items
i33379;items
i33380;items
i33381;items
i33382;items
i33383;items
i33384;items
i33385;items
i33386;items
o2305;orders
i33387;items
i33388;items
i33389;items
i33390;items
i33391;items
i33392;items
i33393;items
i33394;items
i33395;items
i33396;items
i33397;items
i33398;items
i33399;items
i33400;items
i33401;items
i33402;items
i33403;items
i33404;items
i33405;items
i33406;items
i33407;items
i33408;items
i33409;items
i33410;items
i33411;items
i33412;items
i33413;items
i33414;items
o2306;orders
i33415;items
i33416;items
i33417;items
i33418;items
i33419;items
i33420;items
i33421;items
i33422;items
i33423;items
i33424;items
i33425;items
i33426;items
i33427;items
i33428;items
i33429;items
i33430;items
i33431;items
i33432;items
i33433;items
i33434;items
i33435;items
i33436;items
i33437;items
i33438;items
i33439;items
o2307;orders
i33440;items
i33441;items
i33442;items
i33443;items
i33444;items
i33445;items
i33446;items
i33447;items
i33448;items
i33449;items
i33450;items
i33451;items
i33452;items
i33453;items
i33454;items
i33455;items
i33456;items
i33457;items
i33458;items
i33459;items
i33460;items
i33461;items
i33462;items
i33463;items
i33464;items
i33465;items
i33466;items
o2308;orders
i33467;items
i33468;items
i33469;items
i33470;items
i33471;items
i33472;items
i33473;items
i33474;items
i33475;items
i33476;items
i33477;items
i33478;items
i33479;items
i33480;items
i33481;items
i33482;items
i33483;items
i33484;items
i33485;items
i33486;items
i33487;items
i33488;items
i33489;items
i33490;items
i33491;items
i33492;items
i33493;items
i33494;items
i33495;items
i33496;items
o2309;orders
i33497;items
i33498;items
i33499;items
i33500;items
i33501;items
i33502;items
i33503;items
i33504;items
i33505;items
i33506;items
i33507;items
i33508;items
i33509;items
i33510;items
i33511;items
i33512;items
i33513;items
i33514;items
i33515;items
i33516;items
i33517;items
i33518;items
i33519;items
i33520;items
i33521;items
i33522;items
o2310;orders
i33523;items
i33524;items
i33525;items
i33526;items
i33527;items
i33528;items
i33529;items
i33530;items
i33531;items
i33532;items
i33533;items
i33534;items
i33535;items
i33536;items
i33537;items
i33538;items
i33539;items
i33540;items
i33541;items
i33542;items
i33543;items
i33544;items
i33545;items
i33546;items
i33547;items
i33548;items
i33549;items
i33550;items
o2311;orders
i33551;items
i33552;items
i33553;items
i33554;items
i33555;items
i33556;items
i33557;items
i33558;items
i33559;items
i33560;items
i33561;items
i33562;items
i33563;items
i33564;items
i33565;items
i33566;items
i33567;items
i33568;items
i33569;items
i33570;items
i33571;items
i33572;items
i33573;items
i33574;items
i33575;items
i33576;items
i33577;items
o2312;orders
i33578;items
i33579;items
i33580;items
i33581;items
i33582;items
i33583;items
i33584;items
i33585;items
i33586;items
i33587;items
i33588;items
i33589;items
i33590;items
i33591;items
i33592;items
i33593;items
i33594;items
i33595;items
i33596;items
i33597;items
i33598;items
i33599;items
i33600;items
i33601;items
i33602;items
i33603;items
o2313;orders
i33604;items
i33605;items
i33606;items
i33607;items
i33608;items
i33609;items
i33610;items
i33611;items
i33612;items
i33613;items
i33614;items
i33615;items
i33616;items
i33617;items
i33618;items
i33619;items
i33620;items
i33621;items
i33622;items
i33623;items
i33624;items
i33625;items
i33626;items
i33627;items
i33628;items
i33629;items
i33630;items
i33631;items
i33632;items
i33633;items
o2314;orders
i33634;items
i33635;items
i33636;items
i33637;items
i33638;items
i33639;items
i33640;items
i33641;items
i33642;items
i33643;items
i33644;items
i33645;items
i33646;items
i33647;items
i33648;items
i33649;items
i33650;items
i33651;items
i33652;items
i33653;items
i33654;items
i33655;items
i33656;items
i33657;items
i33658;items
i33659;items
i33660;items
i33661;items
o2315;orders
i33662;items
i33663;items
i33664;items
i33665;items
i33666;items
i33667;items
i33668;items
i33669;items
i33670;items
i33671;items
i33672;items
i33673;items
i33674;items
i33675;items
i33676;items
i33677;items
i33678;items
i33679;items
i33680;items
i33681;items
i33682;items
i33683;items
i33684;items
i33685;items
i33686;items
i33687;items
i33688;items
i33689;items
i33690;items
i33691;items
i33692;items
o2316;orders
i33693;items
i33694;items
i33695;items
i33696;items
i33697;items
i33698;items
i33699;items
i33700;items
i33701;items
i33702;items
i33703;items
i33704;items
i33705;items
i33706;items
i33707;items
i33708;items
i33709;items
i33710;items
i33711;items
i33712;items
i33713;items
i33714;items
i33715;items
i33716;items
i33717;items
i33718;items
i33719;items
i33720;items
i33721;items
i33722;items
i33723;items
i33724;items
i33725;items
i33726;items
i33727;items
o2317;orders
i33728;items
i33729;items
i33730;items
i33731;items
i33732;items
i33733;items
i33734;items
i33735;items
i33736;items
i33737;items
i33738;items
i33739;items
i33740;items
i33741;items
i33742;items
i33743;items
i33744;items
i33745;items
i33746;items
i33747;items
i33748;items
i33749;items
i33750;items
i33751;items
i33752;items
i33753;items
i33754;items
i33755;items
i33756;items
i33757;items
i33758;items
i33759;items
o2318;orders
i33760;items
i33761;items
i33762;items
i33763;items
i33764;items
i33765;items
i33766;items
i33767;items
i33768;items
i33769;items
i33770;items
i33771;items
i33772;items
i33773;items
i33774;items
i33775;items
i33776;items
i33777;items
i33778;items
i33779;items
i33780;items
i33781;items
i33782;items
i33783;items
i33784;items
o2319;orders
i33785;items
i33786;items
i33787;items
i33788;items
i33789;items
i33790;items
i33791;items
i33792;items
i33793;items
i33794;items
i33795;items
i33796;items
i33797;items
i33798;items
i33799;items
i33800;items
i33801;items
i33802;items
i33803;items
i33804;items
i33805;items
i33806;items
i33807;items
i33808;items
i33809;items
i33810;items
i33811;items
o2320;orders
i33812;items
i33813;items
i33814;items
i33815;items
i33816;items
i33817;items
i33818;items
i33819;items
i33820;items
i33821;items
i33822;items
i33823;items
i33824;items
i33825;items
i33826;items
i33827;items
i33828;items
i33829;items
i33830;items
i33831;items
i33832;items
i33833;items
i33834;items
i33835;items
i33836;items
i33837;items
i33838;items
i33839;items
i33840;items
i33841;items
i33842;items
i33843;items
o2321;orders
i33844;items
i33845;items
i33846;items
i33847;items
i33848;items
i33849;items
i33850;items
i33851;items
i33852;items
i33853;items
i33854;items
i33855;items
i33856;items
i33857;items
i33858;items
i33859;items
i33860;items
i33861;items
i33862;items
i33863;items
i33864;items
i33865;items
i33866;items
i33867;items
i33868;items
i33869;items
i33870;items
i33871;items
i33872;items
i33873;items
o2322;orders
i33874;items
i33875;items
i33876;items
i33877;items
i33878;items
i33879;items
i33880;items
i33881;items
i33882;items
i33883;items
i33884;items
i33885;items
i33886;items
i33887;items
i33888;items
i33889;items
i33890;items
i33891;items
i33892;items
i33893;items
i33894;items
i33895;items
i33896;items
i33897;items
i33898;items
i33899;items
i33900;items
i33901;items
o2323;orders
i33902;items
i33903;items
i33904;items
i33905;items
i33906;items
i33907;items
i33908;items
i33909;items
i33910;items
i33911;items
i33912;items
i33913;items
i33914;items
i33915;items
i33916;items
i33917;items
i33918;items
i33919;items
i33920;items
i33921;items
i33922;items
i33923;items
i33924;items
i33925;items
i33926;items
i33927;items
i33928;items
i33929;items
i33930;items
i33931;items
i33932;items
i33933;items
i33934;items
i33935;items
i33936;items
o2324;orders
i33937;items
i33938;items
i33939;items
i33940;items
i33941;items
i33942;items
i33943;items
i33944;items
i33945;items
i33946;items
i33947;items
i33948;items
i33949;items
i33950;items
i33951;items
i33952;items
i33953;items
i33954;items
i33955;items
i33956;items
i33957;items
i33958;items
i33959;items
i33960;items
i33961;items
i33962;items
i33963;items
i33964;items
i33965;items
i33966;items
i33967;items
o2325;orders
i33968;items
i33969;items
i33970;items
i33971;items
i33972;items
i33973;items
i33974;items
i33975;items
i33976;items
i33977;items
i33978;items
i33979;items
i33980;items
i33981;items
i33982;items
i33983;items
i33984;items
i33985;items
i33986;items
i33987;items
o2326;orders
i33988;items
i33989;items
i33990;items
i33991;items
i33992;items
i33993;items
i33994;items
i33995;items
i33996;items
i33997;items
i33998;items
i33999;items
i34000;items
i34001;items
i34002;items
i34003;items
i34004;items
i34005;items
i34006;items
i34007;items
i34008;items
i34009;items
i34010;items
i34011;items
i34012;items
i34013;items
i34014;items
i34015;items
o2327;orders
i34016;items
i34017;items
i34018;items
i34019;items
i34020;items
i34021;items
i34022;items
i34023;items
i34024;items
i34025;items
i34026;items
i34027;items
i34028;items
i34029;items
i34030;items
i34031;items
i34032;items
i34033;items
i34034;items
i34035;items
i34036;items
i34037;items
i34038;items
i34039;items
i34040;items
i34041;items
i34042;items
o2328;orders
i34043;items
i34044;items
i34045;items
i34046;items
i34047;items
i34048;items
i34049;items
i34050;items
i34051;items
i34052;items
i34053;items
i34054;items
i34055;items
i34056;items
i34057;items
i34058;items
i34059;items
i34060;items
i34061;items
i34062;items
i34063;items
i34064;items
i34065;items
i34066;items
i34067;items
i34068;items
i34069;items
i34070;items
i34071;items
i34072;items
i34073;items
o2329;orders
i34074;items
i34075;items
i34076;items
i34077;items
i34078;items
i34079;items
i34080;items
i34081;items
i34082;items
i34083;items
i34084;items
i34085;items
i34086;items
i34087;items
i34088;items
i34089;items
i34090;items
i34091;items
i34092;items
i34093;items
i34094;items
i34095;items
i34096;items
i34097;items
o2330;orders
i34098;items
i34099;items
i34100;items
i34101;items
i34102;items
i34103;items
i34104;items
i34105;items
i34106;items
i34107;items
i34108;items
i34109;items
i34110;items
i34111;items
i34112;items
i34113;items
i34114;items
i34115;items
i34116;items
i34117;items
i34118;items
i34119;items
i34120;items
o2331;orders
i34121;items
i34122;items
i34123;items
i34124;items
i34125;items
i34126;items
i34127;items
i34128;items
i34129;items
i34130;items
i34131;items
i34132;items
i34133;items
i34134;items
i34135;items
i34136;items
i34137;items
i34138;items
i34139;items
i34140;items
i34141;items
i34142;items
i34143;items
i34144;items
i34145;items
i34146;items
i34147;items
i34148;items
i34149;items
i34150;items
i34151;items
i34152;items
i34153;items
i34154;items
i34155;items
o2332;orders
i34156;items
i34157;items
i34158;items
i34159;items
i34160;items
i34161;items
i34162;items
i34163;items
i34164;items
i34165;items
i34166;items
i34167;items
i34168;items
i34169;items
i34170;items
i34171;items
i34172;items
i34173;items
i34174;items
i34175;items
i34176;items
i34177;items
i34178;items
i34179;items
o2333;orders
i34180;items
i34181;items
i34182;items
i34183;items
i34184;items
i34185;items
i34186;items
i34187;items
i34188;items
i34189;items
i34190;items
i34191;items
i34192;items
i34193;items
i34194;items
i34195;items
i34196;items
i34197;items
i34198;items
i34199;items
o2334;orders
i34200;items
i34201;items
i34202;items
i34203;items
i34204;items
i34205;items
i34206;items
i34207;items
i34208;items
i34209;items
i34210;items
i34211;items
i34212;items
i34213;items
i34214;items
i34215;items
i34216;items
i34217;items
i34218;items
i34219;items
i34220;items
i34221;items
i34222;items
i34223;items
i34224;items
i34225;items
i34226;items
i34227;items
i34228;items
i34229;items
i34230;items
i34231;items
i34232;items
o2335;orders
i34233;items
i34234;items
i34235;items
i34236;items
i34237;items
i34238;items
i34239;items
i34240;items
i34241;items
i34242;items
i34243;items
i34244;items
i34245;items
i34246;items
i34247;items
i34248;items
i34249;items
i34250;items
i34251;items
i34252;items
i34253;items
i34254;items
i34255;items
i34256;items
i34257;items
i34258;items
i34259;items
i34260;items
i34261;items
i34262;items
i34263;items
i34264;items
o2336;orders
i34265;items
i34266;items
i34267;items
i34268;items
i34269;items
i34270;items
i34271;items
i34272;items
i34273;items
i34274;items
i34275;items
i34276;items
i34277;items
i34278;items
i34279;items
i34280;items
i34281;items
i34282;items
i34283;items
i34284;items
i34285;items
i34286;items
i34287;items
i34288;items
i34289;items
i34290;items
i34291;items
i34292;items
i34293;items
i34294;items
i34295;items
i34296;items
i34297;items
i34298;items
i34299;items
i34300;items
o2337;orders
i34301;items
i34302;items
i34303;items
i34304;items
i34305;items
i34306;items
i34307;items
i34308;items
i34309;items
i34310;items
i34311;items
i34312;items
i34313;items
i34314;items
i34315;items
i34316;items
i34317;items
i34318;items
i34319;items
i34320;items
i34321;items
i34322;items
i34323;items
i34324;items
i34325;items
o2338;orders
i34326;items
i34327;items
i34328;items
i34329;items
i34330;items
i34331;items
i34332;items
i34333;items
i34334;items
i34335;items
i34336;items
i34337;items
i34338;items
i34339;items
i34340;items
i34341;items
i34342;items
i34343;items
i34344;items
i34345;items
i34346;items
i34347;items
i34348;items
i34349;items
i34350;items
o2339;orders
i34351;items
i34352;items
i34353;items
i34354;items
i34355;items
i34356;items
i34357;items
i34358;items
i34359;items
i34360;items
i34361;items
i34362;items
i34363;items
i34364;items
i34365;items
i34366;items
i34367;items
i34368;items
i34369;items
i34370;items
i34371;items
i34372;items
i34373;items
i34374;items
i34375;items
i34376;items
i34377;items
i34378;items
i34379;items
i34380;items
o2340;orders
i34381;items
i34382;items
i34383;items
i34384;items
i34385;items
i34386;items
i34387;items
i34388;items
i34389;items
i34390;items
i34391;items
i34392;items
i34393;items
i34394;items
i34395;items
i34396;items
i34397;items
i34398;items
i34399;items
i34400;items
i34401;items
i34402;items
i34403;items
i34404;items
i34405;items
i34406;items
i34407;items
i34408;items
o2341;orders
i34409;items
i34410;items
i34411;items
i34412;items
i34413;items
i34414;items
i34415;items
i34416;items
i34417;items
i34418;items
i34419;items
i34420;items
i34421;items
i34422;items
i34423;items
i34424;items
i34425;items
i34426;items
i34427;items
i34428;items
i34429;items
i34430;items
i34431;items
i34432;items
i34433;items
i34434;items
i34435;items
i34436;items
i34437;items
i34438;items
o2342;orders
i34439;items
i34440;items
i34441;items
i34442;items
i34443;items
i34444;items
i34445;items
i34446;items
i34447;items
i34448;items
i34449;items
i34450;items
i34451;items
i34452;items
i34453;items
i34454;items
i34455;items
i34456;items
i34457;items
i34458;items
i34459;items
i34460;items
i34461;items
i34462;items
i34463;items
i34464;items
i34465;items
i34466;items
i34467;items
i34468;items
i34469;items
o2343;orders
i34470;items
i34471;items
i34472;items
i34473;items
i34474;items
i34475;items
i34476;items
i34477;items
i34478;items
i34479;items
i34480;items
i34481;items
i34482;items
i34483;items
i34484;items
i34485;items
i34486;items
i34487;items
i34488;items
i34489;items
i34490;items
i34491;items
i34492;items
i34493;items
o2344;orders
i34494;items
i34495;items
i34496;items
i34497;items
i34498;items
i34499;items
i34500;items
i34501;items
i34502;items
i34503;items
i34504;items
i34505;items
i34506;items
i34507;items
i34508;items
i34509;items
i34510;items
i34511;items
i34512;items
i34513;items
i34514;items
i34515;items
i34516;items
i34517;items
i34518;items
o2345;orders
i34519;items
i34520;items
i34521;items
i34522;items
i34523;items
i34524;items
i34525;items
i34526;items
i34527;items
i34528;items
i34529;items
i34530;items
i34531;items
i34532;items
i34533;items
i34534;items
i34535;items
i34536;items
i34537;items
i34538;items
o2346;orders
i34539;items
i34540;items
i34541;items
i34542;items
i34543;items
i34544;items
i34545;items
i34546;items
i34547;items
i34548;items
i34549;items
i34550;items
i34551;items
i34552;items
i34553;items
i34554;items
i34555;items
i34556;items
i34557;items
i34558;items
i34559;items
i34560;items
i34561;items
i34562;items
i34563;items
i34564;items
i34565;items
i34566;items
i34567;items
i34568;items
o2347;orders
i34569;items
i34570;items
i34571;items
i34572;items
i34573;items
i34574;items
i34575;items
i34576;items
i34577;items
i34578;items
i34579;items
i34580;items
i34581;items
i34582;items
i34583;items
i34584;items
o2348;orders
i34585;items
i34586;items
i34587;items
i34588;items
i34589;items
i34590;items
i34591;items
i34592;items
i34593;items
i34594;items
i34595;items
i34596;items
i34597;items
i34598;items
i34599;items
i34600;items
i34601;items
i34602;items
i34603;items
i34604;items
i34605;items
i34606;items
o2349;orders
i34607;items
i34608;items
i34609;items
i34610;items
i34611;items
i34612;items
i34613;items
i34614;items
i34615;items
i34616;items
i34617;items
i34618;items
i34619;items
i34620;items
i34621;items
i34622;items
i34623;items
i34624;items
i34625;items
i34626;items
i34627;items
i34628;items
i34629;items
i34630;items
i34631;items
o2350;orders
i34632;items
i34633;items
i34634;items
i34635;items
i34636;items
i34637;items
i34638;items
i34639;items
i34640;items
i34641;items
i34642;items
i34643;items
i34644;items
i34645;items
i34646;items
i34647;items
i34648;items
i34649;items
i34650;items
i34651;items
i34652;items
i34653;items
i34654;items
i34655;items
i34656;items
o2351;orders
i34657;items
i34658;items
i34659;items
i34660;items
i34661;items
i34662;items
i34663;items
i34664;items
i34665;items
i34666;items
i34667;items
i34668;items
i34669;items
i34670;items
i34671;items
i34672;items
i34673;items
i34674;items
i34675;items
i34676;items
i34677;items
i34678;items
i34679;items
i34680;items
i34681;items
i34682;items
i34683;items
i34684;items
i34685;items
i34686;items
i34687;items
i34688;items
i34689;items
i34690;items
o2352;orders
i34691;items
i34692;items
i34693;items
i34694;items
i34695;items
i34696;items
i34697;items
i34698;items
i34699;items
i34700;items
i34701;items
i34702;items
i34703;items
i34704;items
i34705;items
i34706;items
i34707;items
i34708;items
i34709;items
o2353;orders
i34710;items
i34711;items
i34712;items
i34713;items
i34714;items
i34715;items
i34716;items
i34717;items
i34718;items
i34719;items
i34720;items
i34721;items
i34722;items
i34723;items
i34724;items
i34725;items
i34726;items
i34727;items
i34728;items
i34729;items
i34730;items
i34731;items
i34732;items
i34733;items
i34734;items
i34735;items
i34736;items
o2354;orders
i34737;items
i34738;items
i34739;items
i34740;items
i34741;items
i34742;items
i34743;items
i34744;items
i34745;items
i34746;items
i34747;items
i34748;items
i34749;items
i34750;items
i34751;items
i34752;items
i34753;items
i34754;items
i34755;items
i34756;items
i34757;items
i34758;items
o2355;orders
i34759;items
i34760;items
i34761;items
i34762;items
i34763;items
i34764;items
i34765;items
i34766;items
i34767;items
i34768;items
i34769;items
i34770;items
i34771;items
i34772;items
i34773;items
i34774;items
i34775;items
i34776;items
i34777;items
i34778;items
o2356;orders
i34779;items
i34780;items
i34781;items
i34782;items
i34783;items
i34784;items
i34785;items
i34786;items
i34787;items
i34788;items
i34789;items
i34790;items
i34791;items
i34792;items
i34793;items
i34794;items
i34795;items
i34796;items
i34797;items
i34798;items
i34799;items
o2357;orders
i34800;items
i34801;items
i34802;items
i34803;items
i34804;items
i34805;items
i34806;items
i34807;items
i34808;items
i34809;items
i34810;items
i34811;items
i34812;items
i34813;items
i34814;items
i34815;items
i34816;items
i34817;items
i34818;items
i34819;items
i34820;items
i34821;items
i34822;items
i34823;items
i34824;items
i34825;items
i34826;items
i34827;items
o2358;orders
i34828;items
i34829;items
i34830;items
i34831;items
i34832;items
i34833;items
i34834;items
i34835;items
i34836;items
i34837;items
i34838;items
i34839;items
i34840;items
i34841;items
i34842;items
i34843;items
i34844;items
i34845;items
i34846;items
i34847;items
i34848;items
i34849;items
i34850;items
i34851;items
i34852;items
i34853;items
o2359;orders
i34854;items
i34855;items
i34856;items
i34857;items
i34858;items
i34859;items
i34860;items
i34861;items
i34862;items
i34863;items
i34864;items
i34865;items
i34866;items
i34867;items
i34868;items
i34869;items
i34870;items
i34871;items
i34872;items
i34873;items
i34874;items
i34875;items
i34876;items
i34877;items
i34878;items
i34879;items
i34880;items
o2360;orders
i34881;items
i34882;items
i34883;items
i34884;items
i34885;items
i34886;items
i34887;items
i34888;items
i34889;items
i34890;items
i34891;items
i34892;items
i34893;items
i34894;items
i34895;items
i34896;items
i34897;items
i34898;items
i34899;items
i34900;items
i34901;items
i34902;items
i34903;items
o2361;orders
i34904;items
i34905;items
i34906;items
i34907;items
i34908;items
i34909;items
i34910;items
i34911;items
i34912;items
i34913;items
i34914;items
i34915;items
i34916;items
i34917;items
i34918;items
i34919;items
i34920;items
i34921;items
o2362;orders
i34922;items
i34923;items
i34924;items
i34925;items
i34926;items
i34927;items
i34928;items
i34929;items
i34930;items
i34931;items
i34932;items
i34933;items
i34934;items
i34935;items
i34936;items
i34937;items
i34938;items
i34939;items
i34940;items
i34941;items
i34942;items
i34943;items
i34944;items
i34945;items
i34946;items
i34947;items
i34948;items
i34949;items
o2363;orders
i34950;items
i34951;items
i34952;items
i34953;items
i34954;items
i34955;items
i34956;items
i34957;items
i34958;items
i34959;items
i34960;items
i34961;items
i34962;items
i34963;items
i34964;items
i34965;items
i34966;items
i34967;items
i34968;items
i34969;items
i34970;items
i34971;items
i34972;items
o2364;orders
i34973;items
i34974;items
i34975;items
i34976;items
i34977;items
i34978;items
i34979;items
i34980;items
i34981;items
i34982;items
i34983;items
i34984;items
i34985;items
i34986;items
i34987;items
i34988;items
i34989;items
i34990;items
i34991;items
i34992;items
i34993;items
i34994;items
i34995;items
i34996;items
i34997;items
i34998;items
i34999;items
i35000;items
i35001;items
i35002;items
i35003;items
i35004;items
i35005;items
i35006;items
o2365;orders
i35007;items
i35008;items
i35009;items
i35010;items
i35011;items
i35012;items
i35013;items
i35014;items
i35015;items
i35016;items
i35017;items
i35018;items
i35019;items
i35020;items
i35021;items
i35022;items
i35023;items
i35024;items
o2366;orders
i35025;items
i35026;items
i35027;items
i35028;items
i35029;items
i35030;items
i35031;items
i35032;items
i35033;items
i35034;items
i35035;items
i35036;items
i35037;items
i35038;items
i35039;items
i35040;items
i35041;items
i35042;items
i35043;items
i35044;items
i35045;items
i35046;items
i35047;items
o2367;orders
i35048;items
i35049;items
i35050;items
i35051;items
i35052;items
i35053;items
i35054;items
i35055;items
i35056;items
i35057;items
i35058;items
i35059;items
i35060;items
i35061;items
i35062;items
i35063;items
i35064;items
i35065;items
i35066;items
i35067;items
i35068;items
i35069;items
i35070;items
i35071;items
i35072;items
i35073;items
i35074;items
i35075;items
o2368;orders
i35076;items
i35077;items
i35078;items
i35079;items
i35080;items
i35081;items
i35082;items
i35083;items
i35084;items
i35085;items
i35086;items
i35087;items
i35088;items
i35089;items
i35090;items
i35091;items
i35092;items
i35093;items
i35094;items
i35095;items
i35096;items
i35097;items
i35098;items
i35099;items
i35100;items
i35101;items
i35102;items
i35103;items
i35104;items
o2369;orders
i35105;items
i35106;items
i35107;items
i35108;items
i35109;items
i35110;items
i35111;items
i35112;items
i35113;items
i35114;items
i35115;items
i35116;items
i35117;items
i35118;items
i35119;items
i35120;items
i35121;items
i35122;items
i35123;items
i35124;items
i35125;items
i35126;items
i35127;items
o2370;orders
i35128;items
i35129;items
i35130;items
i35131;items
i35132;items
i35133;items
i35134;items
i35135;items
i35136;items
i35137;items
i35138;items
i35139;items
i35140;items
i35141;items
i35142;items
i35143;items
i35144;items
i35145;items
i35146;items
i35147;items
i35148;items
i35149;items
i35150;items
i35151;items
i35152;items
o2371;orders
i35153;items
i35154;items
i35155;items
i35156;items
i35157;items
i35158;items
i35159;items
i35160;items
i35161;items
i35162;items
i35163;items
i35164;items
i35165;items
i35166;items
i35167;items
i35168;items
i35169;items
i35170;items
i35171;items
i35172;items
i35173;items
i35174;items
i35175;items
i35176;items
i35177;items
i35178;items
i35179;items
o2372;orders
i35180;items
i35181;items
i35182;items
i35183;items
i35184;items
i35185;items
i35186;items
i35187;items
i35188;items
i35189;items
i35190;items
i35191;items
i35192;items
i35193;items
i35194;items
i35195;items
i35196;items
i35197;items
i35198;items
i35199;items
i35200;items
i35201;items
i35202;items
i35203;items
i35204;items
i35205;items
i35206;items
o2373;orders
i35207;items
i35208;items
i35209;items
i35210;items
i35211;items
i35212;items
i35213;items
i35214;items
i35215;items
i35216;items
i35217;items
i35218;items
i35219;items
i35220;items
i35221;items
i35222;items
i35223;items
i35224;items
i35225;items
i35226;items
i35227;items
i35228;items
i35229;items
i35230;items
o2374;orders
i35231;items
i35232;items
i35233;items
i35234;items
i35235;items
i35236;items
i35237;items
i35238;items
i35239;items
i35240;items
i35241;items
i35242;items
i35243;items
i35244;items
i35245;items
i35246;items
i35247;items
i35248;items
i35249;items
i35250;items
i35251;items
o2375;orders
i35252;items
i35253;items
i35254;items
i35255;items
i35256;items
i35257;items
i35258;items
i35259;items
i35260;items
i35261;items
i35262;items
i35263;items
i35264;items
i35265;items
i35266;items
i35267;items
o2376;orders
i35268;items
i35269;items
i35270;items
i35271;items
i35272;items
i35273;items
i35274;items
i35275;items
i35276;items
i35277;items
i35278;items
i35279;items
i35280;items
i35281;items
i35282;items
i35283;items
i35284;items
i35285;items
i35286;items
o2377;orders
i35287;items
i35288;items
i35289;items
i35290;items
i35291;items
i35292;items
i35293;items
i35294;items
i35295;items
i35296;items
i35297;items
i35298;items
i35299;items
i35300;items
i35301;items
i35302;items
i35303;items
i35304;items
i35305;items
i35306;items
o2378;orders
i35307;items
i35308;items
i35309;items
i35310;items
i35311;items
i35312;items
i35313;items
i35314;items
i35315;items
i35316;items
i35317;items
i35318;items
i35319;items
i35320;items
i35321;items
i35322;items
i35323;items
i35324;items
i35325;items
i35326;items
i35327;items
i35328;items
i35329;items
i35330;items
i35331;items
o2379;orders
i35332;items
i35333;items
i35334;items
i35335;items
i35336;items
i35337;items
i35338;items
i35339;items
i35340;items
i35341;items
i35342;items
i35343;items
i35344;items
i35345;items
i35346;items
i35347;items
i35348;items
o2380;orders
i35349;items
i35350;items
i35351;items
i35352;items
i35353;items
i35354;items
i35355;items
i35356;items
i35357;items
i35358;items
i35359;items
i35360;items
i35361;items
i35362;items
i35363;items
i35364;items
i35365;items
i35366;items
i35367;items
i35368;items
i35369;items
i35370;items
i35371;items
i35372;items
i35373;items
i35374;items
i35375;items
i35376;items
i35377;items
i35378;items
i35379;items
o2381;orders
i35380;items
i35381;items
i35382;items
i35383;items
i35384;items
i35385;items
i35386;items
i35387;items
i35388;items
i35389;items
i35390;items
i35391;items
i35392;items
i35393;items
i35394;items
i35395;items
i35396;items
i35397;items
i35398;items
i35399;items
i35400;items
i35401;items
i35402;items
i35403;items
i35404;items
o2382;orders
i35405;items
i35406;items
i35407;items
i35408;items
i35409;items
i35410;items
i35411;items
i35412;items
i35413;items
i35414;items
i35415;items
i35416;items
i35417;items
i35418;items
i35419;items
i35420;items
i35421;items
i35422;items
i35423;items
i35424;items
i35425;items
i35426;items
i35427;items
i35428;items
i35429;items
i35430;items
i35431;items
i35432;items
i35433;items
i35434;items
i35435;items
i35436;items
i35437;items
i35438;items
i35439;items
i35440;items
i35441;items
i35442;items
o2383;orders
i35443;items
i35444;items
i35445;items
i35446;items
i35447;items
i35448;items
i35449;items
i35450;items
i35451;items
i35452;items
i35453;items
i35454;items
i35455;items
i35456;items
i35457;items
i35458;items
i35459;items
i35460;items
i35461;items
i35462;items
i35463;items
i35464;items
i35465;items
i35466;items
i35467;items
i35468;items
i35469;items
i35470;items
o2384;orders
i35471;items
i35472;items
i35473;items
i35474;items
i35475;items
i35476;items
i35477;items
i35478;items
i35479;items
i35480;items
i35481;items
i35482;items
i35483;items
i35484;items
i35485;items
i35486;items
i35487;items
i35488;items
i35489;items
i35490;items
i35491;items
i35492;items
i35493;items
i35494;items
i35495;items
i35496;items
i35497;items
i35498;items
i35499;items
i35500;items
i35501;items
o2385;orders
i35502;items
i35503;items
i35504;items
i35505;items
i35506;items
i35507;items
i35508;items
i35509;items
i35510;items
i35511;items
i35512;items
i35513;items
i35514;items
i35515;items
i35516;items
i35517;items
i35518;items
i35519;items
i35520;items
i35521;items
i35522;items
i35523;items
i35524;items
i35525;items
i35526;items
i35527;items
i35528;items
o2386;orders
i35529;items
i35530;items
i35531;items
i35532;items
i35533;items
i35534;items
i35535;items
i35536;items
i35537;items
i35538;items
i35539;items
i35540;items
i35541;items
i35542;items
i35543;items
i35544;items
i35545;items
i35546;items
i35547;items
i35548;items
i35549;items
i35550;items
i35551;items
i35552;items
i35553;items
i35554;items
o2387;orders
i35555;items
i35556;items
i35557;items
i35558;items
i35559;items
i35560;items
i35561;items
i35562;items
i35563;items
i35564;items
i35565;items
i35566;items
i35567;items
i35568;items
i35569;items
i35570;items
i35571;items
i35572;items
i35573;items
i35574;items
i35575;items
o2388;orders
i35576;items
i35577;items
i35578;items
i35579;items
i35580;items
i35581;items
i35582;items
i35583;items
i35584;items
i35585;items
i35586;items
i35587;items
i35588;items
i35589;items
i35590;items
i35591;items
i35592;items
i35593;items
i35594;items
i35595;items
i35596;items
i35597;items
i35598;items
i35599;items
i35600;items
i35601;items
i35602;items
i35603;items
i35604;items
i35605;items
o2389;orders
i35606;items
i35607;items
i35608;items
i35609;items
i35610;items
i35611;items
i35612;items
i35613;items
i35614;items
i35615;items
i35616;items
i35617;items
i35618;items
i35619;items
i35620;items
i35621;items
i35622;items
i35623;items
i35624;items
i35625;items
i35626;items
i35627;items
i35628;items
i35629;items
i35630;items
i35631;items
i35632;items
i35633;items
i35634;items
i35635;items
i35636;items
i35637;items
i35638;items
i35639;items
o2390;orders
i35640;items
i35641;items
i35642;items
i35643;items
i35644;items
i35645;items
i35646;items
i35647;items
i35648;items
i35649;items
i35650;items
i35651;items
i35652;items
i35653;items
o2391;orders
i35654;items
i35655;items
i35656;items
i35657;items
i35658;items
i35659;items
i35660;items
i35661;items
i35662;items
i35663;items
i35664;items
i35665;items
i35666;items
i35667;items
i35668;items
i35669;items
i35670;items
i35671;items
i35672;items
i35673;items
i35674;items
i35675;items
o2392;orders
i35676;items
i35677;items
i35678;items
i35679;items
i35680;items
i35681;items
i35682;items
i35683;items
i35684;items
i35685;items
i35686;items
i35687;items
i35688;items
i35689;items
i35690;items
i35691;items
i35692;items
i35693;items
i35694;items
i35695;items
i35696;items
i35697;items
o2393;orders
i35698;items
i35699;items
i35700;items
i35701;items
i35702;items
i35703;items
i35704;items
i35705;items
i35706;items
i35707;items
i35708;items
i35709;items
i35710;items
i35711;items
i35712;items
i35713;items
i35714;items
i35715;items
i35716;items
i35717;items
i35718;items
i35719;items
i35720;items
i35721;items
i35722;items
i35723;items
i35724;items
i35725;items
i35726;items
i35727;items
i35728;items
i35729;items
i35730;items
i35731;items
i35732;items
o2394;orders
i35733;items
i35734;items
i35735;items
i35736;items
i35737;items
i35738;items
i35739;items
i35740;items
i35741;items
i35742;items
i35743;items
i35744;items
i35745;items
i35746;items
i35747;items
i35748;items
i35749;items
i35750;items
i35751;items
i35752;items
i35753;items
i35754;items
i35755;items
i35756;items
i35757;items
o2395;orders
i35758;items
i35759;items
i35760;items
i35761;items
i35762;items
i35763;items
i35764;items
i35765;items
i35766;items
i35767;items
i35768;items
i35769;items
i35770;items
i35771;items
i35772;items
i35773;items
i35774;items
i35775;items
i35776;items
i35777;items
i35778;items
o2396;orders
i35779;items
i35780;items
i35781;items
i35782;items
i35783;items
i35784;items
i35785;items
i35786;items
i35787;items
i35788;items
i35789;items
i35790;items
i35791;items
i35792;items
i35793;items
i35794;items
i35795;items
i35796;items
i35797;items
i35798;items
i35799;items
i35800;items
i35801;items
i35802;items
i35803;items
i35804;items
i35805;items
i35806;items
i35807;items
i35808;items
i35809;items
i35810;items
i35811;items
i35812;items
i35813;items
i35814;items
o2397;orders
i35815;items
i35816;items
i35817;items
i35818;items
i35819;items
i35820;items
i35821;items
i35822;items
i35823;items
i35824;items
i35825;items
i35826;items
i35827;items
i35828;items
i35829;items
i35830;items
i35831;items
i35832;items
i35833;items
i35834;items
i35835;items
i35836;items
i35837;items
i35838;items
i35839;items
i35840;items
i35841;items
i35842;items
i35843;items
i35844;items
i35845;items
i35846;items
i35847;items
o2398;orders
i35848;items
i35849;items
i35850;items
i35851;items
i35852;items
i35853;items
i35854;items
i35855;items
i35856;items
i35857;items
i35858;items
i35859;items
i35860;items
i35861;items
i35862;items
i35863;items
i35864;items
i35865;items
i35866;items
i35867;items
i35868;items
i35869;items
o2399;orders
i35870;items
i35871;items
i35872;items
i35873;items
i35874;items
i35875;items
i35876;items
i35877;items
i35878;items
i35879;items
i35880;items
i35881;items
i35882;items
i35883;items
i35884;items
i35885;items
i35886;items
i35887;items
i35888;items
i35889;items
i35890;items
i35891;items
i35892;items
i35893;items
i35894;items
i35895;items
i35896;items
i35897;items
i35898;items
i35899;items
i35900;items
o2400;orders
i35901;items
i35902;items
i35903;items
i35904;items
i35905;items
i35906;items
i35907;items
i35908;items
i35909;items
i35910;items
i35911;items
i35912;items
i35913;items
i35914;items
i35915;items
i35916;items
i35917;items
i35918;items
i35919;items
i35920;items
i35921;items
i35922;items
i35923;items
i35924;items
i35925;items
i35926;items
i35927;items
i35928;items
i35929;items
i35930;items
o2401;orders
i35931;items
i35932;items
i35933;items
i35934;items
i35935;items
i35936;items
i35937;items
i35938;items
i35939;items
i35940;items
i35941;items
i35942;items
i35943;items
i35944;items
i35945;items
i35946;items
i35947;items
i35948;items
i35949;items
i35950;items
o2402;orders
i35951;items
i35952;items
i35953;items
i35954;items
i35955;items
i35956;items
i35957;items
i35958;items
i35959;items
i35960;items
i35961;items
i35962;items
i35963;items
i35964;items
i35965;items
i35966;items
i35967;items
i35968;items
i35969;items
i35970;items
i35971;items
i35972;items
o2403;orders
i35973;items
i35974;items
i35975;items
i35976;items
i35977;items
i35978;items
i35979;items
i35980;items
i35981;items
i35982;items
i35983;items
i35984;items
i35985;items
i35986;items
i35987;items
i35988;items
i35989;items
i35990;items
i35991;items
i35992;items
i35993;items
i35994;items
i35995;items
i35996;items
i35997;items
i35998;items
i35999;items
i36000;items
i36001;items
i36002;items
o2404;orders
i36003;items
i36004;items
i36005;items
i36006;items
i36007;items
i36008;items
i36009;items
i36010;items
i36011;items
i36012;items
i36013;items
i36014;items
i36015;items
i36016;items
i36017;items
i36018;items
i36019;items
i36020;items
i36021;items
i36022;items
i36023;items
i36024;items
i36025;items
i36026;items
i36027;items
i36028;items
i36029;items
i36030;items
i36031;items
i36032;items
i36033;items
i36034;items
i36035;items
i36036;items
i36037;items
i36038;items
i36039;items
i36040;items
i36041;items
i36042;items
i36043;items
o2405;orders
i36044;items
i36045;items
i36046;items
i36047;items
i36048;items
i36049;items
i36050;items
i36051;items
i36052;items
i36053;items
i36054;items
i36055;items
i36056;items
i36057;items
i36058;items
i36059;items
i36060;items
i36061;items
i36062;items
i36063;items
i36064;items
i36065;items
i36066;items
i36067;items
i36068;items
i36069;items
i36070;items
i36071;items
i36072;items
i36073;items
i36074;items
o2406;orders
i36075;items
i36076;items
i36077;items
i36078;items
i36079;items
i36080;items
i36081;items
i36082;items
i36083;items
i36084;items
i36085;items
i36086;items
i36087;items
i36088;items
i36089;items
i36090;items
i36091;items
i36092;items
i36093;items
i36094;items
i36095;items
i36096;items
i36097;items
i36098;items
i36099;items
i36100;items
i36101;items
o2407;orders
i36102;items
i36103;items
i36104;items
i36105;items
i36106;items
i36107;items
i36108;items
i36109;items
i36110;items
i36111;items
i36112;items
i36113;items
i36114;items
i36115;items
i36116;items
i36117;items
i36118;items
i36119;items
i36120;items
i36121;items
i36122;items
i36123;items
i36124;items
i36125;items
i36126;items
i36127;items
i36128;items
o2408;orders
i36129;items
i36130;items
i36131;items
i36132;items
i36133;items
i36134;items
i36135;items
i36136;items
i36137;items
i36138;items
i36139;items
i36140;items
i36141;items
i36142;items
i36143;items
i36144;items
i36145;items
i36146;items
i36147;items
i36148;items
i36149;items
i36150;items
i36151;items
i36152;items
i36153;items
i36154;items
i36155;items
i36156;items
o2409;orders
i36157;items
i36158;items
i36159;items
i36160;items
i36161;items
i36162;items
i36163;items
i36164;items
i36165;items
i36166;items
i36167;items
i36168;items
i36169;items
i36170;items
i36171;items
i36172;items
i36173;items
i36174;items
i36175;items
i36176;items
i36177;items
o2410;orders
i36178;items
i36179;items
i36180;items
i36181;items
i36182;items
i36183;items
i36184;items
i36185;items
i36186;items
i36187;items
i36188;items
i36189;items
i36190;items
i36191;items
i36192;items
i36193;items
i36194;items
i36195;items
i36196;items
i36197;items
i36198;items
i36199;items
i36200;items
i36201;items
i36202;items
i36203;items
i36204;items
i36205;items
i36206;items
i36207;items
i36208;items
i36209;items
i36210;items
i36211;items
i36212;items
i36213;items
i36214;items
i36215;items
i36216;items
o2411;orders
i36217;items
i36218;items
i36219;items
i36220;items
i36221;items
i36222;items
i36223;items
i36224;items
i36225;items
i36226;items
i36227;items
i36228;items
i36229;items
i36230;items
i36231;items
i36232;items
i36233;items
i36234;items
i36235;items
i36236;items
i36237;items
i36238;items
i36239;items
i36240;items
i36241;items
i36242;items
i36243;items
i36244;items
i36245;items
i36246;items
i36247;items
i36248;items
i36249;items
i36250;items
o2412;orders
i36251;items
i36252;items
i36253;items
i36254;items
i36255;items
i36256;items
i36257;items
i36258;items
i36259;items
i36260;items
i36261;items
i36262;items
i36263;items
i36264;items
i36265;items
i36266;items
i36267;items
i36268;items
i36269;items
i36270;items
i36271;items
i36272;items
i36273;items
i36274;items
i36275;items
i36276;items
i36277;items
i36278;items
i36279;items
i36280;items
i36281;items
i36282;items
i36283;items
i36284;items
i36285;items
i36286;items
o2413;orders
i36287;items
i36288;items
i36289;items
i36290;items
i36291;items
i36292;items
i36293;items
i36294;items
i36295;items
i36296;items
i36297;items
i36298;items
i36299;items
i36300;items
i36301;items
i36302;items
i36303;items
i36304;items
i36305;items
i36306;items
i36307;items
i36308;items
i36309;items
i36310;items
i36311;items
o2414;orders
i36312;items
i36313;items
i36314;items
i36315;items
i36316;items
i36317;items
i36318;items
i36319;items
i36320;items
i36321;items
i36322;items
i36323;items
i36324;items
i36325;items
i36326;items
i36327;items
i36328;items
i36329;items
i36330;items
i36331;items
i36332;items
i36333;items
i36334;items
i36335;items
i36336;items
i36337;items
i36338;items
o2415;orders
i36339;items
i36340;items
i36341;items
i36342;items
i36343;items
i36344;items
i36345;items
i36346;items
i36347;items
i36348;items
i36349;items
i36350;items
i36351;items
i36352;items
i36353;items
i36354;items
i36355;items
i36356;items
i36357;items
i36358;items
i36359;items
i36360;items
i36361;items
i36362;items
i36363;items
i36364;items
i36365;items
i36366;items
i36367;items
o2416;orders
i36368;items
i36369;items
i36370;items
i36371;items
i36372;items
i36373;items
i36374;items
i36375;items
i36376;items
i36377;items
i36378;items
i36379;items
i36380;items
i36381;items
i36382;items
i36383;items
i36384;items
i36385;items
i36386;items
i36387;items
i36388;items
o2417;orders
i36389;items
i36390;items
i36391;items
i36392;items
i36393;items
i36394;items
i36395;items
i36396;items
i36397;items
i36398;items
i36399;items
i36400;items
i36401;items
i36402;items
i36403;items
i36404;items
i36405;items
i36406;items
i36407;items
i36408;items
i36409;items
i36410;items
i36411;items
i36412;items
i36413;items
i36414;items
i36415;items
i36416;items
i36417;items
i36418;items
o2418;orders
i36419;items
i36420;items
i36421;items
i36422;items
i36423;items
i36424;items
i36425;items
i36426;items
i36427;items
i36428;items
i36429;items
i36430;items
i36431;items
i36432;items
i36433;items
i36434;items
i36435;items
i36436;items
i36437;items
i36438;items
i36439;items
i36440;items
i36441;items
i36442;items
i36443;items
i36444;items
i36445;items
i36446;items
o2419;orders
i36447;items
i36448;items
i36449;items
i36450;items
i36451;items
i36452;items
i36453;items
i36454;items
i36455;items
i36456;items
i36457;items
i36458;items
i36459;items
i36460;items
i36461;items
i36462;items
i36463;items
i36464;items
i36465;items
i36466;items
i36467;items
i36468;items
i36469;items
o2420;orders
i36470;items
i36471;items
i36472;items
i36473;items
i36474;items
i36475;items
i36476;items
i36477;items
i36478;items
i36479;items
i36480;items
i36481;items
i36482;items
i36483;items
i36484;items
i36485;items
i36486;items
i36487;items
i36488;items
i36489;items
i36490;items
i36491;items
i36492;items
i36493;items
i36494;items
i36495;items
i36496;items
i36497;items
i36498;items
i36499;items
o2421;orders
i36500;items
i36501;items
i36502;items
i36503;items
i36504;items
i36505;items
i36506;items
i36507;items
i36508;items
i36509;items
i36510;items
i36511;items
i36512;items
i36513;items
i36514;items
i36515;items
i36516;items
i36517;items
i36518;items
i36519;items
i36520;items
i36521;items
i36522;items
i36523;items
i36524;items
i36525;items
i36526;items
i36527;items
i36528;items
i36529;items
i36530;items
i36531;items
i36532;items
i36533;items
i36534;items
o2422;orders
i36535;items
i36536;items
i36537;items
i36538;items
i36539;items
i36540;items
i36541;items
i36542;items
i36543;items
i36544;items
i36545;items
i36546;items
i36547;items
i36548;items
i36549;items
i36550;items
i36551;items
i36552;items
i36553;items
i36554;items
i36555;items
i36556;items
i36557;items
i36558;items
i36559;items
o2423;orders
i36560;items
i36561;items
i36562;items
i36563;items
i36564;items
i36565;items
i36566;items
i36567;items
i36568;items
i36569;items
i36570;items
i36571;items
i36572;items
i36573;items
i36574;items
i36575;items
i36576;items
i36577;items
i36578;items
i36579;items
i36580;items
i36581;items
i36582;items
i36583;items
i36584;items
i36585;items
o2424;orders
i36586;items
i36587;items
i36588;items
i36589;items
i36590;items
i36591;items
i36592;items
i36593;items
i36594;items
i36595;items
i36596;items
i36597;items
i36598;items
i36599;items
i36600;items
i36601;items
i36602;items
i36603;items
i36604;items
i36605;items
i36606;items
i36607;items
o2425;orders
i36608;items
i36609;items
i36610;items
i36611;items
i36612;items
i36613;items
i36614;items
i36615;items
i36616;items
i36617;items
i36618;items
i36619;items
i36620;items
i36621;items
i36622;items
i36623;items
i36624;items
i36625;items
i36626;items
i36627;items
i36628;items
i36629;items
i36630;items
i36631;items
i36632;items
i36633;items
i36634;items
i36635;items
i36636;items
o2426;orders
i36637;items
i36638;items
i36639;items
i36640;items
i36641;items
i36642;items
i36643;items
i36644;items
i36645;items
i36646;items
i36647;items
i36648;items
i36649;items
i36650;items
i36651;items
i36652;items
i36653;items
i36654;items
i36655;items
i36656;items
i36657;items
i36658;items
i36659;items
i36660;items
i36661;items
i36662;items
i36663;items
i36664;items
i36665;items
i36666;items
i36667;items
i36668;items
i36669;items
i36670;items
i36671;items
i36672;items
i36673;items
i36674;items
i36675;items
i36676;items
i36677;items
o2427;orders
i36678;items
i36679;items
i36680;items
i36681;items
i36682;items
i36683;items
i36684;items
i36685;items
i36686;items
i36687;items
i36688;items
i36689;items
i36690;items
i36691;items
i36692;items
i36693;items
i36694;items
i36695;items
i36696;items
i36697;items
i36698;items
i36699;items
i36700;items
i36701;items
i36702;items
i36703;items
i36704;items
i36705;items
i36706;items
i36707;items
i36708;items
o2428;orders
i36709;items
i36710;items
i36711;items
i36712;items
i36713;items
i36714;items
i36715;items
i36716;items
i36717;items
i36718;items
i36719;items
i36720;items
i36721;items
i36722;items
i36723;items
i36724;items
i36725;items
i36726;items
i36727;items
i36728;items
i36729;items
i36730;items
i36731;items
i36732;items
o2429;orders
i36733;items
i36734;items
i36735;items
i36736;items
i36737;items
i36738;items
i36739;items
i36740;items
i36741;items
i36742;items
i36743;items
i36744;items
i36745;items
i36746;items
i36747;items
i36748;items
i36749;items
i36750;items
i36751;items
i36752;items
i36753;items
i36754;items
i36755;items
i36756;items
i36757;items
i36758;items
i36759;items
i36760;items
i36761;items
o2430;orders
i36762;items
i36763;items
i36764;items
i36765;items
i36766;items
i36767;items
i36768;items
i36769;items
i36770;items
i36771;items
i36772;items
i36773;items
i36774;items
i36775;items
i36776;items
i36777;items
i36778;items
i36779;items
i36780;items
i36781;items
i36782;items
i36783;items
i36784;items
i36785;items
i36786;items
i36787;items
i36788;items
i36789;items
o2431;orders
i36790;items
i36791;items
i36792;items
i36793;items
i36794;items
i36795;items
i36796;items
i36797;items
i36798;items
i36799;items
i36800;items
i36801;items
i36802;items
i36803;items
i36804;items
i36805;items
i36806;items
i36807;items
i36808;items
i36809;items
i36810;items
i36811;items
i36812;items
i36813;items
o2432;orders
i36814;items
i36815;items
i36816;items
i36817;items
i36818;items
i36819;items
i36820;items
i36821;items
i36822;items
i36823;items
i36824;items
i36825;items
i36826;items
i36827;items
i36828;items
i36829;items
i36830;items
i36831;items
i36832;items
i36833;items
i36834;items
i36835;items
i36836;items
i36837;items
i36838;items
i36839;items
i36840;items
i36841;items
i36842;items
i36843;items
i36844;items
o2433;orders
i36845;items
i36846;items
i36847;items
i36848;items
i36849;items
i36850;items
i36851;items
i36852;items
i36853;items
i36854;items
i36855;items
i36856;items
i36857;items
i36858;items
i36859;items
i36860;items
i36861;items
i36862;items
i36863;items
i36864;items
i36865;items
i36866;items
i36867;items
i36868;items
i36869;items
i36870;items
i36871;items
i36872;items
i36873;items
o2434;orders
i36874;items
i36875;items
i36876;items
i36877;items
i36878;items
i36879;items
i36880;items
i36881;items
i36882;items
i36883;items
i36884;items
i36885;items
i36886;items
i36887;items
i36888;items
i36889;items
i36890;items
i36891;items
i36892;items
i36893;items
i36894;items
o2435;orders
i36895;items
i36896;items
i36897;items
i36898;items
i36899;items
i36900;items
i36901;items
i36902;items
i36903;items
i36904;items
i36905;items
i36906;items
i36907;items
i36908;items
i36909;items
i36910;items
i36911;items
i36912;items
i36913;items
i36914;items
i36915;items
i36916;items
i36917;items
i36918;items
i36919;items
i36920;items
i36921;items
i36922;items
i36923;items
i36924;items
i36925;items
i36926;items
i36927;items
i36928;items
i36929;items
i36930;items
i36931;items
o2436;orders
i36932;items
i36933;items
i36934;items
i36935;items
i36936;items
i36937;items
i36938;items
i36939;items
i36940;items
i36941;items
i36942;items
i36943;items
i36944;items
i36945;items
i36946;items
i36947;items
i36948;items
i36949;items
i36950;items
i36951;items
i36952;items
i36953;items
i36954;items
i36955;items
i36956;items
i36957;items
i36958;items
i36959;items
i36960;items
i36961;items
i36962;items
i36963;items
i36964;items
i36965;items
i36966;items
o2437;orders
i36967;items
i36968;items
i36969;items
i36970;items
i36971;items
i36972;items
i36973;items
i36974;items
i36975;items
i36976;items
i36977;items
i36978;items
i36979;items
i36980;items
i36981;items
i36982;items
i36983;items
i36984;items
i36985;items
i36986;items
i36987;items
i36988;items
i36989;items
o2438;orders
i36990;items
i36991;items
i36992;items
i36993;items
i36994;items
i36995;items
i36996;items
i36997;items
i36998;items
i36999;items
i37000;items
i37001;items
i37002;items
i37003;items
i37004;items
i37005;items
i37006;items
i37007;items
i37008;items
i37009;items
i37010;items
i37011;items
i37012;items
i37013;items
i37014;items
i37015;items
i37016;items
i37017;items
i37018;items
i37019;items
i37020;items
i37021;items
i37022;items
i37023;items
i37024;items
i37025;items
i37026;items
i37027;items
o2439;orders
i37028;items
i37029;items
i37030;items
i37031;items
i37032;items
i37033;items
i37034;items
i37035;items
i37036;items
i37037;items
i37038;items
i37039;items
i37040;items
i37041;items
i37042;items
i37043;items
i37044;items
i37045;items
i37046;items
i37047;items
o2440;orders
i37048;items
i37049;items
i37050;items
i37051;items
i37052;items
i37053;items
i37054;items
i37055;items
i37056;items
i37057;items
i37058;items
i37059;items
i37060;items
i37061;items
i37062;items
i37063;items
i37064;items
i37065;items
i37066;items
i37067;items
i37068;items
i37069;items
o2441;orders
i37070;items
i37071;items
i37072;items
i37073;items
i37074;items
i37075;items
i37076;items
i37077;items
i37078;items
i37079;items
i37080;items
i37081;items
i37082;items
i37083;items
i37084;items
i37085;items
i37086;items
i37087;items
i37088;items
i37089;items
i37090;items
i37091;items
i37092;items
o2442;orders
i37093;items
i37094;items
i37095;items
i37096;items
i37097;items
i37098;items
i37099;items
i37100;items
i37101;items
i37102;items
i37103;items
i37104;items
i37105;items
i37106;items
i37107;items
i37108;items
i37109;items
i37110;items
i37111;items
i37112;items
i37113;items
i37114;items
i37115;items
o2443;orders
i37116;items
i37117;items
i37118;items
i37119;items
i37120;items
i37121;items
i37122;items
i37123;items
i37124;items
i37125;items
i37126;items
i37127;items
i37128;items
i37129;items
i37130;items
i37131;items
i37132;items
i37133;items
i37134;items
o2444;orders
i37135;items
i37136;items
i37137;items
i37138;items
i37139;items
i37140;items
i37141;items
i37142;items
i37143;items
i37144;items
i37145;items
i37146;items
i37147;items
i37148;items
i37149;items
i37150;items
i37151;items
i37152;items
i37153;items
o2445;orders
i37154;items
i37155;items
i37156;items
i37157;items
i37158;items
i37159;items
i37160;items
i37161;items
i37162;items
i37163;items
i37164;items
i37165;items
i37166;items
i37167;items
i37168;items
i37169;items
i37170;items
i37171;items
i37172;items
i37173;items
i37174;items
i37175;items
i37176;items
i37177;items
i37178;items
i37179;items
i37180;items
o2446;orders
i37181;items
i37182;items
i37183;items
i37184;items
i37185;items
i37186;items
i37187;items
i37188;items
i37189;items
i37190;items
i37191;items
i37192;items
i37193;items
i37194;items
i37195;items
i37196;items
i37197;items
i37198;items
i37199;items
i37200;items
o2447;orders
i37201;items
i37202;items
i37203;items
i37204;items
i37205;items
i37206;items
i37207;items
i37208;items
i37209;items
i37210;items
i37211;items
i37212;items
i37213;items
i37214;items
i37215;items
i37216;items
i37217;items
i37218;items
i37219;items
i37220;items
i37221;items
i37222;items
i37223;items
i37224;items
i37225;items
i37226;items
i37227;items
i37228;items
i37229;items
o2448;orders
i37230;items
i37231;items
i37232;items
i37233;items
i37234;items
i37235;items
i37236;items
i37237;items
i37238;items
i37239;items
i37240;items
i37241;items
i37242;items
i37243;items
i37244;items
i37245;items
i37246;items
i37247;items
i37248;items
i37249;items
i37250;items
i37251;items
i37252;items
i37253;items
i37254;items
i37255;items
i37256;items
i37257;items
o2449;orders
i37258;items
i37259;items
i37260;items
i37261;items
i37262;items
i37263;items
i37264;items
i37265;items
i37266;items
i37267;items
i37268;items
i37269;items
i37270;items
i37271;items
i37272;items
o2450;orders
i37273;items
i37274;items
i37275;items
i37276;items
i37277;items
i37278;items
i37279;items
i37280;items
i37281;items
i37282;items
i37283;items
i37284;items
i37285;items
i37286;items
i37287;items
i37288;items
i37289;items
i37290;items
i37291;items
i37292;items
i37293;items
i37294;items
i37295;items
i37296;items
i37297;items
i37298;items
i37299;items
i37300;items
i37301;items
i37302;items
o2451;orders
i37303;items
i37304;items
i37305;items
i37306;items
i37307;items
i37308;items
i37309;items
i37310;items
i37311;items
i37312;items
i37313;items
i37314;items
i37315;items
i37316;items
i37317;items
i37318;items
i37319;items
i37320;items
i37321;items
i37322;items
i37323;items
i37324;items
i37325;items
o2452;orders
i37326;items
i37327;items
i37328;items
i37329;items
i37330;items
i37331;items
i37332;items
i37333;items
i37334;items
i37335;items
i37336;items
i37337;items
i37338;items
i37339;items
i37340;items
i37341;items
i37342;items
i37343;items
i37344;items
i37345;items
i37346;items
o2453;orders
i37347;items
i37348;items
i37349;items
i37350;items
i37351;items
i37352;items
i37353;items
i37354;items
i37355;items
i37356;items
i37357;items
i37358;items
i37359;items
i37360;items
i37361;items
i37362;items
i37363;items
i37364;items
i37365;items
i37366;items
i37367;items
i37368;items
i37369;items
i37370;items
i37371;items
i37372;items
i37373;items
i37374;items
i37375;items
o2454;orders
i37376;items
i37377;items
i37378;items
i37379;items
i37380;items
i37381;items
i37382;items
i37383;items
i37384;items
i37385;items
i37386;items
i37387;items
i37388;items
i37389;items
i37390;items
i37391;items
i37392;items
i37393;items
i37394;items
i37395;items
i37396;items
i37397;items
i37398;items
i37399;items
i37400;items
i37401;items
i37402;items
i37403;items
i37404;items
i37405;items
o2455;orders
i37406;items
i37407;items
i37408;items
i37409;items
i37410;items
i37411;items
i37412;items
i37413;items
i37414;items
i37415;items
i37416;items
i37417;items
i37418;items
i37419;items
i37420;items
i37421;items
i37422;items
i37423;items
i37424;items
i37425;items
i37426;items
i37427;items
i37428;items
i37429;items
i37430;items
o2456;orders
i37431;items
i37432;items
i37433;items
i37434;items
i37435;items
i37436;items
i37437;items
i37438;items
i37439;items
i37440;items
i37441;items
i37442;items
i37443;items
i37444;items
i37445;items
i37446;items
i37447;items
i37448;items
i37449;items
i37450;items
i37451;items
o2457;orders
i37452;items
i37453;items
i37454;items
i37455;items
i37456;items
i37457;items
i37458;items
i37459;items
i37460;items
i37461;items
i37462;items
i37463;items
i37464;items
i37465;items
i37466;items
i37467;items
i37468;items
i37469;items
i37470;items
i37471;items
i37472;items
i37473;items
i37474;items
i37475;items
i37476;items
i37477;items
i37478;items
i37479;items
i37480;items
o2458;orders
i37481;items
i37482;items
i37483;items
i37484;items
i37485;items
i37486;items
i37487;items
i37488;items
i37489;items
i37490;items
i37491;items
i37492;items
i37493;items
i37494;items
i37495;items
i37496;items
i37497;items
i37498;items
i37499;items
i37500;items
i37501;items
i37502;items
i37503;items
i37504;items
i37505;items
i37506;items
i37507;items
i37508;items
i37509;items
i37510;items
i37511;items
i37512;items
i37513;items
i37514;items
i37515;items
i37516;items
i37517;items
o2459;orders
i37518;items
i37519;items
i37520;items
i37521;items
i37522;items
i37523;items
i37524;items
i37525;items
i37526;items
i37527;items
i37528;items
i37529;items
i37530;items
i37531;items
i37532;items
i37533;items
i37534;items
i37535;items
i37536;items
i37537;items
i37538;items
i37539;items
i37540;items
i37541;items
i37542;items
i37543;items
i37544;items
i37545;items
i37546;items
i37547;items
i37548;items
o2460;orders
i37549;items
i37550;items
i37551;items
i37552;items
i37553;items
i37554;items
i37555;items
i37556;items
i37557;items
i37558;items
i37559;items
i37560;items
i37561;items
i37562;items
i37563;items
i37564;items
i37565;items
i37566;items
i37567;items
i37568;items
i37569;items
i37570;items
i37571;items
i37572;items
i37573;items
i37574;items
i37575;items
i37576;items
i37577;items
i37578;items
o2461;orders
i37579;items
i37580;items
i37581;items
i37582;items
i37583;items
i37584;items
i37585;items
i37586;items
i37587;items
i37588;items
i37589;items
i37590;items
i37591;items
i37592;items
i37593;items
i37594;items
i37595;items
i37596;items
i37597;items
i37598;items
i37599;items
i37600;items
i37601;items
i37602;items
i37603;items
i37604;items
o2462;orders
i37605;items
i37606;items
i37607;items
i37608;items
i37609;items
i37610;items
i37611;items
i37612;items
i37613;items
i37614;items
i37615;items
i37616;items
i37617;items
i37618;items
i37619;items
i37620;items
i37621;items
i37622;items
i37623;items
i37624;items
i37625;items
i37626;items
i37627;items
i37628;items
i37629;items
o2463;orders
i37630;items
i37631;items
i37632;items
i37633;items
i37634;items
i37635;items
i37636;items
i37637;items
i37638;items
i37639;items
i37640;items
i37641;items
i37642;items
i37643;items
i37644;items
i37645;items
i37646;items
i37647;items
i37648;items
i37649;items
o2464;orders
i37650;items
i37651;items
i37652;items
i37653;items
i37654;items
i37655;items
i37656;items
i37657;items
i37658;items
i37659;items
i37660;items
i37661;items
i37662;items
i37663;items
i37664;items
i37665;items
i37666;items
i37667;items
i37668;items
i37669;items
i37670;items
i37671;items
i37672;items
i37673;items
o2465;orders
i37674;items
i37675;items
i37676;items
i37677;items
i37678;items
i37679;items
i37680;items
i37681;items
i37682;items
i37683;items
i37684;items
i37685;items
i37686;items
i37687;items
i37688;items
i37689;items
i37690;items
i37691;items
i37692;items
i37693;items
i37694;items
i37695;items
i37696;items
i37697;items
i37698;items
i37699;items
o2466;orders
i37700;items
i37701;items
i37702;items
i37703;items
i37704;items
i37705;items
i37706;items
i37707;items
i37708;items
i37709;items
i37710;items
i37711;items
i37712;items
i37713;items
i37714;items
i37715;items
i37716;items
i37717;items
i37718;items
i37719;items
i37720;items
i37721;items
i37722;items
i37723;items
i37724;items
i37725;items
i37726;items
i37727;items
i37728;items
o2467;orders
i37729;items
i37730;items
i37731;items
i37732;items
i37733;items
i37734;items
i37735;items
i37736;items
i37737;items
i37738;items
i37739;items
i37740;items
i37741;items
i37742;items
i37743;items
i37744;items
i37745;items
i37746;items
i37747;items
i37748;items
i37749;items
i37750;items
i37751;items
i37752;items
i37753;items
o2468;orders
i37754;items
i37755;items
i37756;items
i37757;items
i37758;items
i37759;items
i37760;items
i37761;items
i37762;items
i37763;items
i37764;items
i37765;items
i37766;items
i37767;items
i37768;items
i37769;items
i37770;items
i37771;items
i37772;items
i37773;items
i37774;items
i37775;items
i37776;items
i37777;items
i37778;items
i37779;items
i37780;items
i37781;items
o2469;orders
i37782;items
i37783;items
i37784;items
i37785;items
i37786;items
i37787;items
i37788;items
i37789;items
i37790;items
i37791;items
i37792;items
i37793;items
i37794;items
i37795;items
i37796;items
i37797;items
i37798;items
i37799;items
i37800;items
i37801;items
i37802;items
i37803;items
i37804;items
i37805;items
o2470;orders
i37806;items
i37807;items
i37808;items
i37809;items
i37810;items
i37811;items
i37812;items
i37813;items
i37814;items
i37815;items
i37816;items
i37817;items
i37818;items
i37819;items
i37820;items
i37821;items
i37822;items
i37823;items
i37824;items
i37825;items
i37826;items
i37827;items
i37828;items
o2471;orders
i37829;items
i37830;items
i37831;items
i37832;items
i37833;items
i37834;items
i37835;items
i37836;items
i37837;items
i37838;items
i37839;items
i37840;items
i37841;items
i37842;items
i37843;items
i37844;items
i37845;items
i37846;items
i37847;items
i37848;items
i37849;items
i37850;items
i37851;items
i37852;items
i37853;items
i37854;items
i37855;items
i37856;items
o2472;orders
i37857;items
i37858;items
i37859;items
i37860;items
i37861;items
i37862;items
i37863;items
i37864;items
i37865;items
i37866;items
i37867;items
i37868;items
i37869;items
i37870;items
i37871;items
i37872;items
i37873;items
i37874;items
i37875;items
i37876;items
i37877;items
i37878;items
i37879;items
i37880;items
i37881;items
i37882;items
i37883;items
i37884;items
i37885;items
o2473;orders
i37886;items
i37887;items
i37888;items
i37889;items
i37890;items
i37891;items
i37892;items
i37893;items
i37894;items
i37895;items
i37896;items
i37897;items
i37898;items
i37899;items
i37900;items
i37901;items
i37902;items
i37903;items
i37904;items
i37905;items
i37906;items
i37907;items
i37908;items
i37909;items
i37910;items
i37911;items
i37912;items
i37913;items
i37914;items
o2474;orders
i37915;items
i37916;items
i37917;items
i37918;items
i37919;items
i37920;items
i37921;items
i37922;items
i37923;items
i37924;items
i37925;items
i37926;items
i37927;items
i37928;items
i37929;items
i37930;items
i37931;items
i37932;items
i37933;items
i37934;items
i37935;items
i37936;items
i37937;items
i37938;items
i37939;items
i37940;items
i37941;items
i37942;items
i37943;items
i37944;items
o2475;orders
i37945;items
i37946;items
i37947;items
i37948;items
i37949;items
i37950;items
i37951;items
i37952;items
i37953;items
i37954;items
i37955;items
i37956;items
i37957;items
i37958;items
i37959;items
i37960;items
i37961;items
i37962;items
i37963;items
i37964;items
i37965;items
i37966;items
i37967;items
i37968;items
i37969;items
i37970;items
i37971;items
i37972;items
i37973;items
i37974;items
i37975;items
i37976;items
o2476;orders
i37977;items
i37978;items
i37979;items
i37980;items
i37981;items
i37982;items
i37983;items
i37984;items
i37985;items
i37986;items
i37987;items
i37988;items
i37989;items
i37990;items
i37991;items
i37992;items
i37993;items
i37994;items
i37995;items
i37996;items
i37997;items
i37998;items
i37999;items
i38000;items
i38001;items
o2477;orders
i38002;items
i38003;items
i38004;items
i38005;items
i38006;items
i38007;items
i38008;items
i38009;items
i38010;items
i38011;items
i38012;items
i38013;items
i38014;items
i38015;items
i38016;items
i38017;items
i38018;items
i38019;items
i38020;items
i38021;items
i38022;items
i38023;items
i38024;items
i38025;items
i38026;items
i38027;items
i38028;items
i38029;items
i38030;items
i38031;items
i38032;items
i38033;items
i38034;items
o2478;orders
i38035;items
i38036;items
i38037;items
i38038;items
i38039;items
i38040;items
i38041;items
i38042;items
i38043;items
i38044;items
i38045;items
i38046;items
i38047;items
i38048;items
i38049;items
i38050;items
i38051;items
i38052;items
i38053;items
i38054;items
i38055;items
i38056;items
i38057;items
i38058;items
i38059;items
i38060;items
i38061;items
i38062;items
o2479;orders
i38063;items
i38064;items
i38065;items
i38066;items
i38067;items
i38068;items
i38069;items
i38070;items
i38071;items
i38072;items
i38073;items
i38074;items
i38075;items
i38076;items
i38077;items
i38078;items
i38079;items
i38080;items
i38081;items
i38082;items
i38083;items
i38084;items
i38085;items
i38086;items
i38087;items
i38088;items
o2480;orders
i38089;items
i38090;items
i38091;items
i38092;items
i38093;items
i38094;items
i38095;items
i38096;items
i38097;items
i38098;items
i38099;items
i38100;items
i38101;items
i38102;items
i38103;items
i38104;items
i38105;items
i38106;items
i38107;items
i38108;items
i38109;items
i38110;items
i38111;items
i38112;items
i38113;items
i38114;items
i38115;items
i38116;items
o2481;orders
i38117;items
i38118;items
i38119;items
i38120;items
i38121;items
i38122;items
i38123;items
i38124;items
i38125;items
i38126;items
i38127;items
i38128;items
i38129;items
i38130;items
i38131;items
i38132;items
i38133;items
i38134;items
i38135;items
i38136;items
i38137;items
i38138;items
i38139;items
i38140;items
i38141;items
i38142;items
i38143;items
i38144;items
i38145;items
i38146;items
i38147;items
i38148;items
i38149;items
i38150;items
i38151;items
i38152;items
i38153;items
o2482;orders
i38154;items
i38155;items
i38156;items
i38157;items
i38158;items
i38159;items
i38160;items
i38161;items
i38162;items
i38163;items
i38164;items
i38165;items
i38166;items
i38167;items
i38168;items
i38169;items
i38170;items
i38171;items
i38172;items
i38173;items
i38174;items
i38175;items
i38176;items
i38177;items
i38178;items
i38179;items
i38180;items
i38181;items
i38182;items
i38183;items
i38184;items
o2483;orders
i38185;items
i38186;items
i38187;items
i38188;items
i38189;items
i38190;items
i38191;items
i38192;items
i38193;items
i38194;items
i38195;items
i38196;items
i38197;items
i38198;items
i38199;items
i38200;items
i38201;items
i38202;items
i38203;items
i38204;items
i38205;items
i38206;items
i38207;items
i38208;items
i38209;items
i38210;items
i38211;items
i38212;items
i38213;items
i38214;items
i38215;items
i38216;items
o2484;orders
i38217;items
i38218;items
i38219;items
i38220;items
i38221;items
i38222;items
i38223;items
i38224;items
i38225;items
i38226;items
i38227;items
i38228;items
i38229;items
i38230;items
i38231;items
i38232;items
i38233;items
i38234;items
i38235;items
i38236;items
i38237;items
i38238;items
i38239;items
i38240;items
i38241;items
i38242;items
i38243;items
i38244;items
i38245;items
i38246;items
i38247;items
i38248;items
i38249;items
i38250;items
o2485;orders
i38251;items
i38252;items
i38253;items
i38254;items
i38255;items
i38256;items
i38257;items
i38258;items
i38259;items
i38260;items
i38261;items
i38262;items
i38263;items
i38264;items
i38265;items
i38266;items
i38267;items
i38268;items
i38269;items
i38270;items
i38271;items
i38272;items
i38273;items
i38274;items
i38275;items
i38276;items
i38277;items
i38278;items
i38279;items
o2486;orders
i38280;items
i38281;items
i38282;items
i38283;items
i38284;items
i38285;items
i38286;items
i38287;items
i38288;items
i38289;items
i38290;items
i38291;items
i38292;items
i38293;items
i38294;items
i38295;items
i38296;items
i38297;items
i38298;items
i38299;items
o2487;orders
i38300;items
i38301;items
i38302;items
i38303;items
i38304;items
i38305;items
i38306;items
i38307;items
i38308;items
i38309;items
i38310;items
i38311;items
i38312;items
i38313;items
i38314;items
i38315;items
i38316;items
i38317;items
i38318;items
i38319;items
i38320;items
i38321;items
i38322;items
i38323;items
i38324;items
i38325;items
i38326;items
i38327;items
i38328;items
i38329;items
i38330;items
o2488;orders
i38331;items
i38332;items
i38333;items
i38334;items
i38335;items
i38336;items
i38337;items
i38338;items
i38339;items
i38340;items
i38341;items
i38342;items
i38343;items
i38344;items
i38345;items
i38346;items
i38347;items
i38348;items
i38349;items
i38350;items
i38351;items
i38352;items
i38353;items
i38354;items
i38355;items
i38356;items
i38357;items
i38358;items
i38359;items
o2489;orders
i38360;items
i38361;items
i38362;items
i38363;items
i38364;items
i38365;items
i38366;items
i38367;items
i38368;items
i38369;items
i38370;items
i38371;items
i38372;items
i38373;items
i38374;items
i38375;items
i38376;items
i38377;items
i38378;items
i38379;items
i38380;items
i38381;items
o2490;orders
i38382;items
i38383;items
i38384;items
i38385;items
i38386;items
i38387;items
i38388;items
i38389;items
i38390;items
i38391;items
i38392;items
i38393;items
i38394;items
i38395;items
i38396;items
i38397;items
i38398;items
i38399;items
i38400;items
i38401;items
i38402;items
i38403;items
i38404;items
i38405;items
i38406;items
i38407;items
i38408;items
i38409;items
o2491;orders
i38410;items
i38411;items
i38412;items
i38413;items
i38414;items
i38415;items
i38416;items
i38417;items
i38418;items
i38419;items
i38420;items
i38421;items
i38422;items
i38423;items
i38424;items
i38425;items
i38426;items
i38427;items
i38428;items
i38429;items
i38430;items
i38431;items
i38432;items
i38433;items
i38434;items
i38435;items
i38436;items
i38437;items
i38438;items
i38439;items
o2492;orders
i38440;items
i38441;items
i38442;items
i38443;items
i38444;items
i38445;items
i38446;items
i38447;items
i38448;items
i38449;items
i38450;items
i38451;items
i38452;items
i38453;items
i38454;items
i38455;items
i38456;items
i38457;items
i38458;items
i38459;items
i38460;items
i38461;items
o2493;orders
i38462;items
i38463;items
i38464;items
i38465;items
i38466;items
i38467;items
i38468;items
i38469;items
i38470;items
i38471;items
i38472;items
i38473;items
i38474;items
i38475;items
i38476;items
i38477;items
i38478;items
i38479;items
i38480;items
i38481;items
i38482;items
i38483;items
i38484;items
i38485;items
i38486;items
i38487;items
i38488;items
i38489;items
i38490;items
i38491;items
i38492;items
i38493;items
i38494;items
i38495;items
i38496;items
i38497;items
o2494;orders
i38498;items
i38499;items
i38500;items
i38501;items
i38502;items
i38503;items
i38504;items
i38505;items
i38506;items
i38507;items
i38508;items
i38509;items
i38510;items
i38511;items
i38512;items
i38513;items
i38514;items
i38515;items
i38516;items
i38517;items
i38518;items
o2495;orders
i38519;items
i38520;items
i38521;items
i38522;items
i38523;items
i38524;items
i38525;items
i38526;items
i38527;items
i38528;items
i38529;items
i38530;items
i38531;items
i38532;items
i38533;items
i38534;items
i38535;items
i38536;items
i38537;items
i38538;items
i38539;items
i38540;items
i38541;items
i38542;items
i38543;items
i38544;items
i38545;items
i38546;items
i38547;items
o2496;orders
i38548;items
i38549;items
i38550;items
i38551;items
i38552;items
i38553;items
i38554;items
i38555;items
i38556;items
i38557;items
i38558;items
i38559;items
i38560;items
i38561;items
i38562;items
i38563;items
i38564;items
i38565;items
i38566;items
i38567;items
i38568;items
i38569;items
i38570;items
i38571;items
i38572;items
i38573;items
i38574;items
i38575;items
i38576;items
i38577;items
i38578;items
i38579;items
i38580;items
i38581;items
o2497;orders
i38582;items
i38583;items
i38584;items
i38585;items
i38586;items
i38587;items
i38588;items
i38589;items
i38590;items
i38591;items
i38592;items
i38593;items
i38594;items
i38595;items
i38596;items
i38597;items
i38598;items
i38599;items
i38600;items
i38601;items
i38602;items
i38603;items
i38604;items
o2498;orders
i38605;items
i38606;items
i38607;items
i38608;items
i38609;items
i38610;items
i38611;items
i38612;items
i38613;items
i38614;items
i38615;items
i38616;items
i38617;items
i38618;items
i38619;items
i38620;items
i38621;items
i38622;items
i38623;items
i38624;items
i38625;items
i38626;items
i38627;items
i38628;items
i38629;items
i38630;items
i38631;items
o2499;orders
i38632;items
i38633;items
i38634;items
i38635;items
i38636;items
i38637;items
i38638;items
i38639;items
i38640;items
i38641;items
i38642;items
i38643;items
i38644;items
i38645;items
i38646;items
i38647;items
i38648;items
i38649;items
i38650;items
i38651;items
i38652;items
i38653;items
i38654;items
i38655;items
i38656;items
i38657;items
i38658;items
i38659;items
i38660;items
i38661;items
i38662;items
i38663;items
i38664;items
o2500;orders
i38665;items
i38666;items
i38667;items
i38668;items
i38669;items
i38670;items
i38671;items
i38672;items
i38673;items
i38674;items
i38675;items
i38676;items
i38677;items
i38678;items
i38679;items
i38680;items
i38681;items
i38682;items
i38683;items
i38684;items
i38685;items
i38686;items
i38687;items
i38688;items
i38689;items
i38690;items
i38691;items
