ocel_source_id;ocel_target_id;ocel_qualifier
o1;i1;contains
o1;i2;contains
o1;i3;contains
o2;i4;contains
o2;i5;contains
o2;i6;contains
o2;i7;contains
o3;i8;contains
o3;i9;contains
o3;i10;contains
o3;i11;contains
o3;i12;contains
o3;i13;contains
o4;i14;contains
o4;i15;contains
o5;i16;contains
o5;i17;contains
o5;i18;contains
o6;i19;contains
o6;i20;contains
o6;i21;contains
o7;i22;contains
o7;i23;contains
o7;i24;contains
o8;i25;contains
o8;i26;contains
o8;i27;contains
o9;i28;contains
o9;i29;contains
o10;i30;contains
o10;i31;contains
o10;i32;contains
o11;i33;contains
o11;i34;contains
o12;i35;contains
o12;i36;contains
o13;i37;contains
o13;i38;contains
o14;i39;contains
o14;i40;contains
o15;i41;contains
o15;i42;contains
o15;i43;contains
o16;i44;contains
o16;i45;contains
o16;i46;contains
o16;i47;contains
o17;i48;contains
o18;i49;contains
o18;i50;contains
o19;i51;contains
o19;i52;contains
o20;i53;contains
o20;i54;contains
o20;i55;contains
o21;i56;contains
o21;i57;contains
o22;i58;contains
o22;i59;contains
o22;i60;contains
o22;i61;contains
o23;i62;contains
o23;i63;contains
o23;i64;contains
o24;i65;contains
o24;i66;contains
o24;i67;contains
o25;i68;contains
o25;i69;contains
o25;i70;contains
o25;i71;contains
o26;i72;contains
o26;i73;contains
o26;i74;contains
o26;i75;contains
o27;i76;contains
o27;i77;contains
o27;i78;contains
o27;i79;contains
o28;i80;contains
o28;i81;contains
o28;i82;contains
o28;i83;contains
o28;i84;contains
o29;i85;contains
o29;i86;contains
o29;i87;contains
o29;i88;contains
o29;i89;contains
o30;i90;contains
o30;i91;contains
o31;i92;contains
o31;i93;contains
o31;i94;contains
o31;i95;contains
o32;i96;contains
o32;i97;contains
o32;i98;contains
o33;i99;contains
o33;i100;contains
o33;i101;contains
o33;i102;contains
o33;i103;contains
o34;i104;contains
o35;i105;contains
o35;i106;contains
o35;i107;contains
o36;i108;contains
o36;i109;contains
o36;i110;contains
o36;i111;contains
o36;i112;contains
o37;i113;contains
o38;i114;contains
o39;i115;contains
o39;i116;contains
o39;i117;contains
o39;i118;contains
o39;i119;contains
o40;i120;contains
o40;i121;contains
o41;i122;contains
o41;i123;contains
o41;i124;contains
o42;i125;contains
o42;i126;contains
o42;i127;contains
o43;i128;contains
o43;i129;contains
o43;i130;contains
o44;i131;contains
o44;i132;contains
o44;i133;contains
o44;i134;contains
o45;i135;contains
o45;i136;contains
o46;i137;contains
o46;i138;contains
o46;i139;contains
o46;i140;contains
o47;i141;contains
o47;i142;contains
o47;i143;contains
o48;i144;contains
o48;i145;contains
o48;i146;contains
o48;i147;contains
o49;i148;contains
o50;i149;contains
o50;i150;contains
o50;i151;contains
o51;i152;contains
o52;i153;contains
o52;i154;contains
o52;i155;contains
o53;i156;contains
o53;i157;contains
o53;i158;contains
o53;i159;contains
o53;i160;contains
o53;i161;contains
o54;i162;contains
o54;i163;contains
o55;i164;contains
o55;i165;contains
o55;i166;contains
o55;i167;contains
o56;i168;contains
o56;i169;contains
o56;i170;contains
o57;i171;contains
o57;i172;contains
o57;i173;contains
o57;i174;contains
o57;i175;contains
o57;i176;contains
o57;i177;contains
o58;i178;contains
o58;i179;contains
o59;i180;contains
o59;i181;contains
o59;i182;contains
o60;i183;contains
o60;i184;contains
o60;i185;contains
o60;i186;contains
o61;i187;contains
o61;i188;contains
o61;i189;contains
o62;i190;contains
o62;i191;contains
o62;i192;contains
o63;i193;contains
o63;i194;contains
o63;i195;contains
o64;i196;contains
o64;i197;contains
o65;i198;contains
o65;i199;contains
o66;i200;contains
o66;i201;contains
o66;i202;contains
o66;i203;contains
o66;i204;contains
o66;i205;contains
o67;i206;contains
o67;i207;contains
o67;i208;contains
o67;i209;contains
o68;i210;contains
o68;i211;contains
o69;i212;contains
o69;i213;contains
o69;i214;contains
o69;i215;contains
o70;i216;contains
o70;i217;contains
o70;i218;contains
o70;i219;contains
o71;i220;contains
o71;i221;contains
o71;i222;contains
o71;i223;contains
o71;i224;contains
o72;i225;contains
o72;i226;contains
o72;i227;contains
o72;i228;contains
o73;i229;contains
o73;i230;contains
o74;i231;contains
o74;i232;contains
o74;i233;contains
o74;i234;contains
o74;i235;contains
o75;i236;contains
o75;i237;contains
o75;i238;contains
o75;i239;contains
o76;i240;contains
o76;i241;contains
o76;i242;contains
o76;i243;contains
o76;i244;contains
o77;i245;contains
o77;i246;contains
o77;i247;contains
o78;i248;contains
o78;i249;contains
o78;i250;contains
o78;i251;contains
o78;i252;contains
o79;i253;contains
o79;i254;contains
o79;i255;contains
o79;i256;contains
o80;i257;contains
o80;i258;contains
o80;i259;contains
o81;i260;contains
o81;i261;contains
o82;i262;contains
o82;i263;contains
o83;i264;contains
o83;i265;contains
o84;i266;contains
o84;i267;contains
o84;i268;contains
o84;i269;contains
o84;i270;contains
o85;i271;contains
o85;i272;contains
o85;i273;contains
o86;i274;contains
o86;i275;contains
o86;i276;contains
o86;i277;contains
o86;i278;contains
o87;i279;contains
o87;i280;contains
o88;i281;contains
o88;i282;contains
o88;i283;contains
o88;i284;contains
o88;i285;contains
o89;i286;contains
o89;i287;contains
o89;i288;contains
o89;i289;contains
o90;i290;contains
o90;i291;contains
o90;i292;contains
o90;i293;contains
o91;i294;contains
o91;i295;contains
o92;i296;contains
o92;i297;contains
o92;i298;contains
o92;i299;contains
o93;i300;contains
o94;i301;contains
o94;i302;contains
o94;i303;contains
o94;i304;contains
o95;i305;contains
o95;i306;contains
o95;i307;contains
o95;i308;contains
o95;i309;contains
o95;i310;contains
o96;i311;contains
o96;i312;contains
o96;i313;contains
o96;i314;contains
o96;i315;contains
o97;i316;contains
o97;i317;contains
o97;i318;contains
o97;i319;contains
o97;i320;contains
o97;i321;contains
o98;i322;contains
o98;i323;contains
o98;i324;contains
o99;i325;contains
o99;i326;contains
o99;i327;contains
o99;i328;contains
o99;i329;contains
o99;i330;contains
o100;i331;contains
o100;i332;contains
o101;i333;contains
o101;i334;contains
o102;i335;contains
o102;i336;contains
o102;i337;contains
o102;i338;contains
o103;i339;contains
o103;i340;contains
o103;i341;contains
o103;i342;contains
o104;i343;contains
o104;i344;contains
o104;i345;contains
o104;i346;contains
o104;i347;contains
o104;i348;contains
o105;i349;contains
o105;i350;contains
o105;i351;contains
o106;i352;contains
o106;i353;contains
o107;i354;contains
o107;i355;contains
o108;i356;contains
o108;i357;contains
o108;i358;contains
o108;i359;contains
o108;i360;contains
o109;i361;contains
o109;i362;contains
o109;i363;contains
o109;i364;contains
o109;i365;contains
o109;i366;contains
o109;i367;contains
o110;i368;contains
o110;i369;contains
o110;i370;contains
o110;i371;contains
o111;i372;contains
o111;i373;contains
o111;i374;contains
o111;i375;contains
o111;i376;contains
o112;i377;contains
o112;i378;contains
o112;i379;contains
o112;i380;contains
o113;i381;contains
o113;i382;contains
o113;i383;contains
o113;i384;contains
o113;i385;contains
o113;i386;contains
o114;i387;contains
o114;i388;contains
o114;i389;contains
o114;i390;contains
o114;i391;contains
o115;i392;contains
o115;i393;contains
o115;i394;contains
o116;i395;contains
o116;i396;contains
o116;i397;contains
o116;i398;contains
o116;i399;contains
o116;i400;contains
o116;i401;contains
o117;i402;contains
o117;i403;contains
o117;i404;contains
o117;i405;contains
o118;i406;contains
o118;i407;contains
o118;i408;contains
o118;i409;contains
o118;i410;contains
o118;i411;contains
o119;i412;contains
o119;i413;contains
o119;i414;contains
o119;i415;contains
o119;i416;contains
o119;i417;contains
o120;i418;contains
o120;i419;contains
o120;i420;contains
o120;i421;contains
o121;i422;contains
o121;i423;contains
o121;i424;contains
o121;i425;contains
o121;i426;contains
o122;i427;contains
o122;i428;contains
o122;i429;contains
o123;i430;contains
o123;i431;contains
o123;i432;contains
o123;i433;contains
o123;i434;contains
o124;i435;contains
o124;i436;contains
o125;i437;contains
o125;i438;contains
o125;i439;contains
o125;i440;contains
o126;i441;contains
o126;i442;contains
o126;i443;contains
o127;i444;contains
o127;i445;contains
o128;i446;contains
o128;i447;contains
o128;i448;contains
o128;i449;contains
o129;i450;contains
o129;i451;contains
o129;i452;contains
o130;i453;contains
o130;i454;contains
o130;i455;contains
o130;i456;contains
o131;i457;contains
o131;i458;contains
o131;i459;contains
o132;i460;contains
o132;i461;contains
o132;i462;contains
o133;i463;contains
o133;i464;contains
o133;i465;contains
o133;i466;contains
o133;i467;contains
o133;i468;contains
o134;i469;contains
o134;i470;contains
o134;i471;contains
o134;i472;contains
o135;i473;contains
o135;i474;contains
o135;i475;contains
o136;i476;contains
o136;i477;contains
o136;i478;contains
o136;i479;contains
o136;i480;contains
o136;i481;contains
o137;i482;contains
o137;i483;contains
o137;i484;contains
o138;i485;contains
o138;i486;contains
o138;i487;contains
o138;i488;contains
o138;i489;contains
o139;i490;contains
o139;i491;contains
o139;i492;contains
o139;i493;contains
o139;i494;contains
o139;i495;contains
o139;i496;contains
o140;i497;contains
o140;i498;contains
o140;i499;contains
o141;i500;contains
o141;i501;contains
o141;i502;contains
o141;i503;contains
o142;i504;contains
o142;i505;contains
o143;i506;contains
o143;i507;contains
o143;i508;contains
o143;i509;contains
o143;i510;contains
o143;i511;contains
o143;i512;contains
o143;i513;contains
o144;i514;contains
o144;i515;contains
o144;i516;contains
o144;i517;contains
o145;i518;contains
o145;i519;contains
o146;i520;contains
o146;i521;contains
o146;i522;contains
o147;i523;contains
o147;i524;contains
o147;i525;contains
o147;i526;contains
o148;i527;contains
o148;i528;contains
o148;i529;contains
o148;i530;contains
o149;i531;contains
o149;i532;contains
o150;i533;contains
o150;i534;contains
o151;i535;contains
o151;i536;contains
o151;i537;contains
o152;i538;contains
o152;i539;contains
o153;i540;contains
o153;i541;contains
o153;i542;contains
o153;i543;contains
o153;i544;contains
o153;i545;contains
o153;i546;contains
o153;i547;contains
o154;i548;contains
o154;i549;contains
o154;i550;contains
o154;i551;contains
o154;i552;contains
o155;i553;contains
o155;i554;contains
o155;i555;contains
o155;i556;contains
o155;i557;contains
o155;i558;contains
o155;i559;contains
o155;i560;contains
o155;i561;contains
o155;i562;contains
o156;i563;contains
o156;i564;contains
o156;i565;contains
o156;i566;contains
o156;i567;contains
o156;i568;contains
o156;i569;contains
o157;i570;contains
o157;i571;contains
o157;i572;contains
o158;i573;contains
o158;i574;contains
o159;i575;contains
o159;i576;contains
o159;i577;contains
o159;i578;contains
o159;i579;contains
o159;i580;contains
o159;i581;contains
o159;i582;contains
o160;i583;contains
o160;i584;contains
o161;i585;contains
o161;i586;contains
o162;i587;contains
o162;i588;contains
o162;i589;contains
o162;i590;contains
o162;i591;contains
o163;i592;contains
o163;i593;contains
o163;i594;contains
o163;i595;contains
o164;i596;contains
o164;i597;contains
o164;i598;contains
o165;i599;contains
o165;i600;contains
o165;i601;contains
o165;i602;contains
o165;i603;contains
o166;i604;contains
o166;i605;contains
o166;i606;contains
o167;i607;contains
o167;i608;contains
o167;i609;contains
o167;i610;contains
o167;i611;contains
o167;i612;contains
o167;i613;contains
o167;i614;contains
o168;i615;contains
o168;i616;contains
o168;i617;contains
o168;i618;contains
o169;i619;contains
o169;i620;contains
o169;i621;contains
o169;i622;contains
o170;i623;contains
o170;i624;contains
o170;i625;contains
o170;i626;contains
o170;i627;contains
o171;i628;contains
o171;i629;contains
o172;i630;contains
o172;i631;contains
o172;i632;contains
o172;i633;contains
o172;i634;contains
o173;i635;contains
o173;i636;contains
o173;i637;contains
o173;i638;contains
o173;i639;contains
o174;i640;contains
o174;i641;contains
o174;i642;contains
o174;i643;contains
o174;i644;contains
o174;i645;contains
o174;i646;contains
o174;i647;contains
o174;i648;contains
o175;i649;contains
o175;i650;contains
o175;i651;contains
o175;i652;contains
o176;i653;contains
o176;i654;contains
o176;i655;contains
o176;i656;contains
o176;i657;contains
o176;i658;contains
o176;i659;contains
o177;i660;contains
o177;i661;contains
o177;i662;contains
o177;i663;contains
o177;i664;contains
o178;i665;contains
o178;i666;contains
o178;i667;contains
o178;i668;contains
o178;i669;contains
o178;i670;contains
o179;i671;contains
o179;i672;contains
o180;i673;contains
o180;i674;contains
o180;i675;contains
o180;i676;contains
o180;i677;contains
o181;i678;contains
o181;i679;contains
o181;i680;contains
o181;i681;contains
o181;i682;contains
o181;i683;contains
o182;i684;contains
o182;i685;contains
o182;i686;contains
o182;i687;contains
o183;i688;contains
o183;i689;contains
o183;i690;contains
o183;i691;contains
o184;i692;contains
o184;i693;contains
o184;i694;contains
o184;i695;contains
o184;i696;contains
o185;i697;contains
o185;i698;contains
o185;i699;contains
o185;i700;contains
o185;i701;contains
o186;i702;contains
o186;i703;contains
o186;i704;contains
o186;i705;contains
o186;i706;contains
o186;i707;contains
o187;i708;contains
o187;i709;contains
o187;i710;contains
o188;i711;contains
o188;i712;contains
o188;i713;contains
o188;i714;contains
o189;i715;contains
o189;i716;contains
o189;i717;contains
o189;i718;contains
o190;i719;contains
o190;i720;contains
o190;i721;contains
o190;i722;contains
o191;i723;contains
o191;i724;contains
o192;i725;contains
o192;i726;contains
o192;i727;contains
o193;i728;contains
o193;i729;contains
o193;i730;contains
o193;i731;contains
o194;i732;contains
o194;i733;contains
o194;i734;contains
o194;i735;contains
o194;i736;contains
o195;i737;contains
o195;i738;contains
o195;i739;contains
o195;i740;contains
o195;i741;contains
o195;i742;contains
o196;i743;contains
o196;i744;contains
o196;i745;contains
o196;i746;contains
o196;i747;contains
o196;i748;contains
o196;i749;contains
o196;i750;contains
o196;i751;contains
o197;i752;contains
o198;i753;contains
o198;i754;contains
o198;i755;contains
o198;i756;contains
o198;i757;contains
o198;i758;contains
o199;i759;contains
o199;i760;contains
o199;i761;contains
o200;i762;contains
o200;i763;contains
o200;i764;contains
o201;i765;contains
o201;i766;contains
o202;i767;contains
o202;i768;contains
o203;i769;contains
o203;i770;contains
o203;i771;contains
o203;i772;contains
o204;i773;contains
o204;i774;contains
o204;i775;contains
o204;i776;contains
o205;i777;contains
o205;i778;contains
o205;i779;contains
o205;i780;contains
o205;i781;contains
o205;i782;contains
o206;i783;contains
o206;i784;contains
o206;i785;contains
o207;i786;contains
o207;i787;contains
o207;i788;contains
o207;i789;contains
o208;i790;contains
o208;i791;contains
o208;i792;contains
o209;i793;contains
o209;i794;contains
o209;i795;contains
o209;i796;contains
o210;i797;contains
o210;i798;contains
o210;i799;contains
o211;i800;contains
o211;i801;contains
o211;i802;contains
o211;i803;contains
o211;i804;contains
o211;i805;contains
o211;i806;contains
o211;i807;contains
o212;i808;contains
o212;i809;contains
o212;i810;contains
o212;i811;contains
o212;i812;contains
o213;i813;contains
o213;i814;contains
o213;i815;contains
o213;i816;contains
o213;i817;contains
o213;i818;contains
o214;i819;contains
o214;i820;contains
o214;i821;contains
o214;i822;contains
o214;i823;contains
o214;i824;contains
o214;i825;contains
o214;i826;contains
o214;i827;contains
o215;i828;contains
o215;i829;contains
o215;i830;contains
o215;i831;contains
o215;i832;contains
o215;i833;contains
o216;i834;contains
o216;i835;contains
o216;i836;contains
o216;i837;contains
o216;i838;contains
o216;i839;contains
o216;i840;contains
o216;i841;contains
o216;i842;contains
o217;i843;contains
o217;i844;contains
o217;i845;contains
o217;i846;contains
o217;i847;contains
o217;i848;contains
o218;i849;contains
o218;i850;contains
o218;i851;contains
o219;i852;contains
o219;i853;contains
o219;i854;contains
o219;i855;contains
o219;i856;contains
o219;i857;contains
o219;i858;contains
o219;i859;contains
o220;i860;contains
o220;i861;contains
o220;i862;contains
o220;i863;contains
o220;i864;contains
o220;i865;contains
o220;i866;contains
o221;i867;contains
o221;i868;contains
o221;i869;contains
o221;i870;contains
o221;i871;contains
o221;i872;contains
o221;i873;contains
o222;i874;contains
o222;i875;contains
o222;i876;contains
o222;i877;contains
o222;i878;contains
o223;i879;contains
o223;i880;contains
o223;i881;contains
o223;i882;contains
o223;i883;contains
o224;i884;contains
o224;i885;contains
o224;i886;contains
o225;i887;contains
o225;i888;contains
o225;i889;contains
o225;i890;contains
o225;i891;contains
o225;i892;contains
o225;i893;contains
o226;i894;contains
o226;i895;contains
o226;i896;contains
o226;i897;contains
o227;i898;contains
o227;i899;contains
o227;i900;contains
o227;i901;contains
o227;i902;contains
o228;i903;contains
o228;i904;contains
o228;i905;contains
o228;i906;contains
o228;i907;contains
o229;i908;contains
o229;i909;contains
o229;i910;contains
o229;i911;contains
o230;i912;contains
o230;i913;contains
o230;i914;contains
o230;i915;contains
o230;i916;contains
o230;i917;contains
o230;i918;contains
o230;i919;contains
o231;i920;contains
o231;i921;contains
o231;i922;contains
o231;i923;contains
o231;i924;contains
o231;i925;contains
o231;i926;contains
o232;i927;contains
o232;i928;contains
o232;i929;contains
o232;i930;contains
o233;i931;contains
o233;i932;contains
o233;i933;contains
o233;i934;contains
o233;i935;contains
o234;i936;contains
o235;i937;contains
o235;i938;contains
o235;i939;contains
o236;i940;contains
o236;i941;contains
o236;i942;contains
o236;i943;contains
o237;i944;contains
o237;i945;contains
o237;i946;contains
o237;i947;contains
o237;i948;contains
o238;i949;contains
o238;i950;contains
o238;i951;contains
o238;i952;contains
o238;i953;contains
o238;i954;contains
o238;i955;contains
o239;i956;contains
o239;i957;contains
o239;i958;contains
o239;i959;contains
o239;i960;contains
o239;i961;contains
o239;i962;contains
o240;i963;contains
o240;i964;contains
o240;i965;contains
o240;i966;contains
o240;i967;contains
o240;i968;contains
o241;i969;contains
o241;i970;contains
o241;i971;contains
o241;i972;contains
o241;i973;contains
o242;i974;contains
o242;i975;contains
o242;i976;contains
o242;i977;contains
o243;i978;contains
o243;i979;contains
o243;i980;contains
o243;i981;contains
o243;i982;contains
o244;i983;contains
o244;i984;contains
o244;i985;contains
o245;i986;contains
o245;i987;contains
o245;i988;contains
o245;i989;contains
o246;i990;contains
o246;i991;contains
o246;i992;contains
o246;i993;contains
o246;i994;contains
o246;i995;contains
o246;i996;contains
o247;i997;contains
o247;i998;contains
o247;i999;contains
o247;i1000;contains
o247;i1001;contains
o247;i1002;contains
o248;i1003;contains
o248;i1004;contains
o248;i1005;contains
o248;i1006;contains
o248;i1007;contains
o248;i1008;contains
o248;i1009;contains
o249;i1010;contains
o249;i1011;contains
o249;i1012;contains
o249;i1013;contains
o249;i1014;contains
o249;i1015;contains
o249;i1016;contains
o249;i1017;contains
o249;i1018;contains
o250;i1019;contains
o250;i1020;contains
o250;i1021;contains
o251;i1022;contains
o252;i1023;contains
o252;i1024;contains
o252;i1025;contains
o252;i1026;contains
o252;i1027;contains
o252;i1028;contains
o252;i1029;contains
o253;i1030;contains
o253;i1031;contains
o253;i1032;contains
o254;i1033;contains
o254;i1034;contains
o254;i1035;contains
o254;i1036;contains
o255;i1037;contains
o255;i1038;contains
o255;i1039;contains
o255;i1040;contains
o255;i1041;contains
o256;i1042;contains
o256;i1043;contains
o256;i1044;contains
o256;i1045;contains
o256;i1046;contains
o256;i1047;contains
o257;i1048;contains
o257;i1049;contains
o257;i1050;contains
o257;i1051;contains
o257;i1052;contains
o258;i1053;contains
o258;i1054;contains
o258;i1055;contains
o258;i1056;contains
o258;i1057;contains
o259;i1058;contains
o259;i1059;contains
o259;i1060;contains
o259;i1061;contains
o260;i1062;contains
o260;i1063;contains
o260;i1064;contains
o260;i1065;contains
o260;i1066;contains
o260;i1067;contains
o261;i1068;contains
o261;i1069;contains
o261;i1070;contains
o261;i1071;contains
o262;i1072;contains
o262;i1073;contains
o262;i1074;contains
o262;i1075;contains
o262;i1076;contains
o262;i1077;contains
o263;i1078;contains
o263;i1079;contains
o263;i1080;contains
o263;i1081;contains
o263;i1082;contains
o263;i1083;contains
o263;i1084;contains
o263;i1085;contains
o263;i1086;contains
o264;i1087;contains
o264;i1088;contains
o265;i1089;contains
o265;i1090;contains
o265;i1091;contains
o265;i1092;contains
o265;i1093;contains
o265;i1094;contains
o265;i1095;contains
o266;i1096;contains
o266;i1097;contains
o266;i1098;contains
o266;i1099;contains
o266;i1100;contains
o266;i1101;contains
o266;i1102;contains
o266;i1103;contains
o266;i1104;contains
o267;i1105;contains
o267;i1106;contains
o267;i1107;contains
o267;i1108;contains
o267;i1109;contains
o267;i1110;contains
o268;i1111;contains
o268;i1112;contains
o268;i1113;contains
o268;i1114;contains
o268;i1115;contains
o268;i1116;contains
o268;i1117;contains
o269;i1118;contains
o269;i1119;contains
o269;i1120;contains
o269;i1121;contains
o269;i1122;contains
o269;i1123;contains
o270;i1124;contains
o270;i1125;contains
o270;i1126;contains
o270;i1127;contains
o270;i1128;contains
o270;i1129;contains
o270;i1130;contains
o270;i1131;contains
o271;i1132;contains
o271;i1133;contains
o271;i1134;contains
o271;i1135;contains
o271;i1136;contains
o271;i1137;contains
o272;i1138;contains
o272;i1139;contains
o272;i1140;contains
o272;i1141;contains
o273;i1142;contains
o273;i1143;contains
o273;i1144;contains
o273;i1145;contains
o273;i1146;contains
o273;i1147;contains
o273;i1148;contains
o274;i1149;contains
o274;i1150;contains
o274;i1151;contains
o274;i1152;contains
o274;i1153;contains
o274;i1154;contains
o275;i1155;contains
o275;i1156;contains
o275;i1157;contains
o275;i1158;contains
o275;i1159;contains
o275;i1160;contains
o276;i1161;contains
o276;i1162;contains
o277;i1163;contains
o277;i1164;contains
o277;i1165;contains
o277;i1166;contains
o277;i1167;contains
o278;i1168;contains
o278;i1169;contains
o278;i1170;contains
o278;i1171;contains
o278;i1172;contains
o278;i1173;contains
o278;i1174;contains
o278;i1175;contains
o279;i1176;contains
o279;i1177;contains
o279;i1178;contains
o279;i1179;contains
o279;i1180;contains
o279;i1181;contains
o279;i1182;contains
o279;i1183;contains
o279;i1184;contains
o280;i1185;contains
o280;i1186;contains
o280;i1187;contains
o280;i1188;contains
o280;i1189;contains
o280;i1190;contains
o280;i1191;contains
o281;i1192;contains
o281;i1193;contains
o281;i1194;contains
o281;i1195;contains
o281;i1196;contains
o281;i1197;contains
o281;i1198;contains
o282;i1199;contains
o282;i1200;contains
o282;i1201;contains
o282;i1202;contains
o282;i1203;contains
o282;i1204;contains
o282;i1205;contains
o283;i1206;contains
o283;i1207;contains
o284;i1208;contains
o284;i1209;contains
o284;i1210;contains
o284;i1211;contains
o284;i1212;contains
o284;i1213;contains
o284;i1214;contains
o284;i1215;contains
o284;i1216;contains
o284;i1217;contains
o285;i1218;contains
o285;i1219;contains
o285;i1220;contains
o285;i1221;contains
o285;i1222;contains
o286;i1223;contains
o286;i1224;contains
o286;i1225;contains
o286;i1226;contains
o286;i1227;contains
o286;i1228;contains
o287;i1229;contains
o287;i1230;contains
o287;i1231;contains
o287;i1232;contains
o287;i1233;contains
o287;i1234;contains
o288;i1235;contains
o288;i1236;contains
o288;i1237;contains
o288;i1238;contains
o288;i1239;contains
o289;i1240;contains
o289;i1241;contains
o289;i1242;contains
o289;i1243;contains
o289;i1244;contains
o289;i1245;contains
o289;i1246;contains
o290;i1247;contains
o290;i1248;contains
o290;i1249;contains
o290;i1250;contains
o290;i1251;contains
o290;i1252;contains
o290;i1253;contains
o290;i1254;contains
o290;i1255;contains
o291;i1256;contains
o291;i1257;contains
o291;i1258;contains
o291;i1259;contains
o291;i1260;contains
o291;i1261;contains
o291;i1262;contains
o291;i1263;contains
o292;i1264;contains
o292;i1265;contains
o292;i1266;contains
o292;i1267;contains
o292;i1268;contains
o292;i1269;contains
o292;i1270;contains
o292;i1271;contains
o292;i1272;contains
o292;i1273;contains
o292;i1274;contains
o292;i1275;contains
o292;i1276;contains
o293;i1277;contains
o293;i1278;contains
o293;i1279;contains
o293;i1280;contains
o293;i1281;contains
o293;i1282;contains
o293;i1283;contains
o294;i1284;contains
o294;i1285;contains
o294;i1286;contains
o294;i1287;contains
o294;i1288;contains
o294;i1289;contains
o295;i1290;contains
o295;i1291;contains
o295;i1292;contains
o295;i1293;contains
o295;i1294;contains
o295;i1295;contains
o296;i1296;contains
o296;i1297;contains
o296;i1298;contains
o296;i1299;contains
o296;i1300;contains
o297;i1301;contains
o297;i1302;contains
o297;i1303;contains
o297;i1304;contains
o297;i1305;contains
o297;i1306;contains
o297;i1307;contains
o298;i1308;contains
o298;i1309;contains
o298;i1310;contains
o298;i1311;contains
o298;i1312;contains
o298;i1313;contains
o298;i1314;contains
o298;i1315;contains
o298;i1316;contains
o299;i1317;contains
o299;i1318;contains
o299;i1319;contains
o299;i1320;contains
o299;i1321;contains
o299;i1322;contains
o299;i1323;contains
o300;i1324;contains
o300;i1325;contains
o300;i1326;contains
o300;i1327;contains
o300;i1328;contains
o301;i1329;contains
o301;i1330;contains
o301;i1331;contains
o301;i1332;contains
o302;i1333;contains
o302;i1334;contains
o302;i1335;contains
o302;i1336;contains
o302;i1337;contains
o302;i1338;contains
o303;i1339;contains
o303;i1340;contains
o303;i1341;contains
o303;i1342;contains
o303;i1343;contains
o304;i1344;contains
o304;i1345;contains
o304;i1346;contains
o304;i1347;contains
o304;i1348;contains
o304;i1349;contains
o304;i1350;contains
o304;i1351;contains
o305;i1352;contains
o305;i1353;contains
o305;i1354;contains
o305;i1355;contains
o306;i1356;contains
o306;i1357;contains
o306;i1358;contains
o306;i1359;contains
o306;i1360;contains
o306;i1361;contains
o306;i1362;contains
o307;i1363;contains
o307;i1364;contains
o307;i1365;contains
o307;i1366;contains
o307;i1367;contains
o307;i1368;contains
o307;i1369;contains
o307;i1370;contains
o307;i1371;contains
o307;i1372;contains
o308;i1373;contains
o308;i1374;contains
o308;i1375;contains
o308;i1376;contains
o309;i1377;contains
o309;i1378;contains
o309;i1379;contains
o309;i1380;contains
o309;i1381;contains
o309;i1382;contains
o309;i1383;contains
o309;i1384;contains
o310;i1385;contains
o310;i1386;contains
o310;i1387;contains
o310;i1388;contains
o310;i1389;contains
o311;i1390;contains
o311;i1391;contains
o311;i1392;contains
o311;i1393;contains
o311;i1394;contains
o311;i1395;contains
o312;i1396;contains
o312;i1397;contains
o312;i1398;contains
o312;i1399;contains
o312;i1400;contains
o312;i1401;contains
o313;i1402;contains
o313;i1403;contains
o313;i1404;contains
o314;i1405;contains
o314;i1406;contains
o314;i1407;contains
o314;i1408;contains
o315;i1409;contains
o315;i1410;contains
o315;i1411;contains
o315;i1412;contains
o315;i1413;contains
o315;i1414;contains
o315;i1415;contains
o315;i1416;contains
o316;i1417;contains
o316;i1418;contains
o316;i1419;contains
o316;i1420;contains
o316;i1421;contains
o316;i1422;contains
o316;i1423;contains
o316;i1424;contains
o316;i1425;contains
o316;i1426;contains
o316;i1427;contains
o316;i1428;contains
o316;i1429;contains
o317;i1430;contains
o317;i1431;contains
o317;i1432;contains
o317;i1433;contains
o317;i1434;contains
o317;i1435;contains
o317;i1436;contains
o317;i1437;contains
o318;i1438;contains
o318;i1439;contains
o318;i1440;contains
o318;i1441;contains
o318;i1442;contains
o318;i1443;contains
o319;i1444;contains
o319;i1445;contains
o319;i1446;contains
o319;i1447;contains
o319;i1448;contains
o320;i1449;contains
o320;i1450;contains
o320;i1451;contains
o320;i1452;contains
o321;i1453;contains
o321;i1454;contains
o321;i1455;contains
o321;i1456;contains
o321;i1457;contains
o321;i1458;contains
o321;i1459;contains
o322;i1460;contains
o322;i1461;contains
o323;i1462;contains
o323;i1463;contains
o323;i1464;contains
o323;i1465;contains
o323;i1466;contains
o323;i1467;contains
o323;i1468;contains
o323;i1469;contains
o324;i1470;contains
o324;i1471;contains
o324;i1472;contains
o324;i1473;contains
o324;i1474;contains
o325;i1475;contains
o325;i1476;contains
o325;i1477;contains
o325;i1478;contains
o325;i1479;contains
o325;i1480;contains
o325;i1481;contains
o325;i1482;contains
o326;i1483;contains
o326;i1484;contains
o326;i1485;contains
o326;i1486;contains
o326;i1487;contains
o326;i1488;contains
o327;i1489;contains
o327;i1490;contains
o327;i1491;contains
o327;i1492;contains
o327;i1493;contains
o328;i1494;contains
o328;i1495;contains
o328;i1496;contains
o328;i1497;contains
o329;i1498;contains
o329;i1499;contains
o329;i1500;contains
o329;i1501;contains
o329;i1502;contains
o329;i1503;contains
o329;i1504;contains
o329;i1505;contains
o330;i1506;contains
o330;i1507;contains
o330;i1508;contains
o331;i1509;contains
o331;i1510;contains
o331;i1511;contains
o331;i1512;contains
o331;i1513;contains
o332;i1514;contains
o332;i1515;contains
o332;i1516;contains
o332;i1517;contains
o332;i1518;contains
o332;i1519;contains
o333;i1520;contains
o333;i1521;contains
o333;i1522;contains
o333;i1523;contains
o334;i1524;contains
o334;i1525;contains
o334;i1526;contains
o334;i1527;contains
o334;i1528;contains
o334;i1529;contains
o334;i1530;contains
o335;i1531;contains
o335;i1532;contains
o335;i1533;contains
o335;i1534;contains
o335;i1535;contains
o335;i1536;contains
o336;i1537;contains
o336;i1538;contains
o336;i1539;contains
o336;i1540;contains
o336;i1541;contains
o337;i1542;contains
o337;i1543;contains
o337;i1544;contains
o337;i1545;contains
o337;i1546;contains
o337;i1547;contains
o337;i1548;contains
o337;i1549;contains
o337;i1550;contains
o338;i1551;contains
o338;i1552;contains
o338;i1553;contains
o339;i1554;contains
o339;i1555;contains
o339;i1556;contains
o340;i1557;contains
o340;i1558;contains
o340;i1559;contains
o340;i1560;contains
o340;i1561;contains
o341;i1562;contains
o341;i1563;contains
o341;i1564;contains
o341;i1565;contains
o342;i1566;contains
o342;i1567;contains
o342;i1568;contains
o342;i1569;contains
o342;i1570;contains
o342;i1571;contains
o342;i1572;contains
o342;i1573;contains
o343;i1574;contains
o343;i1575;contains
o343;i1576;contains
o343;i1577;contains
o343;i1578;contains
o343;i1579;contains
o343;i1580;contains
o343;i1581;contains
o343;i1582;contains
o343;i1583;contains
o343;i1584;contains
o344;i1585;contains
o344;i1586;contains
o344;i1587;contains
o344;i1588;contains
o344;i1589;contains
o344;i1590;contains
o344;i1591;contains
o344;i1592;contains
o344;i1593;contains
o344;i1594;contains
o344;i1595;contains
o345;i1596;contains
o345;i1597;contains
o345;i1598;contains
o345;i1599;contains
o345;i1600;contains
o345;i1601;contains
o345;i1602;contains
o345;i1603;contains
o345;i1604;contains
o346;i1605;contains
o346;i1606;contains
o346;i1607;contains
o346;i1608;contains
o346;i1609;contains
o346;i1610;contains
o346;i1611;contains
o346;i1612;contains
o346;i1613;contains
o347;i1614;contains
o347;i1615;contains
o347;i1616;contains
o347;i1617;contains
o347;i1618;contains
o348;i1619;contains
o348;i1620;contains
o348;i1621;contains
o349;i1622;contains
o349;i1623;contains
o349;i1624;contains
o349;i1625;contains
o349;i1626;contains
o350;i1627;contains
o350;i1628;contains
o350;i1629;contains
o350;i1630;contains
o350;i1631;contains
o350;i1632;contains
o351;i1633;contains
o351;i1634;contains
o351;i1635;contains
o351;i1636;contains
o351;i1637;contains
o351;i1638;contains
o351;i1639;contains
o351;i1640;contains
o352;i1641;contains
o352;i1642;contains
o352;i1643;contains
o352;i1644;contains
o352;i1645;contains
o352;i1646;contains
o353;i1647;contains
o353;i1648;contains
o353;i1649;contains
o353;i1650;contains
o353;i1651;contains
o353;i1652;contains
o353;i1653;contains
o353;i1654;contains
o353;i1655;contains
o353;i1656;contains
o354;i1657;contains
o354;i1658;contains
o354;i1659;contains
o354;i1660;contains
o354;i1661;contains
o354;i1662;contains
o354;i1663;contains
o354;i1664;contains
o354;i1665;contains
o355;i1666;contains
o355;i1667;contains
o355;i1668;contains
o355;i1669;contains
o356;i1670;contains
o356;i1671;contains
o356;i1672;contains
o356;i1673;contains
o357;i1674;contains
o357;i1675;contains
o357;i1676;contains
o357;i1677;contains
o357;i1678;contains
o357;i1679;contains
o357;i1680;contains
o358;i1681;contains
o358;i1682;contains
o358;i1683;contains
o358;i1684;contains
o358;i1685;contains
o359;i1686;contains
o359;i1687;contains
o359;i1688;contains
o359;i1689;contains
o359;i1690;contains
o359;i1691;contains
o360;i1692;contains
o360;i1693;contains
o360;i1694;contains
o360;i1695;contains
o360;i1696;contains
o360;i1697;contains
o360;i1698;contains
o360;i1699;contains
o360;i1700;contains
o360;i1701;contains
o360;i1702;contains
o360;i1703;contains
o361;i1704;contains
o361;i1705;contains
o361;i1706;contains
o361;i1707;contains
o361;i1708;contains
o361;i1709;contains
o362;i1710;contains
o362;i1711;contains
o362;i1712;contains
o362;i1713;contains
o362;i1714;contains
o362;i1715;contains
o362;i1716;contains
o362;i1717;contains
o363;i1718;contains
o363;i1719;contains
o363;i1720;contains
o363;i1721;contains
o363;i1722;contains
o363;i1723;contains
o363;i1724;contains
o363;i1725;contains
o363;i1726;contains
o364;i1727;contains
o364;i1728;contains
o364;i1729;contains
o365;i1730;contains
o365;i1731;contains
o365;i1732;contains
o365;i1733;contains
o366;i1734;contains
o366;i1735;contains
o366;i1736;contains
o367;i1737;contains
o367;i1738;contains
o367;i1739;contains
o367;i1740;contains
o367;i1741;contains
o367;i1742;contains
o367;i1743;contains
o368;i1744;contains
o368;i1745;contains
o368;i1746;contains
o368;i1747;contains
o368;i1748;contains
o369;i1749;contains
o369;i1750;contains
o369;i1751;contains
o369;i1752;contains
o370;i1753;contains
o370;i1754;contains
o370;i1755;contains
o370;i1756;contains
o370;i1757;contains
o370;i1758;contains
o370;i1759;contains
o370;i1760;contains
o370;i1761;contains
o370;i1762;contains
o370;i1763;contains
o371;i1764;contains
o371;i1765;contains
o371;i1766;contains
o371;i1767;contains
o371;i1768;contains
o371;i1769;contains
o372;i1770;contains
o372;i1771;contains
o372;i1772;contains
o372;i1773;contains
o373;i1774;contains
o373;i1775;contains
o373;i1776;contains
o373;i1777;contains
o373;i1778;contains
o373;i1779;contains
o373;i1780;contains
o374;i1781;contains
o374;i1782;contains
o374;i1783;contains
o374;i1784;contains
o374;i1785;contains
o374;i1786;contains
o375;i1787;contains
o375;i1788;contains
o375;i1789;contains
o375;i1790;contains
o375;i1791;contains
o376;i1792;contains
o376;i1793;contains
o376;i1794;contains
o376;i1795;contains
o377;i1796;contains
o377;i1797;contains
o377;i1798;contains
o377;i1799;contains
o377;i1800;contains
o377;i1801;contains
o378;i1802;contains
o378;i1803;contains
o378;i1804;contains
o378;i1805;contains
o378;i1806;contains
o378;i1807;contains
o379;i1808;contains
o379;i1809;contains
o380;i1810;contains
o380;i1811;contains
o380;i1812;contains
o380;i1813;contains
o380;i1814;contains
o380;i1815;contains
o380;i1816;contains
o380;i1817;contains
o380;i1818;contains
o380;i1819;contains
o380;i1820;contains
o380;i1821;contains
o381;i1822;contains
o381;i1823;contains
o381;i1824;contains
o382;i1825;contains
o382;i1826;contains
o382;i1827;contains
o382;i1828;contains
o382;i1829;contains
o382;i1830;contains
o382;i1831;contains
o382;i1832;contains
o382;i1833;contains
o382;i1834;contains
o382;i1835;contains
o383;i1836;contains
o383;i1837;contains
o384;i1838;contains
o384;i1839;contains
o384;i1840;contains
o384;i1841;contains
o384;i1842;contains
o384;i1843;contains
o384;i1844;contains
o384;i1845;contains
o384;i1846;contains
o384;i1847;contains
o384;i1848;contains
o385;i1849;contains
o385;i1850;contains
o385;i1851;contains
o385;i1852;contains
o385;i1853;contains
o385;i1854;contains
o385;i1855;contains
o385;i1856;contains
o385;i1857;contains
o386;i1858;contains
o386;i1859;contains
o386;i1860;contains
o386;i1861;contains
o386;i1862;contains
o387;i1863;contains
o387;i1864;contains
o387;i1865;contains
o387;i1866;contains
o387;i1867;contains
o388;i1868;contains
o388;i1869;contains
o388;i1870;contains
o388;i1871;contains
o388;i1872;contains
o388;i1873;contains
o388;i1874;contains
o388;i1875;contains
o389;i1876;contains
o389;i1877;contains
o389;i1878;contains
o389;i1879;contains
o389;i1880;contains
o390;i1881;contains
o390;i1882;contains
o390;i1883;contains
o390;i1884;contains
o390;i1885;contains
o390;i1886;contains
o390;i1887;contains
o390;i1888;contains
o390;i1889;contains
o391;i1890;contains
o391;i1891;contains
o391;i1892;contains
o391;i1893;contains
o391;i1894;contains
o391;i1895;contains
o392;i1896;contains
o392;i1897;contains
o392;i1898;contains
o392;i1899;contains
o392;i1900;contains
o392;i1901;contains
o392;i1902;contains
o393;i1903;contains
o393;i1904;contains
o393;i1905;contains
o393;i1906;contains
o393;i1907;contains
o393;i1908;contains
o394;i1909;contains
o394;i1910;contains
o394;i1911;contains
o394;i1912;contains
o394;i1913;contains
o394;i1914;contains
o394;i1915;contains
o394;i1916;contains
o395;i1917;contains
o395;i1918;contains
o395;i1919;contains
o395;i1920;contains
o395;i1921;contains
o395;i1922;contains
o395;i1923;contains
o396;i1924;contains
o396;i1925;contains
o396;i1926;contains
o396;i1927;contains
o397;i1928;contains
o397;i1929;contains
o397;i1930;contains
o397;i1931;contains
o397;i1932;contains
o398;i1933;contains
o398;i1934;contains
o398;i1935;contains
o398;i1936;contains
o399;i1937;contains
o399;i1938;contains
o399;i1939;contains
o399;i1940;contains
o399;i1941;contains
o399;i1942;contains
o399;i1943;contains
o399;i1944;contains
o399;i1945;contains
o399;i1946;contains
o400;i1947;contains
o400;i1948;contains
o400;i1949;contains
o400;i1950;contains
o400;i1951;contains
o401;i1952;contains
o401;i1953;contains
o401;i1954;contains
o401;i1955;contains
o401;i1956;contains
o402;i1957;contains
o402;i1958;contains
o402;i1959;contains
o402;i1960;contains
o403;i1961;contains
o403;i1962;contains
o403;i1963;contains
o403;i1964;contains
o403;i1965;contains
o403;i1966;contains
o403;i1967;contains
o403;i1968;contains
o403;i1969;contains
o403;i1970;contains
o403;i1971;contains
o404;i1972;contains
o404;i1973;contains
o404;i1974;contains
o404;i1975;contains
o404;i1976;contains
o404;i1977;contains
o404;i1978;contains
o404;i1979;contains
o405;i1980;contains
o405;i1981;contains
o405;i1982;contains
o405;i1983;contains
o406;i1984;contains
o406;i1985;contains
o406;i1986;contains
o406;i1987;contains
o407;i1988;contains
o407;i1989;contains
o407;i1990;contains
o407;i1991;contains
o408;i1992;contains
o408;i1993;contains
o408;i1994;contains
o408;i1995;contains
o408;i1996;contains
o408;i1997;contains
o408;i1998;contains
o408;i1999;contains
o408;i2000;contains
o409;i2001;contains
o409;i2002;contains
o409;i2003;contains
o410;i2004;contains
o410;i2005;contains
o410;i2006;contains
o410;i2007;contains
o410;i2008;contains
o410;i2009;contains
o411;i2010;contains
o411;i2011;contains
o411;i2012;contains
o411;i2013;contains
o411;i2014;contains
o411;i2015;contains
o411;i2016;contains
o412;i2017;contains
o412;i2018;contains
o412;i2019;contains
o412;i2020;contains
o412;i2021;contains
o412;i2022;contains
o412;i2023;contains
o413;i2024;contains
o413;i2025;contains
o413;i2026;contains
o413;i2027;contains
o413;i2028;contains
o413;i2029;contains
o414;i2030;contains
o414;i2031;contains
o414;i2032;contains
o415;i2033;contains
o415;i2034;contains
o415;i2035;contains
o415;i2036;contains
o415;i2037;contains
o415;i2038;contains
o416;i2039;contains
o416;i2040;contains
o416;i2041;contains
o416;i2042;contains
o416;i2043;contains
o416;i2044;contains
o416;i2045;contains
o416;i2046;contains
o417;i2047;contains
o417;i2048;contains
o417;i2049;contains
o417;i2050;contains
o417;i2051;contains
o418;i2052;contains
o418;i2053;contains
o418;i2054;contains
o418;i2055;contains
o418;i2056;contains
o418;i2057;contains
o418;i2058;contains
o418;i2059;contains
o419;i2060;contains
o419;i2061;contains
o419;i2062;contains
o419;i2063;contains
o419;i2064;contains
o419;i2065;contains
o420;i2066;contains
o420;i2067;contains
o420;i2068;contains
o420;i2069;contains
o421;i2070;contains
o421;i2071;contains
o421;i2072;contains
o421;i2073;contains
o421;i2074;contains
o421;i2075;contains
o421;i2076;contains
o421;i2077;contains
o422;i2078;contains
o422;i2079;contains
o422;i2080;contains
o422;i2081;contains
o422;i2082;contains
o422;i2083;contains
o422;i2084;contains
o423;i2085;contains
o423;i2086;contains
o423;i2087;contains
o423;i2088;contains
o423;i2089;contains
o423;i2090;contains
o423;i2091;contains
o423;i2092;contains
o423;i2093;contains
o423;i2094;contains
o423;i2095;contains
o424;i2096;contains
o424;i2097;contains
o424;i2098;contains
o424;i2099;contains
o424;i2100;contains
o424;i2101;contains
o424;i2102;contains
o424;i2103;contains
o424;i2104;contains
o424;i2105;contains
o425;i2106;contains
o425;i2107;contains
o425;i2108;contains
o425;i2109;contains
o425;i2110;contains
o425;i2111;contains
o425;i2112;contains
o425;i2113;contains
o425;i2114;contains
o426;i2115;contains
o426;i2116;contains
o426;i2117;contains
o426;i2118;contains
o426;i2119;contains
o426;i2120;contains
o426;i2121;contains
o426;i2122;contains
o426;i2123;contains
o426;i2124;contains
o426;i2125;contains
o426;i2126;contains
o427;i2127;contains
o427;i2128;contains
o427;i2129;contains
o427;i2130;contains
o427;i2131;contains
o427;i2132;contains
o427;i2133;contains
o428;i2134;contains
o428;i2135;contains
o428;i2136;contains
o428;i2137;contains
o428;i2138;contains
o428;i2139;contains
o428;i2140;contains
o428;i2141;contains
o429;i2142;contains
o429;i2143;contains
o429;i2144;contains
o429;i2145;contains
o429;i2146;contains
o430;i2147;contains
o430;i2148;contains
o430;i2149;contains
o430;i2150;contains
o430;i2151;contains
o430;i2152;contains
o430;i2153;contains
o430;i2154;contains
o430;i2155;contains
o430;i2156;contains
o431;i2157;contains
o431;i2158;contains
o431;i2159;contains
o431;i2160;contains
o431;i2161;contains
o431;i2162;contains
o431;i2163;contains
o432;i2164;contains
o432;i2165;contains
o432;i2166;contains
o432;i2167;contains
o432;i2168;contains
o432;i2169;contains
o432;i2170;contains
o432;i2171;contains
o432;i2172;contains
o432;i2173;contains
o433;i2174;contains
o433;i2175;contains
o433;i2176;contains
o433;i2177;contains
o433;i2178;contains
o433;i2179;contains
o434;i2180;contains
o434;i2181;contains
o434;i2182;contains
o434;i2183;contains
o434;i2184;contains
o434;i2185;contains
o434;i2186;contains
o434;i2187;contains
o434;i2188;contains
o434;i2189;contains
o435;i2190;contains
o435;i2191;contains
o435;i2192;contains
o435;i2193;contains
o435;i2194;contains
o436;i2195;contains
o436;i2196;contains
o436;i2197;contains
o436;i2198;contains
o436;i2199;contains
o436;i2200;contains
o436;i2201;contains
o436;i2202;contains
o437;i2203;contains
o437;i2204;contains
o437;i2205;contains
o437;i2206;contains
o437;i2207;contains
o437;i2208;contains
o437;i2209;contains
o438;i2210;contains
o438;i2211;contains
o438;i2212;contains
o438;i2213;contains
o438;i2214;contains
o438;i2215;contains
o438;i2216;contains
o438;i2217;contains
o439;i2218;contains
o439;i2219;contains
o439;i2220;contains
o439;i2221;contains
o439;i2222;contains
o439;i2223;contains
o439;i2224;contains
o440;i2225;contains
o440;i2226;contains
o440;i2227;contains
o440;i2228;contains
o440;i2229;contains
o440;i2230;contains
o440;i2231;contains
o440;i2232;contains
o440;i2233;contains
o440;i2234;contains
o441;i2235;contains
o441;i2236;contains
o441;i2237;contains
o441;i2238;contains
o441;i2239;contains
o441;i2240;contains
o441;i2241;contains
o442;i2242;contains
o442;i2243;contains
o442;i2244;contains
o442;i2245;contains
o442;i2246;contains
o442;i2247;contains
o442;i2248;contains
o442;i2249;contains
o442;i2250;contains
o442;i2251;contains
o442;i2252;contains
o442;i2253;contains
o443;i2254;contains
o443;i2255;contains
o443;i2256;contains
o443;i2257;contains
o443;i2258;contains
o444;i2259;contains
o444;i2260;contains
o444;i2261;contains
o444;i2262;contains
o444;i2263;contains
o444;i2264;contains
o445;i2265;contains
o445;i2266;contains
o445;i2267;contains
o445;i2268;contains
o445;i2269;contains
o445;i2270;contains
o445;i2271;contains
o445;i2272;contains
o445;i2273;contains
o445;i2274;contains
o446;i2275;contains
o446;i2276;contains
o446;i2277;contains
o446;i2278;contains
o446;i2279;contains
o446;i2280;contains
o446;i2281;contains
o447;i2282;contains
o447;i2283;contains
o447;i2284;contains
o447;i2285;contains
o447;i2286;contains
o447;i2287;contains
o447;i2288;contains
o447;i2289;contains
o448;i2290;contains
o448;i2291;contains
o448;i2292;contains
o448;i2293;contains
o448;i2294;contains
o448;i2295;contains
o448;i2296;contains
o449;i2297;contains
o449;i2298;contains
o449;i2299;contains
o449;i2300;contains
o449;i2301;contains
o449;i2302;contains
o449;i2303;contains
o450;i2304;contains
o450;i2305;contains
o450;i2306;contains
o450;i2307;contains
o450;i2308;contains
o451;i2309;contains
o451;i2310;contains
o451;i2311;contains
o451;i2312;contains
o451;i2313;contains
o451;i2314;contains
o451;i2315;contains
o451;i2316;contains
o452;i2317;contains
o452;i2318;contains
o452;i2319;contains
o452;i2320;contains
o452;i2321;contains
o452;i2322;contains
o452;i2323;contains
o452;i2324;contains
o452;i2325;contains
o453;i2326;contains
o453;i2327;contains
o453;i2328;contains
o454;i2329;contains
o454;i2330;contains
o454;i2331;contains
o454;i2332;contains
o454;i2333;contains
o454;i2334;contains
o454;i2335;contains
o454;i2336;contains
o454;i2337;contains
o455;i2338;contains
o455;i2339;contains
o455;i2340;contains
o455;i2341;contains
o455;i2342;contains
o455;i2343;contains
o455;i2344;contains
o456;i2345;contains
o456;i2346;contains
o456;i2347;contains
o456;i2348;contains
o456;i2349;contains
o456;i2350;contains
o457;i2351;contains
o457;i2352;contains
o457;i2353;contains
o457;i2354;contains
o457;i2355;contains
o457;i2356;contains
o458;i2357;contains
o458;i2358;contains
o458;i2359;contains
o458;i2360;contains
o458;i2361;contains
o458;i2362;contains
o458;i2363;contains
o458;i2364;contains
o458;i2365;contains
o458;i2366;contains
o458;i2367;contains
o458;i2368;contains
o459;i2369;contains
o459;i2370;contains
o459;i2371;contains
o459;i2372;contains
o459;i2373;contains
o459;i2374;contains
o459;i2375;contains
o460;i2376;contains
o460;i2377;contains
o460;i2378;contains
o460;i2379;contains
o460;i2380;contains
o461;i2381;contains
o461;i2382;contains
o461;i2383;contains
o461;i2384;contains
o461;i2385;contains
o462;i2386;contains
o462;i2387;contains
o462;i2388;contains
o462;i2389;contains
o462;i2390;contains
o462;i2391;contains
o462;i2392;contains
o463;i2393;contains
o463;i2394;contains
o464;i2395;contains
o464;i2396;contains
o464;i2397;contains
o464;i2398;contains
o464;i2399;contains
o464;i2400;contains
o464;i2401;contains
o464;i2402;contains
o464;i2403;contains
o464;i2404;contains
o464;i2405;contains
o465;i2406;contains
o465;i2407;contains
o465;i2408;contains
o465;i2409;contains
o465;i2410;contains
o465;i2411;contains
o465;i2412;contains
o465;i2413;contains
o465;i2414;contains
o466;i2415;contains
o466;i2416;contains
o466;i2417;contains
o466;i2418;contains
o466;i2419;contains
o466;i2420;contains
o466;i2421;contains
o466;i2422;contains
o466;i2423;contains
o466;i2424;contains
o466;i2425;contains
o466;i2426;contains
o466;i2427;contains
o467;i2428;contains
o467;i2429;contains
o467;i2430;contains
o467;i2431;contains
o467;i2432;contains
o467;i2433;contains
o467;i2434;contains
o467;i2435;contains
o468;i2436;contains
o468;i2437;contains
o468;i2438;contains
o468;i2439;contains
o468;i2440;contains
o468;i2441;contains
o468;i2442;contains
o468;i2443;contains
o468;i2444;contains
o468;i2445;contains
o468;i2446;contains
o469;i2447;contains
o469;i2448;contains
o469;i2449;contains
o469;i2450;contains
o469;i2451;contains
o469;i2452;contains
o469;i2453;contains
o469;i2454;contains
o469;i2455;contains
o469;i2456;contains
o470;i2457;contains
o470;i2458;contains
o470;i2459;contains
o470;i2460;contains
o470;i2461;contains
o470;i2462;contains
o470;i2463;contains
o470;i2464;contains
o471;i2465;contains
o471;i2466;contains
o471;i2467;contains
o471;i2468;contains
o471;i2469;contains
o471;i2470;contains
o472;i2471;contains
o472;i2472;contains
o472;i2473;contains
o472;i2474;contains
o472;i2475;contains
o472;i2476;contains
o472;i2477;contains
o472;i2478;contains
o472;i2479;contains
o472;i2480;contains
o472;i2481;contains
o473;i2482;contains
o473;i2483;contains
o473;i2484;contains
o473;i2485;contains
o473;i2486;contains
o474;i2487;contains
o474;i2488;contains
o474;i2489;contains
o474;i2490;contains
o474;i2491;contains
o475;i2492;contains
o475;i2493;contains
o475;i2494;contains
o475;i2495;contains
o475;i2496;contains
o475;i2497;contains
o475;i2498;contains
o475;i2499;contains
o476;i2500;contains
o476;i2501;contains
o476;i2502;contains
o476;i2503;contains
o477;i2504;contains
o477;i2505;contains
o477;i2506;contains
o477;i2507;contains
o477;i2508;contains
o477;i2509;contains
o477;i2510;contains
o477;i2511;contains
o478;i2512;contains
o478;i2513;contains
o478;i2514;contains
o478;i2515;contains
o478;i2516;contains
o478;i2517;contains
o479;i2518;contains
o479;i2519;contains
o479;i2520;contains
o479;i2521;contains
o479;i2522;contains
o479;i2523;contains
o479;i2524;contains
o479;i2525;contains
o479;i2526;contains
o479;i2527;contains
o479;i2528;contains
o479;i2529;contains
o479;i2530;contains
o479;i2531;contains
o480;i2532;contains
o480;i2533;contains
o480;i2534;contains
o480;i2535;contains
o480;i2536;contains
o480;i2537;contains
o480;i2538;contains
o480;i2539;contains
o480;i2540;contains
o481;i2541;contains
o481;i2542;contains
o481;i2543;contains
o481;i2544;contains
o481;i2545;contains
o481;i2546;contains
o481;i2547;contains
o481;i2548;contains
o481;i2549;contains
o482;i2550;contains
o482;i2551;contains
o482;i2552;contains
o482;i2553;contains
o482;i2554;contains
o482;i2555;contains
o482;i2556;contains
o482;i2557;contains
o482;i2558;contains
o482;i2559;contains
o482;i2560;contains
o482;i2561;contains
o482;i2562;contains
o483;i2563;contains
o483;i2564;contains
o483;i2565;contains
o483;i2566;contains
o483;i2567;contains
o483;i2568;contains
o483;i2569;contains
o483;i2570;contains
o483;i2571;contains
o483;i2572;contains
o484;i2573;contains
o484;i2574;contains
o484;i2575;contains
o484;i2576;contains
o484;i2577;contains
o484;i2578;contains
o484;i2579;contains
o484;i2580;contains
o485;i2581;contains
o485;i2582;contains
o485;i2583;contains
o485;i2584;contains
o485;i2585;contains
o485;i2586;contains
o485;i2587;contains
o485;i2588;contains
o486;i2589;contains
o486;i2590;contains
o486;i2591;contains
o486;i2592;contains
o486;i2593;contains
o486;i2594;contains
o486;i2595;contains
o486;i2596;contains
o487;i2597;contains
o487;i2598;contains
o487;i2599;contains
o487;i2600;contains
o487;i2601;contains
o487;i2602;contains
o487;i2603;contains
o487;i2604;contains
o487;i2605;contains
o487;i2606;contains
o488;i2607;contains
o488;i2608;contains
o488;i2609;contains
o488;i2610;contains
o488;i2611;contains
o488;i2612;contains
o488;i2613;contains
o489;i2614;contains
o489;i2615;contains
o489;i2616;contains
o489;i2617;contains
o489;i2618;contains
o490;i2619;contains
o490;i2620;contains
o490;i2621;contains
o490;i2622;contains
o491;i2623;contains
o491;i2624;contains
o491;i2625;contains
o491;i2626;contains
o491;i2627;contains
o491;i2628;contains
o491;i2629;contains
o491;i2630;contains
o491;i2631;contains
o491;i2632;contains
o491;i2633;contains
o491;i2634;contains
o491;i2635;contains
o492;i2636;contains
o492;i2637;contains
o492;i2638;contains
o492;i2639;contains
o492;i2640;contains
o492;i2641;contains
o492;i2642;contains
o492;i2643;contains
o493;i2644;contains
o493;i2645;contains
o493;i2646;contains
o493;i2647;contains
o493;i2648;contains
o493;i2649;contains
o493;i2650;contains
o493;i2651;contains
o493;i2652;contains
o493;i2653;contains
o493;i2654;contains
o494;i2655;contains
o494;i2656;contains
o494;i2657;contains
o494;i2658;contains
o494;i2659;contains
o494;i2660;contains
o494;i2661;contains
o494;i2662;contains
o495;i2663;contains
o495;i2664;contains
o495;i2665;contains
o496;i2666;contains
o496;i2667;contains
o496;i2668;contains
o496;i2669;contains
o496;i2670;contains
o496;i2671;contains
o496;i2672;contains
o496;i2673;contains
o497;i2674;contains
o497;i2675;contains
o497;i2676;contains
o497;i2677;contains
o497;i2678;contains
o497;i2679;contains
o497;i2680;contains
o498;i2681;contains
o498;i2682;contains
o498;i2683;contains
o498;i2684;contains
o498;i2685;contains
o499;i2686;contains
o499;i2687;contains
o499;i2688;contains
o499;i2689;contains
o500;i2690;contains
o500;i2691;contains
o500;i2692;contains
o500;i2693;contains
o500;i2694;contains
o500;i2695;contains
o500;i2696;contains
o501;i2697;contains
o501;i2698;contains
o501;i2699;contains
o501;i2700;contains
o501;i2701;contains
o501;i2702;contains
o501;i2703;contains
o501;i2704;contains
o502;i2705;contains
o502;i2706;contains
o502;i2707;contains
o502;i2708;contains
o502;i2709;contains
o502;i2710;contains
o502;i2711;contains
o502;i2712;contains
o502;i2713;contains
o502;i2714;contains
o503;i2715;contains
o503;i2716;contains
o503;i2717;contains
o503;i2718;contains
o503;i2719;contains
o503;i2720;contains
o503;i2721;contains
o503;i2722;contains
o503;i2723;contains
o504;i2724;contains
o504;i2725;contains
o504;i2726;contains
o504;i2727;contains
o504;i2728;contains
o504;i2729;contains
o504;i2730;contains
o505;i2731;contains
o505;i2732;contains
o505;i2733;contains
o505;i2734;contains
o505;i2735;contains
o505;i2736;contains
o506;i2737;contains
o506;i2738;contains
o506;i2739;contains
o506;i2740;contains
o506;i2741;contains
o506;i2742;contains
o507;i2743;contains
o507;i2744;contains
o507;i2745;contains
o508;i2746;contains
o508;i2747;contains
o508;i2748;contains
o508;i2749;contains
o508;i2750;contains
o508;i2751;contains
o508;i2752;contains
o508;i2753;contains
o508;i2754;contains
o508;i2755;contains
o509;i2756;contains
o509;i2757;contains
o509;i2758;contains
o509;i2759;contains
o509;i2760;contains
o509;i2761;contains
o509;i2762;contains
o509;i2763;contains
o509;i2764;contains
o509;i2765;contains
o510;i2766;contains
o510;i2767;contains
o510;i2768;contains
o510;i2769;contains
o510;i2770;contains
o510;i2771;contains
o510;i2772;contains
o510;i2773;contains
o510;i2774;contains
o510;i2775;contains
o511;i2776;contains
o511;i2777;contains
o511;i2778;contains
o511;i2779;contains
o511;i2780;contains
o511;i2781;contains
o511;i2782;contains
o511;i2783;contains
o511;i2784;contains
o512;i2785;contains
o512;i2786;contains
o512;i2787;contains
o512;i2788;contains
o512;i2789;contains
o512;i2790;contains
o512;i2791;contains
o512;i2792;contains
o513;i2793;contains
o513;i2794;contains
o513;i2795;contains
o513;i2796;contains
o513;i2797;contains
o514;i2798;contains
o514;i2799;contains
o514;i2800;contains
o514;i2801;contains
o514;i2802;contains
o514;i2803;contains
o514;i2804;contains
o514;i2805;contains
o514;i2806;contains
o514;i2807;contains
o514;i2808;contains
o515;i2809;contains
o515;i2810;contains
o515;i2811;contains
o515;i2812;contains
o515;i2813;contains
o515;i2814;contains
o515;i2815;contains
o515;i2816;contains
o516;i2817;contains
o516;i2818;contains
o516;i2819;contains
o516;i2820;contains
o516;i2821;contains
o516;i2822;contains
o516;i2823;contains
o516;i2824;contains
o516;i2825;contains
o516;i2826;contains
o516;i2827;contains
o516;i2828;contains
o517;i2829;contains
o517;i2830;contains
o517;i2831;contains
o517;i2832;contains
o517;i2833;contains
o517;i2834;contains
o518;i2835;contains
o518;i2836;contains
o518;i2837;contains
o518;i2838;contains
o518;i2839;contains
o518;i2840;contains
o518;i2841;contains
o518;i2842;contains
o519;i2843;contains
o519;i2844;contains
o519;i2845;contains
o519;i2846;contains
o519;i2847;contains
o519;i2848;contains
o520;i2849;contains
o520;i2850;contains
o520;i2851;contains
o520;i2852;contains
o520;i2853;contains
o520;i2854;contains
o520;i2855;contains
o520;i2856;contains
o520;i2857;contains
o520;i2858;contains
o520;i2859;contains
o520;i2860;contains
o521;i2861;contains
o521;i2862;contains
o521;i2863;contains
o521;i2864;contains
o521;i2865;contains
o522;i2866;contains
o522;i2867;contains
o522;i2868;contains
o522;i2869;contains
o522;i2870;contains
o522;i2871;contains
o522;i2872;contains
o523;i2873;contains
o523;i2874;contains
o523;i2875;contains
o523;i2876;contains
o523;i2877;contains
o523;i2878;contains
o523;i2879;contains
o523;i2880;contains
o524;i2881;contains
o524;i2882;contains
o524;i2883;contains
o524;i2884;contains
o524;i2885;contains
o524;i2886;contains
o524;i2887;contains
o525;i2888;contains
o525;i2889;contains
o525;i2890;contains
o525;i2891;contains
o525;i2892;contains
o525;i2893;contains
o525;i2894;contains
o525;i2895;contains
o525;i2896;contains
o526;i2897;contains
o526;i2898;contains
o526;i2899;contains
o526;i2900;contains
o527;i2901;contains
o527;i2902;contains
o527;i2903;contains
o527;i2904;contains
o527;i2905;contains
o528;i2906;contains
o528;i2907;contains
o528;i2908;contains
o528;i2909;contains
o528;i2910;contains
o529;i2911;contains
o529;i2912;contains
o529;i2913;contains
o529;i2914;contains
o529;i2915;contains
o529;i2916;contains
o529;i2917;contains
o529;i2918;contains
o530;i2919;contains
o530;i2920;contains
o530;i2921;contains
o530;i2922;contains
o531;i2923;contains
o531;i2924;contains
o531;i2925;contains
o531;i2926;contains
o532;i2927;contains
o532;i2928;contains
o532;i2929;contains
o532;i2930;contains
o532;i2931;contains
o532;i2932;contains
o532;i2933;contains
o532;i2934;contains
o533;i2935;contains
o533;i2936;contains
o533;i2937;contains
o533;i2938;contains
o533;i2939;contains
o533;i2940;contains
o533;i2941;contains
o533;i2942;contains
o533;i2943;contains
o534;i2944;contains
o534;i2945;contains
o534;i2946;contains
o534;i2947;contains
o534;i2948;contains
o534;i2949;contains
o535;i2950;contains
o535;i2951;contains
o535;i2952;contains
o535;i2953;contains
o535;i2954;contains
o535;i2955;contains
o535;i2956;contains
o535;i2957;contains
o536;i2958;contains
o536;i2959;contains
o536;i2960;contains
o536;i2961;contains
o536;i2962;contains
o536;i2963;contains
o536;i2964;contains
o536;i2965;contains
o536;i2966;contains
o536;i2967;contains
o537;i2968;contains
o537;i2969;contains
o537;i2970;contains
o537;i2971;contains
o537;i2972;contains
o537;i2973;contains
o538;i2974;contains
o538;i2975;contains
o538;i2976;contains
o538;i2977;contains
o538;i2978;contains
o539;i2979;contains
o539;i2980;contains
o539;i2981;contains
o539;i2982;contains
o539;i2983;contains
o539;i2984;contains
o539;i2985;contains
o539;i2986;contains
o539;i2987;contains
o539;i2988;contains
o539;i2989;contains
o539;i2990;contains
o540;i2991;contains
o540;i2992;contains
o540;i2993;contains
o540;i2994;contains
o540;i2995;contains
o540;i2996;contains
o541;i2997;contains
o541;i2998;contains
o541;i2999;contains
o541;i3000;contains
o541;i3001;contains
o541;i3002;contains
o542;i3003;contains
o542;i3004;contains
o542;i3005;contains
o542;i3006;contains
o542;i3007;contains
o542;i3008;contains
o542;i3009;contains
o543;i3010;contains
o543;i3011;contains
o543;i3012;contains
o543;i3013;contains
o543;i3014;contains
o543;i3015;contains
o543;i3016;contains
o544;i3017;contains
o544;i3018;contains
o544;i3019;contains
o544;i3020;contains
o545;i3021;contains
o545;i3022;contains
o545;i3023;contains
o545;i3024;contains
o545;i3025;contains
o545;i3026;contains
o546;i3027;contains
o546;i3028;contains
o546;i3029;contains
o546;i3030;contains
o546;i3031;contains
o546;i3032;contains
o546;i3033;contains
o546;i3034;contains
o546;i3035;contains
o546;i3036;contains
o547;i3037;contains
o547;i3038;contains
o547;i3039;contains
o547;i3040;contains
o547;i3041;contains
o547;i3042;contains
o547;i3043;contains
o547;i3044;contains
o547;i3045;contains
o548;i3046;contains
o548;i3047;contains
o548;i3048;contains
o548;i3049;contains
o548;i3050;contains
o548;i3051;contains
o548;i3052;contains
o548;i3053;contains
o548;i3054;contains
o548;i3055;contains
o548;i3056;contains
o549;i3057;contains
o549;i3058;contains
o549;i3059;contains
o549;i3060;contains
o549;i3061;contains
o549;i3062;contains
o549;i3063;contains
o549;i3064;contains
o549;i3065;contains
o549;i3066;contains
o549;i3067;contains
o550;i3068;contains
o550;i3069;contains
o550;i3070;contains
o550;i3071;contains
o550;i3072;contains
o550;i3073;contains
o550;i3074;contains
o550;i3075;contains
o550;i3076;contains
o550;i3077;contains
o550;i3078;contains
o550;i3079;contains
o551;i3080;contains
o551;i3081;contains
o551;i3082;contains
o551;i3083;contains
o551;i3084;contains
o551;i3085;contains
o551;i3086;contains
o551;i3087;contains
o551;i3088;contains
o551;i3089;contains
o551;i3090;contains
o552;i3091;contains
o552;i3092;contains
o552;i3093;contains
o552;i3094;contains
o552;i3095;contains
o552;i3096;contains
o552;i3097;contains
o553;i3098;contains
o553;i3099;contains
o553;i3100;contains
o553;i3101;contains
o553;i3102;contains
o553;i3103;contains
o553;i3104;contains
o553;i3105;contains
o553;i3106;contains
o554;i3107;contains
o554;i3108;contains
o554;i3109;contains
o554;i3110;contains
o554;i3111;contains
o554;i3112;contains
o554;i3113;contains
o554;i3114;contains
o554;i3115;contains
o555;i3116;contains
o555;i3117;contains
o555;i3118;contains
o555;i3119;contains
o555;i3120;contains
o555;i3121;contains
o555;i3122;contains
o556;i3123;contains
o556;i3124;contains
o556;i3125;contains
o556;i3126;contains
o556;i3127;contains
o556;i3128;contains
o556;i3129;contains
o556;i3130;contains
o557;i3131;contains
o557;i3132;contains
o557;i3133;contains
o557;i3134;contains
o557;i3135;contains
o557;i3136;contains
o557;i3137;contains
o557;i3138;contains
o558;i3139;contains
o558;i3140;contains
o558;i3141;contains
o558;i3142;contains
o558;i3143;contains
o558;i3144;contains
o558;i3145;contains
o559;i3146;contains
o559;i3147;contains
o559;i3148;contains
o559;i3149;contains
o560;i3150;contains
o560;i3151;contains
o560;i3152;contains
o560;i3153;contains
o560;i3154;contains
o560;i3155;contains
o560;i3156;contains
o560;i3157;contains
o560;i3158;contains
o560;i3159;contains
o561;i3160;contains
o561;i3161;contains
o561;i3162;contains
o561;i3163;contains
o561;i3164;contains
o561;i3165;contains
o561;i3166;contains
o561;i3167;contains
o561;i3168;contains
o561;i3169;contains
o562;i3170;contains
o562;i3171;contains
o562;i3172;contains
o562;i3173;contains
o562;i3174;contains
o562;i3175;contains
o562;i3176;contains
o562;i3177;contains
o563;i3178;contains
o563;i3179;contains
o563;i3180;contains
o563;i3181;contains
o563;i3182;contains
o563;i3183;contains
o563;i3184;contains
o564;i3185;contains
o564;i3186;contains
o564;i3187;contains
o564;i3188;contains
o564;i3189;contains
o564;i3190;contains
o564;i3191;contains
o564;i3192;contains
o565;i3193;contains
o565;i3194;contains
o565;i3195;contains
o565;i3196;contains
o565;i3197;contains
o565;i3198;contains
o565;i3199;contains
o565;i3200;contains
o565;i3201;contains
o566;i3202;contains
o566;i3203;contains
o566;i3204;contains
o566;i3205;contains
o566;i3206;contains
o566;i3207;contains
o566;i3208;contains
o567;i3209;contains
o567;i3210;contains
o567;i3211;contains
o567;i3212;contains
o567;i3213;contains
o567;i3214;contains
o567;i3215;contains
o568;i3216;contains
o568;i3217;contains
o568;i3218;contains
o568;i3219;contains
o568;i3220;contains
o568;i3221;contains
o568;i3222;contains
o568;i3223;contains
o569;i3224;contains
o569;i3225;contains
o569;i3226;contains
o569;i3227;contains
o569;i3228;contains
o570;i3229;contains
o570;i3230;contains
o570;i3231;contains
o570;i3232;contains
o570;i3233;contains
o570;i3234;contains
o571;i3235;contains
o571;i3236;contains
o571;i3237;contains
o571;i3238;contains
o571;i3239;contains
o571;i3240;contains
o571;i3241;contains
o571;i3242;contains
o571;i3243;contains
o571;i3244;contains
o571;i3245;contains
o571;i3246;contains
o572;i3247;contains
o572;i3248;contains
o572;i3249;contains
o572;i3250;contains
o572;i3251;contains
o573;i3252;contains
o573;i3253;contains
o573;i3254;contains
o573;i3255;contains
o573;i3256;contains
o573;i3257;contains
o574;i3258;contains
o574;i3259;contains
o574;i3260;contains
o574;i3261;contains
o575;i3262;contains
o575;i3263;contains
o575;i3264;contains
o575;i3265;contains
o575;i3266;contains
o575;i3267;contains
o575;i3268;contains
o575;i3269;contains
o576;i3270;contains
o576;i3271;contains
o576;i3272;contains
o576;i3273;contains
o576;i3274;contains
o576;i3275;contains
o576;i3276;contains
o577;i3277;contains
o577;i3278;contains
o577;i3279;contains
o577;i3280;contains
o577;i3281;contains
o577;i3282;contains
o577;i3283;contains
o578;i3284;contains
o578;i3285;contains
o578;i3286;contains
o578;i3287;contains
o578;i3288;contains
o578;i3289;contains
o578;i3290;contains
o578;i3291;contains
o578;i3292;contains
o578;i3293;contains
o578;i3294;contains
o579;i3295;contains
o579;i3296;contains
o579;i3297;contains
o579;i3298;contains
o579;i3299;contains
o579;i3300;contains
o579;i3301;contains
o579;i3302;contains
o579;i3303;contains
o579;i3304;contains
o579;i3305;contains
o579;i3306;contains
o580;i3307;contains
o580;i3308;contains
o580;i3309;contains
o580;i3310;contains
o580;i3311;contains
o580;i3312;contains
o580;i3313;contains
o581;i3314;contains
o581;i3315;contains
o581;i3316;contains
o581;i3317;contains
o581;i3318;contains
o582;i3319;contains
o582;i3320;contains
o582;i3321;contains
o582;i3322;contains
o582;i3323;contains
o582;i3324;contains
o582;i3325;contains
o582;i3326;contains
o582;i3327;contains
o582;i3328;contains
o582;i3329;contains
o582;i3330;contains
o583;i3331;contains
o583;i3332;contains
o583;i3333;contains
o583;i3334;contains
o583;i3335;contains
o583;i3336;contains
o583;i3337;contains
o583;i3338;contains
o583;i3339;contains
o583;i3340;contains
o583;i3341;contains
o583;i3342;contains
o583;i3343;contains
o584;i3344;contains
o584;i3345;contains
o584;i3346;contains
o584;i3347;contains
o584;i3348;contains
o584;i3349;contains
o584;i3350;contains
o584;i3351;contains
o584;i3352;contains
o585;i3353;contains
o585;i3354;contains
o585;i3355;contains
o585;i3356;contains
o585;i3357;contains
o585;i3358;contains
o585;i3359;contains
o585;i3360;contains
o585;i3361;contains
o585;i3362;contains
o586;i3363;contains
o586;i3364;contains
o586;i3365;contains
o586;i3366;contains
o586;i3367;contains
o586;i3368;contains
o586;i3369;contains
o586;i3370;contains
o587;i3371;contains
o587;i3372;contains
o587;i3373;contains
o587;i3374;contains
o587;i3375;contains
o587;i3376;contains
o587;i3377;contains
o587;i3378;contains
o587;i3379;contains
o588;i3380;contains
o588;i3381;contains
o588;i3382;contains
o588;i3383;contains
o588;i3384;contains
o589;i3385;contains
o589;i3386;contains
o589;i3387;contains
o589;i3388;contains
o589;i3389;contains
o589;i3390;contains
o589;i3391;contains
o589;i3392;contains
o590;i3393;contains
o590;i3394;contains
o590;i3395;contains
o590;i3396;contains
o590;i3397;contains
o590;i3398;contains
o590;i3399;contains
o591;i3400;contains
o591;i3401;contains
o591;i3402;contains
o591;i3403;contains
o592;i3404;contains
o592;i3405;contains
o592;i3406;contains
o592;i3407;contains
o592;i3408;contains
o592;i3409;contains
o593;i3410;contains
o593;i3411;contains
o593;i3412;contains
o593;i3413;contains
o593;i3414;contains
o593;i3415;contains
o593;i3416;contains
o593;i3417;contains
o593;i3418;contains
o593;i3419;contains
o594;i3420;contains
o594;i3421;contains
o594;i3422;contains
o594;i3423;contains
o594;i3424;contains
o594;i3425;contains
o594;i3426;contains
o594;i3427;contains
o594;i3428;contains
o594;i3429;contains
o595;i3430;contains
o595;i3431;contains
o595;i3432;contains
o595;i3433;contains
o595;i3434;contains
o595;i3435;contains
o595;i3436;contains
o596;i3437;contains
o596;i3438;contains
o596;i3439;contains
o596;i3440;contains
o596;i3441;contains
o596;i3442;contains
o597;i3443;contains
o597;i3444;contains
o597;i3445;contains
o597;i3446;contains
o597;i3447;contains
o597;i3448;contains
o597;i3449;contains
o597;i3450;contains
o597;i3451;contains
o597;i3452;contains
o597;i3453;contains
o597;i3454;contains
o598;i3455;contains
o598;i3456;contains
o598;i3457;contains
o598;i3458;contains
o599;i3459;contains
o599;i3460;contains
o599;i3461;contains
o599;i3462;contains
o599;i3463;contains
o599;i3464;contains
o599;i3465;contains
o599;i3466;contains
o599;i3467;contains
o599;i3468;contains
o600;i3469;contains
o600;i3470;contains
o600;i3471;contains
o600;i3472;contains
o600;i3473;contains
o600;i3474;contains
o600;i3475;contains
o600;i3476;contains
o600;i3477;contains
o600;i3478;contains
o600;i3479;contains
o601;i3480;contains
o601;i3481;contains
o601;i3482;contains
o601;i3483;contains
o602;i3484;contains
o602;i3485;contains
o602;i3486;contains
o602;i3487;contains
o602;i3488;contains
o602;i3489;contains
o603;i3490;contains
o603;i3491;contains
o603;i3492;contains
o603;i3493;contains
o603;i3494;contains
o603;i3495;contains
o603;i3496;contains
o603;i3497;contains
o604;i3498;contains
o604;i3499;contains
o604;i3500;contains
o604;i3501;contains
o604;i3502;contains
o605;i3503;contains
o605;i3504;contains
o605;i3505;contains
o605;i3506;contains
o605;i3507;contains
o605;i3508;contains
o605;i3509;contains
o605;i3510;contains
o605;i3511;contains
o605;i3512;contains
o605;i3513;contains
o605;i3514;contains
o606;i3515;contains
o606;i3516;contains
o606;i3517;contains
o606;i3518;contains
o606;i3519;contains
o606;i3520;contains
o606;i3521;contains
o606;i3522;contains
o606;i3523;contains
o606;i3524;contains
o606;i3525;contains
o607;i3526;contains
o607;i3527;contains
o607;i3528;contains
o607;i3529;contains
o607;i3530;contains
o607;i3531;contains
o607;i3532;contains
o607;i3533;contains
o608;i3534;contains
o608;i3535;contains
o608;i3536;contains
o608;i3537;contains
o608;i3538;contains
o608;i3539;contains
o608;i3540;contains
o608;i3541;contains
o608;i3542;contains
o608;i3543;contains
o608;i3544;contains
o608;i3545;contains
o608;i3546;contains
o608;i3547;contains
o608;i3548;contains
o608;i3549;contains
o609;i3550;contains
o609;i3551;contains
o609;i3552;contains
o609;i3553;contains
o609;i3554;contains
o609;i3555;contains
o609;i3556;contains
o609;i3557;contains
o609;i3558;contains
o609;i3559;contains
o610;i3560;contains
o610;i3561;contains
o610;i3562;contains
o610;i3563;contains
o610;i3564;contains
o610;i3565;contains
o610;i3566;contains
o610;i3567;contains
o611;i3568;contains
o611;i3569;contains
o611;i3570;contains
o611;i3571;contains
o611;i3572;contains
o611;i3573;contains
o611;i3574;contains
o611;i3575;contains
o611;i3576;contains
o611;i3577;contains
o611;i3578;contains
o611;i3579;contains
o611;i3580;contains
o611;i3581;contains
o611;i3582;contains
o612;i3583;contains
o612;i3584;contains
o612;i3585;contains
o612;i3586;contains
o612;i3587;contains
o612;i3588;contains
o612;i3589;contains
o612;i3590;contains
o612;i3591;contains
o612;i3592;contains
o612;i3593;contains
o612;i3594;contains
o612;i3595;contains
o612;i3596;contains
o612;i3597;contains
o612;i3598;contains
o612;i3599;contains
o613;i3600;contains
o613;i3601;contains
o613;i3602;contains
o613;i3603;contains
o613;i3604;contains
o613;i3605;contains
o613;i3606;contains
o613;i3607;contains
o614;i3608;contains
o614;i3609;contains
o614;i3610;contains
o614;i3611;contains
o614;i3612;contains
o614;i3613;contains
o614;i3614;contains
o614;i3615;contains
o614;i3616;contains
o615;i3617;contains
o615;i3618;contains
o615;i3619;contains
o615;i3620;contains
o615;i3621;contains
o615;i3622;contains
o615;i3623;contains
o615;i3624;contains
o615;i3625;contains
o615;i3626;contains
o615;i3627;contains
o616;i3628;contains
o616;i3629;contains
o616;i3630;contains
o616;i3631;contains
o616;i3632;contains
o616;i3633;contains
o616;i3634;contains
o616;i3635;contains
o616;i3636;contains
o616;i3637;contains
o616;i3638;contains
o617;i3639;contains
o617;i3640;contains
o617;i3641;contains
o617;i3642;contains
o617;i3643;contains
o617;i3644;contains
o617;i3645;contains
o617;i3646;contains
o618;i3647;contains
o618;i3648;contains
o618;i3649;contains
o618;i3650;contains
o618;i3651;contains
o618;i3652;contains
o618;i3653;contains
o619;i3654;contains
o619;i3655;contains
o619;i3656;contains
o619;i3657;contains
o619;i3658;contains
o619;i3659;contains
o619;i3660;contains
o619;i3661;contains
o619;i3662;contains
o619;i3663;contains
o620;i3664;contains
o620;i3665;contains
o620;i3666;contains
o620;i3667;contains
o620;i3668;contains
o620;i3669;contains
o620;i3670;contains
o621;i3671;contains
o621;i3672;contains
o621;i3673;contains
o621;i3674;contains
o621;i3675;contains
o621;i3676;contains
o621;i3677;contains
o621;i3678;contains
o621;i3679;contains
o621;i3680;contains
o622;i3681;contains
o622;i3682;contains
o622;i3683;contains
o622;i3684;contains
o622;i3685;contains
o622;i3686;contains
o622;i3687;contains
o622;i3688;contains
o622;i3689;contains
o622;i3690;contains
o622;i3691;contains
o622;i3692;contains
o622;i3693;contains
o622;i3694;contains
o622;i3695;contains
o622;i3696;contains
o623;i3697;contains
o623;i3698;contains
o623;i3699;contains
o623;i3700;contains
o623;i3701;contains
o623;i3702;contains
o623;i3703;contains
o623;i3704;contains
o623;i3705;contains
o623;i3706;contains
o623;i3707;contains
o623;i3708;contains
o623;i3709;contains
o623;i3710;contains
o623;i3711;contains
o623;i3712;contains
o624;i3713;contains
o624;i3714;contains
o624;i3715;contains
o624;i3716;contains
o624;i3717;contains
o624;i3718;contains
o625;i3719;contains
o625;i3720;contains
o625;i3721;contains
o625;i3722;contains
o625;i3723;contains
o625;i3724;contains
o625;i3725;contains
o625;i3726;contains
o625;i3727;contains
o625;i3728;contains
o625;i3729;contains
o626;i3730;contains
o626;i3731;contains
o626;i3732;contains
o626;i3733;contains
o626;i3734;contains
o626;i3735;contains
o626;i3736;contains
o626;i3737;contains
o626;i3738;contains
o627;i3739;contains
o627;i3740;contains
o627;i3741;contains
o627;i3742;contains
o627;i3743;contains
o628;i3744;contains
o628;i3745;contains
o628;i3746;contains
o628;i3747;contains
o628;i3748;contains
o628;i3749;contains
o629;i3750;contains
o629;i3751;contains
o629;i3752;contains
o629;i3753;contains
o629;i3754;contains
o629;i3755;contains
o629;i3756;contains
o629;i3757;contains
o630;i3758;contains
o630;i3759;contains
o630;i3760;contains
o630;i3761;contains
o630;i3762;contains
o630;i3763;contains
o630;i3764;contains
o630;i3765;contains
o631;i3766;contains
o631;i3767;contains
o631;i3768;contains
o631;i3769;contains
o631;i3770;contains
o631;i3771;contains
o631;i3772;contains
o631;i3773;contains
o631;i3774;contains
o631;i3775;contains
o631;i3776;contains
o631;i3777;contains
o631;i3778;contains
o632;i3779;contains
o632;i3780;contains
o632;i3781;contains
o632;i3782;contains
o632;i3783;contains
o632;i3784;contains
o632;i3785;contains
o632;i3786;contains
o632;i3787;contains
o632;i3788;contains
o632;i3789;contains
o632;i3790;contains
o633;i3791;contains
o633;i3792;contains
o633;i3793;contains
o633;i3794;contains
o633;i3795;contains
o633;i3796;contains
o633;i3797;contains
o633;i3798;contains
o633;i3799;contains
o633;i3800;contains
o633;i3801;contains
o633;i3802;contains
o633;i3803;contains
o633;i3804;contains
o633;i3805;contains
o633;i3806;contains
o633;i3807;contains
o634;i3808;contains
o634;i3809;contains
o634;i3810;contains
o634;i3811;contains
o634;i3812;contains
o634;i3813;contains
o634;i3814;contains
o635;i3815;contains
o635;i3816;contains
o635;i3817;contains
o635;i3818;contains
o635;i3819;contains
o635;i3820;contains
o635;i3821;contains
o635;i3822;contains
o636;i3823;contains
o636;i3824;contains
o636;i3825;contains
o636;i3826;contains
o636;i3827;contains
o636;i3828;contains
o636;i3829;contains
o637;i3830;contains
o637;i3831;contains
o637;i3832;contains
o637;i3833;contains
o637;i3834;contains
o637;i3835;contains
o638;i3836;contains
o638;i3837;contains
o638;i3838;contains
o638;i3839;contains
o638;i3840;contains
o639;i3841;contains
o639;i3842;contains
o639;i3843;contains
o639;i3844;contains
o639;i3845;contains
o639;i3846;contains
o639;i3847;contains
o639;i3848;contains
o639;i3849;contains
o640;i3850;contains
o640;i3851;contains
o640;i3852;contains
o640;i3853;contains
o640;i3854;contains
o640;i3855;contains
o640;i3856;contains
o640;i3857;contains
o640;i3858;contains
o640;i3859;contains
o641;i3860;contains
o641;i3861;contains
o641;i3862;contains
o641;i3863;contains
o641;i3864;contains
o641;i3865;contains
o641;i3866;contains
o641;i3867;contains
o641;i3868;contains
o641;i3869;contains
o641;i3870;contains
o641;i3871;contains
o642;i3872;contains
o642;i3873;contains
o642;i3874;contains
o642;i3875;contains
o642;i3876;contains
o642;i3877;contains
o642;i3878;contains
o642;i3879;contains
o642;i3880;contains
o642;i3881;contains
o642;i3882;contains
o643;i3883;contains
o643;i3884;contains
o643;i3885;contains
o643;i3886;contains
o643;i3887;contains
o643;i3888;contains
o643;i3889;contains
o643;i3890;contains
o643;i3891;contains
o644;i3892;contains
o644;i3893;contains
o644;i3894;contains
o644;i3895;contains
o644;i3896;contains
o644;i3897;contains
o644;i3898;contains
o644;i3899;contains
o644;i3900;contains
o645;i3901;contains
o645;i3902;contains
o645;i3903;contains
o645;i3904;contains
o645;i3905;contains
o645;i3906;contains
o645;i3907;contains
o645;i3908;contains
o645;i3909;contains
o645;i3910;contains
o645;i3911;contains
o645;i3912;contains
o645;i3913;contains
o645;i3914;contains
o645;i3915;contains
o645;i3916;contains
o645;i3917;contains
o646;i3918;contains
o646;i3919;contains
o646;i3920;contains
o646;i3921;contains
o646;i3922;contains
o646;i3923;contains
o646;i3924;contains
o647;i3925;contains
o647;i3926;contains
o647;i3927;contains
o647;i3928;contains
o647;i3929;contains
o647;i3930;contains
o648;i3931;contains
o648;i3932;contains
o648;i3933;contains
o648;i3934;contains
o648;i3935;contains
o648;i3936;contains
o648;i3937;contains
o648;i3938;contains
o648;i3939;contains
o648;i3940;contains
o648;i3941;contains
o648;i3942;contains
o648;i3943;contains
o648;i3944;contains
o648;i3945;contains
o648;i3946;contains
o649;i3947;contains
o649;i3948;contains
o649;i3949;contains
o649;i3950;contains
o649;i3951;contains
o649;i3952;contains
o649;i3953;contains
o649;i3954;contains
o649;i3955;contains
o650;i3956;contains
o650;i3957;contains
o650;i3958;contains
o650;i3959;contains
o650;i3960;contains
o650;i3961;contains
o650;i3962;contains
o650;i3963;contains
o651;i3964;contains
o651;i3965;contains
o651;i3966;contains
o651;i3967;contains
o651;i3968;contains
o651;i3969;contains
o651;i3970;contains
o651;i3971;contains
o651;i3972;contains
o651;i3973;contains
o652;i3974;contains
o652;i3975;contains
o652;i3976;contains
o652;i3977;contains
o652;i3978;contains
o653;i3979;contains
o653;i3980;contains
o653;i3981;contains
o653;i3982;contains
o653;i3983;contains
o653;i3984;contains
o653;i3985;contains
o653;i3986;contains
o653;i3987;contains
o653;i3988;contains
o653;i3989;contains
o653;i3990;contains
o653;i3991;contains
o653;i3992;contains
o654;i3993;contains
o654;i3994;contains
o654;i3995;contains
o654;i3996;contains
o654;i3997;contains
o654;i3998;contains
o654;i3999;contains
o654;i4000;contains
o654;i4001;contains
o654;i4002;contains
o654;i4003;contains
o654;i4004;contains
o654;i4005;contains
o654;i4006;contains
o654;i4007;contains
o654;i4008;contains
o655;i4009;contains
o655;i4010;contains
o655;i4011;contains
o655;i4012;contains
o655;i4013;contains
o655;i4014;contains
o655;i4015;contains
o655;i4016;contains
o655;i4017;contains
o655;i4018;contains
o656;i4019;contains
o656;i4020;contains
o656;i4021;contains
o656;i4022;contains
o656;i4023;contains
o656;i4024;contains
o656;i4025;contains
o656;i4026;contains
o656;i4027;contains
o656;i4028;contains
o656;i4029;contains
o656;i4030;contains
o657;i4031;contains
o657;i4032;contains
o657;i4033;contains
o657;i4034;contains
o657;i4035;contains
o657;i4036;contains
o657;i4037;contains
o658;i4038;contains
o658;i4039;contains
o658;i4040;contains
o658;i4041;contains
o658;i4042;contains
o658;i4043;contains
o658;i4044;contains
o658;i4045;contains
o658;i4046;contains
o658;i4047;contains
o658;i4048;contains
o659;i4049;contains
o659;i4050;contains
o659;i4051;contains
o659;i4052;contains
o659;i4053;contains
o659;i4054;contains
o659;i4055;contains
o659;i4056;contains
o659;i4057;contains
o659;i4058;contains
o659;i4059;contains
o659;i4060;contains
o659;i4061;contains
o659;i4062;contains
o660;i4063;contains
o660;i4064;contains
o660;i4065;contains
o660;i4066;contains
o660;i4067;contains
o660;i4068;contains
o660;i4069;contains
o661;i4070;contains
o661;i4071;contains
o661;i4072;contains
o661;i4073;contains
o661;i4074;contains
o661;i4075;contains
o662;i4076;contains
o662;i4077;contains
o662;i4078;contains
o662;i4079;contains
o662;i4080;contains
o662;i4081;contains
o662;i4082;contains
o663;i4083;contains
o663;i4084;contains
o663;i4085;contains
o663;i4086;contains
o663;i4087;contains
o663;i4088;contains
o663;i4089;contains
o663;i4090;contains
o663;i4091;contains
o663;i4092;contains
o663;i4093;contains
o663;i4094;contains
o664;i4095;contains
o664;i4096;contains
o664;i4097;contains
o664;i4098;contains
o664;i4099;contains
o664;i4100;contains
o665;i4101;contains
o665;i4102;contains
o665;i4103;contains
o665;i4104;contains
o665;i4105;contains
o666;i4106;contains
o666;i4107;contains
o666;i4108;contains
o666;i4109;contains
o666;i4110;contains
o666;i4111;contains
o666;i4112;contains
o666;i4113;contains
o666;i4114;contains
o666;i4115;contains
o666;i4116;contains
o666;i4117;contains
o666;i4118;contains
o667;i4119;contains
o667;i4120;contains
o667;i4121;contains
o667;i4122;contains
o667;i4123;contains
o667;i4124;contains
o667;i4125;contains
o667;i4126;contains
o667;i4127;contains
o668;i4128;contains
o668;i4129;contains
o668;i4130;contains
o668;i4131;contains
o668;i4132;contains
o668;i4133;contains
o668;i4134;contains
o668;i4135;contains
o669;i4136;contains
o669;i4137;contains
o669;i4138;contains
o669;i4139;contains
o669;i4140;contains
o669;i4141;contains
o669;i4142;contains
o669;i4143;contains
o669;i4144;contains
o670;i4145;contains
o670;i4146;contains
o670;i4147;contains
o670;i4148;contains
o670;i4149;contains
o671;i4150;contains
o671;i4151;contains
o671;i4152;contains
o671;i4153;contains
o671;i4154;contains
o671;i4155;contains
o671;i4156;contains
o671;i4157;contains
o671;i4158;contains
o671;i4159;contains
o671;i4160;contains
o671;i4161;contains
o672;i4162;contains
o672;i4163;contains
o672;i4164;contains
o672;i4165;contains
o672;i4166;contains
o672;i4167;contains
o672;i4168;contains
o672;i4169;contains
o673;i4170;contains
o673;i4171;contains
o673;i4172;contains
o673;i4173;contains
o673;i4174;contains
o673;i4175;contains
o673;i4176;contains
o673;i4177;contains
o673;i4178;contains
o674;i4179;contains
o674;i4180;contains
o674;i4181;contains
o674;i4182;contains
o674;i4183;contains
o674;i4184;contains
o674;i4185;contains
o674;i4186;contains
o674;i4187;contains
o674;i4188;contains
o675;i4189;contains
o675;i4190;contains
o675;i4191;contains
o675;i4192;contains
o675;i4193;contains
o675;i4194;contains
o675;i4195;contains
o675;i4196;contains
o676;i4197;contains
o676;i4198;contains
o676;i4199;contains
o676;i4200;contains
o676;i4201;contains
o676;i4202;contains
o676;i4203;contains
o676;i4204;contains
o676;i4205;contains
o677;i4206;contains
o677;i4207;contains
o677;i4208;contains
o677;i4209;contains
o677;i4210;contains
o677;i4211;contains
o677;i4212;contains
o677;i4213;contains
o677;i4214;contains
o677;i4215;contains
o677;i4216;contains
o678;i4217;contains
o678;i4218;contains
o678;i4219;contains
o678;i4220;contains
o679;i4221;contains
o679;i4222;contains
o679;i4223;contains
o679;i4224;contains
o679;i4225;contains
o679;i4226;contains
o679;i4227;contains
o679;i4228;contains
o679;i4229;contains
o679;i4230;contains
o679;i4231;contains
o679;i4232;contains
o679;i4233;contains
o679;i4234;contains
o679;i4235;contains
o680;i4236;contains
o680;i4237;contains
o680;i4238;contains
o680;i4239;contains
o680;i4240;contains
o680;i4241;contains
o680;i4242;contains
o681;i4243;contains
o681;i4244;contains
o681;i4245;contains
o681;i4246;contains
o681;i4247;contains
o681;i4248;contains
o681;i4249;contains
o681;i4250;contains
o681;i4251;contains
o681;i4252;contains
o682;i4253;contains
o682;i4254;contains
o682;i4255;contains
o682;i4256;contains
o682;i4257;contains
o682;i4258;contains
o682;i4259;contains
o682;i4260;contains
o682;i4261;contains
o682;i4262;contains
o683;i4263;contains
o683;i4264;contains
o683;i4265;contains
o683;i4266;contains
o683;i4267;contains
o683;i4268;contains
o684;i4269;contains
o684;i4270;contains
o684;i4271;contains
o684;i4272;contains
o684;i4273;contains
o684;i4274;contains
o684;i4275;contains
o684;i4276;contains
o684;i4277;contains
o684;i4278;contains
o684;i4279;contains
o684;i4280;contains
o685;i4281;contains
o685;i4282;contains
o685;i4283;contains
o685;i4284;contains
o685;i4285;contains
o685;i4286;contains
o685;i4287;contains
o685;i4288;contains
o685;i4289;contains
o686;i4290;contains
o686;i4291;contains
o686;i4292;contains
o686;i4293;contains
o686;i4294;contains
o686;i4295;contains
o686;i4296;contains
o686;i4297;contains
o686;i4298;contains
o686;i4299;contains
o686;i4300;contains
o686;i4301;contains
o686;i4302;contains
o687;i4303;contains
o687;i4304;contains
o687;i4305;contains
o687;i4306;contains
o687;i4307;contains
o687;i4308;contains
o687;i4309;contains
o688;i4310;contains
o688;i4311;contains
o688;i4312;contains
o688;i4313;contains
o688;i4314;contains
o688;i4315;contains
o688;i4316;contains
o688;i4317;contains
o688;i4318;contains
o688;i4319;contains
o689;i4320;contains
o689;i4321;contains
o689;i4322;contains
o689;i4323;contains
o689;i4324;contains
o689;i4325;contains
o689;i4326;contains
o690;i4327;contains
o690;i4328;contains
o690;i4329;contains
o690;i4330;contains
o690;i4331;contains
o690;i4332;contains
o690;i4333;contains
o690;i4334;contains
o690;i4335;contains
o690;i4336;contains
o690;i4337;contains
o691;i4338;contains
o691;i4339;contains
o692;i4340;contains
o692;i4341;contains
o692;i4342;contains
o692;i4343;contains
o692;i4344;contains
o692;i4345;contains
o692;i4346;contains
o692;i4347;contains
o692;i4348;contains
o692;i4349;contains
o693;i4350;contains
o693;i4351;contains
o693;i4352;contains
o693;i4353;contains
o693;i4354;contains
o693;i4355;contains
o693;i4356;contains
o693;i4357;contains
o693;i4358;contains
o693;i4359;contains
o693;i4360;contains
o693;i4361;contains
o694;i4362;contains
o694;i4363;contains
o694;i4364;contains
o694;i4365;contains
o694;i4366;contains
o694;i4367;contains
o694;i4368;contains
o694;i4369;contains
o694;i4370;contains
o694;i4371;contains
o694;i4372;contains
o694;i4373;contains
o694;i4374;contains
o694;i4375;contains
o695;i4376;contains
o695;i4377;contains
o695;i4378;contains
o695;i4379;contains
o695;i4380;contains
o695;i4381;contains
o695;i4382;contains
o695;i4383;contains
o695;i4384;contains
o696;i4385;contains
o696;i4386;contains
o696;i4387;contains
o696;i4388;contains
o696;i4389;contains
o696;i4390;contains
o696;i4391;contains
o696;i4392;contains
o697;i4393;contains
o697;i4394;contains
o697;i4395;contains
o697;i4396;contains
o697;i4397;contains
o697;i4398;contains
o697;i4399;contains
o697;i4400;contains
o697;i4401;contains
o697;i4402;contains
o697;i4403;contains
o698;i4404;contains
o698;i4405;contains
o698;i4406;contains
o698;i4407;contains
o698;i4408;contains
o698;i4409;contains
o698;i4410;contains
o698;i4411;contains
o698;i4412;contains
o698;i4413;contains
o698;i4414;contains
o698;i4415;contains
o698;i4416;contains
o698;i4417;contains
o699;i4418;contains
o699;i4419;contains
o699;i4420;contains
o699;i4421;contains
o699;i4422;contains
o699;i4423;contains
o700;i4424;contains
o700;i4425;contains
o700;i4426;contains
o700;i4427;contains
o700;i4428;contains
o700;i4429;contains
o700;i4430;contains
o700;i4431;contains
o700;i4432;contains
o700;i4433;contains
o700;i4434;contains
o700;i4435;contains
o700;i4436;contains
o700;i4437;contains
o700;i4438;contains
o701;i4439;contains
o701;i4440;contains
o701;i4441;contains
o701;i4442;contains
o701;i4443;contains
o701;i4444;contains
o701;i4445;contains
o701;i4446;contains
o702;i4447;contains
o702;i4448;contains
o702;i4449;contains
o702;i4450;contains
o702;i4451;contains
o702;i4452;contains
o702;i4453;contains
o703;i4454;contains
o703;i4455;contains
o703;i4456;contains
o703;i4457;contains
o703;i4458;contains
o703;i4459;contains
o703;i4460;contains
o703;i4461;contains
o703;i4462;contains
o704;i4463;contains
o704;i4464;contains
o704;i4465;contains
o704;i4466;contains
o704;i4467;contains
o704;i4468;contains
o704;i4469;contains
o704;i4470;contains
o704;i4471;contains
o704;i4472;contains
o704;i4473;contains
o705;i4474;contains
o705;i4475;contains
o705;i4476;contains
o705;i4477;contains
o705;i4478;contains
o705;i4479;contains
o705;i4480;contains
o705;i4481;contains
o705;i4482;contains
o705;i4483;contains
o706;i4484;contains
o706;i4485;contains
o706;i4486;contains
o706;i4487;contains
o706;i4488;contains
o706;i4489;contains
o706;i4490;contains
o706;i4491;contains
o707;i4492;contains
o707;i4493;contains
o707;i4494;contains
o707;i4495;contains
o707;i4496;contains
o707;i4497;contains
o707;i4498;contains
o707;i4499;contains
o707;i4500;contains
o708;i4501;contains
o708;i4502;contains
o708;i4503;contains
o708;i4504;contains
o708;i4505;contains
o708;i4506;contains
o708;i4507;contains
o708;i4508;contains
o708;i4509;contains
o708;i4510;contains
o708;i4511;contains
o708;i4512;contains
o708;i4513;contains
o708;i4514;contains
o709;i4515;contains
o709;i4516;contains
o709;i4517;contains
o709;i4518;contains
o709;i4519;contains
o709;i4520;contains
o710;i4521;contains
o710;i4522;contains
o710;i4523;contains
o710;i4524;contains
o710;i4525;contains
o710;i4526;contains
o710;i4527;contains
o710;i4528;contains
o711;i4529;contains
o711;i4530;contains
o711;i4531;contains
o711;i4532;contains
o711;i4533;contains
o711;i4534;contains
o711;i4535;contains
o711;i4536;contains
o712;i4537;contains
o712;i4538;contains
o712;i4539;contains
o712;i4540;contains
o712;i4541;contains
o712;i4542;contains
o712;i4543;contains
o712;i4544;contains
o712;i4545;contains
o712;i4546;contains
o713;i4547;contains
o713;i4548;contains
o713;i4549;contains
o713;i4550;contains
o713;i4551;contains
o713;i4552;contains
o713;i4553;contains
o713;i4554;contains
o713;i4555;contains
o714;i4556;contains
o714;i4557;contains
o714;i4558;contains
o714;i4559;contains
o714;i4560;contains
o714;i4561;contains
o714;i4562;contains
o714;i4563;contains
o714;i4564;contains
o714;i4565;contains
o714;i4566;contains
o714;i4567;contains
o715;i4568;contains
o715;i4569;contains
o715;i4570;contains
o715;i4571;contains
o715;i4572;contains
o715;i4573;contains
o715;i4574;contains
o715;i4575;contains
o715;i4576;contains
o715;i4577;contains
o715;i4578;contains
o716;i4579;contains
o716;i4580;contains
o716;i4581;contains
o716;i4582;contains
o716;i4583;contains
o716;i4584;contains
o716;i4585;contains
o716;i4586;contains
o716;i4587;contains
o716;i4588;contains
o716;i4589;contains
o717;i4590;contains
o717;i4591;contains
o717;i4592;contains
o717;i4593;contains
o717;i4594;contains
o717;i4595;contains
o717;i4596;contains
o717;i4597;contains
o717;i4598;contains
o718;i4599;contains
o718;i4600;contains
o718;i4601;contains
o718;i4602;contains
o718;i4603;contains
o718;i4604;contains
o718;i4605;contains
o718;i4606;contains
o718;i4607;contains
o718;i4608;contains
o718;i4609;contains
o718;i4610;contains
o719;i4611;contains
o719;i4612;contains
o719;i4613;contains
o719;i4614;contains
o719;i4615;contains
o719;i4616;contains
o719;i4617;contains
o719;i4618;contains
o719;i4619;contains
o719;i4620;contains
o719;i4621;contains
o719;i4622;contains
o719;i4623;contains
o719;i4624;contains
o719;i4625;contains
o719;i4626;contains
o720;i4627;contains
o720;i4628;contains
o720;i4629;contains
o720;i4630;contains
o720;i4631;contains
o720;i4632;contains
o720;i4633;contains
o720;i4634;contains
o720;i4635;contains
o720;i4636;contains
o721;i4637;contains
o721;i4638;contains
o721;i4639;contains
o721;i4640;contains
o721;i4641;contains
o721;i4642;contains
o721;i4643;contains
o721;i4644;contains
o721;i4645;contains
o721;i4646;contains
o722;i4647;contains
o722;i4648;contains
o722;i4649;contains
o722;i4650;contains
o722;i4651;contains
o722;i4652;contains
o722;i4653;contains
o722;i4654;contains
o722;i4655;contains
o723;i4656;contains
o723;i4657;contains
o723;i4658;contains
o723;i4659;contains
o723;i4660;contains
o723;i4661;contains
o723;i4662;contains
o724;i4663;contains
o724;i4664;contains
o724;i4665;contains
o724;i4666;contains
o724;i4667;contains
o724;i4668;contains
o724;i4669;contains
o724;i4670;contains
o724;i4671;contains
o724;i4672;contains
o724;i4673;contains
o724;i4674;contains
o724;i4675;contains
o725;i4676;contains
o725;i4677;contains
o725;i4678;contains
o725;i4679;contains
o725;i4680;contains
o725;i4681;contains
o725;i4682;contains
o725;i4683;contains
o725;i4684;contains
o725;i4685;contains
o726;i4686;contains
o726;i4687;contains
o726;i4688;contains
o726;i4689;contains
o726;i4690;contains
o726;i4691;contains
o726;i4692;contains
o726;i4693;contains
o726;i4694;contains
o726;i4695;contains
o727;i4696;contains
o727;i4697;contains
o727;i4698;contains
o727;i4699;contains
o727;i4700;contains
o727;i4701;contains
o727;i4702;contains
o727;i4703;contains
o728;i4704;contains
o728;i4705;contains
o728;i4706;contains
o728;i4707;contains
o728;i4708;contains
o728;i4709;contains
o728;i4710;contains
o728;i4711;contains
o729;i4712;contains
o729;i4713;contains
o729;i4714;contains
o729;i4715;contains
o729;i4716;contains
o729;i4717;contains
o729;i4718;contains
o729;i4719;contains
o729;i4720;contains
o729;i4721;contains
o729;i4722;contains
o729;i4723;contains
o729;i4724;contains
o729;i4725;contains
o730;i4726;contains
o730;i4727;contains
o730;i4728;contains
o730;i4729;contains
o730;i4730;contains
o731;i4731;contains
o731;i4732;contains
o731;i4733;contains
o731;i4734;contains
o731;i4735;contains
o731;i4736;contains
o731;i4737;contains
o731;i4738;contains
o731;i4739;contains
o731;i4740;contains
o731;i4741;contains
o732;i4742;contains
o732;i4743;contains
o732;i4744;contains
o732;i4745;contains
o732;i4746;contains
o732;i4747;contains
o732;i4748;contains
o733;i4749;contains
o733;i4750;contains
o733;i4751;contains
o733;i4752;contains
o733;i4753;contains
o733;i4754;contains
o733;i4755;contains
o733;i4756;contains
o733;i4757;contains
o733;i4758;contains
o733;i4759;contains
o734;i4760;contains
o734;i4761;contains
o734;i4762;contains
o734;i4763;contains
o734;i4764;contains
o734;i4765;contains
o734;i4766;contains
o734;i4767;contains
o734;i4768;contains
o734;i4769;contains
o734;i4770;contains
o734;i4771;contains
o734;i4772;contains
o734;i4773;contains
o734;i4774;contains
o734;i4775;contains
o734;i4776;contains
o734;i4777;contains
o735;i4778;contains
o735;i4779;contains
o735;i4780;contains
o735;i4781;contains
o735;i4782;contains
o735;i4783;contains
o735;i4784;contains
o735;i4785;contains
o735;i4786;contains
o735;i4787;contains
o735;i4788;contains
o736;i4789;contains
o736;i4790;contains
o736;i4791;contains
o736;i4792;contains
o736;i4793;contains
o736;i4794;contains
o736;i4795;contains
o736;i4796;contains
o737;i4797;contains
o737;i4798;contains
o737;i4799;contains
o737;i4800;contains
o737;i4801;contains
o737;i4802;contains
o737;i4803;contains
o737;i4804;contains
o737;i4805;contains
o737;i4806;contains
o737;i4807;contains
o738;i4808;contains
o738;i4809;contains
o738;i4810;contains
o738;i4811;contains
o738;i4812;contains
o738;i4813;contains
o738;i4814;contains
o739;i4815;contains
o739;i4816;contains
o739;i4817;contains
o739;i4818;contains
o739;i4819;contains
o739;i4820;contains
o739;i4821;contains
o739;i4822;contains
o739;i4823;contains
o739;i4824;contains
o739;i4825;contains
o740;i4826;contains
o740;i4827;contains
o740;i4828;contains
o740;i4829;contains
o740;i4830;contains
o740;i4831;contains
o741;i4832;contains
o741;i4833;contains
o741;i4834;contains
o741;i4835;contains
o741;i4836;contains
o741;i4837;contains
o741;i4838;contains
o741;i4839;contains
o741;i4840;contains
o742;i4841;contains
o742;i4842;contains
o742;i4843;contains
o742;i4844;contains
o742;i4845;contains
o742;i4846;contains
o742;i4847;contains
o743;i4848;contains
o743;i4849;contains
o743;i4850;contains
o743;i4851;contains
o743;i4852;contains
o743;i4853;contains
o743;i4854;contains
o743;i4855;contains
o743;i4856;contains
o743;i4857;contains
o743;i4858;contains
o743;i4859;contains
o744;i4860;contains
o744;i4861;contains
o744;i4862;contains
o744;i4863;contains
o744;i4864;contains
o745;i4865;contains
o745;i4866;contains
o745;i4867;contains
o745;i4868;contains
o745;i4869;contains
o745;i4870;contains
o745;i4871;contains
o745;i4872;contains
o745;i4873;contains
o745;i4874;contains
o745;i4875;contains
o746;i4876;contains
o746;i4877;contains
o746;i4878;contains
o746;i4879;contains
o746;i4880;contains
o746;i4881;contains
o746;i4882;contains
o746;i4883;contains
o747;i4884;contains
o747;i4885;contains
o747;i4886;contains
o747;i4887;contains
o747;i4888;contains
o747;i4889;contains
o747;i4890;contains
o747;i4891;contains
o747;i4892;contains
o747;i4893;contains
o747;i4894;contains
o747;i4895;contains
o747;i4896;contains
o747;i4897;contains
o748;i4898;contains
o748;i4899;contains
o748;i4900;contains
o748;i4901;contains
o748;i4902;contains
o748;i4903;contains
o748;i4904;contains
o748;i4905;contains
o748;i4906;contains
o748;i4907;contains
o748;i4908;contains
o748;i4909;contains
o748;i4910;contains
o748;i4911;contains
o748;i4912;contains
o748;i4913;contains
o748;i4914;contains
o749;i4915;contains
o749;i4916;contains
o749;i4917;contains
o749;i4918;contains
o749;i4919;contains
o749;i4920;contains
o749;i4921;contains
o749;i4922;contains
o749;i4923;contains
o749;i4924;contains
o750;i4925;contains
o750;i4926;contains
o750;i4927;contains
o750;i4928;contains
o750;i4929;contains
o750;i4930;contains
o750;i4931;contains
o750;i4932;contains
o750;i4933;contains
o750;i4934;contains
o750;i4935;contains
o750;i4936;contains
o750;i4937;contains
o751;i4938;contains
o751;i4939;contains
o751;i4940;contains
o751;i4941;contains
o751;i4942;contains
o751;i4943;contains
o751;i4944;contains
o751;i4945;contains
o751;i4946;contains
o751;i4947;contains
o751;i4948;contains
o751;i4949;contains
o752;i4950;contains
o752;i4951;contains
o752;i4952;contains
o752;i4953;contains
o752;i4954;contains
o752;i4955;contains
o752;i4956;contains
o752;i4957;contains
o752;i4958;contains
o752;i4959;contains
o752;i4960;contains
o752;i4961;contains
o753;i4962;contains
o753;i4963;contains
o753;i4964;contains
o753;i4965;contains
o753;i4966;contains
o753;i4967;contains
o753;i4968;contains
o753;i4969;contains
o753;i4970;contains
o753;i4971;contains
o754;i4972;contains
o754;i4973;contains
o754;i4974;contains
o754;i4975;contains
o754;i4976;contains
o754;i4977;contains
o754;i4978;contains
o754;i4979;contains
o755;i4980;contains
o755;i4981;contains
o756;i4982;contains
o756;i4983;contains
o756;i4984;contains
o756;i4985;contains
o756;i4986;contains
o756;i4987;contains
o756;i4988;contains
o756;i4989;contains
o756;i4990;contains
o756;i4991;contains
o756;i4992;contains
o756;i4993;contains
o756;i4994;contains
o756;i4995;contains
o756;i4996;contains
o756;i4997;contains
o757;i4998;contains
o757;i4999;contains
o757;i5000;contains
o757;i5001;contains
o757;i5002;contains
o757;i5003;contains
o757;i5004;contains
o757;i5005;contains
o757;i5006;contains
o757;i5007;contains
o758;i5008;contains
o758;i5009;contains
o758;i5010;contains
o758;i5011;contains
o758;i5012;contains
o758;i5013;contains
o758;i5014;contains
o758;i5015;contains
o758;i5016;contains
o759;i5017;contains
o759;i5018;contains
o759;i5019;contains
o759;i5020;contains
o759;i5021;contains
o759;i5022;contains
o759;i5023;contains
o759;i5024;contains
o760;i5025;contains
o760;i5026;contains
o760;i5027;contains
o760;i5028;contains
o760;i5029;contains
o760;i5030;contains
o760;i5031;contains
o760;i5032;contains
o760;i5033;contains
o760;i5034;contains
o760;i5035;contains
o760;i5036;contains
o760;i5037;contains
o760;i5038;contains
o760;i5039;contains
o761;i5040;contains
o761;i5041;contains
o761;i5042;contains
o761;i5043;contains
o761;i5044;contains
o761;i5045;contains
o761;i5046;contains
o761;i5047;contains
o761;i5048;contains
o761;i5049;contains
o761;i5050;contains
o762;i5051;contains
o762;i5052;contains
o762;i5053;contains
o762;i5054;contains
o762;i5055;contains
o762;i5056;contains
o762;i5057;contains
o762;i5058;contains
o762;i5059;contains
o762;i5060;contains
o762;i5061;contains
o762;i5062;contains
o762;i5063;contains
o762;i5064;contains
o763;i5065;contains
o763;i5066;contains
o763;i5067;contains
o763;i5068;contains
o763;i5069;contains
o763;i5070;contains
o763;i5071;contains
o763;i5072;contains
o764;i5073;contains
o764;i5074;contains
o764;i5075;contains
o764;i5076;contains
o764;i5077;contains
o764;i5078;contains
o764;i5079;contains
o764;i5080;contains
o764;i5081;contains
o764;i5082;contains
o764;i5083;contains
o765;i5084;contains
o765;i5085;contains
o765;i5086;contains
o765;i5087;contains
o765;i5088;contains
o765;i5089;contains
o765;i5090;contains
o765;i5091;contains
o765;i5092;contains
o765;i5093;contains
o765;i5094;contains
o765;i5095;contains
o765;i5096;contains
o765;i5097;contains
o765;i5098;contains
o766;i5099;contains
o766;i5100;contains
o766;i5101;contains
o766;i5102;contains
o766;i5103;contains
o766;i5104;contains
o766;i5105;contains
o766;i5106;contains
o766;i5107;contains
o766;i5108;contains
o766;i5109;contains
o767;i5110;contains
o767;i5111;contains
o767;i5112;contains
o767;i5113;contains
o767;i5114;contains
o767;i5115;contains
o768;i5116;contains
o768;i5117;contains
o768;i5118;contains
o768;i5119;contains
o768;i5120;contains
o768;i5121;contains
o768;i5122;contains
o768;i5123;contains
o768;i5124;contains
o768;i5125;contains
o768;i5126;contains
o769;i5127;contains
o769;i5128;contains
o769;i5129;contains
o769;i5130;contains
o769;i5131;contains
o769;i5132;contains
o769;i5133;contains
o769;i5134;contains
o770;i5135;contains
o770;i5136;contains
o770;i5137;contains
o770;i5138;contains
o770;i5139;contains
o770;i5140;contains
o770;i5141;contains
o770;i5142;contains
o770;i5143;contains
o770;i5144;contains
o770;i5145;contains
o770;i5146;contains
o770;i5147;contains
o770;i5148;contains
o771;i5149;contains
o771;i5150;contains
o771;i5151;contains
o771;i5152;contains
o771;i5153;contains
o771;i5154;contains
o771;i5155;contains
o771;i5156;contains
o771;i5157;contains
o772;i5158;contains
o772;i5159;contains
o772;i5160;contains
o772;i5161;contains
o772;i5162;contains
o772;i5163;contains
o772;i5164;contains
o772;i5165;contains
o772;i5166;contains
o772;i5167;contains
o772;i5168;contains
o772;i5169;contains
o773;i5170;contains
o773;i5171;contains
o773;i5172;contains
o773;i5173;contains
o773;i5174;contains
o773;i5175;contains
o773;i5176;contains
o773;i5177;contains
o773;i5178;contains
o773;i5179;contains
o773;i5180;contains
o774;i5181;contains
o774;i5182;contains
o774;i5183;contains
o774;i5184;contains
o774;i5185;contains
o774;i5186;contains
o775;i5187;contains
o775;i5188;contains
o775;i5189;contains
o775;i5190;contains
o775;i5191;contains
o775;i5192;contains
o775;i5193;contains
o775;i5194;contains
o775;i5195;contains
o775;i5196;contains
o775;i5197;contains
o776;i5198;contains
o776;i5199;contains
o776;i5200;contains
o776;i5201;contains
o776;i5202;contains
o776;i5203;contains
o776;i5204;contains
o776;i5205;contains
o776;i5206;contains
o776;i5207;contains
o777;i5208;contains
o777;i5209;contains
o777;i5210;contains
o777;i5211;contains
o777;i5212;contains
o777;i5213;contains
o777;i5214;contains
o777;i5215;contains
o777;i5216;contains
o777;i5217;contains
o778;i5218;contains
o778;i5219;contains
o778;i5220;contains
o778;i5221;contains
o778;i5222;contains
o778;i5223;contains
o778;i5224;contains
o778;i5225;contains
o778;i5226;contains
o778;i5227;contains
o778;i5228;contains
o778;i5229;contains
o778;i5230;contains
o778;i5231;contains
o778;i5232;contains
o778;i5233;contains
o778;i5234;contains
o778;i5235;contains
o779;i5236;contains
o779;i5237;contains
o779;i5238;contains
o779;i5239;contains
o779;i5240;contains
o779;i5241;contains
o779;i5242;contains
o779;i5243;contains
o779;i5244;contains
o780;i5245;contains
o780;i5246;contains
o780;i5247;contains
o780;i5248;contains
o780;i5249;contains
o780;i5250;contains
o780;i5251;contains
o780;i5252;contains
o781;i5253;contains
o781;i5254;contains
o781;i5255;contains
o781;i5256;contains
o781;i5257;contains
o781;i5258;contains
o781;i5259;contains
o781;i5260;contains
o781;i5261;contains
o781;i5262;contains
o781;i5263;contains
o782;i5264;contains
o782;i5265;contains
o782;i5266;contains
o782;i5267;contains
o782;i5268;contains
o782;i5269;contains
o782;i5270;contains
o783;i5271;contains
o783;i5272;contains
o783;i5273;contains
o783;i5274;contains
o783;i5275;contains
o783;i5276;contains
o783;i5277;contains
o783;i5278;contains
o783;i5279;contains
o783;i5280;contains
o783;i5281;contains
o783;i5282;contains
o783;i5283;contains
o784;i5284;contains
o784;i5285;contains
o784;i5286;contains
o784;i5287;contains
o784;i5288;contains
o784;i5289;contains
o784;i5290;contains
o784;i5291;contains
o784;i5292;contains
o784;i5293;contains
o785;i5294;contains
o785;i5295;contains
o785;i5296;contains
o785;i5297;contains
o785;i5298;contains
o785;i5299;contains
o785;i5300;contains
o785;i5301;contains
o785;i5302;contains
o785;i5303;contains
o785;i5304;contains
o786;i5305;contains
o786;i5306;contains
o786;i5307;contains
o786;i5308;contains
o786;i5309;contains
o786;i5310;contains
o786;i5311;contains
o787;i5312;contains
o787;i5313;contains
o787;i5314;contains
o787;i5315;contains
o787;i5316;contains
o787;i5317;contains
o787;i5318;contains
o787;i5319;contains
o787;i5320;contains
o788;i5321;contains
o788;i5322;contains
o788;i5323;contains
o788;i5324;contains
o788;i5325;contains
o788;i5326;contains
o788;i5327;contains
o788;i5328;contains
o788;i5329;contains
o788;i5330;contains
o788;i5331;contains
o788;i5332;contains
o788;i5333;contains
o788;i5334;contains
o789;i5335;contains
o789;i5336;contains
o789;i5337;contains
o789;i5338;contains
o789;i5339;contains
o789;i5340;contains
o789;i5341;contains
o789;i5342;contains
o790;i5343;contains
o790;i5344;contains
o790;i5345;contains
o790;i5346;contains
o790;i5347;contains
o790;i5348;contains
o790;i5349;contains
o790;i5350;contains
o790;i5351;contains
o790;i5352;contains
o790;i5353;contains
o790;i5354;contains
o790;i5355;contains
o790;i5356;contains
o790;i5357;contains
o790;i5358;contains
o790;i5359;contains
o790;i5360;contains
o790;i5361;contains
o791;i5362;contains
o791;i5363;contains
o791;i5364;contains
o791;i5365;contains
o791;i5366;contains
o791;i5367;contains
o791;i5368;contains
o791;i5369;contains
o791;i5370;contains
o791;i5371;contains
o791;i5372;contains
o791;i5373;contains
o791;i5374;contains
o791;i5375;contains
o791;i5376;contains
o792;i5377;contains
o792;i5378;contains
o792;i5379;contains
o792;i5380;contains
o792;i5381;contains
o792;i5382;contains
o792;i5383;contains
o793;i5384;contains
o793;i5385;contains
o793;i5386;contains
o793;i5387;contains
o793;i5388;contains
o793;i5389;contains
o793;i5390;contains
o793;i5391;contains
o793;i5392;contains
o793;i5393;contains
o793;i5394;contains
o793;i5395;contains
o793;i5396;contains
o793;i5397;contains
o793;i5398;contains
o793;i5399;contains
o794;i5400;contains
o794;i5401;contains
o794;i5402;contains
o794;i5403;contains
o794;i5404;contains
o794;i5405;contains
o794;i5406;contains
o794;i5407;contains
o794;i5408;contains
o794;i5409;contains
o795;i5410;contains
o795;i5411;contains
o795;i5412;contains
o795;i5413;contains
o795;i5414;contains
o795;i5415;contains
o795;i5416;contains
o795;i5417;contains
o795;i5418;contains
o795;i5419;contains
o795;i5420;contains
o796;i5421;contains
o796;i5422;contains
o796;i5423;contains
o796;i5424;contains
o796;i5425;contains
o796;i5426;contains
o796;i5427;contains
o796;i5428;contains
o796;i5429;contains
o796;i5430;contains
o796;i5431;contains
o796;i5432;contains
o797;i5433;contains
o797;i5434;contains
o797;i5435;contains
o797;i5436;contains
o797;i5437;contains
o797;i5438;contains
o797;i5439;contains
o797;i5440;contains
o797;i5441;contains
o797;i5442;contains
o797;i5443;contains
o797;i5444;contains
o797;i5445;contains
o797;i5446;contains
o797;i5447;contains
o797;i5448;contains
o798;i5449;contains
o798;i5450;contains
o798;i5451;contains
o798;i5452;contains
o798;i5453;contains
o798;i5454;contains
o798;i5455;contains
o798;i5456;contains
o799;i5457;contains
o799;i5458;contains
o799;i5459;contains
o799;i5460;contains
o799;i5461;contains
o799;i5462;contains
o799;i5463;contains
o799;i5464;contains
o799;i5465;contains
o799;i5466;contains
o799;i5467;contains
o799;i5468;contains
o800;i5469;contains
o800;i5470;contains
o800;i5471;contains
o800;i5472;contains
o800;i5473;contains
o800;i5474;contains
o800;i5475;contains
o800;i5476;contains
o800;i5477;contains
o800;i5478;contains
o800;i5479;contains
o801;i5480;contains
o801;i5481;contains
o801;i5482;contains
o801;i5483;contains
o801;i5484;contains
o801;i5485;contains
o801;i5486;contains
o801;i5487;contains
o801;i5488;contains
o801;i5489;contains
o801;i5490;contains
o802;i5491;contains
o802;i5492;contains
o802;i5493;contains
o802;i5494;contains
o802;i5495;contains
o802;i5496;contains
o802;i5497;contains
o802;i5498;contains
o802;i5499;contains
o802;i5500;contains
o802;i5501;contains
o802;i5502;contains
o803;i5503;contains
o803;i5504;contains
o803;i5505;contains
o803;i5506;contains
o803;i5507;contains
o803;i5508;contains
o803;i5509;contains
o803;i5510;contains
o803;i5511;contains
o803;i5512;contains
o803;i5513;contains
o803;i5514;contains
o803;i5515;contains
o803;i5516;contains
o803;i5517;contains
o803;i5518;contains
o804;i5519;contains
o804;i5520;contains
o804;i5521;contains
o804;i5522;contains
o804;i5523;contains
o804;i5524;contains
o804;i5525;contains
o804;i5526;contains
o804;i5527;contains
o804;i5528;contains
o804;i5529;contains
o804;i5530;contains
o804;i5531;contains
o804;i5532;contains
o804;i5533;contains
o804;i5534;contains
o804;i5535;contains
o804;i5536;contains
o805;i5537;contains
o805;i5538;contains
o805;i5539;contains
o805;i5540;contains
o805;i5541;contains
o805;i5542;contains
o805;i5543;contains
o805;i5544;contains
o805;i5545;contains
o806;i5546;contains
o806;i5547;contains
o806;i5548;contains
o806;i5549;contains
o806;i5550;contains
o806;i5551;contains
o806;i5552;contains
o806;i5553;contains
o806;i5554;contains
o806;i5555;contains
o806;i5556;contains
o806;i5557;contains
o806;i5558;contains
o806;i5559;contains
o806;i5560;contains
o807;i5561;contains
o807;i5562;contains
o807;i5563;contains
o807;i5564;contains
o807;i5565;contains
o807;i5566;contains
o808;i5567;contains
o808;i5568;contains
o808;i5569;contains
o808;i5570;contains
o808;i5571;contains
o808;i5572;contains
o809;i5573;contains
o809;i5574;contains
o809;i5575;contains
o809;i5576;contains
o809;i5577;contains
o809;i5578;contains
o809;i5579;contains
o809;i5580;contains
o809;i5581;contains
o809;i5582;contains
o809;i5583;contains
o809;i5584;contains
o810;i5585;contains
o810;i5586;contains
o810;i5587;contains
o810;i5588;contains
o810;i5589;contains
o810;i5590;contains
o810;i5591;contains
o810;i5592;contains
o810;i5593;contains
o810;i5594;contains
o810;i5595;contains
o810;i5596;contains
o810;i5597;contains
o811;i5598;contains
o811;i5599;contains
o811;i5600;contains
o811;i5601;contains
o811;i5602;contains
o811;i5603;contains
o811;i5604;contains
o811;i5605;contains
o812;i5606;contains
o812;i5607;contains
o812;i5608;contains
o812;i5609;contains
o812;i5610;contains
o812;i5611;contains
o812;i5612;contains
o812;i5613;contains
o812;i5614;contains
o813;i5615;contains
o813;i5616;contains
o813;i5617;contains
o813;i5618;contains
o813;i5619;contains
o813;i5620;contains
o813;i5621;contains
o813;i5622;contains
o813;i5623;contains
o813;i5624;contains
o813;i5625;contains
o813;i5626;contains
o814;i5627;contains
o814;i5628;contains
o814;i5629;contains
o814;i5630;contains
o814;i5631;contains
o814;i5632;contains
o814;i5633;contains
o815;i5634;contains
o815;i5635;contains
o815;i5636;contains
o815;i5637;contains
o815;i5638;contains
o815;i5639;contains
o815;i5640;contains
o815;i5641;contains
o815;i5642;contains
o816;i5643;contains
o816;i5644;contains
o816;i5645;contains
o816;i5646;contains
o816;i5647;contains
o816;i5648;contains
o816;i5649;contains
o816;i5650;contains
o816;i5651;contains
o817;i5652;contains
o817;i5653;contains
o817;i5654;contains
o817;i5655;contains
o817;i5656;contains
o817;i5657;contains
o817;i5658;contains
o817;i5659;contains
o817;i5660;contains
o817;i5661;contains
o818;i5662;contains
o818;i5663;contains
o818;i5664;contains
o818;i5665;contains
o818;i5666;contains
o818;i5667;contains
o818;i5668;contains
o818;i5669;contains
o819;i5670;contains
o819;i5671;contains
o819;i5672;contains
o819;i5673;contains
o819;i5674;contains
o819;i5675;contains
o819;i5676;contains
o819;i5677;contains
o819;i5678;contains
o819;i5679;contains
o820;i5680;contains
o820;i5681;contains
o820;i5682;contains
o820;i5683;contains
o820;i5684;contains
o820;i5685;contains
o820;i5686;contains
o820;i5687;contains
o820;i5688;contains
o820;i5689;contains
o821;i5690;contains
o821;i5691;contains
o821;i5692;contains
o821;i5693;contains
o821;i5694;contains
o821;i5695;contains
o821;i5696;contains
o821;i5697;contains
o822;i5698;contains
o822;i5699;contains
o822;i5700;contains
o822;i5701;contains
o822;i5702;contains
o822;i5703;contains
o822;i5704;contains
o822;i5705;contains
o822;i5706;contains
o822;i5707;contains
o823;i5708;contains
o823;i5709;contains
o823;i5710;contains
o823;i5711;contains
o823;i5712;contains
o823;i5713;contains
o823;i5714;contains
o823;i5715;contains
o823;i5716;contains
o823;i5717;contains
o823;i5718;contains
o824;i5719;contains
o824;i5720;contains
o824;i5721;contains
o824;i5722;contains
o824;i5723;contains
o824;i5724;contains
o824;i5725;contains
o824;i5726;contains
o824;i5727;contains
o824;i5728;contains
o824;i5729;contains
o824;i5730;contains
o824;i5731;contains
o824;i5732;contains
o825;i5733;contains
o825;i5734;contains
o825;i5735;contains
o825;i5736;contains
o825;i5737;contains
o825;i5738;contains
o825;i5739;contains
o825;i5740;contains
o826;i5741;contains
o826;i5742;contains
o826;i5743;contains
o826;i5744;contains
o826;i5745;contains
o826;i5746;contains
o826;i5747;contains
o826;i5748;contains
o826;i5749;contains
o826;i5750;contains
o826;i5751;contains
o826;i5752;contains
o826;i5753;contains
o826;i5754;contains
o826;i5755;contains
o827;i5756;contains
o827;i5757;contains
o827;i5758;contains
o827;i5759;contains
o827;i5760;contains
o827;i5761;contains
o827;i5762;contains
o828;i5763;contains
o828;i5764;contains
o828;i5765;contains
o828;i5766;contains
o828;i5767;contains
o828;i5768;contains
o828;i5769;contains
o828;i5770;contains
o828;i5771;contains
o829;i5772;contains
o829;i5773;contains
o829;i5774;contains
o829;i5775;contains
o829;i5776;contains
o829;i5777;contains
o829;i5778;contains
o829;i5779;contains
o829;i5780;contains
o830;i5781;contains
o830;i5782;contains
o830;i5783;contains
o830;i5784;contains
o830;i5785;contains
o830;i5786;contains
o830;i5787;contains
o830;i5788;contains
o830;i5789;contains
o830;i5790;contains
o830;i5791;contains
o831;i5792;contains
o831;i5793;contains
o831;i5794;contains
o831;i5795;contains
o831;i5796;contains
o831;i5797;contains
o831;i5798;contains
o831;i5799;contains
o831;i5800;contains
o831;i5801;contains
o831;i5802;contains
o831;i5803;contains
o832;i5804;contains
o832;i5805;contains
o832;i5806;contains
o832;i5807;contains
o832;i5808;contains
o832;i5809;contains
o832;i5810;contains
o832;i5811;contains
o832;i5812;contains
o833;i5813;contains
o833;i5814;contains
o833;i5815;contains
o833;i5816;contains
o833;i5817;contains
o833;i5818;contains
o833;i5819;contains
o833;i5820;contains
o833;i5821;contains
o833;i5822;contains
o833;i5823;contains
o834;i5824;contains
o834;i5825;contains
o834;i5826;contains
o834;i5827;contains
o834;i5828;contains
o834;i5829;contains
o834;i5830;contains
o834;i5831;contains
o834;i5832;contains
o834;i5833;contains
o834;i5834;contains
o835;i5835;contains
o835;i5836;contains
o835;i5837;contains
o835;i5838;contains
o835;i5839;contains
o835;i5840;contains
o835;i5841;contains
o835;i5842;contains
o835;i5843;contains
o836;i5844;contains
o836;i5845;contains
o836;i5846;contains
o836;i5847;contains
o836;i5848;contains
o836;i5849;contains
o837;i5850;contains
o837;i5851;contains
o837;i5852;contains
o837;i5853;contains
o837;i5854;contains
o837;i5855;contains
o837;i5856;contains
o837;i5857;contains
o837;i5858;contains
o837;i5859;contains
o837;i5860;contains
o837;i5861;contains
o838;i5862;contains
o838;i5863;contains
o838;i5864;contains
o838;i5865;contains
o838;i5866;contains
o838;i5867;contains
o839;i5868;contains
o839;i5869;contains
o839;i5870;contains
o839;i5871;contains
o839;i5872;contains
o839;i5873;contains
o839;i5874;contains
o840;i5875;contains
o840;i5876;contains
o840;i5877;contains
o840;i5878;contains
o840;i5879;contains
o840;i5880;contains
o840;i5881;contains
o840;i5882;contains
o840;i5883;contains
o840;i5884;contains
o841;i5885;contains
o841;i5886;contains
o841;i5887;contains
o841;i5888;contains
o841;i5889;contains
o841;i5890;contains
o841;i5891;contains
o841;i5892;contains
o841;i5893;contains
o841;i5894;contains
o842;i5895;contains
o842;i5896;contains
o842;i5897;contains
o842;i5898;contains
o842;i5899;contains
o842;i5900;contains
o842;i5901;contains
o842;i5902;contains
o842;i5903;contains
o842;i5904;contains
o842;i5905;contains
o842;i5906;contains
o843;i5907;contains
o843;i5908;contains
o843;i5909;contains
o843;i5910;contains
o843;i5911;contains
o843;i5912;contains
o843;i5913;contains
o843;i5914;contains
o843;i5915;contains
o843;i5916;contains
o843;i5917;contains
o843;i5918;contains
o843;i5919;contains
o843;i5920;contains
o843;i5921;contains
o844;i5922;contains
o844;i5923;contains
o844;i5924;contains
o844;i5925;contains
o844;i5926;contains
o844;i5927;contains
o844;i5928;contains
o844;i5929;contains
o844;i5930;contains
o844;i5931;contains
o844;i5932;contains
o844;i5933;contains
o844;i5934;contains
o844;i5935;contains
o845;i5936;contains
o845;i5937;contains
o845;i5938;contains
o845;i5939;contains
o845;i5940;contains
o845;i5941;contains
o845;i5942;contains
o845;i5943;contains
o845;i5944;contains
o845;i5945;contains
o845;i5946;contains
o845;i5947;contains
o845;i5948;contains
o845;i5949;contains
o846;i5950;contains
o846;i5951;contains
o846;i5952;contains
o846;i5953;contains
o846;i5954;contains
o846;i5955;contains
o846;i5956;contains
o846;i5957;contains
o846;i5958;contains
o847;i5959;contains
o847;i5960;contains
o847;i5961;contains
o847;i5962;contains
o847;i5963;contains
o847;i5964;contains
o847;i5965;contains
o847;i5966;contains
o847;i5967;contains
o847;i5968;contains
o847;i5969;contains
o847;i5970;contains
o847;i5971;contains
o847;i5972;contains
o848;i5973;contains
o848;i5974;contains
o848;i5975;contains
o848;i5976;contains
o848;i5977;contains
o848;i5978;contains
o848;i5979;contains
o848;i5980;contains
o848;i5981;contains
o848;i5982;contains
o848;i5983;contains
o848;i5984;contains
o848;i5985;contains
o849;i5986;contains
o849;i5987;contains
o849;i5988;contains
o849;i5989;contains
o849;i5990;contains
o849;i5991;contains
o849;i5992;contains
o849;i5993;contains
o849;i5994;contains
o849;i5995;contains
o849;i5996;contains
o849;i5997;contains
o850;i5998;contains
o850;i5999;contains
o850;i6000;contains
o850;i6001;contains
o850;i6002;contains
o851;i6003;contains
o851;i6004;contains
o851;i6005;contains
o851;i6006;contains
o852;i6007;contains
o852;i6008;contains
o852;i6009;contains
o852;i6010;contains
o852;i6011;contains
o852;i6012;contains
o852;i6013;contains
o852;i6014;contains
o852;i6015;contains
o852;i6016;contains
o852;i6017;contains
o852;i6018;contains
o852;i6019;contains
o852;i6020;contains
o852;i6021;contains
o853;i6022;contains
o853;i6023;contains
o853;i6024;contains
o853;i6025;contains
o853;i6026;contains
o853;i6027;contains
o853;i6028;contains
o853;i6029;contains
o853;i6030;contains
o853;i6031;contains
o853;i6032;contains
o853;i6033;contains
o854;i6034;contains
o854;i6035;contains
o854;i6036;contains
o854;i6037;contains
o854;i6038;contains
o854;i6039;contains
o854;i6040;contains
o854;i6041;contains
o854;i6042;contains
o854;i6043;contains
o854;i6044;contains
o855;i6045;contains
o855;i6046;contains
o855;i6047;contains
o855;i6048;contains
o856;i6049;contains
o856;i6050;contains
o856;i6051;contains
o856;i6052;contains
o856;i6053;contains
o856;i6054;contains
o856;i6055;contains
o856;i6056;contains
o856;i6057;contains
o856;i6058;contains
o856;i6059;contains
o857;i6060;contains
o857;i6061;contains
o857;i6062;contains
o857;i6063;contains
o857;i6064;contains
o857;i6065;contains
o857;i6066;contains
o857;i6067;contains
o857;i6068;contains
o858;i6069;contains
o858;i6070;contains
o858;i6071;contains
o858;i6072;contains
o858;i6073;contains
o858;i6074;contains
o858;i6075;contains
o858;i6076;contains
o858;i6077;contains
o858;i6078;contains
o858;i6079;contains
o859;i6080;contains
o859;i6081;contains
o859;i6082;contains
o859;i6083;contains
o859;i6084;contains
o859;i6085;contains
o859;i6086;contains
o859;i6087;contains
o859;i6088;contains
o860;i6089;contains
o860;i6090;contains
o860;i6091;contains
o860;i6092;contains
o860;i6093;contains
o860;i6094;contains
o860;i6095;contains
o860;i6096;contains
o860;i6097;contains
o860;i6098;contains
o860;i6099;contains
o860;i6100;contains
o860;i6101;contains
o861;i6102;contains
o861;i6103;contains
o861;i6104;contains
o861;i6105;contains
o861;i6106;contains
o861;i6107;contains
o861;i6108;contains
o861;i6109;contains
o861;i6110;contains
o861;i6111;contains
o861;i6112;contains
o861;i6113;contains
o861;i6114;contains
o861;i6115;contains
o861;i6116;contains
o861;i6117;contains
o862;i6118;contains
o862;i6119;contains
o862;i6120;contains
o862;i6121;contains
o862;i6122;contains
o862;i6123;contains
o862;i6124;contains
o862;i6125;contains
o862;i6126;contains
o863;i6127;contains
o863;i6128;contains
o863;i6129;contains
o863;i6130;contains
o863;i6131;contains
o863;i6132;contains
o863;i6133;contains
o863;i6134;contains
o863;i6135;contains
o863;i6136;contains
o863;i6137;contains
o863;i6138;contains
o863;i6139;contains
o863;i6140;contains
o863;i6141;contains
o864;i6142;contains
o864;i6143;contains
o864;i6144;contains
o864;i6145;contains
o864;i6146;contains
o864;i6147;contains
o864;i6148;contains
o864;i6149;contains
o864;i6150;contains
o864;i6151;contains
o864;i6152;contains
o864;i6153;contains
o864;i6154;contains
o864;i6155;contains
o864;i6156;contains
o865;i6157;contains
o865;i6158;contains
o865;i6159;contains
o865;i6160;contains
o865;i6161;contains
o865;i6162;contains
o865;i6163;contains
o865;i6164;contains
o865;i6165;contains
o865;i6166;contains
o865;i6167;contains
o865;i6168;contains
o865;i6169;contains
o866;i6170;contains
o866;i6171;contains
o866;i6172;contains
o866;i6173;contains
o866;i6174;contains
o866;i6175;contains
o866;i6176;contains
o866;i6177;contains
o866;i6178;contains
o866;i6179;contains
o866;i6180;contains
o866;i6181;contains
o866;i6182;contains
o866;i6183;contains
o866;i6184;contains
o867;i6185;contains
o867;i6186;contains
o867;i6187;contains
o867;i6188;contains
o867;i6189;contains
o867;i6190;contains
o867;i6191;contains
o867;i6192;contains
o867;i6193;contains
o867;i6194;contains
o867;i6195;contains
o867;i6196;contains
o868;i6197;contains
o868;i6198;contains
o868;i6199;contains
o868;i6200;contains
o868;i6201;contains
o868;i6202;contains
o868;i6203;contains
o868;i6204;contains
o868;i6205;contains
o868;i6206;contains
o868;i6207;contains
o868;i6208;contains
o868;i6209;contains
o868;i6210;contains
o868;i6211;contains
o868;i6212;contains
o868;i6213;contains
o868;i6214;contains
o868;i6215;contains
o869;i6216;contains
o869;i6217;contains
o869;i6218;contains
o869;i6219;contains
o869;i6220;contains
o869;i6221;contains
o869;i6222;contains
o869;i6223;contains
o870;i6224;contains
o870;i6225;contains
o870;i6226;contains
o870;i6227;contains
o870;i6228;contains
o870;i6229;contains
o870;i6230;contains
o870;i6231;contains
o870;i6232;contains
o870;i6233;contains
o870;i6234;contains
o870;i6235;contains
o871;i6236;contains
o871;i6237;contains
o871;i6238;contains
o871;i6239;contains
o871;i6240;contains
o871;i6241;contains
o871;i6242;contains
o871;i6243;contains
o871;i6244;contains
o871;i6245;contains
o871;i6246;contains
o872;i6247;contains
o872;i6248;contains
o872;i6249;contains
o872;i6250;contains
o872;i6251;contains
o872;i6252;contains
o872;i6253;contains
o872;i6254;contains
o873;i6255;contains
o873;i6256;contains
o873;i6257;contains
o873;i6258;contains
o873;i6259;contains
o873;i6260;contains
o873;i6261;contains
o873;i6262;contains
o873;i6263;contains
o873;i6264;contains
o873;i6265;contains
o873;i6266;contains
o873;i6267;contains
o874;i6268;contains
o874;i6269;contains
o874;i6270;contains
o874;i6271;contains
o874;i6272;contains
o874;i6273;contains
o874;i6274;contains
o874;i6275;contains
o874;i6276;contains
o874;i6277;contains
o874;i6278;contains
o874;i6279;contains
o874;i6280;contains
o874;i6281;contains
o874;i6282;contains
o874;i6283;contains
o875;i6284;contains
o875;i6285;contains
o875;i6286;contains
o875;i6287;contains
o875;i6288;contains
o875;i6289;contains
o875;i6290;contains
o875;i6291;contains
o875;i6292;contains
o875;i6293;contains
o875;i6294;contains
o875;i6295;contains
o875;i6296;contains
o876;i6297;contains
o876;i6298;contains
o876;i6299;contains
o876;i6300;contains
o876;i6301;contains
o876;i6302;contains
o876;i6303;contains
o876;i6304;contains
o876;i6305;contains
o876;i6306;contains
o876;i6307;contains
o876;i6308;contains
o877;i6309;contains
o877;i6310;contains
o877;i6311;contains
o877;i6312;contains
o877;i6313;contains
o877;i6314;contains
o877;i6315;contains
o877;i6316;contains
o877;i6317;contains
o877;i6318;contains
o877;i6319;contains
o877;i6320;contains
o877;i6321;contains
o877;i6322;contains
o877;i6323;contains
o877;i6324;contains
o877;i6325;contains
o878;i6326;contains
o878;i6327;contains
o878;i6328;contains
o878;i6329;contains
o878;i6330;contains
o878;i6331;contains
o878;i6332;contains
o878;i6333;contains
o878;i6334;contains
o878;i6335;contains
o878;i6336;contains
o878;i6337;contains
o878;i6338;contains
o878;i6339;contains
o879;i6340;contains
o879;i6341;contains
o879;i6342;contains
o879;i6343;contains
o879;i6344;contains
o879;i6345;contains
o879;i6346;contains
o879;i6347;contains
o879;i6348;contains
o879;i6349;contains
o879;i6350;contains
o880;i6351;contains
o880;i6352;contains
o880;i6353;contains
o880;i6354;contains
o880;i6355;contains
o880;i6356;contains
o880;i6357;contains
o880;i6358;contains
o880;i6359;contains
o880;i6360;contains
o880;i6361;contains
o880;i6362;contains
o880;i6363;contains
o880;i6364;contains
o881;i6365;contains
o881;i6366;contains
o881;i6367;contains
o881;i6368;contains
o881;i6369;contains
o881;i6370;contains
o881;i6371;contains
o881;i6372;contains
o881;i6373;contains
o881;i6374;contains
o881;i6375;contains
o881;i6376;contains
o882;i6377;contains
o882;i6378;contains
o882;i6379;contains
o882;i6380;contains
o882;i6381;contains
o882;i6382;contains
o882;i6383;contains
o882;i6384;contains
o882;i6385;contains
o882;i6386;contains
o882;i6387;contains
o882;i6388;contains
o882;i6389;contains
o882;i6390;contains
o883;i6391;contains
o883;i6392;contains
o883;i6393;contains
o883;i6394;contains
o883;i6395;contains
o883;i6396;contains
o883;i6397;contains
o883;i6398;contains
o883;i6399;contains
o884;i6400;contains
o884;i6401;contains
o884;i6402;contains
o884;i6403;contains
o884;i6404;contains
o884;i6405;contains
o884;i6406;contains
o884;i6407;contains
o884;i6408;contains
o884;i6409;contains
o884;i6410;contains
o884;i6411;contains
o884;i6412;contains
o884;i6413;contains
o884;i6414;contains
o885;i6415;contains
o885;i6416;contains
o885;i6417;contains
o885;i6418;contains
o885;i6419;contains
o885;i6420;contains
o885;i6421;contains
o885;i6422;contains
o885;i6423;contains
o885;i6424;contains
o885;i6425;contains
o885;i6426;contains
o885;i6427;contains
o885;i6428;contains
o885;i6429;contains
o885;i6430;contains
o885;i6431;contains
o886;i6432;contains
o886;i6433;contains
o886;i6434;contains
o886;i6435;contains
o886;i6436;contains
o886;i6437;contains
o887;i6438;contains
o887;i6439;contains
o887;i6440;contains
o887;i6441;contains
o887;i6442;contains
o887;i6443;contains
o887;i6444;contains
o887;i6445;contains
o888;i6446;contains
o888;i6447;contains
o888;i6448;contains
o888;i6449;contains
o888;i6450;contains
o888;i6451;contains
o888;i6452;contains
o888;i6453;contains
o888;i6454;contains
o888;i6455;contains
o888;i6456;contains
o888;i6457;contains
o889;i6458;contains
o889;i6459;contains
o889;i6460;contains
o889;i6461;contains
o889;i6462;contains
o889;i6463;contains
o889;i6464;contains
o889;i6465;contains
o889;i6466;contains
o889;i6467;contains
o889;i6468;contains
o889;i6469;contains
o889;i6470;contains
o889;i6471;contains
o889;i6472;contains
o889;i6473;contains
o890;i6474;contains
o890;i6475;contains
o890;i6476;contains
o890;i6477;contains
o890;i6478;contains
o890;i6479;contains
o891;i6480;contains
o891;i6481;contains
o891;i6482;contains
o891;i6483;contains
o891;i6484;contains
o891;i6485;contains
o891;i6486;contains
o891;i6487;contains
o891;i6488;contains
o892;i6489;contains
o892;i6490;contains
o892;i6491;contains
o892;i6492;contains
o892;i6493;contains
o892;i6494;contains
o892;i6495;contains
o892;i6496;contains
o892;i6497;contains
o893;i6498;contains
o893;i6499;contains
o893;i6500;contains
o893;i6501;contains
o893;i6502;contains
o893;i6503;contains
o893;i6504;contains
o893;i6505;contains
o893;i6506;contains
o894;i6507;contains
o894;i6508;contains
o894;i6509;contains
o894;i6510;contains
o894;i6511;contains
o894;i6512;contains
o894;i6513;contains
o894;i6514;contains
o894;i6515;contains
o894;i6516;contains
o894;i6517;contains
o895;i6518;contains
o895;i6519;contains
o895;i6520;contains
o895;i6521;contains
o895;i6522;contains
o895;i6523;contains
o895;i6524;contains
o895;i6525;contains
o895;i6526;contains
o895;i6527;contains
o895;i6528;contains
o895;i6529;contains
o895;i6530;contains
o895;i6531;contains
o895;i6532;contains
o896;i6533;contains
o896;i6534;contains
o896;i6535;contains
o896;i6536;contains
o896;i6537;contains
o896;i6538;contains
o896;i6539;contains
o896;i6540;contains
o897;i6541;contains
o897;i6542;contains
o897;i6543;contains
o897;i6544;contains
o897;i6545;contains
o897;i6546;contains
o897;i6547;contains
o898;i6548;contains
o898;i6549;contains
o898;i6550;contains
o898;i6551;contains
o898;i6552;contains
o898;i6553;contains
o898;i6554;contains
o898;i6555;contains
o898;i6556;contains
o898;i6557;contains
o898;i6558;contains
o898;i6559;contains
o899;i6560;contains
o899;i6561;contains
o899;i6562;contains
o899;i6563;contains
o899;i6564;contains
o899;i6565;contains
o899;i6566;contains
o899;i6567;contains
o899;i6568;contains
o899;i6569;contains
o900;i6570;contains
o900;i6571;contains
o900;i6572;contains
o900;i6573;contains
o900;i6574;contains
o900;i6575;contains
o900;i6576;contains
o900;i6577;contains
o900;i6578;contains
o900;i6579;contains
o900;i6580;contains
o900;i6581;contains
o901;i6582;contains
o901;i6583;contains
o901;i6584;contains
o901;i6585;contains
o901;i6586;contains
o901;i6587;contains
o901;i6588;contains
o902;i6589;contains
o902;i6590;contains
o902;i6591;contains
o902;i6592;contains
o902;i6593;contains
o902;i6594;contains
o902;i6595;contains
o903;i6596;contains
o903;i6597;contains
o903;i6598;contains
o903;i6599;contains
o903;i6600;contains
o903;i6601;contains
o903;i6602;contains
o903;i6603;contains
o903;i6604;contains
o903;i6605;contains
o903;i6606;contains
o904;i6607;contains
o904;i6608;contains
o904;i6609;contains
o904;i6610;contains
o904;i6611;contains
o904;i6612;contains
o904;i6613;contains
o904;i6614;contains
o904;i6615;contains
o904;i6616;contains
o904;i6617;contains
o904;i6618;contains
o905;i6619;contains
o905;i6620;contains
o905;i6621;contains
o905;i6622;contains
o905;i6623;contains
o905;i6624;contains
o905;i6625;contains
o905;i6626;contains
o905;i6627;contains
o905;i6628;contains
o905;i6629;contains
o905;i6630;contains
o905;i6631;contains
o905;i6632;contains
o905;i6633;contains
o906;i6634;contains
o906;i6635;contains
o906;i6636;contains
o906;i6637;contains
o906;i6638;contains
o906;i6639;contains
o907;i6640;contains
o907;i6641;contains
o907;i6642;contains
o907;i6643;contains
o907;i6644;contains
o907;i6645;contains
o907;i6646;contains
o907;i6647;contains
o907;i6648;contains
o907;i6649;contains
o907;i6650;contains
o907;i6651;contains
o908;i6652;contains
o908;i6653;contains
o908;i6654;contains
o908;i6655;contains
o908;i6656;contains
o908;i6657;contains
o908;i6658;contains
o908;i6659;contains
o908;i6660;contains
o908;i6661;contains
o908;i6662;contains
o909;i6663;contains
o909;i6664;contains
o909;i6665;contains
o909;i6666;contains
o909;i6667;contains
o909;i6668;contains
o909;i6669;contains
o909;i6670;contains
o909;i6671;contains
o910;i6672;contains
o910;i6673;contains
o910;i6674;contains
o910;i6675;contains
o910;i6676;contains
o910;i6677;contains
o910;i6678;contains
o910;i6679;contains
o910;i6680;contains
o911;i6681;contains
o911;i6682;contains
o911;i6683;contains
o911;i6684;contains
o911;i6685;contains
o911;i6686;contains
o911;i6687;contains
o911;i6688;contains
o911;i6689;contains
o911;i6690;contains
o911;i6691;contains
o911;i6692;contains
o912;i6693;contains
o912;i6694;contains
o912;i6695;contains
o912;i6696;contains
o912;i6697;contains
o912;i6698;contains
o912;i6699;contains
o912;i6700;contains
o912;i6701;contains
o912;i6702;contains
o912;i6703;contains
o912;i6704;contains
o912;i6705;contains
o912;i6706;contains
o913;i6707;contains
o913;i6708;contains
o913;i6709;contains
o913;i6710;contains
o913;i6711;contains
o913;i6712;contains
o913;i6713;contains
o913;i6714;contains
o913;i6715;contains
o913;i6716;contains
o913;i6717;contains
o914;i6718;contains
o914;i6719;contains
o914;i6720;contains
o914;i6721;contains
o914;i6722;contains
o914;i6723;contains
o914;i6724;contains
o914;i6725;contains
o914;i6726;contains
o914;i6727;contains
o914;i6728;contains
o915;i6729;contains
o915;i6730;contains
o915;i6731;contains
o915;i6732;contains
o915;i6733;contains
o915;i6734;contains
o915;i6735;contains
o915;i6736;contains
o915;i6737;contains
o915;i6738;contains
o915;i6739;contains
o915;i6740;contains
o915;i6741;contains
o915;i6742;contains
o915;i6743;contains
o916;i6744;contains
o916;i6745;contains
o916;i6746;contains
o916;i6747;contains
o916;i6748;contains
o916;i6749;contains
o916;i6750;contains
o916;i6751;contains
o916;i6752;contains
o916;i6753;contains
o916;i6754;contains
o916;i6755;contains
o916;i6756;contains
o917;i6757;contains
o917;i6758;contains
o917;i6759;contains
o917;i6760;contains
o917;i6761;contains
o917;i6762;contains
o917;i6763;contains
o917;i6764;contains
o917;i6765;contains
o917;i6766;contains
o917;i6767;contains
o917;i6768;contains
o917;i6769;contains
o917;i6770;contains
o918;i6771;contains
o918;i6772;contains
o918;i6773;contains
o918;i6774;contains
o918;i6775;contains
o918;i6776;contains
o918;i6777;contains
o918;i6778;contains
o918;i6779;contains
o918;i6780;contains
o918;i6781;contains
o918;i6782;contains
o918;i6783;contains
o919;i6784;contains
o919;i6785;contains
o919;i6786;contains
o919;i6787;contains
o919;i6788;contains
o919;i6789;contains
o919;i6790;contains
o919;i6791;contains
o919;i6792;contains
o919;i6793;contains
o919;i6794;contains
o919;i6795;contains
o919;i6796;contains
o919;i6797;contains
o919;i6798;contains
o919;i6799;contains
o919;i6800;contains
o919;i6801;contains
o919;i6802;contains
o919;i6803;contains
o919;i6804;contains
o920;i6805;contains
o920;i6806;contains
o920;i6807;contains
o920;i6808;contains
o920;i6809;contains
o920;i6810;contains
o920;i6811;contains
o920;i6812;contains
o920;i6813;contains
o920;i6814;contains
o921;i6815;contains
o921;i6816;contains
o921;i6817;contains
o921;i6818;contains
o921;i6819;contains
o921;i6820;contains
o921;i6821;contains
o921;i6822;contains
o921;i6823;contains
o921;i6824;contains
o921;i6825;contains
o921;i6826;contains
o922;i6827;contains
o922;i6828;contains
o922;i6829;contains
o922;i6830;contains
o922;i6831;contains
o922;i6832;contains
o922;i6833;contains
o922;i6834;contains
o922;i6835;contains
o922;i6836;contains
o922;i6837;contains
o922;i6838;contains
o922;i6839;contains
o922;i6840;contains
o922;i6841;contains
o923;i6842;contains
o923;i6843;contains
o923;i6844;contains
o923;i6845;contains
o923;i6846;contains
o923;i6847;contains
o923;i6848;contains
o923;i6849;contains
o923;i6850;contains
o923;i6851;contains
o923;i6852;contains
o923;i6853;contains
o923;i6854;contains
o924;i6855;contains
o924;i6856;contains
o924;i6857;contains
o924;i6858;contains
o924;i6859;contains
o924;i6860;contains
o925;i6861;contains
o925;i6862;contains
o925;i6863;contains
o925;i6864;contains
o925;i6865;contains
o925;i6866;contains
o925;i6867;contains
o925;i6868;contains
o925;i6869;contains
o925;i6870;contains
o925;i6871;contains
o925;i6872;contains
o926;i6873;contains
o926;i6874;contains
o926;i6875;contains
o926;i6876;contains
o926;i6877;contains
o926;i6878;contains
o926;i6879;contains
o926;i6880;contains
o926;i6881;contains
o926;i6882;contains
o926;i6883;contains
o927;i6884;contains
o927;i6885;contains
o927;i6886;contains
o927;i6887;contains
o927;i6888;contains
o927;i6889;contains
o927;i6890;contains
o927;i6891;contains
o927;i6892;contains
o927;i6893;contains
o927;i6894;contains
o927;i6895;contains
o927;i6896;contains
o927;i6897;contains
o928;i6898;contains
o928;i6899;contains
o928;i6900;contains
o928;i6901;contains
o928;i6902;contains
o928;i6903;contains
o928;i6904;contains
o928;i6905;contains
o928;i6906;contains
o928;i6907;contains
o928;i6908;contains
o928;i6909;contains
o929;i6910;contains
o929;i6911;contains
o929;i6912;contains
o929;i6913;contains
o929;i6914;contains
o929;i6915;contains
o929;i6916;contains
o929;i6917;contains
o929;i6918;contains
o929;i6919;contains
o929;i6920;contains
o929;i6921;contains
o929;i6922;contains
o929;i6923;contains
o929;i6924;contains
o929;i6925;contains
o929;i6926;contains
o930;i6927;contains
o930;i6928;contains
o930;i6929;contains
o930;i6930;contains
o930;i6931;contains
o930;i6932;contains
o931;i6933;contains
o931;i6934;contains
o931;i6935;contains
o931;i6936;contains
o931;i6937;contains
o931;i6938;contains
o931;i6939;contains
o931;i6940;contains
o931;i6941;contains
o931;i6942;contains
o931;i6943;contains
o931;i6944;contains
o931;i6945;contains
o931;i6946;contains
o931;i6947;contains
o932;i6948;contains
o932;i6949;contains
o932;i6950;contains
o932;i6951;contains
o932;i6952;contains
o932;i6953;contains
o932;i6954;contains
o932;i6955;contains
o932;i6956;contains
o932;i6957;contains
o933;i6958;contains
o933;i6959;contains
o933;i6960;contains
o933;i6961;contains
o933;i6962;contains
o933;i6963;contains
o933;i6964;contains
o933;i6965;contains
o933;i6966;contains
o933;i6967;contains
o933;i6968;contains
o933;i6969;contains
o933;i6970;contains
o933;i6971;contains
o934;i6972;contains
o934;i6973;contains
o934;i6974;contains
o934;i6975;contains
o934;i6976;contains
o934;i6977;contains
o934;i6978;contains
o934;i6979;contains
o934;i6980;contains
o934;i6981;contains
o934;i6982;contains
o934;i6983;contains
o934;i6984;contains
o934;i6985;contains
o934;i6986;contains
o934;i6987;contains
o935;i6988;contains
o935;i6989;contains
o935;i6990;contains
o935;i6991;contains
o935;i6992;contains
o935;i6993;contains
o935;i6994;contains
o935;i6995;contains
o935;i6996;contains
o935;i6997;contains
o935;i6998;contains
o935;i6999;contains
o935;i7000;contains
o936;i7001;contains
o936;i7002;contains
o936;i7003;contains
o936;i7004;contains
o936;i7005;contains
o936;i7006;contains
o936;i7007;contains
o936;i7008;contains
o936;i7009;contains
o936;i7010;contains
o936;i7011;contains
o936;i7012;contains
o936;i7013;contains
o936;i7014;contains
o936;i7015;contains
o937;i7016;contains
o937;i7017;contains
o937;i7018;contains
o937;i7019;contains
o937;i7020;contains
o937;i7021;contains
o937;i7022;contains
o937;i7023;contains
o937;i7024;contains
o937;i7025;contains
o937;i7026;contains
o937;i7027;contains
o938;i7028;contains
o938;i7029;contains
o938;i7030;contains
o938;i7031;contains
o938;i7032;contains
o938;i7033;contains
o938;i7034;contains
o938;i7035;contains
o938;i7036;contains
o938;i7037;contains
o938;i7038;contains
o938;i7039;contains
o938;i7040;contains
o939;i7041;contains
o939;i7042;contains
o939;i7043;contains
o939;i7044;contains
o939;i7045;contains
o939;i7046;contains
o939;i7047;contains
o939;i7048;contains
o939;i7049;contains
o939;i7050;contains
o939;i7051;contains
o939;i7052;contains
o939;i7053;contains
o939;i7054;contains
o940;i7055;contains
o940;i7056;contains
o940;i7057;contains
o940;i7058;contains
o940;i7059;contains
o940;i7060;contains
o940;i7061;contains
o940;i7062;contains
o940;i7063;contains
o940;i7064;contains
o940;i7065;contains
o940;i7066;contains
o940;i7067;contains
o940;i7068;contains
o941;i7069;contains
o941;i7070;contains
o941;i7071;contains
o941;i7072;contains
o941;i7073;contains
o941;i7074;contains
o941;i7075;contains
o941;i7076;contains
o942;i7077;contains
o942;i7078;contains
o942;i7079;contains
o942;i7080;contains
o942;i7081;contains
o942;i7082;contains
o942;i7083;contains
o942;i7084;contains
o942;i7085;contains
o942;i7086;contains
o942;i7087;contains
o942;i7088;contains
o942;i7089;contains
o942;i7090;contains
o942;i7091;contains
o943;i7092;contains
o943;i7093;contains
o943;i7094;contains
o943;i7095;contains
o943;i7096;contains
o943;i7097;contains
o943;i7098;contains
o943;i7099;contains
o943;i7100;contains
o943;i7101;contains
o943;i7102;contains
o943;i7103;contains
o944;i7104;contains
o944;i7105;contains
o944;i7106;contains
o944;i7107;contains
o944;i7108;contains
o944;i7109;contains
o944;i7110;contains
o944;i7111;contains
o944;i7112;contains
o944;i7113;contains
o944;i7114;contains
o944;i7115;contains
o944;i7116;contains
o945;i7117;contains
o945;i7118;contains
o945;i7119;contains
o945;i7120;contains
o945;i7121;contains
o945;i7122;contains
o945;i7123;contains
o945;i7124;contains
o945;i7125;contains
o945;i7126;contains
o945;i7127;contains
o945;i7128;contains
o945;i7129;contains
o945;i7130;contains
o945;i7131;contains
o945;i7132;contains
o945;i7133;contains
o945;i7134;contains
o946;i7135;contains
o946;i7136;contains
o946;i7137;contains
o946;i7138;contains
o946;i7139;contains
o946;i7140;contains
o946;i7141;contains
o946;i7142;contains
o946;i7143;contains
o946;i7144;contains
o946;i7145;contains
o946;i7146;contains
o946;i7147;contains
o946;i7148;contains
o946;i7149;contains
o946;i7150;contains
o947;i7151;contains
o947;i7152;contains
o947;i7153;contains
o947;i7154;contains
o947;i7155;contains
o947;i7156;contains
o947;i7157;contains
o947;i7158;contains
o947;i7159;contains
o947;i7160;contains
o947;i7161;contains
o947;i7162;contains
o947;i7163;contains
o947;i7164;contains
o947;i7165;contains
o948;i7166;contains
o948;i7167;contains
o948;i7168;contains
o948;i7169;contains
o948;i7170;contains
o948;i7171;contains
o948;i7172;contains
o948;i7173;contains
o948;i7174;contains
o948;i7175;contains
o948;i7176;contains
o948;i7177;contains
o948;i7178;contains
o948;i7179;contains
o948;i7180;contains
o949;i7181;contains
o949;i7182;contains
o949;i7183;contains
o949;i7184;contains
o949;i7185;contains
o949;i7186;contains
o949;i7187;contains
o949;i7188;contains
o949;i7189;contains
o949;i7190;contains
o949;i7191;contains
o949;i7192;contains
o949;i7193;contains
o950;i7194;contains
o950;i7195;contains
o950;i7196;contains
o950;i7197;contains
o950;i7198;contains
o950;i7199;contains
o950;i7200;contains
o950;i7201;contains
o950;i7202;contains
o950;i7203;contains
o950;i7204;contains
o951;i7205;contains
o951;i7206;contains
o951;i7207;contains
o951;i7208;contains
o951;i7209;contains
o951;i7210;contains
o951;i7211;contains
o951;i7212;contains
o951;i7213;contains
o952;i7214;contains
o952;i7215;contains
o952;i7216;contains
o952;i7217;contains
o952;i7218;contains
o952;i7219;contains
o952;i7220;contains
o952;i7221;contains
o952;i7222;contains
o952;i7223;contains
o952;i7224;contains
o952;i7225;contains
o953;i7226;contains
o953;i7227;contains
o953;i7228;contains
o953;i7229;contains
o953;i7230;contains
o953;i7231;contains
o953;i7232;contains
o953;i7233;contains
o953;i7234;contains
o953;i7235;contains
o953;i7236;contains
o953;i7237;contains
o953;i7238;contains
o953;i7239;contains
o953;i7240;contains
o954;i7241;contains
o954;i7242;contains
o954;i7243;contains
o954;i7244;contains
o954;i7245;contains
o954;i7246;contains
o954;i7247;contains
o954;i7248;contains
o955;i7249;contains
o955;i7250;contains
o955;i7251;contains
o955;i7252;contains
o955;i7253;contains
o955;i7254;contains
o955;i7255;contains
o956;i7256;contains
o956;i7257;contains
o956;i7258;contains
o956;i7259;contains
o956;i7260;contains
o956;i7261;contains
o956;i7262;contains
o956;i7263;contains
o956;i7264;contains
o956;i7265;contains
o956;i7266;contains
o956;i7267;contains
o956;i7268;contains
o956;i7269;contains
o956;i7270;contains
o956;i7271;contains
o956;i7272;contains
o956;i7273;contains
o956;i7274;contains
o956;i7275;contains
o956;i7276;contains
o957;i7277;contains
o957;i7278;contains
o957;i7279;contains
o957;i7280;contains
o957;i7281;contains
o957;i7282;contains
o957;i7283;contains
o957;i7284;contains
o957;i7285;contains
o957;i7286;contains
o957;i7287;contains
o957;i7288;contains
o957;i7289;contains
o957;i7290;contains
o958;i7291;contains
o958;i7292;contains
o958;i7293;contains
o958;i7294;contains
o958;i7295;contains
o958;i7296;contains
o958;i7297;contains
o958;i7298;contains
o958;i7299;contains
o958;i7300;contains
o958;i7301;contains
o958;i7302;contains
o958;i7303;contains
o959;i7304;contains
o959;i7305;contains
o959;i7306;contains
o959;i7307;contains
o959;i7308;contains
o959;i7309;contains
o959;i7310;contains
o959;i7311;contains
o959;i7312;contains
o959;i7313;contains
o959;i7314;contains
o959;i7315;contains
o959;i7316;contains
o959;i7317;contains
o960;i7318;contains
o960;i7319;contains
o960;i7320;contains
o960;i7321;contains
o960;i7322;contains
o960;i7323;contains
o960;i7324;contains
o961;i7325;contains
o961;i7326;contains
o961;i7327;contains
o961;i7328;contains
o961;i7329;contains
o961;i7330;contains
o961;i7331;contains
o961;i7332;contains
o961;i7333;contains
o961;i7334;contains
o961;i7335;contains
o961;i7336;contains
o961;i7337;contains
o961;i7338;contains
o962;i7339;contains
o962;i7340;contains
o962;i7341;contains
o962;i7342;contains
o962;i7343;contains
o962;i7344;contains
o962;i7345;contains
o962;i7346;contains
o962;i7347;contains
o962;i7348;contains
o962;i7349;contains
o962;i7350;contains
o962;i7351;contains
o962;i7352;contains
o962;i7353;contains
o962;i7354;contains
o963;i7355;contains
o963;i7356;contains
o963;i7357;contains
o963;i7358;contains
o963;i7359;contains
o963;i7360;contains
o963;i7361;contains
o963;i7362;contains
o963;i7363;contains
o963;i7364;contains
o963;i7365;contains
o963;i7366;contains
o963;i7367;contains
o963;i7368;contains
o963;i7369;contains
o963;i7370;contains
o963;i7371;contains
o963;i7372;contains
o963;i7373;contains
o963;i7374;contains
o964;i7375;contains
o964;i7376;contains
o964;i7377;contains
o964;i7378;contains
o964;i7379;contains
o964;i7380;contains
o964;i7381;contains
o964;i7382;contains
o964;i7383;contains
o964;i7384;contains
o964;i7385;contains
o965;i7386;contains
o965;i7387;contains
o965;i7388;contains
o965;i7389;contains
o965;i7390;contains
o965;i7391;contains
o965;i7392;contains
o965;i7393;contains
o965;i7394;contains
o965;i7395;contains
o965;i7396;contains
o965;i7397;contains
o965;i7398;contains
o965;i7399;contains
o965;i7400;contains
o965;i7401;contains
o966;i7402;contains
o966;i7403;contains
o966;i7404;contains
o966;i7405;contains
o966;i7406;contains
o966;i7407;contains
o966;i7408;contains
o966;i7409;contains
o966;i7410;contains
o966;i7411;contains
o966;i7412;contains
o966;i7413;contains
o967;i7414;contains
o967;i7415;contains
o967;i7416;contains
o967;i7417;contains
o967;i7418;contains
o967;i7419;contains
o967;i7420;contains
o967;i7421;contains
o967;i7422;contains
o967;i7423;contains
o967;i7424;contains
o967;i7425;contains
o967;i7426;contains
o967;i7427;contains
o968;i7428;contains
o968;i7429;contains
o968;i7430;contains
o968;i7431;contains
o968;i7432;contains
o968;i7433;contains
o968;i7434;contains
o968;i7435;contains
o968;i7436;contains
o968;i7437;contains
o968;i7438;contains
o968;i7439;contains
o969;i7440;contains
o969;i7441;contains
o969;i7442;contains
o969;i7443;contains
o969;i7444;contains
o969;i7445;contains
o969;i7446;contains
o969;i7447;contains
o969;i7448;contains
o969;i7449;contains
o969;i7450;contains
o969;i7451;contains
o969;i7452;contains
o969;i7453;contains
o969;i7454;contains
o969;i7455;contains
o970;i7456;contains
o970;i7457;contains
o970;i7458;contains
o970;i7459;contains
o970;i7460;contains
o970;i7461;contains
o970;i7462;contains
o970;i7463;contains
o970;i7464;contains
o970;i7465;contains
o970;i7466;contains
o971;i7467;contains
o971;i7468;contains
o971;i7469;contains
o971;i7470;contains
o971;i7471;contains
o971;i7472;contains
o971;i7473;contains
o971;i7474;contains
o971;i7475;contains
o971;i7476;contains
o971;i7477;contains
o972;i7478;contains
o972;i7479;contains
o972;i7480;contains
o972;i7481;contains
o972;i7482;contains
o972;i7483;contains
o972;i7484;contains
o972;i7485;contains
o972;i7486;contains
o972;i7487;contains
o972;i7488;contains
o972;i7489;contains
o972;i7490;contains
o972;i7491;contains
o972;i7492;contains
o972;i7493;contains
o973;i7494;contains
o973;i7495;contains
o973;i7496;contains
o973;i7497;contains
o973;i7498;contains
o973;i7499;contains
o973;i7500;contains
o973;i7501;contains
o973;i7502;contains
o973;i7503;contains
o973;i7504;contains
o973;i7505;contains
o973;i7506;contains
o973;i7507;contains
o973;i7508;contains
o973;i7509;contains
o973;i7510;contains
o973;i7511;contains
o974;i7512;contains
o974;i7513;contains
o974;i7514;contains
o974;i7515;contains
o974;i7516;contains
o974;i7517;contains
o974;i7518;contains
o974;i7519;contains
o974;i7520;contains
o974;i7521;contains
o975;i7522;contains
o975;i7523;contains
o975;i7524;contains
o975;i7525;contains
o975;i7526;contains
o975;i7527;contains
o975;i7528;contains
o975;i7529;contains
o975;i7530;contains
o975;i7531;contains
o975;i7532;contains
o975;i7533;contains
o975;i7534;contains
o976;i7535;contains
o976;i7536;contains
o976;i7537;contains
o976;i7538;contains
o976;i7539;contains
o976;i7540;contains
o976;i7541;contains
o976;i7542;contains
o976;i7543;contains
o976;i7544;contains
o976;i7545;contains
o976;i7546;contains
o977;i7547;contains
o977;i7548;contains
o977;i7549;contains
o977;i7550;contains
o977;i7551;contains
o977;i7552;contains
o977;i7553;contains
o977;i7554;contains
o977;i7555;contains
o977;i7556;contains
o977;i7557;contains
o977;i7558;contains
o977;i7559;contains
o977;i7560;contains
o977;i7561;contains
o977;i7562;contains
o977;i7563;contains
o977;i7564;contains
o978;i7565;contains
o978;i7566;contains
o978;i7567;contains
o978;i7568;contains
o978;i7569;contains
o978;i7570;contains
o978;i7571;contains
o978;i7572;contains
o978;i7573;contains
o978;i7574;contains
o978;i7575;contains
o978;i7576;contains
o978;i7577;contains
o979;i7578;contains
o979;i7579;contains
o979;i7580;contains
o979;i7581;contains
o979;i7582;contains
o979;i7583;contains
o979;i7584;contains
o979;i7585;contains
o979;i7586;contains
o979;i7587;contains
o979;i7588;contains
o979;i7589;contains
o979;i7590;contains
o979;i7591;contains
o979;i7592;contains
o979;i7593;contains
o979;i7594;contains
o979;i7595;contains
o979;i7596;contains
o980;i7597;contains
o980;i7598;contains
o980;i7599;contains
o980;i7600;contains
o980;i7601;contains
o980;i7602;contains
o980;i7603;contains
o980;i7604;contains
o980;i7605;contains
o980;i7606;contains
o981;i7607;contains
o981;i7608;contains
o981;i7609;contains
o981;i7610;contains
o981;i7611;contains
o981;i7612;contains
o981;i7613;contains
o981;i7614;contains
o981;i7615;contains
o981;i7616;contains
o981;i7617;contains
o981;i7618;contains
o981;i7619;contains
o981;i7620;contains
o981;i7621;contains
o982;i7622;contains
o982;i7623;contains
o982;i7624;contains
o982;i7625;contains
o982;i7626;contains
o982;i7627;contains
o982;i7628;contains
o982;i7629;contains
o982;i7630;contains
o982;i7631;contains
o982;i7632;contains
o982;i7633;contains
o982;i7634;contains
o982;i7635;contains
o982;i7636;contains
o983;i7637;contains
o983;i7638;contains
o983;i7639;contains
o983;i7640;contains
o983;i7641;contains
o983;i7642;contains
o983;i7643;contains
o983;i7644;contains
o983;i7645;contains
o983;i7646;contains
o983;i7647;contains
o983;i7648;contains
o983;i7649;contains
o983;i7650;contains
o983;i7651;contains
o983;i7652;contains
o983;i7653;contains
o983;i7654;contains
o983;i7655;contains
o984;i7656;contains
o984;i7657;contains
o984;i7658;contains
o984;i7659;contains
o984;i7660;contains
o984;i7661;contains
o984;i7662;contains
o984;i7663;contains
o984;i7664;contains
o984;i7665;contains
o984;i7666;contains
o984;i7667;contains
o985;i7668;contains
o985;i7669;contains
o985;i7670;contains
o985;i7671;contains
o985;i7672;contains
o985;i7673;contains
o985;i7674;contains
o985;i7675;contains
o985;i7676;contains
o985;i7677;contains
o985;i7678;contains
o986;i7679;contains
o986;i7680;contains
o986;i7681;contains
o986;i7682;contains
o986;i7683;contains
o986;i7684;contains
o986;i7685;contains
o986;i7686;contains
o986;i7687;contains
o986;i7688;contains
o986;i7689;contains
o987;i7690;contains
o987;i7691;contains
o987;i7692;contains
o987;i7693;contains
o987;i7694;contains
o987;i7695;contains
o987;i7696;contains
o987;i7697;contains
o987;i7698;contains
o987;i7699;contains
o987;i7700;contains
o988;i7701;contains
o988;i7702;contains
o988;i7703;contains
o988;i7704;contains
o988;i7705;contains
o988;i7706;contains
o988;i7707;contains
o988;i7708;contains
o988;i7709;contains
o988;i7710;contains
o988;i7711;contains
o988;i7712;contains
o988;i7713;contains
o989;i7714;contains
o989;i7715;contains
o989;i7716;contains
o989;i7717;contains
o989;i7718;contains
o989;i7719;contains
o989;i7720;contains
o989;i7721;contains
o989;i7722;contains
o989;i7723;contains
o989;i7724;contains
o989;i7725;contains
o989;i7726;contains
o990;i7727;contains
o990;i7728;contains
o990;i7729;contains
o990;i7730;contains
o990;i7731;contains
o990;i7732;contains
o990;i7733;contains
o990;i7734;contains
o990;i7735;contains
o990;i7736;contains
o991;i7737;contains
o991;i7738;contains
o991;i7739;contains
o991;i7740;contains
o991;i7741;contains
o992;i7742;contains
o992;i7743;contains
o992;i7744;contains
o992;i7745;contains
o992;i7746;contains
o992;i7747;contains
o992;i7748;contains
o992;i7749;contains
o992;i7750;contains
o992;i7751;contains
o992;i7752;contains
o992;i7753;contains
o992;i7754;contains
o992;i7755;contains
o992;i7756;contains
o993;i7757;contains
o993;i7758;contains
o993;i7759;contains
o993;i7760;contains
o993;i7761;contains
o993;i7762;contains
o993;i7763;contains
o993;i7764;contains
o993;i7765;contains
o993;i7766;contains
o993;i7767;contains
o994;i7768;contains
o994;i7769;contains
o994;i7770;contains
o994;i7771;contains
o994;i7772;contains
o994;i7773;contains
o994;i7774;contains
o994;i7775;contains
o994;i7776;contains
o994;i7777;contains
o994;i7778;contains
o994;i7779;contains
o994;i7780;contains
o994;i7781;contains
o994;i7782;contains
o994;i7783;contains
o995;i7784;contains
o995;i7785;contains
o995;i7786;contains
o995;i7787;contains
o995;i7788;contains
o995;i7789;contains
o995;i7790;contains
o995;i7791;contains
o995;i7792;contains
o995;i7793;contains
o996;i7794;contains
o996;i7795;contains
o996;i7796;contains
o996;i7797;contains
o996;i7798;contains
o996;i7799;contains
o996;i7800;contains
o996;i7801;contains
o996;i7802;contains
o996;i7803;contains
o996;i7804;contains
o996;i7805;contains
o996;i7806;contains
o996;i7807;contains
o997;i7808;contains
o997;i7809;contains
o997;i7810;contains
o997;i7811;contains
o997;i7812;contains
o997;i7813;contains
o997;i7814;contains
o997;i7815;contains
o998;i7816;contains
o998;i7817;contains
o998;i7818;contains
o998;i7819;contains
o998;i7820;contains
o998;i7821;contains
o998;i7822;contains
o998;i7823;contains
o998;i7824;contains
o998;i7825;contains
o998;i7826;contains
o998;i7827;contains
o998;i7828;contains
o998;i7829;contains
o998;i7830;contains
o998;i7831;contains
o999;i7832;contains
o999;i7833;contains
o999;i7834;contains
o999;i7835;contains
o999;i7836;contains
o999;i7837;contains
o999;i7838;contains
o999;i7839;contains
o999;i7840;contains
o999;i7841;contains
o999;i7842;contains
o999;i7843;contains
o999;i7844;contains
o1000;i7845;contains
o1000;i7846;contains
o1000;i7847;contains
o1000;i7848;contains
o1000;i7849;contains
o1000;i7850;contains
o1000;i7851;contains
o1000;i7852;contains
o1000;i7853;contains
o1000;i7854;contains
o1000;i7855;contains
o1001;i7856;contains
o1001;i7857;contains
o1001;i7858;contains
o1001;i7859;contains
o1001;i7860;contains
o1001;i7861;contains
o1001;i7862;contains
o1001;i7863;contains
o1002;i7864;contains
o1002;i7865;contains
o1002;i7866;contains
o1002;i7867;contains
o1002;i7868;contains
o1002;i7869;contains
o1002;i7870;contains
o1002;i7871;contains
o1002;i7872;contains
o1002;i7873;contains
o1002;i7874;contains
o1002;i7875;contains
o1002;i7876;contains
o1002;i7877;contains
o1003;i7878;contains
o1003;i7879;contains
o1003;i7880;contains
o1003;i7881;contains
o1003;i7882;contains
o1003;i7883;contains
o1003;i7884;contains
o1003;i7885;contains
o1003;i7886;contains
o1003;i7887;contains
o1003;i7888;contains
o1003;i7889;contains
o1003;i7890;contains
o1003;i7891;contains
o1003;i7892;contains
o1003;i7893;contains
o1004;i7894;contains
o1004;i7895;contains
o1004;i7896;contains
o1004;i7897;contains
o1004;i7898;contains
o1004;i7899;contains
o1004;i7900;contains
o1004;i7901;contains
o1004;i7902;contains
o1004;i7903;contains
o1004;i7904;contains
o1004;i7905;contains
o1005;i7906;contains
o1005;i7907;contains
o1005;i7908;contains
o1005;i7909;contains
o1005;i7910;contains
o1005;i7911;contains
o1005;i7912;contains
o1005;i7913;contains
o1006;i7914;contains
o1006;i7915;contains
o1006;i7916;contains
o1006;i7917;contains
o1006;i7918;contains
o1006;i7919;contains
o1006;i7920;contains
o1006;i7921;contains
o1006;i7922;contains
o1006;i7923;contains
o1006;i7924;contains
o1006;i7925;contains
o1006;i7926;contains
o1006;i7927;contains
o1006;i7928;contains
o1006;i7929;contains
o1006;i7930;contains
o1006;i7931;contains
o1006;i7932;contains
o1007;i7933;contains
o1007;i7934;contains
o1007;i7935;contains
o1007;i7936;contains
o1007;i7937;contains
o1007;i7938;contains
o1007;i7939;contains
o1007;i7940;contains
o1007;i7941;contains
o1007;i7942;contains
o1007;i7943;contains
o1007;i7944;contains
o1007;i7945;contains
o1007;i7946;contains
o1007;i7947;contains
o1007;i7948;contains
o1007;i7949;contains
o1008;i7950;contains
o1008;i7951;contains
o1008;i7952;contains
o1008;i7953;contains
o1008;i7954;contains
o1008;i7955;contains
o1008;i7956;contains
o1008;i7957;contains
o1008;i7958;contains
o1008;i7959;contains
o1008;i7960;contains
o1008;i7961;contains
o1008;i7962;contains
o1008;i7963;contains
o1009;i7964;contains
o1009;i7965;contains
o1009;i7966;contains
o1009;i7967;contains
o1009;i7968;contains
o1009;i7969;contains
o1009;i7970;contains
o1009;i7971;contains
o1009;i7972;contains
o1009;i7973;contains
o1009;i7974;contains
o1009;i7975;contains
o1009;i7976;contains
o1010;i7977;contains
o1010;i7978;contains
o1010;i7979;contains
o1010;i7980;contains
o1010;i7981;contains
o1010;i7982;contains
o1010;i7983;contains
o1010;i7984;contains
o1010;i7985;contains
o1010;i7986;contains
o1010;i7987;contains
o1011;i7988;contains
o1011;i7989;contains
o1011;i7990;contains
o1011;i7991;contains
o1011;i7992;contains
o1011;i7993;contains
o1011;i7994;contains
o1011;i7995;contains
o1011;i7996;contains
o1011;i7997;contains
o1011;i7998;contains
o1011;i7999;contains
o1011;i8000;contains
o1011;i8001;contains
o1011;i8002;contains
o1012;i8003;contains
o1012;i8004;contains
o1012;i8005;contains
o1012;i8006;contains
o1012;i8007;contains
o1012;i8008;contains
o1012;i8009;contains
o1012;i8010;contains
o1012;i8011;contains
o1012;i8012;contains
o1012;i8013;contains
o1012;i8014;contains
o1012;i8015;contains
o1012;i8016;contains
o1012;i8017;contains
o1013;i8018;contains
o1013;i8019;contains
o1013;i8020;contains
o1013;i8021;contains
o1013;i8022;contains
o1013;i8023;contains
o1013;i8024;contains
o1013;i8025;contains
o1013;i8026;contains
o1014;i8027;contains
o1014;i8028;contains
o1014;i8029;contains
o1014;i8030;contains
o1014;i8031;contains
o1014;i8032;contains
o1014;i8033;contains
o1014;i8034;contains
o1014;i8035;contains
o1014;i8036;contains
o1014;i8037;contains
o1014;i8038;contains
o1014;i8039;contains
o1014;i8040;contains
o1014;i8041;contains
o1014;i8042;contains
o1015;i8043;contains
o1015;i8044;contains
o1015;i8045;contains
o1015;i8046;contains
o1015;i8047;contains
o1015;i8048;contains
o1015;i8049;contains
o1016;i8050;contains
o1016;i8051;contains
o1016;i8052;contains
o1016;i8053;contains
o1016;i8054;contains
o1016;i8055;contains
o1016;i8056;contains
o1016;i8057;contains
o1016;i8058;contains
o1016;i8059;contains
o1016;i8060;contains
o1016;i8061;contains
o1016;i8062;contains
o1016;i8063;contains
o1016;i8064;contains
o1016;i8065;contains
o1016;i8066;contains
o1016;i8067;contains
o1016;i8068;contains
o1017;i8069;contains
o1017;i8070;contains
o1017;i8071;contains
o1017;i8072;contains
o1017;i8073;contains
o1017;i8074;contains
o1017;i8075;contains
o1017;i8076;contains
o1017;i8077;contains
o1018;i8078;contains
o1018;i8079;contains
o1018;i8080;contains
o1018;i8081;contains
o1018;i8082;contains
o1018;i8083;contains
o1018;i8084;contains
o1018;i8085;contains
o1018;i8086;contains
o1018;i8087;contains
o1018;i8088;contains
o1018;i8089;contains
o1018;i8090;contains
o1018;i8091;contains
o1018;i8092;contains
o1019;i8093;contains
o1019;i8094;contains
o1019;i8095;contains
o1019;i8096;contains
o1019;i8097;contains
o1019;i8098;contains
o1019;i8099;contains
o1019;i8100;contains
o1019;i8101;contains
o1019;i8102;contains
o1019;i8103;contains
o1019;i8104;contains
o1019;i8105;contains
o1019;i8106;contains
o1019;i8107;contains
o1019;i8108;contains
o1019;i8109;contains
o1019;i8110;contains
o1019;i8111;contains
o1020;i8112;contains
o1020;i8113;contains
o1020;i8114;contains
o1020;i8115;contains
o1020;i8116;contains
o1020;i8117;contains
o1020;i8118;contains
o1020;i8119;contains
o1020;i8120;contains
o1020;i8121;contains
o1020;i8122;contains
o1020;i8123;contains
o1020;i8124;contains
o1020;i8125;contains
o1020;i8126;contains
o1020;i8127;contains
o1021;i8128;contains
o1021;i8129;contains
o1021;i8130;contains
o1021;i8131;contains
o1021;i8132;contains
o1021;i8133;contains
o1021;i8134;contains
o1021;i8135;contains
o1021;i8136;contains
o1021;i8137;contains
o1021;i8138;contains
o1021;i8139;contains
o1021;i8140;contains
o1021;i8141;contains
o1021;i8142;contains
o1021;i8143;contains
o1021;i8144;contains
o1021;i8145;contains
o1022;i8146;contains
o1022;i8147;contains
o1022;i8148;contains
o1022;i8149;contains
o1022;i8150;contains
o1022;i8151;contains
o1022;i8152;contains
o1022;i8153;contains
o1023;i8154;contains
o1023;i8155;contains
o1023;i8156;contains
o1023;i8157;contains
o1023;i8158;contains
o1023;i8159;contains
o1023;i8160;contains
o1023;i8161;contains
o1023;i8162;contains
o1023;i8163;contains
o1023;i8164;contains
o1023;i8165;contains
o1023;i8166;contains
o1023;i8167;contains
o1023;i8168;contains
o1024;i8169;contains
o1024;i8170;contains
o1024;i8171;contains
o1024;i8172;contains
o1024;i8173;contains
o1024;i8174;contains
o1024;i8175;contains
o1024;i8176;contains
o1024;i8177;contains
o1024;i8178;contains
o1025;i8179;contains
o1025;i8180;contains
o1025;i8181;contains
o1025;i8182;contains
o1025;i8183;contains
o1025;i8184;contains
o1025;i8185;contains
o1025;i8186;contains
o1025;i8187;contains
o1025;i8188;contains
o1025;i8189;contains
o1026;i8190;contains
o1026;i8191;contains
o1026;i8192;contains
o1026;i8193;contains
o1026;i8194;contains
o1026;i8195;contains
o1026;i8196;contains
o1026;i8197;contains
o1026;i8198;contains
o1026;i8199;contains
o1026;i8200;contains
o1026;i8201;contains
o1026;i8202;contains
o1026;i8203;contains
o1026;i8204;contains
o1026;i8205;contains
o1026;i8206;contains
o1027;i8207;contains
o1027;i8208;contains
o1027;i8209;contains
o1027;i8210;contains
o1027;i8211;contains
o1027;i8212;contains
o1027;i8213;contains
o1027;i8214;contains
o1028;i8215;contains
o1028;i8216;contains
o1028;i8217;contains
o1028;i8218;contains
o1028;i8219;contains
o1028;i8220;contains
o1028;i8221;contains
o1028;i8222;contains
o1028;i8223;contains
o1028;i8224;contains
o1028;i8225;contains
o1028;i8226;contains
o1028;i8227;contains
o1028;i8228;contains
o1028;i8229;contains
o1029;i8230;contains
o1029;i8231;contains
o1029;i8232;contains
o1029;i8233;contains
o1029;i8234;contains
o1029;i8235;contains
o1029;i8236;contains
o1029;i8237;contains
o1029;i8238;contains
o1029;i8239;contains
o1029;i8240;contains
o1029;i8241;contains
o1029;i8242;contains
o1029;i8243;contains
o1029;i8244;contains
o1029;i8245;contains
o1029;i8246;contains
o1030;i8247;contains
o1030;i8248;contains
o1030;i8249;contains
o1030;i8250;contains
o1030;i8251;contains
o1030;i8252;contains
o1030;i8253;contains
o1030;i8254;contains
o1030;i8255;contains
o1030;i8256;contains
o1030;i8257;contains
o1030;i8258;contains
o1030;i8259;contains
o1030;i8260;contains
o1031;i8261;contains
o1031;i8262;contains
o1031;i8263;contains
o1031;i8264;contains
o1031;i8265;contains
o1031;i8266;contains
o1031;i8267;contains
o1031;i8268;contains
o1031;i8269;contains
o1031;i8270;contains
o1031;i8271;contains
o1031;i8272;contains
o1031;i8273;contains
o1031;i8274;contains
o1032;i8275;contains
o1032;i8276;contains
o1032;i8277;contains
o1032;i8278;contains
o1032;i8279;contains
o1032;i8280;contains
o1032;i8281;contains
o1032;i8282;contains
o1032;i8283;contains
o1032;i8284;contains
o1032;i8285;contains
o1033;i8286;contains
o1033;i8287;contains
o1033;i8288;contains
o1033;i8289;contains
o1033;i8290;contains
o1033;i8291;contains
o1033;i8292;contains
o1033;i8293;contains
o1033;i8294;contains
o1033;i8295;contains
o1033;i8296;contains
o1033;i8297;contains
o1033;i8298;contains
o1034;i8299;contains
o1034;i8300;contains
o1034;i8301;contains
o1034;i8302;contains
o1034;i8303;contains
o1034;i8304;contains
o1034;i8305;contains
o1034;i8306;contains
o1034;i8307;contains
o1034;i8308;contains
o1034;i8309;contains
o1034;i8310;contains
o1034;i8311;contains
o1034;i8312;contains
o1034;i8313;contains
o1035;i8314;contains
o1035;i8315;contains
o1035;i8316;contains
o1035;i8317;contains
o1035;i8318;contains
o1035;i8319;contains
o1035;i8320;contains
o1035;i8321;contains
o1035;i8322;contains
o1035;i8323;contains
o1035;i8324;contains
o1035;i8325;contains
o1035;i8326;contains
o1035;i8327;contains
o1035;i8328;contains
o1035;i8329;contains
o1035;i8330;contains
o1035;i8331;contains
o1036;i8332;contains
o1036;i8333;contains
o1036;i8334;contains
o1036;i8335;contains
o1036;i8336;contains
o1036;i8337;contains
o1036;i8338;contains
o1036;i8339;contains
o1036;i8340;contains
o1036;i8341;contains
o1037;i8342;contains
o1037;i8343;contains
o1037;i8344;contains
o1037;i8345;contains
o1037;i8346;contains
o1037;i8347;contains
o1037;i8348;contains
o1037;i8349;contains
o1037;i8350;contains
o1037;i8351;contains
o1037;i8352;contains
o1037;i8353;contains
o1037;i8354;contains
o1037;i8355;contains
o1038;i8356;contains
o1038;i8357;contains
o1038;i8358;contains
o1038;i8359;contains
o1038;i8360;contains
o1038;i8361;contains
o1038;i8362;contains
o1038;i8363;contains
o1039;i8364;contains
o1039;i8365;contains
o1039;i8366;contains
o1039;i8367;contains
o1039;i8368;contains
o1039;i8369;contains
o1039;i8370;contains
o1039;i8371;contains
o1039;i8372;contains
o1039;i8373;contains
o1039;i8374;contains
o1039;i8375;contains
o1039;i8376;contains
o1039;i8377;contains
o1039;i8378;contains
o1040;i8379;contains
o1040;i8380;contains
o1040;i8381;contains
o1040;i8382;contains
o1040;i8383;contains
o1040;i8384;contains
o1040;i8385;contains
o1040;i8386;contains
o1040;i8387;contains
o1040;i8388;contains
o1040;i8389;contains
o1040;i8390;contains
o1041;i8391;contains
o1041;i8392;contains
o1041;i8393;contains
o1041;i8394;contains
o1041;i8395;contains
o1041;i8396;contains
o1041;i8397;contains
o1041;i8398;contains
o1041;i8399;contains
o1041;i8400;contains
o1041;i8401;contains
o1041;i8402;contains
o1041;i8403;contains
o1042;i8404;contains
o1042;i8405;contains
o1042;i8406;contains
o1042;i8407;contains
o1042;i8408;contains
o1042;i8409;contains
o1042;i8410;contains
o1042;i8411;contains
o1042;i8412;contains
o1042;i8413;contains
o1042;i8414;contains
o1042;i8415;contains
o1042;i8416;contains
o1043;i8417;contains
o1043;i8418;contains
o1043;i8419;contains
o1043;i8420;contains
o1043;i8421;contains
o1043;i8422;contains
o1043;i8423;contains
o1043;i8424;contains
o1043;i8425;contains
o1043;i8426;contains
o1043;i8427;contains
o1043;i8428;contains
o1043;i8429;contains
o1044;i8430;contains
o1044;i8431;contains
o1044;i8432;contains
o1044;i8433;contains
o1044;i8434;contains
o1044;i8435;contains
o1044;i8436;contains
o1044;i8437;contains
o1044;i8438;contains
o1044;i8439;contains
o1044;i8440;contains
o1044;i8441;contains
o1044;i8442;contains
o1045;i8443;contains
o1045;i8444;contains
o1045;i8445;contains
o1045;i8446;contains
o1045;i8447;contains
o1045;i8448;contains
o1045;i8449;contains
o1045;i8450;contains
o1045;i8451;contains
o1045;i8452;contains
o1045;i8453;contains
o1045;i8454;contains
o1045;i8455;contains
o1045;i8456;contains
o1045;i8457;contains
o1045;i8458;contains
o1045;i8459;contains
o1045;i8460;contains
o1045;i8461;contains
o1045;i8462;contains
o1046;i8463;contains
o1046;i8464;contains
o1046;i8465;contains
o1046;i8466;contains
o1046;i8467;contains
o1046;i8468;contains
o1046;i8469;contains
o1046;i8470;contains
o1046;i8471;contains
o1046;i8472;contains
o1046;i8473;contains
o1046;i8474;contains
o1046;i8475;contains
o1046;i8476;contains
o1046;i8477;contains
o1047;i8478;contains
o1047;i8479;contains
o1047;i8480;contains
o1047;i8481;contains
o1047;i8482;contains
o1047;i8483;contains
o1047;i8484;contains
o1047;i8485;contains
o1047;i8486;contains
o1047;i8487;contains
o1047;i8488;contains
o1047;i8489;contains
o1047;i8490;contains
o1047;i8491;contains
o1047;i8492;contains
o1047;i8493;contains
o1047;i8494;contains
o1048;i8495;contains
o1048;i8496;contains
o1048;i8497;contains
o1048;i8498;contains
o1048;i8499;contains
o1048;i8500;contains
o1048;i8501;contains
o1048;i8502;contains
o1048;i8503;contains
o1048;i8504;contains
o1048;i8505;contains
o1048;i8506;contains
o1048;i8507;contains
o1048;i8508;contains
o1048;i8509;contains
o1048;i8510;contains
o1048;i8511;contains
o1049;i8512;contains
o1049;i8513;contains
o1049;i8514;contains
o1049;i8515;contains
o1049;i8516;contains
o1049;i8517;contains
o1049;i8518;contains
o1049;i8519;contains
o1049;i8520;contains
o1049;i8521;contains
o1049;i8522;contains
o1050;i8523;contains
o1050;i8524;contains
o1050;i8525;contains
o1050;i8526;contains
o1050;i8527;contains
o1050;i8528;contains
o1050;i8529;contains
o1050;i8530;contains
o1050;i8531;contains
o1050;i8532;contains
o1050;i8533;contains
o1051;i8534;contains
o1051;i8535;contains
o1051;i8536;contains
o1051;i8537;contains
o1051;i8538;contains
o1051;i8539;contains
o1051;i8540;contains
o1051;i8541;contains
o1051;i8542;contains
o1051;i8543;contains
o1052;i8544;contains
o1052;i8545;contains
o1052;i8546;contains
o1052;i8547;contains
o1052;i8548;contains
o1052;i8549;contains
o1052;i8550;contains
o1052;i8551;contains
o1052;i8552;contains
o1052;i8553;contains
o1052;i8554;contains
o1052;i8555;contains
o1052;i8556;contains
o1052;i8557;contains
o1053;i8558;contains
o1053;i8559;contains
o1053;i8560;contains
o1053;i8561;contains
o1053;i8562;contains
o1053;i8563;contains
o1053;i8564;contains
o1053;i8565;contains
o1053;i8566;contains
o1053;i8567;contains
o1053;i8568;contains
o1053;i8569;contains
o1053;i8570;contains
o1054;i8571;contains
o1054;i8572;contains
o1054;i8573;contains
o1054;i8574;contains
o1054;i8575;contains
o1054;i8576;contains
o1054;i8577;contains
o1054;i8578;contains
o1054;i8579;contains
o1054;i8580;contains
o1054;i8581;contains
o1055;i8582;contains
o1055;i8583;contains
o1055;i8584;contains
o1055;i8585;contains
o1055;i8586;contains
o1055;i8587;contains
o1055;i8588;contains
o1055;i8589;contains
o1055;i8590;contains
o1055;i8591;contains
o1055;i8592;contains
o1055;i8593;contains
o1055;i8594;contains
o1056;i8595;contains
o1056;i8596;contains
o1056;i8597;contains
o1056;i8598;contains
o1056;i8599;contains
o1056;i8600;contains
o1056;i8601;contains
o1056;i8602;contains
o1056;i8603;contains
o1056;i8604;contains
o1056;i8605;contains
o1056;i8606;contains
o1056;i8607;contains
o1057;i8608;contains
o1057;i8609;contains
o1057;i8610;contains
o1057;i8611;contains
o1057;i8612;contains
o1057;i8613;contains
o1057;i8614;contains
o1057;i8615;contains
o1057;i8616;contains
o1057;i8617;contains
o1057;i8618;contains
o1057;i8619;contains
o1057;i8620;contains
o1058;i8621;contains
o1058;i8622;contains
o1058;i8623;contains
o1058;i8624;contains
o1058;i8625;contains
o1058;i8626;contains
o1058;i8627;contains
o1058;i8628;contains
o1058;i8629;contains
o1058;i8630;contains
o1058;i8631;contains
o1058;i8632;contains
o1058;i8633;contains
o1059;i8634;contains
o1059;i8635;contains
o1059;i8636;contains
o1059;i8637;contains
o1059;i8638;contains
o1059;i8639;contains
o1059;i8640;contains
o1059;i8641;contains
o1059;i8642;contains
o1059;i8643;contains
o1059;i8644;contains
o1059;i8645;contains
o1059;i8646;contains
o1059;i8647;contains
o1059;i8648;contains
o1060;i8649;contains
o1060;i8650;contains
o1060;i8651;contains
o1060;i8652;contains
o1060;i8653;contains
o1060;i8654;contains
o1060;i8655;contains
o1060;i8656;contains
o1060;i8657;contains
o1060;i8658;contains
o1060;i8659;contains
o1060;i8660;contains
o1060;i8661;contains
o1060;i8662;contains
o1060;i8663;contains
o1060;i8664;contains
o1060;i8665;contains
o1061;i8666;contains
o1061;i8667;contains
o1061;i8668;contains
o1061;i8669;contains
o1061;i8670;contains
o1061;i8671;contains
o1061;i8672;contains
o1061;i8673;contains
o1061;i8674;contains
o1061;i8675;contains
o1062;i8676;contains
o1062;i8677;contains
o1062;i8678;contains
o1062;i8679;contains
o1062;i8680;contains
o1062;i8681;contains
o1062;i8682;contains
o1062;i8683;contains
o1062;i8684;contains
o1062;i8685;contains
o1062;i8686;contains
o1062;i8687;contains
o1062;i8688;contains
o1062;i8689;contains
o1062;i8690;contains
o1062;i8691;contains
o1063;i8692;contains
o1063;i8693;contains
o1063;i8694;contains
o1063;i8695;contains
o1063;i8696;contains
o1063;i8697;contains
o1063;i8698;contains
o1063;i8699;contains
o1063;i8700;contains
o1063;i8701;contains
o1063;i8702;contains
o1063;i8703;contains
o1063;i8704;contains
o1063;i8705;contains
o1063;i8706;contains
o1063;i8707;contains
o1063;i8708;contains
o1063;i8709;contains
o1063;i8710;contains
o1064;i8711;contains
o1064;i8712;contains
o1064;i8713;contains
o1064;i8714;contains
o1064;i8715;contains
o1064;i8716;contains
o1064;i8717;contains
o1064;i8718;contains
o1064;i8719;contains
o1064;i8720;contains
o1064;i8721;contains
o1064;i8722;contains
o1064;i8723;contains
o1064;i8724;contains
o1065;i8725;contains
o1065;i8726;contains
o1065;i8727;contains
o1065;i8728;contains
o1065;i8729;contains
o1065;i8730;contains
o1065;i8731;contains
o1065;i8732;contains
o1065;i8733;contains
o1065;i8734;contains
o1065;i8735;contains
o1065;i8736;contains
o1065;i8737;contains
o1065;i8738;contains
o1065;i8739;contains
o1065;i8740;contains
o1065;i8741;contains
o1065;i8742;contains
o1065;i8743;contains
o1065;i8744;contains
o1065;i8745;contains
o1065;i8746;contains
o1066;i8747;contains
o1066;i8748;contains
o1066;i8749;contains
o1066;i8750;contains
o1066;i8751;contains
o1066;i8752;contains
o1066;i8753;contains
o1066;i8754;contains
o1066;i8755;contains
o1066;i8756;contains
o1066;i8757;contains
o1066;i8758;contains
o1067;i8759;contains
o1067;i8760;contains
o1067;i8761;contains
o1067;i8762;contains
o1067;i8763;contains
o1067;i8764;contains
o1067;i8765;contains
o1067;i8766;contains
o1067;i8767;contains
o1067;i8768;contains
o1067;i8769;contains
o1067;i8770;contains
o1067;i8771;contains
o1067;i8772;contains
o1067;i8773;contains
o1067;i8774;contains
o1067;i8775;contains
o1067;i8776;contains
o1067;i8777;contains
o1067;i8778;contains
o1067;i8779;contains
o1067;i8780;contains
o1068;i8781;contains
o1068;i8782;contains
o1068;i8783;contains
o1068;i8784;contains
o1068;i8785;contains
o1068;i8786;contains
o1068;i8787;contains
o1068;i8788;contains
o1068;i8789;contains
o1068;i8790;contains
o1068;i8791;contains
o1068;i8792;contains
o1068;i8793;contains
o1068;i8794;contains
o1068;i8795;contains
o1068;i8796;contains
o1068;i8797;contains
o1068;i8798;contains
o1068;i8799;contains
o1068;i8800;contains
o1068;i8801;contains
o1069;i8802;contains
o1069;i8803;contains
o1069;i8804;contains
o1069;i8805;contains
o1069;i8806;contains
o1069;i8807;contains
o1069;i8808;contains
o1069;i8809;contains
o1069;i8810;contains
o1069;i8811;contains
o1069;i8812;contains
o1069;i8813;contains
o1069;i8814;contains
o1070;i8815;contains
o1070;i8816;contains
o1070;i8817;contains
o1070;i8818;contains
o1070;i8819;contains
o1070;i8820;contains
o1070;i8821;contains
o1070;i8822;contains
o1070;i8823;contains
o1070;i8824;contains
o1070;i8825;contains
o1070;i8826;contains
o1070;i8827;contains
o1070;i8828;contains
o1070;i8829;contains
o1070;i8830;contains
o1070;i8831;contains
o1071;i8832;contains
o1071;i8833;contains
o1071;i8834;contains
o1071;i8835;contains
o1071;i8836;contains
o1071;i8837;contains
o1071;i8838;contains
o1071;i8839;contains
o1071;i8840;contains
o1071;i8841;contains
o1071;i8842;contains
o1071;i8843;contains
o1071;i8844;contains
o1071;i8845;contains
o1071;i8846;contains
o1071;i8847;contains
o1072;i8848;contains
o1072;i8849;contains
o1072;i8850;contains
o1072;i8851;contains
o1072;i8852;contains
o1072;i8853;contains
o1072;i8854;contains
o1072;i8855;contains
o1072;i8856;contains
o1072;i8857;contains
o1072;i8858;contains
o1072;i8859;contains
o1072;i8860;contains
o1073;i8861;contains
o1073;i8862;contains
o1073;i8863;contains
o1073;i8864;contains
o1073;i8865;contains
o1073;i8866;contains
o1073;i8867;contains
o1073;i8868;contains
o1073;i8869;contains
o1073;i8870;contains
o1073;i8871;contains
o1073;i8872;contains
o1073;i8873;contains
o1074;i8874;contains
o1074;i8875;contains
o1074;i8876;contains
o1074;i8877;contains
o1074;i8878;contains
o1074;i8879;contains
o1074;i8880;contains
o1074;i8881;contains
o1074;i8882;contains
o1074;i8883;contains
o1074;i8884;contains
o1075;i8885;contains
o1075;i8886;contains
o1075;i8887;contains
o1075;i8888;contains
o1075;i8889;contains
o1075;i8890;contains
o1075;i8891;contains
o1075;i8892;contains
o1075;i8893;contains
o1075;i8894;contains
o1075;i8895;contains
o1075;i8896;contains
o1076;i8897;contains
o1076;i8898;contains
o1076;i8899;contains
o1076;i8900;contains
o1076;i8901;contains
o1076;i8902;contains
o1076;i8903;contains
o1076;i8904;contains
o1076;i8905;contains
o1077;i8906;contains
o1077;i8907;contains
o1077;i8908;contains
o1077;i8909;contains
o1077;i8910;contains
o1077;i8911;contains
o1077;i8912;contains
o1077;i8913;contains
o1078;i8914;contains
o1078;i8915;contains
o1078;i8916;contains
o1078;i8917;contains
o1078;i8918;contains
o1078;i8919;contains
o1078;i8920;contains
o1078;i8921;contains
o1078;i8922;contains
o1078;i8923;contains
o1078;i8924;contains
o1078;i8925;contains
o1078;i8926;contains
o1078;i8927;contains
o1078;i8928;contains
o1078;i8929;contains
o1079;i8930;contains
o1079;i8931;contains
o1079;i8932;contains
o1079;i8933;contains
o1079;i8934;contains
o1079;i8935;contains
o1079;i8936;contains
o1079;i8937;contains
o1079;i8938;contains
o1079;i8939;contains
o1079;i8940;contains
o1079;i8941;contains
o1079;i8942;contains
o1079;i8943;contains
o1079;i8944;contains
o1080;i8945;contains
o1080;i8946;contains
o1080;i8947;contains
o1080;i8948;contains
o1080;i8949;contains
o1080;i8950;contains
o1080;i8951;contains
o1080;i8952;contains
o1080;i8953;contains
o1080;i8954;contains
o1080;i8955;contains
o1080;i8956;contains
o1080;i8957;contains
o1080;i8958;contains
o1080;i8959;contains
o1080;i8960;contains
o1080;i8961;contains
o1080;i8962;contains
o1081;i8963;contains
o1081;i8964;contains
o1081;i8965;contains
o1081;i8966;contains
o1081;i8967;contains
o1081;i8968;contains
o1081;i8969;contains
o1081;i8970;contains
o1081;i8971;contains
o1081;i8972;contains
o1081;i8973;contains
o1081;i8974;contains
o1082;i8975;contains
o1082;i8976;contains
o1082;i8977;contains
o1082;i8978;contains
o1082;i8979;contains
o1082;i8980;contains
o1082;i8981;contains
o1082;i8982;contains
o1082;i8983;contains
o1082;i8984;contains
o1082;i8985;contains
o1083;i8986;contains
o1083;i8987;contains
o1083;i8988;contains
o1083;i8989;contains
o1083;i8990;contains
o1083;i8991;contains
o1083;i8992;contains
o1083;i8993;contains
o1083;i8994;contains
o1083;i8995;contains
o1083;i8996;contains
o1083;i8997;contains
o1084;i8998;contains
o1084;i8999;contains
o1084;i9000;contains
o1084;i9001;contains
o1084;i9002;contains
o1084;i9003;contains
o1084;i9004;contains
o1084;i9005;contains
o1084;i9006;contains
o1084;i9007;contains
o1084;i9008;contains
o1084;i9009;contains
o1084;i9010;contains
o1084;i9011;contains
o1084;i9012;contains
o1085;i9013;contains
o1085;i9014;contains
o1085;i9015;contains
o1085;i9016;contains
o1085;i9017;contains
o1085;i9018;contains
o1085;i9019;contains
o1085;i9020;contains
o1085;i9021;contains
o1085;i9022;contains
o1085;i9023;contains
o1085;i9024;contains
o1085;i9025;contains
o1085;i9026;contains
o1086;i9027;contains
o1086;i9028;contains
o1086;i9029;contains
o1086;i9030;contains
o1086;i9031;contains
o1086;i9032;contains
o1086;i9033;contains
o1086;i9034;contains
o1086;i9035;contains
o1086;i9036;contains
o1086;i9037;contains
o1087;i9038;contains
o1087;i9039;contains
o1087;i9040;contains
o1087;i9041;contains
o1087;i9042;contains
o1087;i9043;contains
o1087;i9044;contains
o1087;i9045;contains
o1087;i9046;contains
o1087;i9047;contains
o1087;i9048;contains
o1087;i9049;contains
o1088;i9050;contains
o1088;i9051;contains
o1088;i9052;contains
o1088;i9053;contains
o1088;i9054;contains
o1088;i9055;contains
o1088;i9056;contains
o1088;i9057;contains
o1088;i9058;contains
o1088;i9059;contains
o1088;i9060;contains
o1089;i9061;contains
o1089;i9062;contains
o1089;i9063;contains
o1089;i9064;contains
o1089;i9065;contains
o1089;i9066;contains
o1089;i9067;contains
o1089;i9068;contains
o1089;i9069;contains
o1089;i9070;contains
o1089;i9071;contains
o1090;i9072;contains
o1090;i9073;contains
o1090;i9074;contains
o1090;i9075;contains
o1090;i9076;contains
o1090;i9077;contains
o1090;i9078;contains
o1090;i9079;contains
o1091;i9080;contains
o1091;i9081;contains
o1091;i9082;contains
o1091;i9083;contains
o1091;i9084;contains
o1091;i9085;contains
o1091;i9086;contains
o1091;i9087;contains
o1091;i9088;contains
o1091;i9089;contains
o1091;i9090;contains
o1091;i9091;contains
o1091;i9092;contains
o1091;i9093;contains
o1091;i9094;contains
o1091;i9095;contains
o1091;i9096;contains
o1092;i9097;contains
o1092;i9098;contains
o1092;i9099;contains
o1092;i9100;contains
o1092;i9101;contains
o1092;i9102;contains
o1092;i9103;contains
o1092;i9104;contains
o1092;i9105;contains
o1092;i9106;contains
o1092;i9107;contains
o1092;i9108;contains
o1092;i9109;contains
o1092;i9110;contains
o1093;i9111;contains
o1093;i9112;contains
o1093;i9113;contains
o1093;i9114;contains
o1093;i9115;contains
o1093;i9116;contains
o1093;i9117;contains
o1094;i9118;contains
o1094;i9119;contains
o1094;i9120;contains
o1094;i9121;contains
o1094;i9122;contains
o1094;i9123;contains
o1094;i9124;contains
o1094;i9125;contains
o1094;i9126;contains
o1094;i9127;contains
o1094;i9128;contains
o1094;i9129;contains
o1094;i9130;contains
o1094;i9131;contains
o1095;i9132;contains
o1095;i9133;contains
o1095;i9134;contains
o1095;i9135;contains
o1095;i9136;contains
o1095;i9137;contains
o1095;i9138;contains
o1095;i9139;contains
o1095;i9140;contains
o1095;i9141;contains
o1095;i9142;contains
o1095;i9143;contains
o1095;i9144;contains
o1095;i9145;contains
o1095;i9146;contains
o1095;i9147;contains
o1095;i9148;contains
o1096;i9149;contains
o1096;i9150;contains
o1096;i9151;contains
o1096;i9152;contains
o1096;i9153;contains
o1096;i9154;contains
o1096;i9155;contains
o1096;i9156;contains
o1096;i9157;contains
o1096;i9158;contains
o1096;i9159;contains
o1096;i9160;contains
o1096;i9161;contains
o1096;i9162;contains
o1097;i9163;contains
o1097;i9164;contains
o1097;i9165;contains
o1097;i9166;contains
o1097;i9167;contains
o1097;i9168;contains
o1097;i9169;contains
o1097;i9170;contains
o1097;i9171;contains
o1097;i9172;contains
o1097;i9173;contains
o1097;i9174;contains
o1097;i9175;contains
o1097;i9176;contains
o1097;i9177;contains
o1097;i9178;contains
o1098;i9179;contains
o1098;i9180;contains
o1098;i9181;contains
o1098;i9182;contains
o1098;i9183;contains
o1098;i9184;contains
o1098;i9185;contains
o1098;i9186;contains
o1098;i9187;contains
o1098;i9188;contains
o1098;i9189;contains
o1098;i9190;contains
o1098;i9191;contains
o1098;i9192;contains
o1098;i9193;contains
o1099;i9194;contains
o1099;i9195;contains
o1099;i9196;contains
o1099;i9197;contains
o1099;i9198;contains
o1099;i9199;contains
o1099;i9200;contains
o1099;i9201;contains
o1099;i9202;contains
o1099;i9203;contains
o1099;i9204;contains
o1099;i9205;contains
o1100;i9206;contains
o1100;i9207;contains
o1100;i9208;contains
o1100;i9209;contains
o1100;i9210;contains
o1100;i9211;contains
o1100;i9212;contains
o1100;i9213;contains
o1100;i9214;contains
o1100;i9215;contains
o1100;i9216;contains
o1100;i9217;contains
o1100;i9218;contains
o1100;i9219;contains
o1100;i9220;contains
o1100;i9221;contains
o1100;i9222;contains
o1101;i9223;contains
o1101;i9224;contains
o1101;i9225;contains
o1101;i9226;contains
o1101;i9227;contains
o1101;i9228;contains
o1101;i9229;contains
o1101;i9230;contains
o1101;i9231;contains
o1101;i9232;contains
o1102;i9233;contains
o1102;i9234;contains
o1102;i9235;contains
o1102;i9236;contains
o1102;i9237;contains
o1102;i9238;contains
o1102;i9239;contains
o1102;i9240;contains
o1102;i9241;contains
o1102;i9242;contains
o1102;i9243;contains
o1103;i9244;contains
o1103;i9245;contains
o1103;i9246;contains
o1103;i9247;contains
o1103;i9248;contains
o1103;i9249;contains
o1103;i9250;contains
o1103;i9251;contains
o1103;i9252;contains
o1103;i9253;contains
o1103;i9254;contains
o1103;i9255;contains
o1103;i9256;contains
o1103;i9257;contains
o1103;i9258;contains
o1103;i9259;contains
o1103;i9260;contains
o1104;i9261;contains
o1104;i9262;contains
o1104;i9263;contains
o1104;i9264;contains
o1104;i9265;contains
o1104;i9266;contains
o1104;i9267;contains
o1104;i9268;contains
o1104;i9269;contains
o1104;i9270;contains
o1104;i9271;contains
o1104;i9272;contains
o1104;i9273;contains
o1105;i9274;contains
o1105;i9275;contains
o1105;i9276;contains
o1105;i9277;contains
o1105;i9278;contains
o1105;i9279;contains
o1105;i9280;contains
o1105;i9281;contains
o1105;i9282;contains
o1105;i9283;contains
o1105;i9284;contains
o1105;i9285;contains
o1105;i9286;contains
o1105;i9287;contains
o1106;i9288;contains
o1106;i9289;contains
o1106;i9290;contains
o1106;i9291;contains
o1106;i9292;contains
o1106;i9293;contains
o1106;i9294;contains
o1106;i9295;contains
o1106;i9296;contains
o1106;i9297;contains
o1106;i9298;contains
o1106;i9299;contains
o1106;i9300;contains
o1106;i9301;contains
o1107;i9302;contains
o1107;i9303;contains
o1107;i9304;contains
o1107;i9305;contains
o1107;i9306;contains
o1107;i9307;contains
o1107;i9308;contains
o1107;i9309;contains
o1107;i9310;contains
o1107;i9311;contains
o1107;i9312;contains
o1108;i9313;contains
o1108;i9314;contains
o1108;i9315;contains
o1108;i9316;contains
o1108;i9317;contains
o1108;i9318;contains
o1108;i9319;contains
o1108;i9320;contains
o1108;i9321;contains
o1108;i9322;contains
o1108;i9323;contains
o1108;i9324;contains
o1108;i9325;contains
o1108;i9326;contains
o1108;i9327;contains
o1108;i9328;contains
o1108;i9329;contains
o1108;i9330;contains
o1108;i9331;contains
o1108;i9332;contains
o1108;i9333;contains
o1109;i9334;contains
o1109;i9335;contains
o1109;i9336;contains
o1109;i9337;contains
o1109;i9338;contains
o1109;i9339;contains
o1109;i9340;contains
o1109;i9341;contains
o1109;i9342;contains
o1109;i9343;contains
o1109;i9344;contains
o1109;i9345;contains
o1109;i9346;contains
o1110;i9347;contains
o1110;i9348;contains
o1110;i9349;contains
o1110;i9350;contains
o1110;i9351;contains
o1110;i9352;contains
o1110;i9353;contains
o1110;i9354;contains
o1110;i9355;contains
o1110;i9356;contains
o1110;i9357;contains
o1110;i9358;contains
o1110;i9359;contains
o1111;i9360;contains
o1111;i9361;contains
o1111;i9362;contains
o1111;i9363;contains
o1111;i9364;contains
o1111;i9365;contains
o1111;i9366;contains
o1111;i9367;contains
o1111;i9368;contains
o1111;i9369;contains
o1111;i9370;contains
o1112;i9371;contains
o1112;i9372;contains
o1112;i9373;contains
o1112;i9374;contains
o1112;i9375;contains
o1112;i9376;contains
o1112;i9377;contains
o1112;i9378;contains
o1112;i9379;contains
o1112;i9380;contains
o1112;i9381;contains
o1112;i9382;contains
o1112;i9383;contains
o1112;i9384;contains
o1112;i9385;contains
o1112;i9386;contains
o1113;i9387;contains
o1113;i9388;contains
o1113;i9389;contains
o1113;i9390;contains
o1113;i9391;contains
o1113;i9392;contains
o1113;i9393;contains
o1113;i9394;contains
o1113;i9395;contains
o1113;i9396;contains
o1114;i9397;contains
o1114;i9398;contains
o1114;i9399;contains
o1114;i9400;contains
o1114;i9401;contains
o1114;i9402;contains
o1114;i9403;contains
o1114;i9404;contains
o1114;i9405;contains
o1114;i9406;contains
o1114;i9407;contains
o1114;i9408;contains
o1114;i9409;contains
o1114;i9410;contains
o1114;i9411;contains
o1114;i9412;contains
o1115;i9413;contains
o1115;i9414;contains
o1115;i9415;contains
o1115;i9416;contains
o1115;i9417;contains
o1115;i9418;contains
o1115;i9419;contains
o1115;i9420;contains
o1115;i9421;contains
o1115;i9422;contains
o1115;i9423;contains
o1115;i9424;contains
o1115;i9425;contains
o1115;i9426;contains
o1115;i9427;contains
o1115;i9428;contains
o1115;i9429;contains
o1115;i9430;contains
o1115;i9431;contains
o1116;i9432;contains
o1116;i9433;contains
o1116;i9434;contains
o1116;i9435;contains
o1116;i9436;contains
o1116;i9437;contains
o1116;i9438;contains
o1116;i9439;contains
o1116;i9440;contains
o1116;i9441;contains
o1116;i9442;contains
o1116;i9443;contains
o1116;i9444;contains
o1116;i9445;contains
o1117;i9446;contains
o1117;i9447;contains
o1117;i9448;contains
o1117;i9449;contains
o1117;i9450;contains
o1117;i9451;contains
o1117;i9452;contains
o1117;i9453;contains
o1117;i9454;contains
o1117;i9455;contains
o1117;i9456;contains
o1117;i9457;contains
o1117;i9458;contains
o1117;i9459;contains
o1118;i9460;contains
o1118;i9461;contains
o1118;i9462;contains
o1118;i9463;contains
o1118;i9464;contains
o1118;i9465;contains
o1118;i9466;contains
o1118;i9467;contains
o1118;i9468;contains
o1118;i9469;contains
o1118;i9470;contains
o1118;i9471;contains
o1118;i9472;contains
o1118;i9473;contains
o1118;i9474;contains
o1118;i9475;contains
o1118;i9476;contains
o1118;i9477;contains
o1119;i9478;contains
o1119;i9479;contains
o1119;i9480;contains
o1119;i9481;contains
o1119;i9482;contains
o1119;i9483;contains
o1119;i9484;contains
o1119;i9485;contains
o1119;i9486;contains
o1119;i9487;contains
o1119;i9488;contains
o1119;i9489;contains
o1119;i9490;contains
o1119;i9491;contains
o1120;i9492;contains
o1120;i9493;contains
o1120;i9494;contains
o1120;i9495;contains
o1120;i9496;contains
o1120;i9497;contains
o1120;i9498;contains
o1120;i9499;contains
o1120;i9500;contains
o1120;i9501;contains
o1120;i9502;contains
o1120;i9503;contains
o1120;i9504;contains
o1120;i9505;contains
o1120;i9506;contains
o1120;i9507;contains
o1120;i9508;contains
o1121;i9509;contains
o1121;i9510;contains
o1121;i9511;contains
o1121;i9512;contains
o1121;i9513;contains
o1121;i9514;contains
o1121;i9515;contains
o1121;i9516;contains
o1121;i9517;contains
o1121;i9518;contains
o1121;i9519;contains
o1121;i9520;contains
o1121;i9521;contains
o1121;i9522;contains
o1121;i9523;contains
o1121;i9524;contains
o1121;i9525;contains
o1122;i9526;contains
o1122;i9527;contains
o1122;i9528;contains
o1122;i9529;contains
o1122;i9530;contains
o1122;i9531;contains
o1122;i9532;contains
o1122;i9533;contains
o1122;i9534;contains
o1123;i9535;contains
o1123;i9536;contains
o1123;i9537;contains
o1123;i9538;contains
o1123;i9539;contains
o1123;i9540;contains
o1123;i9541;contains
o1123;i9542;contains
o1123;i9543;contains
o1123;i9544;contains
o1123;i9545;contains
o1123;i9546;contains
o1123;i9547;contains
o1123;i9548;contains
o1123;i9549;contains
o1124;i9550;contains
o1124;i9551;contains
o1124;i9552;contains
o1124;i9553;contains
o1124;i9554;contains
o1124;i9555;contains
o1124;i9556;contains
o1124;i9557;contains
o1124;i9558;contains
o1124;i9559;contains
o1124;i9560;contains
o1124;i9561;contains
o1124;i9562;contains
o1124;i9563;contains
o1124;i9564;contains
o1124;i9565;contains
o1125;i9566;contains
o1125;i9567;contains
o1125;i9568;contains
o1125;i9569;contains
o1125;i9570;contains
o1125;i9571;contains
o1125;i9572;contains
o1125;i9573;contains
o1125;i9574;contains
o1125;i9575;contains
o1125;i9576;contains
o1126;i9577;contains
o1126;i9578;contains
o1126;i9579;contains
o1126;i9580;contains
o1126;i9581;contains
o1126;i9582;contains
o1126;i9583;contains
o1126;i9584;contains
o1126;i9585;contains
o1126;i9586;contains
o1126;i9587;contains
o1126;i9588;contains
o1127;i9589;contains
o1127;i9590;contains
o1127;i9591;contains
o1127;i9592;contains
o1127;i9593;contains
o1127;i9594;contains
o1127;i9595;contains
o1127;i9596;contains
o1128;i9597;contains
o1128;i9598;contains
o1128;i9599;contains
o1128;i9600;contains
o1128;i9601;contains
o1128;i9602;contains
o1128;i9603;contains
o1128;i9604;contains
o1128;i9605;contains
o1128;i9606;contains
o1128;i9607;contains
o1128;i9608;contains
o1128;i9609;contains
o1129;i9610;contains
o1129;i9611;contains
o1129;i9612;contains
o1129;i9613;contains
o1129;i9614;contains
o1130;i9615;contains
o1130;i9616;contains
o1130;i9617;contains
o1130;i9618;contains
o1130;i9619;contains
o1130;i9620;contains
o1130;i9621;contains
o1130;i9622;contains
o1130;i9623;contains
o1130;i9624;contains
o1130;i9625;contains
o1130;i9626;contains
o1130;i9627;contains
o1130;i9628;contains
o1131;i9629;contains
o1131;i9630;contains
o1131;i9631;contains
o1131;i9632;contains
o1131;i9633;contains
o1131;i9634;contains
o1131;i9635;contains
o1131;i9636;contains
o1131;i9637;contains
o1131;i9638;contains
o1131;i9639;contains
o1131;i9640;contains
o1132;i9641;contains
o1132;i9642;contains
o1132;i9643;contains
o1132;i9644;contains
o1132;i9645;contains
o1132;i9646;contains
o1132;i9647;contains
o1132;i9648;contains
o1132;i9649;contains
o1132;i9650;contains
o1132;i9651;contains
o1132;i9652;contains
o1132;i9653;contains
o1132;i9654;contains
o1132;i9655;contains
o1132;i9656;contains
o1132;i9657;contains
o1132;i9658;contains
o1132;i9659;contains
o1133;i9660;contains
o1133;i9661;contains
o1133;i9662;contains
o1133;i9663;contains
o1133;i9664;contains
o1133;i9665;contains
o1133;i9666;contains
o1133;i9667;contains
o1133;i9668;contains
o1133;i9669;contains
o1133;i9670;contains
o1133;i9671;contains
o1134;i9672;contains
o1134;i9673;contains
o1134;i9674;contains
o1134;i9675;contains
o1134;i9676;contains
o1134;i9677;contains
o1134;i9678;contains
o1134;i9679;contains
o1134;i9680;contains
o1134;i9681;contains
o1134;i9682;contains
o1134;i9683;contains
o1134;i9684;contains
o1134;i9685;contains
o1134;i9686;contains
o1134;i9687;contains
o1134;i9688;contains
o1134;i9689;contains
o1134;i9690;contains
o1135;i9691;contains
o1135;i9692;contains
o1135;i9693;contains
o1135;i9694;contains
o1135;i9695;contains
o1135;i9696;contains
o1135;i9697;contains
o1135;i9698;contains
o1135;i9699;contains
o1135;i9700;contains
o1135;i9701;contains
o1135;i9702;contains
o1135;i9703;contains
o1135;i9704;contains
o1135;i9705;contains
o1135;i9706;contains
o1135;i9707;contains
o1135;i9708;contains
o1135;i9709;contains
o1136;i9710;contains
o1136;i9711;contains
o1136;i9712;contains
o1136;i9713;contains
o1136;i9714;contains
o1136;i9715;contains
o1136;i9716;contains
o1136;i9717;contains
o1136;i9718;contains
o1136;i9719;contains
o1136;i9720;contains
o1136;i9721;contains
o1136;i9722;contains
o1136;i9723;contains
o1137;i9724;contains
o1137;i9725;contains
o1137;i9726;contains
o1137;i9727;contains
o1137;i9728;contains
o1137;i9729;contains
o1137;i9730;contains
o1137;i9731;contains
o1137;i9732;contains
o1137;i9733;contains
o1137;i9734;contains
o1137;i9735;contains
o1137;i9736;contains
o1137;i9737;contains
o1138;i9738;contains
o1138;i9739;contains
o1138;i9740;contains
o1138;i9741;contains
o1138;i9742;contains
o1138;i9743;contains
o1138;i9744;contains
o1138;i9745;contains
o1138;i9746;contains
o1138;i9747;contains
o1138;i9748;contains
o1138;i9749;contains
o1138;i9750;contains
o1138;i9751;contains
o1138;i9752;contains
o1138;i9753;contains
o1138;i9754;contains
o1139;i9755;contains
o1139;i9756;contains
o1139;i9757;contains
o1139;i9758;contains
o1139;i9759;contains
o1139;i9760;contains
o1139;i9761;contains
o1139;i9762;contains
o1139;i9763;contains
o1139;i9764;contains
o1139;i9765;contains
o1139;i9766;contains
o1139;i9767;contains
o1139;i9768;contains
o1139;i9769;contains
o1139;i9770;contains
o1139;i9771;contains
o1140;i9772;contains
o1140;i9773;contains
o1140;i9774;contains
o1140;i9775;contains
o1140;i9776;contains
o1140;i9777;contains
o1140;i9778;contains
o1140;i9779;contains
o1140;i9780;contains
o1140;i9781;contains
o1140;i9782;contains
o1140;i9783;contains
o1140;i9784;contains
o1140;i9785;contains
o1141;i9786;contains
o1141;i9787;contains
o1141;i9788;contains
o1141;i9789;contains
o1141;i9790;contains
o1141;i9791;contains
o1141;i9792;contains
o1141;i9793;contains
o1141;i9794;contains
o1141;i9795;contains
o1141;i9796;contains
o1142;i9797;contains
o1142;i9798;contains
o1142;i9799;contains
o1142;i9800;contains
o1142;i9801;contains
o1142;i9802;contains
o1142;i9803;contains
o1142;i9804;contains
o1142;i9805;contains
o1142;i9806;contains
o1142;i9807;contains
o1142;i9808;contains
o1142;i9809;contains
o1142;i9810;contains
o1142;i9811;contains
o1142;i9812;contains
o1143;i9813;contains
o1143;i9814;contains
o1143;i9815;contains
o1143;i9816;contains
o1143;i9817;contains
o1143;i9818;contains
o1143;i9819;contains
o1143;i9820;contains
o1143;i9821;contains
o1143;i9822;contains
o1143;i9823;contains
o1143;i9824;contains
o1143;i9825;contains
o1143;i9826;contains
o1144;i9827;contains
o1144;i9828;contains
o1144;i9829;contains
o1144;i9830;contains
o1144;i9831;contains
o1144;i9832;contains
o1144;i9833;contains
o1144;i9834;contains
o1144;i9835;contains
o1144;i9836;contains
o1145;i9837;contains
o1145;i9838;contains
o1145;i9839;contains
o1145;i9840;contains
o1145;i9841;contains
o1146;i9842;contains
o1146;i9843;contains
o1146;i9844;contains
o1146;i9845;contains
o1146;i9846;contains
o1146;i9847;contains
o1146;i9848;contains
o1146;i9849;contains
o1146;i9850;contains
o1146;i9851;contains
o1146;i9852;contains
o1146;i9853;contains
o1146;i9854;contains
o1146;i9855;contains
o1146;i9856;contains
o1146;i9857;contains
o1146;i9858;contains
o1146;i9859;contains
o1147;i9860;contains
o1147;i9861;contains
o1147;i9862;contains
o1147;i9863;contains
o1147;i9864;contains
o1147;i9865;contains
o1147;i9866;contains
o1147;i9867;contains
o1147;i9868;contains
o1147;i9869;contains
o1148;i9870;contains
o1148;i9871;contains
o1148;i9872;contains
o1148;i9873;contains
o1148;i9874;contains
o1148;i9875;contains
o1148;i9876;contains
o1148;i9877;contains
o1148;i9878;contains
o1148;i9879;contains
o1148;i9880;contains
o1148;i9881;contains
o1148;i9882;contains
o1148;i9883;contains
o1149;i9884;contains
o1149;i9885;contains
o1149;i9886;contains
o1149;i9887;contains
o1149;i9888;contains
o1149;i9889;contains
o1149;i9890;contains
o1149;i9891;contains
o1149;i9892;contains
o1149;i9893;contains
o1149;i9894;contains
o1149;i9895;contains
o1149;i9896;contains
o1149;i9897;contains
o1149;i9898;contains
o1150;i9899;contains
o1150;i9900;contains
o1150;i9901;contains
o1150;i9902;contains
o1150;i9903;contains
o1150;i9904;contains
o1150;i9905;contains
o1150;i9906;contains
o1150;i9907;contains
o1150;i9908;contains
o1150;i9909;contains
o1151;i9910;contains
o1151;i9911;contains
o1151;i9912;contains
o1151;i9913;contains
o1151;i9914;contains
o1151;i9915;contains
o1151;i9916;contains
o1151;i9917;contains
o1151;i9918;contains
o1151;i9919;contains
o1151;i9920;contains
o1152;i9921;contains
o1152;i9922;contains
o1152;i9923;contains
o1152;i9924;contains
o1152;i9925;contains
o1152;i9926;contains
o1152;i9927;contains
o1152;i9928;contains
o1152;i9929;contains
o1152;i9930;contains
o1152;i9931;contains
o1152;i9932;contains
o1152;i9933;contains
o1152;i9934;contains
o1153;i9935;contains
o1153;i9936;contains
o1153;i9937;contains
o1153;i9938;contains
o1153;i9939;contains
o1153;i9940;contains
o1153;i9941;contains
o1153;i9942;contains
o1153;i9943;contains
o1153;i9944;contains
o1153;i9945;contains
o1153;i9946;contains
o1153;i9947;contains
o1154;i9948;contains
o1154;i9949;contains
o1154;i9950;contains
o1154;i9951;contains
o1154;i9952;contains
o1154;i9953;contains
o1154;i9954;contains
o1154;i9955;contains
o1154;i9956;contains
o1154;i9957;contains
o1155;i9958;contains
o1155;i9959;contains
o1155;i9960;contains
o1155;i9961;contains
o1155;i9962;contains
o1155;i9963;contains
o1155;i9964;contains
o1155;i9965;contains
o1155;i9966;contains
o1155;i9967;contains
o1155;i9968;contains
o1155;i9969;contains
o1155;i9970;contains
o1155;i9971;contains
o1156;i9972;contains
o1156;i9973;contains
o1156;i9974;contains
o1156;i9975;contains
o1156;i9976;contains
o1156;i9977;contains
o1156;i9978;contains
o1156;i9979;contains
o1156;i9980;contains
o1156;i9981;contains
o1156;i9982;contains
o1156;i9983;contains
o1156;i9984;contains
o1157;i9985;contains
o1157;i9986;contains
o1157;i9987;contains
o1157;i9988;contains
o1157;i9989;contains
o1157;i9990;contains
o1157;i9991;contains
o1157;i9992;contains
o1157;i9993;contains
o1157;i9994;contains
o1157;i9995;contains
o1157;i9996;contains
o1157;i9997;contains
o1157;i9998;contains
o1158;i9999;contains
o1158;i10000;contains
o1158;i10001;contains
o1158;i10002;contains
o1158;i10003;contains
o1158;i10004;contains
o1158;i10005;contains
o1158;i10006;contains
o1158;i10007;contains
o1158;i10008;contains
o1158;i10009;contains
o1158;i10010;contains
o1158;i10011;contains
o1158;i10012;contains
o1159;i10013;contains
o1159;i10014;contains
o1159;i10015;contains
o1159;i10016;contains
o1159;i10017;contains
o1159;i10018;contains
o1159;i10019;contains
o1159;i10020;contains
o1159;i10021;contains
o1159;i10022;contains
o1159;i10023;contains
o1159;i10024;contains
o1159;i10025;contains
o1160;i10026;contains
o1160;i10027;contains
o1160;i10028;contains
o1160;i10029;contains
o1160;i10030;contains
o1160;i10031;contains
o1160;i10032;contains
o1160;i10033;contains
o1160;i10034;contains
o1160;i10035;contains
o1160;i10036;contains
o1160;i10037;contains
o1160;i10038;contains
o1160;i10039;contains
o1160;i10040;contains
o1160;i10041;contains
o1160;i10042;contains
o1160;i10043;contains
o1160;i10044;contains
o1161;i10045;contains
o1161;i10046;contains
o1161;i10047;contains
o1161;i10048;contains
o1161;i10049;contains
o1161;i10050;contains
o1161;i10051;contains
o1161;i10052;contains
o1161;i10053;contains
o1161;i10054;contains
o1161;i10055;contains
o1161;i10056;contains
o1161;i10057;contains
o1161;i10058;contains
o1161;i10059;contains
o1161;i10060;contains
o1161;i10061;contains
o1161;i10062;contains
o1161;i10063;contains
o1161;i10064;contains
o1161;i10065;contains
o1161;i10066;contains
o1162;i10067;contains
o1162;i10068;contains
o1162;i10069;contains
o1162;i10070;contains
o1162;i10071;contains
o1162;i10072;contains
o1162;i10073;contains
o1162;i10074;contains
o1162;i10075;contains
o1162;i10076;contains
o1162;i10077;contains
o1162;i10078;contains
o1162;i10079;contains
o1162;i10080;contains
o1162;i10081;contains
o1162;i10082;contains
o1162;i10083;contains
o1162;i10084;contains
o1162;i10085;contains
o1162;i10086;contains
o1162;i10087;contains
o1163;i10088;contains
o1163;i10089;contains
o1163;i10090;contains
o1163;i10091;contains
o1163;i10092;contains
o1163;i10093;contains
o1163;i10094;contains
o1163;i10095;contains
o1163;i10096;contains
o1163;i10097;contains
o1163;i10098;contains
o1163;i10099;contains
o1163;i10100;contains
o1163;i10101;contains
o1163;i10102;contains
o1163;i10103;contains
o1163;i10104;contains
o1163;i10105;contains
o1163;i10106;contains
o1163;i10107;contains
o1163;i10108;contains
o1163;i10109;contains
o1163;i10110;contains
o1164;i10111;contains
o1164;i10112;contains
o1164;i10113;contains
o1164;i10114;contains
o1164;i10115;contains
o1164;i10116;contains
o1164;i10117;contains
o1164;i10118;contains
o1164;i10119;contains
o1164;i10120;contains
o1164;i10121;contains
o1164;i10122;contains
o1164;i10123;contains
o1164;i10124;contains
o1164;i10125;contains
o1164;i10126;contains
o1164;i10127;contains
o1165;i10128;contains
o1165;i10129;contains
o1165;i10130;contains
o1165;i10131;contains
o1165;i10132;contains
o1165;i10133;contains
o1165;i10134;contains
o1165;i10135;contains
o1165;i10136;contains
o1165;i10137;contains
o1165;i10138;contains
o1165;i10139;contains
o1165;i10140;contains
o1165;i10141;contains
o1166;i10142;contains
o1166;i10143;contains
o1166;i10144;contains
o1166;i10145;contains
o1166;i10146;contains
o1166;i10147;contains
o1166;i10148;contains
o1166;i10149;contains
o1166;i10150;contains
o1166;i10151;contains
o1166;i10152;contains
o1166;i10153;contains
o1166;i10154;contains
o1166;i10155;contains
o1166;i10156;contains
o1166;i10157;contains
o1166;i10158;contains
o1167;i10159;contains
o1167;i10160;contains
o1167;i10161;contains
o1167;i10162;contains
o1167;i10163;contains
o1167;i10164;contains
o1167;i10165;contains
o1167;i10166;contains
o1167;i10167;contains
o1167;i10168;contains
o1167;i10169;contains
o1167;i10170;contains
o1167;i10171;contains
o1167;i10172;contains
o1167;i10173;contains
o1167;i10174;contains
o1168;i10175;contains
o1168;i10176;contains
o1168;i10177;contains
o1168;i10178;contains
o1168;i10179;contains
o1168;i10180;contains
o1168;i10181;contains
o1168;i10182;contains
o1168;i10183;contains
o1169;i10184;contains
o1169;i10185;contains
o1169;i10186;contains
o1169;i10187;contains
o1169;i10188;contains
o1169;i10189;contains
o1169;i10190;contains
o1169;i10191;contains
o1169;i10192;contains
o1169;i10193;contains
o1169;i10194;contains
o1169;i10195;contains
o1169;i10196;contains
o1169;i10197;contains
o1170;i10198;contains
o1170;i10199;contains
o1170;i10200;contains
o1170;i10201;contains
o1170;i10202;contains
o1170;i10203;contains
o1170;i10204;contains
o1170;i10205;contains
o1170;i10206;contains
o1170;i10207;contains
o1170;i10208;contains
o1170;i10209;contains
o1170;i10210;contains
o1170;i10211;contains
o1170;i10212;contains
o1170;i10213;contains
o1170;i10214;contains
o1170;i10215;contains
o1170;i10216;contains
o1170;i10217;contains
o1170;i10218;contains
o1170;i10219;contains
o1170;i10220;contains
o1170;i10221;contains
o1171;i10222;contains
o1171;i10223;contains
o1171;i10224;contains
o1171;i10225;contains
o1171;i10226;contains
o1171;i10227;contains
o1171;i10228;contains
o1171;i10229;contains
o1171;i10230;contains
o1171;i10231;contains
o1171;i10232;contains
o1171;i10233;contains
o1171;i10234;contains
o1171;i10235;contains
o1171;i10236;contains
o1171;i10237;contains
o1172;i10238;contains
o1172;i10239;contains
o1172;i10240;contains
o1172;i10241;contains
o1172;i10242;contains
o1172;i10243;contains
o1172;i10244;contains
o1172;i10245;contains
o1172;i10246;contains
o1172;i10247;contains
o1172;i10248;contains
o1172;i10249;contains
o1172;i10250;contains
o1172;i10251;contains
o1172;i10252;contains
o1172;i10253;contains
o1172;i10254;contains
o1172;i10255;contains
o1172;i10256;contains
o1173;i10257;contains
o1173;i10258;contains
o1173;i10259;contains
o1173;i10260;contains
o1173;i10261;contains
o1173;i10262;contains
o1173;i10263;contains
o1173;i10264;contains
o1173;i10265;contains
o1173;i10266;contains
o1173;i10267;contains
o1174;i10268;contains
o1174;i10269;contains
o1174;i10270;contains
o1174;i10271;contains
o1174;i10272;contains
o1174;i10273;contains
o1174;i10274;contains
o1174;i10275;contains
o1174;i10276;contains
o1174;i10277;contains
o1174;i10278;contains
o1174;i10279;contains
o1174;i10280;contains
o1175;i10281;contains
o1175;i10282;contains
o1175;i10283;contains
o1175;i10284;contains
o1175;i10285;contains
o1175;i10286;contains
o1175;i10287;contains
o1175;i10288;contains
o1175;i10289;contains
o1175;i10290;contains
o1175;i10291;contains
o1175;i10292;contains
o1176;i10293;contains
o1176;i10294;contains
o1176;i10295;contains
o1176;i10296;contains
o1176;i10297;contains
o1176;i10298;contains
o1176;i10299;contains
o1176;i10300;contains
o1176;i10301;contains
o1176;i10302;contains
o1176;i10303;contains
o1176;i10304;contains
o1177;i10305;contains
o1177;i10306;contains
o1177;i10307;contains
o1177;i10308;contains
o1177;i10309;contains
o1177;i10310;contains
o1177;i10311;contains
o1177;i10312;contains
o1178;i10313;contains
o1178;i10314;contains
o1178;i10315;contains
o1178;i10316;contains
o1178;i10317;contains
o1178;i10318;contains
o1178;i10319;contains
o1178;i10320;contains
o1178;i10321;contains
o1178;i10322;contains
o1178;i10323;contains
o1178;i10324;contains
o1178;i10325;contains
o1178;i10326;contains
o1178;i10327;contains
o1178;i10328;contains
o1178;i10329;contains
o1178;i10330;contains
o1179;i10331;contains
o1179;i10332;contains
o1179;i10333;contains
o1179;i10334;contains
o1179;i10335;contains
o1179;i10336;contains
o1179;i10337;contains
o1179;i10338;contains
o1179;i10339;contains
o1179;i10340;contains
o1179;i10341;contains
o1179;i10342;contains
o1179;i10343;contains
o1179;i10344;contains
o1180;i10345;contains
o1180;i10346;contains
o1180;i10347;contains
o1180;i10348;contains
o1180;i10349;contains
o1180;i10350;contains
o1180;i10351;contains
o1180;i10352;contains
o1180;i10353;contains
o1180;i10354;contains
o1180;i10355;contains
o1180;i10356;contains
o1180;i10357;contains
o1180;i10358;contains
o1180;i10359;contains
o1181;i10360;contains
o1181;i10361;contains
o1181;i10362;contains
o1181;i10363;contains
o1181;i10364;contains
o1181;i10365;contains
o1181;i10366;contains
o1181;i10367;contains
o1181;i10368;contains
o1182;i10369;contains
o1182;i10370;contains
o1182;i10371;contains
o1182;i10372;contains
o1182;i10373;contains
o1182;i10374;contains
o1182;i10375;contains
o1182;i10376;contains
o1182;i10377;contains
o1182;i10378;contains
o1182;i10379;contains
o1182;i10380;contains
o1182;i10381;contains
o1182;i10382;contains
o1182;i10383;contains
o1182;i10384;contains
o1183;i10385;contains
o1183;i10386;contains
o1183;i10387;contains
o1183;i10388;contains
o1183;i10389;contains
o1183;i10390;contains
o1183;i10391;contains
o1183;i10392;contains
o1183;i10393;contains
o1183;i10394;contains
o1183;i10395;contains
o1183;i10396;contains
o1183;i10397;contains
o1183;i10398;contains
o1183;i10399;contains
o1183;i10400;contains
o1183;i10401;contains
o1183;i10402;contains
o1183;i10403;contains
o1184;i10404;contains
o1184;i10405;contains
o1184;i10406;contains
o1184;i10407;contains
o1184;i10408;contains
o1184;i10409;contains
o1184;i10410;contains
o1184;i10411;contains
o1184;i10412;contains
o1184;i10413;contains
o1184;i10414;contains
o1184;i10415;contains
o1184;i10416;contains
o1185;i10417;contains
o1185;i10418;contains
o1185;i10419;contains
o1185;i10420;contains
o1185;i10421;contains
o1185;i10422;contains
o1185;i10423;contains
o1185;i10424;contains
o1185;i10425;contains
o1185;i10426;contains
o1186;i10427;contains
o1186;i10428;contains
o1186;i10429;contains
o1186;i10430;contains
o1186;i10431;contains
o1186;i10432;contains
o1186;i10433;contains
o1186;i10434;contains
o1186;i10435;contains
o1186;i10436;contains
o1186;i10437;contains
o1186;i10438;contains
o1186;i10439;contains
o1186;i10440;contains
o1186;i10441;contains
o1186;i10442;contains
o1186;i10443;contains
o1186;i10444;contains
o1187;i10445;contains
o1187;i10446;contains
o1187;i10447;contains
o1187;i10448;contains
o1187;i10449;contains
o1187;i10450;contains
o1187;i10451;contains
o1187;i10452;contains
o1187;i10453;contains
o1187;i10454;contains
o1187;i10455;contains
o1187;i10456;contains
o1187;i10457;contains
o1187;i10458;contains
o1187;i10459;contains
o1188;i10460;contains
o1188;i10461;contains
o1188;i10462;contains
o1188;i10463;contains
o1188;i10464;contains
o1188;i10465;contains
o1188;i10466;contains
o1188;i10467;contains
o1188;i10468;contains
o1188;i10469;contains
o1188;i10470;contains
o1188;i10471;contains
o1188;i10472;contains
o1188;i10473;contains
o1188;i10474;contains
o1188;i10475;contains
o1188;i10476;contains
o1189;i10477;contains
o1189;i10478;contains
o1189;i10479;contains
o1189;i10480;contains
o1189;i10481;contains
o1189;i10482;contains
o1189;i10483;contains
o1189;i10484;contains
o1189;i10485;contains
o1189;i10486;contains
o1189;i10487;contains
o1189;i10488;contains
o1189;i10489;contains
o1189;i10490;contains
o1190;i10491;contains
o1190;i10492;contains
o1190;i10493;contains
o1190;i10494;contains
o1190;i10495;contains
o1190;i10496;contains
o1190;i10497;contains
o1190;i10498;contains
o1190;i10499;contains
o1190;i10500;contains
o1190;i10501;contains
o1190;i10502;contains
o1191;i10503;contains
o1191;i10504;contains
o1191;i10505;contains
o1191;i10506;contains
o1191;i10507;contains
o1191;i10508;contains
o1191;i10509;contains
o1191;i10510;contains
o1191;i10511;contains
o1191;i10512;contains
o1191;i10513;contains
o1191;i10514;contains
o1191;i10515;contains
o1191;i10516;contains
o1191;i10517;contains
o1191;i10518;contains
o1192;i10519;contains
o1192;i10520;contains
o1192;i10521;contains
o1192;i10522;contains
o1192;i10523;contains
o1192;i10524;contains
o1192;i10525;contains
o1192;i10526;contains
o1192;i10527;contains
o1192;i10528;contains
o1192;i10529;contains
o1192;i10530;contains
o1192;i10531;contains
o1192;i10532;contains
o1192;i10533;contains
o1192;i10534;contains
o1192;i10535;contains
o1193;i10536;contains
o1193;i10537;contains
o1193;i10538;contains
o1193;i10539;contains
o1193;i10540;contains
o1193;i10541;contains
o1193;i10542;contains
o1193;i10543;contains
o1193;i10544;contains
o1193;i10545;contains
o1193;i10546;contains
o1193;i10547;contains
o1194;i10548;contains
o1194;i10549;contains
o1194;i10550;contains
o1194;i10551;contains
o1194;i10552;contains
o1194;i10553;contains
o1194;i10554;contains
o1194;i10555;contains
o1194;i10556;contains
o1194;i10557;contains
o1194;i10558;contains
o1194;i10559;contains
o1194;i10560;contains
o1194;i10561;contains
o1194;i10562;contains
o1194;i10563;contains
o1194;i10564;contains
o1194;i10565;contains
o1194;i10566;contains
o1194;i10567;contains
o1194;i10568;contains
o1194;i10569;contains
o1194;i10570;contains
o1195;i10571;contains
o1195;i10572;contains
o1195;i10573;contains
o1195;i10574;contains
o1195;i10575;contains
o1195;i10576;contains
o1195;i10577;contains
o1195;i10578;contains
o1195;i10579;contains
o1195;i10580;contains
o1195;i10581;contains
o1195;i10582;contains
o1195;i10583;contains
o1195;i10584;contains
o1195;i10585;contains
o1195;i10586;contains
o1195;i10587;contains
o1196;i10588;contains
o1196;i10589;contains
o1196;i10590;contains
o1196;i10591;contains
o1196;i10592;contains
o1196;i10593;contains
o1196;i10594;contains
o1196;i10595;contains
o1196;i10596;contains
o1196;i10597;contains
o1196;i10598;contains
o1196;i10599;contains
o1196;i10600;contains
o1196;i10601;contains
o1196;i10602;contains
o1196;i10603;contains
o1196;i10604;contains
o1196;i10605;contains
o1197;i10606;contains
o1197;i10607;contains
o1197;i10608;contains
o1197;i10609;contains
o1197;i10610;contains
o1197;i10611;contains
o1197;i10612;contains
o1197;i10613;contains
o1197;i10614;contains
o1197;i10615;contains
o1197;i10616;contains
o1197;i10617;contains
o1197;i10618;contains
o1197;i10619;contains
o1197;i10620;contains
o1197;i10621;contains
o1197;i10622;contains
o1198;i10623;contains
o1198;i10624;contains
o1198;i10625;contains
o1198;i10626;contains
o1198;i10627;contains
o1198;i10628;contains
o1198;i10629;contains
o1198;i10630;contains
o1198;i10631;contains
o1198;i10632;contains
o1198;i10633;contains
o1198;i10634;contains
o1198;i10635;contains
o1198;i10636;contains
o1199;i10637;contains
o1199;i10638;contains
o1199;i10639;contains
o1199;i10640;contains
o1199;i10641;contains
o1199;i10642;contains
o1199;i10643;contains
o1199;i10644;contains
o1199;i10645;contains
o1199;i10646;contains
o1199;i10647;contains
o1199;i10648;contains
o1199;i10649;contains
o1199;i10650;contains
o1199;i10651;contains
o1200;i10652;contains
o1200;i10653;contains
o1200;i10654;contains
o1200;i10655;contains
o1200;i10656;contains
o1200;i10657;contains
o1200;i10658;contains
o1201;i10659;contains
o1201;i10660;contains
o1201;i10661;contains
o1201;i10662;contains
o1201;i10663;contains
o1201;i10664;contains
o1201;i10665;contains
o1201;i10666;contains
o1201;i10667;contains
o1201;i10668;contains
o1201;i10669;contains
o1201;i10670;contains
o1201;i10671;contains
o1201;i10672;contains
o1201;i10673;contains
o1201;i10674;contains
o1201;i10675;contains
o1201;i10676;contains
o1201;i10677;contains
o1201;i10678;contains
o1201;i10679;contains
o1202;i10680;contains
o1202;i10681;contains
o1202;i10682;contains
o1202;i10683;contains
o1202;i10684;contains
o1202;i10685;contains
o1202;i10686;contains
o1202;i10687;contains
o1202;i10688;contains
o1202;i10689;contains
o1202;i10690;contains
o1202;i10691;contains
o1202;i10692;contains
o1202;i10693;contains
o1202;i10694;contains
o1203;i10695;contains
o1203;i10696;contains
o1203;i10697;contains
o1203;i10698;contains
o1203;i10699;contains
o1203;i10700;contains
o1203;i10701;contains
o1203;i10702;contains
o1204;i10703;contains
o1204;i10704;contains
o1204;i10705;contains
o1204;i10706;contains
o1204;i10707;contains
o1204;i10708;contains
o1204;i10709;contains
o1204;i10710;contains
o1204;i10711;contains
o1204;i10712;contains
o1204;i10713;contains
o1204;i10714;contains
o1204;i10715;contains
o1204;i10716;contains
o1204;i10717;contains
o1204;i10718;contains
o1204;i10719;contains
o1205;i10720;contains
o1205;i10721;contains
o1205;i10722;contains
o1205;i10723;contains
o1205;i10724;contains
o1205;i10725;contains
o1205;i10726;contains
o1205;i10727;contains
o1205;i10728;contains
o1205;i10729;contains
o1205;i10730;contains
o1205;i10731;contains
o1205;i10732;contains
o1205;i10733;contains
o1205;i10734;contains
o1205;i10735;contains
o1206;i10736;contains
o1206;i10737;contains
o1206;i10738;contains
o1206;i10739;contains
o1206;i10740;contains
o1206;i10741;contains
o1206;i10742;contains
o1206;i10743;contains
o1206;i10744;contains
o1206;i10745;contains
o1206;i10746;contains
o1206;i10747;contains
o1206;i10748;contains
o1206;i10749;contains
o1207;i10750;contains
o1207;i10751;contains
o1207;i10752;contains
o1207;i10753;contains
o1207;i10754;contains
o1207;i10755;contains
o1207;i10756;contains
o1207;i10757;contains
o1207;i10758;contains
o1207;i10759;contains
o1207;i10760;contains
o1207;i10761;contains
o1207;i10762;contains
o1207;i10763;contains
o1208;i10764;contains
o1208;i10765;contains
o1208;i10766;contains
o1208;i10767;contains
o1208;i10768;contains
o1208;i10769;contains
o1208;i10770;contains
o1208;i10771;contains
o1208;i10772;contains
o1208;i10773;contains
o1208;i10774;contains
o1208;i10775;contains
o1209;i10776;contains
o1209;i10777;contains
o1209;i10778;contains
o1209;i10779;contains
o1209;i10780;contains
o1209;i10781;contains
o1209;i10782;contains
o1209;i10783;contains
o1209;i10784;contains
o1209;i10785;contains
o1209;i10786;contains
o1209;i10787;contains
o1209;i10788;contains
o1210;i10789;contains
o1210;i10790;contains
o1210;i10791;contains
o1210;i10792;contains
o1210;i10793;contains
o1210;i10794;contains
o1210;i10795;contains
o1210;i10796;contains
o1210;i10797;contains
o1211;i10798;contains
o1211;i10799;contains
o1211;i10800;contains
o1211;i10801;contains
o1211;i10802;contains
o1211;i10803;contains
o1211;i10804;contains
o1211;i10805;contains
o1211;i10806;contains
o1211;i10807;contains
o1211;i10808;contains
o1211;i10809;contains
o1211;i10810;contains
o1211;i10811;contains
o1211;i10812;contains
o1211;i10813;contains
o1212;i10814;contains
o1212;i10815;contains
o1212;i10816;contains
o1212;i10817;contains
o1212;i10818;contains
o1212;i10819;contains
o1212;i10820;contains
o1212;i10821;contains
o1212;i10822;contains
o1212;i10823;contains
o1212;i10824;contains
o1212;i10825;contains
o1212;i10826;contains
o1213;i10827;contains
o1213;i10828;contains
o1213;i10829;contains
o1213;i10830;contains
o1213;i10831;contains
o1213;i10832;contains
o1213;i10833;contains
o1213;i10834;contains
o1213;i10835;contains
o1213;i10836;contains
o1213;i10837;contains
o1213;i10838;contains
o1213;i10839;contains
o1213;i10840;contains
o1213;i10841;contains
o1213;i10842;contains
o1214;i10843;contains
o1214;i10844;contains
o1214;i10845;contains
o1214;i10846;contains
o1214;i10847;contains
o1214;i10848;contains
o1214;i10849;contains
o1214;i10850;contains
o1214;i10851;contains
o1214;i10852;contains
o1214;i10853;contains
o1214;i10854;contains
o1214;i10855;contains
o1214;i10856;contains
o1214;i10857;contains
o1214;i10858;contains
o1215;i10859;contains
o1215;i10860;contains
o1215;i10861;contains
o1215;i10862;contains
o1215;i10863;contains
o1215;i10864;contains
o1215;i10865;contains
o1215;i10866;contains
o1215;i10867;contains
o1215;i10868;contains
o1215;i10869;contains
o1215;i10870;contains
o1215;i10871;contains
o1215;i10872;contains
o1215;i10873;contains
o1215;i10874;contains
o1215;i10875;contains
o1215;i10876;contains
o1216;i10877;contains
o1216;i10878;contains
o1216;i10879;contains
o1216;i10880;contains
o1216;i10881;contains
o1216;i10882;contains
o1216;i10883;contains
o1216;i10884;contains
o1216;i10885;contains
o1216;i10886;contains
o1216;i10887;contains
o1216;i10888;contains
o1216;i10889;contains
o1216;i10890;contains
o1216;i10891;contains
o1216;i10892;contains
o1216;i10893;contains
o1216;i10894;contains
o1216;i10895;contains
o1216;i10896;contains
o1216;i10897;contains
o1216;i10898;contains
o1216;i10899;contains
o1217;i10900;contains
o1217;i10901;contains
o1217;i10902;contains
o1217;i10903;contains
o1217;i10904;contains
o1217;i10905;contains
o1217;i10906;contains
o1217;i10907;contains
o1217;i10908;contains
o1217;i10909;contains
o1217;i10910;contains
o1217;i10911;contains
o1217;i10912;contains
o1217;i10913;contains
o1217;i10914;contains
o1217;i10915;contains
o1217;i10916;contains
o1218;i10917;contains
o1218;i10918;contains
o1218;i10919;contains
o1218;i10920;contains
o1218;i10921;contains
o1218;i10922;contains
o1218;i10923;contains
o1218;i10924;contains
o1218;i10925;contains
o1218;i10926;contains
o1218;i10927;contains
o1218;i10928;contains
o1218;i10929;contains
o1218;i10930;contains
o1218;i10931;contains
o1219;i10932;contains
o1219;i10933;contains
o1219;i10934;contains
o1219;i10935;contains
o1219;i10936;contains
o1219;i10937;contains
o1219;i10938;contains
o1219;i10939;contains
o1219;i10940;contains
o1220;i10941;contains
o1220;i10942;contains
o1220;i10943;contains
o1220;i10944;contains
o1220;i10945;contains
o1220;i10946;contains
o1220;i10947;contains
o1220;i10948;contains
o1220;i10949;contains
o1220;i10950;contains
o1220;i10951;contains
o1220;i10952;contains
o1220;i10953;contains
o1220;i10954;contains
o1220;i10955;contains
o1220;i10956;contains
o1220;i10957;contains
o1220;i10958;contains
o1220;i10959;contains
o1221;i10960;contains
o1221;i10961;contains
o1221;i10962;contains
o1221;i10963;contains
o1221;i10964;contains
o1221;i10965;contains
o1221;i10966;contains
o1221;i10967;contains
o1221;i10968;contains
o1221;i10969;contains
o1221;i10970;contains
o1221;i10971;contains
o1221;i10972;contains
o1221;i10973;contains
o1221;i10974;contains
o1221;i10975;contains
o1221;i10976;contains
o1221;i10977;contains
o1221;i10978;contains
o1221;i10979;contains
o1221;i10980;contains
o1221;i10981;contains
o1221;i10982;contains
o1222;i10983;contains
o1222;i10984;contains
o1222;i10985;contains
o1222;i10986;contains
o1222;i10987;contains
o1222;i10988;contains
o1222;i10989;contains
o1222;i10990;contains
o1222;i10991;contains
o1222;i10992;contains
o1222;i10993;contains
o1222;i10994;contains
o1222;i10995;contains
o1222;i10996;contains
o1222;i10997;contains
o1222;i10998;contains
o1222;i10999;contains
o1222;i11000;contains
o1222;i11001;contains
o1223;i11002;contains
o1223;i11003;contains
o1223;i11004;contains
o1223;i11005;contains
o1223;i11006;contains
o1223;i11007;contains
o1223;i11008;contains
o1223;i11009;contains
o1223;i11010;contains
o1223;i11011;contains
o1223;i11012;contains
o1223;i11013;contains
o1223;i11014;contains
o1224;i11015;contains
o1224;i11016;contains
o1224;i11017;contains
o1224;i11018;contains
o1224;i11019;contains
o1224;i11020;contains
o1224;i11021;contains
o1224;i11022;contains
o1224;i11023;contains
o1224;i11024;contains
o1224;i11025;contains
o1224;i11026;contains
o1224;i11027;contains
o1224;i11028;contains
o1224;i11029;contains
o1224;i11030;contains
o1224;i11031;contains
o1225;i11032;contains
o1225;i11033;contains
o1225;i11034;contains
o1225;i11035;contains
o1225;i11036;contains
o1225;i11037;contains
o1225;i11038;contains
o1225;i11039;contains
o1225;i11040;contains
o1225;i11041;contains
o1225;i11042;contains
o1225;i11043;contains
o1225;i11044;contains
o1225;i11045;contains
o1225;i11046;contains
o1225;i11047;contains
o1225;i11048;contains
o1225;i11049;contains
o1225;i11050;contains
o1225;i11051;contains
o1225;i11052;contains
o1225;i11053;contains
o1225;i11054;contains
o1226;i11055;contains
o1226;i11056;contains
o1226;i11057;contains
o1226;i11058;contains
o1226;i11059;contains
o1226;i11060;contains
o1226;i11061;contains
o1226;i11062;contains
o1226;i11063;contains
o1226;i11064;contains
o1226;i11065;contains
o1226;i11066;contains
o1226;i11067;contains
o1226;i11068;contains
o1226;i11069;contains
o1226;i11070;contains
o1226;i11071;contains
o1227;i11072;contains
o1227;i11073;contains
o1227;i11074;contains
o1227;i11075;contains
o1227;i11076;contains
o1227;i11077;contains
o1227;i11078;contains
o1228;i11079;contains
o1228;i11080;contains
o1228;i11081;contains
o1228;i11082;contains
o1228;i11083;contains
o1228;i11084;contains
o1228;i11085;contains
o1228;i11086;contains
o1228;i11087;contains
o1228;i11088;contains
o1229;i11089;contains
o1229;i11090;contains
o1229;i11091;contains
o1229;i11092;contains
o1229;i11093;contains
o1229;i11094;contains
o1229;i11095;contains
o1229;i11096;contains
o1229;i11097;contains
o1229;i11098;contains
o1229;i11099;contains
o1229;i11100;contains
o1229;i11101;contains
o1229;i11102;contains
o1229;i11103;contains
o1229;i11104;contains
o1230;i11105;contains
o1230;i11106;contains
o1230;i11107;contains
o1230;i11108;contains
o1230;i11109;contains
o1230;i11110;contains
o1230;i11111;contains
o1230;i11112;contains
o1230;i11113;contains
o1230;i11114;contains
o1230;i11115;contains
o1230;i11116;contains
o1230;i11117;contains
o1230;i11118;contains
o1231;i11119;contains
o1231;i11120;contains
o1231;i11121;contains
o1231;i11122;contains
o1231;i11123;contains
o1231;i11124;contains
o1231;i11125;contains
o1231;i11126;contains
o1231;i11127;contains
o1231;i11128;contains
o1231;i11129;contains
o1231;i11130;contains
o1231;i11131;contains
o1231;i11132;contains
o1231;i11133;contains
o1231;i11134;contains
o1231;i11135;contains
o1232;i11136;contains
o1232;i11137;contains
o1232;i11138;contains
o1232;i11139;contains
o1232;i11140;contains
o1232;i11141;contains
o1232;i11142;contains
o1232;i11143;contains
o1232;i11144;contains
o1232;i11145;contains
o1232;i11146;contains
o1232;i11147;contains
o1232;i11148;contains
o1232;i11149;contains
o1232;i11150;contains
o1232;i11151;contains
o1232;i11152;contains
o1232;i11153;contains
o1232;i11154;contains
o1233;i11155;contains
o1233;i11156;contains
o1233;i11157;contains
o1233;i11158;contains
o1233;i11159;contains
o1233;i11160;contains
o1233;i11161;contains
o1233;i11162;contains
o1233;i11163;contains
o1233;i11164;contains
o1233;i11165;contains
o1233;i11166;contains
o1233;i11167;contains
o1233;i11168;contains
o1233;i11169;contains
o1233;i11170;contains
o1233;i11171;contains
o1233;i11172;contains
o1233;i11173;contains
o1234;i11174;contains
o1234;i11175;contains
o1234;i11176;contains
o1234;i11177;contains
o1234;i11178;contains
o1234;i11179;contains
o1234;i11180;contains
o1234;i11181;contains
o1234;i11182;contains
o1234;i11183;contains
o1234;i11184;contains
o1234;i11185;contains
o1234;i11186;contains
o1234;i11187;contains
o1234;i11188;contains
o1234;i11189;contains
o1235;i11190;contains
o1235;i11191;contains
o1235;i11192;contains
o1235;i11193;contains
o1235;i11194;contains
o1235;i11195;contains
o1235;i11196;contains
o1235;i11197;contains
o1235;i11198;contains
o1235;i11199;contains
o1235;i11200;contains
o1235;i11201;contains
o1235;i11202;contains
o1235;i11203;contains
o1235;i11204;contains
o1236;i11205;contains
o1236;i11206;contains
o1236;i11207;contains
o1236;i11208;contains
o1236;i11209;contains
o1236;i11210;contains
o1236;i11211;contains
o1236;i11212;contains
o1236;i11213;contains
o1236;i11214;contains
o1236;i11215;contains
o1236;i11216;contains
o1236;i11217;contains
o1236;i11218;contains
o1236;i11219;contains
o1236;i11220;contains
o1236;i11221;contains
o1236;i11222;contains
o1236;i11223;contains
o1236;i11224;contains
o1237;i11225;contains
o1237;i11226;contains
o1237;i11227;contains
o1237;i11228;contains
o1237;i11229;contains
o1237;i11230;contains
o1237;i11231;contains
o1237;i11232;contains
o1237;i11233;contains
o1237;i11234;contains
o1237;i11235;contains
o1237;i11236;contains
o1237;i11237;contains
o1237;i11238;contains
o1237;i11239;contains
o1237;i11240;contains
o1237;i11241;contains
o1237;i11242;contains
o1238;i11243;contains
o1238;i11244;contains
o1238;i11245;contains
o1238;i11246;contains
o1238;i11247;contains
o1238;i11248;contains
o1238;i11249;contains
o1238;i11250;contains
o1238;i11251;contains
o1238;i11252;contains
o1238;i11253;contains
o1238;i11254;contains
o1238;i11255;contains
o1238;i11256;contains
o1238;i11257;contains
o1238;i11258;contains
o1238;i11259;contains
o1238;i11260;contains
o1238;i11261;contains
o1238;i11262;contains
o1239;i11263;contains
o1239;i11264;contains
o1239;i11265;contains
o1239;i11266;contains
o1239;i11267;contains
o1239;i11268;contains
o1239;i11269;contains
o1239;i11270;contains
o1239;i11271;contains
o1239;i11272;contains
o1239;i11273;contains
o1239;i11274;contains
o1239;i11275;contains
o1239;i11276;contains
o1239;i11277;contains
o1239;i11278;contains
o1239;i11279;contains
o1240;i11280;contains
o1240;i11281;contains
o1240;i11282;contains
o1240;i11283;contains
o1240;i11284;contains
o1240;i11285;contains
o1240;i11286;contains
o1240;i11287;contains
o1240;i11288;contains
o1240;i11289;contains
o1240;i11290;contains
o1240;i11291;contains
o1240;i11292;contains
o1240;i11293;contains
o1240;i11294;contains
o1240;i11295;contains
o1240;i11296;contains
o1240;i11297;contains
o1240;i11298;contains
o1240;i11299;contains
o1241;i11300;contains
o1241;i11301;contains
o1241;i11302;contains
o1241;i11303;contains
o1241;i11304;contains
o1241;i11305;contains
o1241;i11306;contains
o1241;i11307;contains
o1241;i11308;contains
o1241;i11309;contains
o1241;i11310;contains
o1241;i11311;contains
o1241;i11312;contains
o1241;i11313;contains
o1241;i11314;contains
o1241;i11315;contains
o1241;i11316;contains
o1242;i11317;contains
o1242;i11318;contains
o1242;i11319;contains
o1242;i11320;contains
o1242;i11321;contains
o1242;i11322;contains
o1242;i11323;contains
o1242;i11324;contains
o1242;i11325;contains
o1242;i11326;contains
o1242;i11327;contains
o1242;i11328;contains
o1242;i11329;contains
o1242;i11330;contains
o1242;i11331;contains
o1242;i11332;contains
o1242;i11333;contains
o1242;i11334;contains
o1243;i11335;contains
o1243;i11336;contains
o1243;i11337;contains
o1243;i11338;contains
o1243;i11339;contains
o1243;i11340;contains
o1243;i11341;contains
o1243;i11342;contains
o1243;i11343;contains
o1243;i11344;contains
o1243;i11345;contains
o1244;i11346;contains
o1244;i11347;contains
o1244;i11348;contains
o1244;i11349;contains
o1244;i11350;contains
o1244;i11351;contains
o1244;i11352;contains
o1244;i11353;contains
o1244;i11354;contains
o1244;i11355;contains
o1244;i11356;contains
o1244;i11357;contains
o1244;i11358;contains
o1244;i11359;contains
o1244;i11360;contains
o1245;i11361;contains
o1245;i11362;contains
o1245;i11363;contains
o1245;i11364;contains
o1245;i11365;contains
o1245;i11366;contains
o1245;i11367;contains
o1245;i11368;contains
o1245;i11369;contains
o1245;i11370;contains
o1245;i11371;contains
o1245;i11372;contains
o1245;i11373;contains
o1245;i11374;contains
o1246;i11375;contains
o1246;i11376;contains
o1246;i11377;contains
o1246;i11378;contains
o1246;i11379;contains
o1246;i11380;contains
o1246;i11381;contains
o1246;i11382;contains
o1246;i11383;contains
o1246;i11384;contains
o1246;i11385;contains
o1246;i11386;contains
o1246;i11387;contains
o1246;i11388;contains
o1247;i11389;contains
o1247;i11390;contains
o1247;i11391;contains
o1247;i11392;contains
o1247;i11393;contains
o1247;i11394;contains
o1247;i11395;contains
o1247;i11396;contains
o1247;i11397;contains
o1247;i11398;contains
o1247;i11399;contains
o1247;i11400;contains
o1247;i11401;contains
o1247;i11402;contains
o1247;i11403;contains
o1248;i11404;contains
o1248;i11405;contains
o1248;i11406;contains
o1248;i11407;contains
o1248;i11408;contains
o1248;i11409;contains
o1248;i11410;contains
o1248;i11411;contains
o1248;i11412;contains
o1248;i11413;contains
o1248;i11414;contains
o1248;i11415;contains
o1248;i11416;contains
o1248;i11417;contains
o1248;i11418;contains
o1249;i11419;contains
o1249;i11420;contains
o1249;i11421;contains
o1249;i11422;contains
o1249;i11423;contains
o1249;i11424;contains
o1249;i11425;contains
o1249;i11426;contains
o1249;i11427;contains
o1249;i11428;contains
o1249;i11429;contains
o1250;i11430;contains
o1250;i11431;contains
o1250;i11432;contains
o1250;i11433;contains
o1250;i11434;contains
o1250;i11435;contains
o1250;i11436;contains
o1250;i11437;contains
o1250;i11438;contains
o1250;i11439;contains
o1250;i11440;contains
o1250;i11441;contains
o1250;i11442;contains
o1250;i11443;contains
o1250;i11444;contains
o1250;i11445;contains
o1250;i11446;contains
o1250;i11447;contains
o1251;i11448;contains
o1251;i11449;contains
o1251;i11450;contains
o1251;i11451;contains
o1251;i11452;contains
o1251;i11453;contains
o1251;i11454;contains
o1251;i11455;contains
o1251;i11456;contains
o1251;i11457;contains
o1251;i11458;contains
o1251;i11459;contains
o1251;i11460;contains
o1251;i11461;contains
o1251;i11462;contains
o1251;i11463;contains
o1251;i11464;contains
o1251;i11465;contains
o1251;i11466;contains
o1251;i11467;contains
o1251;i11468;contains
o1252;i11469;contains
o1252;i11470;contains
o1252;i11471;contains
o1252;i11472;contains
o1252;i11473;contains
o1252;i11474;contains
o1252;i11475;contains
o1252;i11476;contains
o1252;i11477;contains
o1252;i11478;contains
o1252;i11479;contains
o1252;i11480;contains
o1253;i11481;contains
o1253;i11482;contains
o1253;i11483;contains
o1253;i11484;contains
o1253;i11485;contains
o1253;i11486;contains
o1253;i11487;contains
o1253;i11488;contains
o1253;i11489;contains
o1253;i11490;contains
o1253;i11491;contains
o1253;i11492;contains
o1253;i11493;contains
o1253;i11494;contains
o1253;i11495;contains
o1253;i11496;contains
o1253;i11497;contains
o1253;i11498;contains
o1254;i11499;contains
o1254;i11500;contains
o1254;i11501;contains
o1254;i11502;contains
o1254;i11503;contains
o1254;i11504;contains
o1254;i11505;contains
o1254;i11506;contains
o1254;i11507;contains
o1254;i11508;contains
o1254;i11509;contains
o1254;i11510;contains
o1254;i11511;contains
o1254;i11512;contains
o1254;i11513;contains
o1254;i11514;contains
o1254;i11515;contains
o1255;i11516;contains
o1255;i11517;contains
o1255;i11518;contains
o1255;i11519;contains
o1255;i11520;contains
o1255;i11521;contains
o1255;i11522;contains
o1255;i11523;contains
o1255;i11524;contains
o1255;i11525;contains
o1255;i11526;contains
o1256;i11527;contains
o1256;i11528;contains
o1256;i11529;contains
o1256;i11530;contains
o1256;i11531;contains
o1256;i11532;contains
o1256;i11533;contains
o1256;i11534;contains
o1256;i11535;contains
o1256;i11536;contains
o1256;i11537;contains
o1256;i11538;contains
o1256;i11539;contains
o1257;i11540;contains
o1257;i11541;contains
o1257;i11542;contains
o1257;i11543;contains
o1257;i11544;contains
o1257;i11545;contains
o1257;i11546;contains
o1257;i11547;contains
o1257;i11548;contains
o1258;i11549;contains
o1258;i11550;contains
o1258;i11551;contains
o1258;i11552;contains
o1258;i11553;contains
o1258;i11554;contains
o1258;i11555;contains
o1258;i11556;contains
o1258;i11557;contains
o1258;i11558;contains
o1258;i11559;contains
o1259;i11560;contains
o1259;i11561;contains
o1259;i11562;contains
o1259;i11563;contains
o1259;i11564;contains
o1259;i11565;contains
o1259;i11566;contains
o1259;i11567;contains
o1259;i11568;contains
o1259;i11569;contains
o1259;i11570;contains
o1259;i11571;contains
o1259;i11572;contains
o1259;i11573;contains
o1259;i11574;contains
o1259;i11575;contains
o1259;i11576;contains
o1259;i11577;contains
o1259;i11578;contains
o1259;i11579;contains
o1259;i11580;contains
o1259;i11581;contains
o1260;i11582;contains
o1260;i11583;contains
o1260;i11584;contains
o1260;i11585;contains
o1260;i11586;contains
o1260;i11587;contains
o1260;i11588;contains
o1260;i11589;contains
o1260;i11590;contains
o1260;i11591;contains
o1260;i11592;contains
o1260;i11593;contains
o1260;i11594;contains
o1260;i11595;contains
o1260;i11596;contains
o1260;i11597;contains
o1260;i11598;contains
o1260;i11599;contains
o1260;i11600;contains
o1260;i11601;contains
o1261;i11602;contains
o1261;i11603;contains
o1261;i11604;contains
o1261;i11605;contains
o1261;i11606;contains
o1261;i11607;contains
o1261;i11608;contains
o1261;i11609;contains
o1261;i11610;contains
o1261;i11611;contains
o1261;i11612;contains
o1261;i11613;contains
o1261;i11614;contains
o1261;i11615;contains
o1261;i11616;contains
o1261;i11617;contains
o1261;i11618;contains
o1261;i11619;contains
o1262;i11620;contains
o1262;i11621;contains
o1262;i11622;contains
o1262;i11623;contains
o1262;i11624;contains
o1262;i11625;contains
o1262;i11626;contains
o1262;i11627;contains
o1262;i11628;contains
o1262;i11629;contains
o1262;i11630;contains
o1262;i11631;contains
o1262;i11632;contains
o1262;i11633;contains
o1262;i11634;contains
o1262;i11635;contains
o1262;i11636;contains
o1263;i11637;contains
o1263;i11638;contains
o1263;i11639;contains
o1263;i11640;contains
o1263;i11641;contains
o1263;i11642;contains
o1263;i11643;contains
o1263;i11644;contains
o1263;i11645;contains
o1263;i11646;contains
o1263;i11647;contains
o1263;i11648;contains
o1263;i11649;contains
o1263;i11650;contains
o1263;i11651;contains
o1263;i11652;contains
o1263;i11653;contains
o1264;i11654;contains
o1264;i11655;contains
o1264;i11656;contains
o1264;i11657;contains
o1264;i11658;contains
o1264;i11659;contains
o1264;i11660;contains
o1264;i11661;contains
o1264;i11662;contains
o1264;i11663;contains
o1264;i11664;contains
o1264;i11665;contains
o1264;i11666;contains
o1264;i11667;contains
o1264;i11668;contains
o1264;i11669;contains
o1264;i11670;contains
o1264;i11671;contains
o1264;i11672;contains
o1264;i11673;contains
o1264;i11674;contains
o1265;i11675;contains
o1265;i11676;contains
o1265;i11677;contains
o1265;i11678;contains
o1265;i11679;contains
o1265;i11680;contains
o1265;i11681;contains
o1265;i11682;contains
o1265;i11683;contains
o1265;i11684;contains
o1265;i11685;contains
o1265;i11686;contains
o1265;i11687;contains
o1265;i11688;contains
o1265;i11689;contains
o1265;i11690;contains
o1266;i11691;contains
o1266;i11692;contains
o1266;i11693;contains
o1266;i11694;contains
o1266;i11695;contains
o1266;i11696;contains
o1266;i11697;contains
o1266;i11698;contains
o1266;i11699;contains
o1266;i11700;contains
o1266;i11701;contains
o1266;i11702;contains
o1266;i11703;contains
o1266;i11704;contains
o1267;i11705;contains
o1267;i11706;contains
o1267;i11707;contains
o1267;i11708;contains
o1267;i11709;contains
o1267;i11710;contains
o1267;i11711;contains
o1267;i11712;contains
o1267;i11713;contains
o1267;i11714;contains
o1267;i11715;contains
o1267;i11716;contains
o1267;i11717;contains
o1267;i11718;contains
o1267;i11719;contains
o1267;i11720;contains
o1267;i11721;contains
o1267;i11722;contains
o1267;i11723;contains
o1267;i11724;contains
o1268;i11725;contains
o1268;i11726;contains
o1268;i11727;contains
o1268;i11728;contains
o1268;i11729;contains
o1268;i11730;contains
o1268;i11731;contains
o1268;i11732;contains
o1268;i11733;contains
o1268;i11734;contains
o1268;i11735;contains
o1268;i11736;contains
o1268;i11737;contains
o1268;i11738;contains
o1268;i11739;contains
o1268;i11740;contains
o1269;i11741;contains
o1269;i11742;contains
o1269;i11743;contains
o1269;i11744;contains
o1269;i11745;contains
o1269;i11746;contains
o1269;i11747;contains
o1269;i11748;contains
o1269;i11749;contains
o1269;i11750;contains
o1269;i11751;contains
o1269;i11752;contains
o1269;i11753;contains
o1269;i11754;contains
o1269;i11755;contains
o1270;i11756;contains
o1270;i11757;contains
o1270;i11758;contains
o1270;i11759;contains
o1270;i11760;contains
o1270;i11761;contains
o1270;i11762;contains
o1270;i11763;contains
o1270;i11764;contains
o1270;i11765;contains
o1270;i11766;contains
o1270;i11767;contains
o1270;i11768;contains
o1271;i11769;contains
o1271;i11770;contains
o1271;i11771;contains
o1271;i11772;contains
o1271;i11773;contains
o1271;i11774;contains
o1271;i11775;contains
o1271;i11776;contains
o1271;i11777;contains
o1271;i11778;contains
o1271;i11779;contains
o1271;i11780;contains
o1272;i11781;contains
o1272;i11782;contains
o1272;i11783;contains
o1272;i11784;contains
o1272;i11785;contains
o1272;i11786;contains
o1272;i11787;contains
o1272;i11788;contains
o1272;i11789;contains
o1272;i11790;contains
o1272;i11791;contains
o1272;i11792;contains
o1272;i11793;contains
o1272;i11794;contains
o1272;i11795;contains
o1272;i11796;contains
o1272;i11797;contains
o1273;i11798;contains
o1273;i11799;contains
o1273;i11800;contains
o1273;i11801;contains
o1273;i11802;contains
o1273;i11803;contains
o1273;i11804;contains
o1274;i11805;contains
o1274;i11806;contains
o1274;i11807;contains
o1274;i11808;contains
o1274;i11809;contains
o1274;i11810;contains
o1274;i11811;contains
o1274;i11812;contains
o1274;i11813;contains
o1274;i11814;contains
o1274;i11815;contains
o1274;i11816;contains
o1274;i11817;contains
o1274;i11818;contains
o1274;i11819;contains
o1274;i11820;contains
o1274;i11821;contains
o1275;i11822;contains
o1275;i11823;contains
o1275;i11824;contains
o1275;i11825;contains
o1275;i11826;contains
o1275;i11827;contains
o1275;i11828;contains
o1275;i11829;contains
o1275;i11830;contains
o1275;i11831;contains
o1275;i11832;contains
o1275;i11833;contains
o1275;i11834;contains
o1275;i11835;contains
o1275;i11836;contains
o1276;i11837;contains
o1276;i11838;contains
o1276;i11839;contains
o1276;i11840;contains
o1276;i11841;contains
o1276;i11842;contains
o1276;i11843;contains
o1276;i11844;contains
o1276;i11845;contains
o1276;i11846;contains
o1276;i11847;contains
o1276;i11848;contains
o1276;i11849;contains
o1276;i11850;contains
o1276;i11851;contains
o1276;i11852;contains
o1276;i11853;contains
o1277;i11854;contains
o1277;i11855;contains
o1277;i11856;contains
o1277;i11857;contains
o1277;i11858;contains
o1277;i11859;contains
o1277;i11860;contains
o1277;i11861;contains
o1277;i11862;contains
o1277;i11863;contains
o1277;i11864;contains
o1277;i11865;contains
o1277;i11866;contains
o1277;i11867;contains
o1277;i11868;contains
o1277;i11869;contains
o1278;i11870;contains
o1278;i11871;contains
o1278;i11872;contains
o1278;i11873;contains
o1278;i11874;contains
o1278;i11875;contains
o1278;i11876;contains
o1278;i11877;contains
o1278;i11878;contains
o1278;i11879;contains
o1278;i11880;contains
o1278;i11881;contains
o1278;i11882;contains
o1278;i11883;contains
o1278;i11884;contains
o1278;i11885;contains
o1278;i11886;contains
o1278;i11887;contains
o1278;i11888;contains
o1278;i11889;contains
o1279;i11890;contains
o1279;i11891;contains
o1279;i11892;contains
o1279;i11893;contains
o1279;i11894;contains
o1279;i11895;contains
o1279;i11896;contains
o1279;i11897;contains
o1279;i11898;contains
o1279;i11899;contains
o1279;i11900;contains
o1279;i11901;contains
o1279;i11902;contains
o1279;i11903;contains
o1280;i11904;contains
o1280;i11905;contains
o1280;i11906;contains
o1280;i11907;contains
o1280;i11908;contains
o1280;i11909;contains
o1280;i11910;contains
o1280;i11911;contains
o1280;i11912;contains
o1280;i11913;contains
o1280;i11914;contains
o1280;i11915;contains
o1280;i11916;contains
o1280;i11917;contains
o1280;i11918;contains
o1280;i11919;contains
o1281;i11920;contains
o1281;i11921;contains
o1281;i11922;contains
o1281;i11923;contains
o1281;i11924;contains
o1281;i11925;contains
o1281;i11926;contains
o1281;i11927;contains
o1281;i11928;contains
o1281;i11929;contains
o1281;i11930;contains
o1281;i11931;contains
o1282;i11932;contains
o1282;i11933;contains
o1282;i11934;contains
o1282;i11935;contains
o1282;i11936;contains
o1282;i11937;contains
o1282;i11938;contains
o1282;i11939;contains
o1282;i11940;contains
o1282;i11941;contains
o1282;i11942;contains
o1282;i11943;contains
o1282;i11944;contains
o1282;i11945;contains
o1283;i11946;contains
o1283;i11947;contains
o1283;i11948;contains
o1283;i11949;contains
o1283;i11950;contains
o1283;i11951;contains
o1283;i11952;contains
o1283;i11953;contains
o1283;i11954;contains
o1283;i11955;contains
o1283;i11956;contains
o1283;i11957;contains
o1283;i11958;contains
o1283;i11959;contains
o1283;i11960;contains
o1283;i11961;contains
o1283;i11962;contains
o1284;i11963;contains
o1284;i11964;contains
o1284;i11965;contains
o1284;i11966;contains
o1284;i11967;contains
o1284;i11968;contains
o1284;i11969;contains
o1284;i11970;contains
o1284;i11971;contains
o1284;i11972;contains
o1284;i11973;contains
o1284;i11974;contains
o1284;i11975;contains
o1284;i11976;contains
o1284;i11977;contains
o1284;i11978;contains
o1285;i11979;contains
o1285;i11980;contains
o1285;i11981;contains
o1285;i11982;contains
o1285;i11983;contains
o1285;i11984;contains
o1285;i11985;contains
o1285;i11986;contains
o1285;i11987;contains
o1285;i11988;contains
o1285;i11989;contains
o1285;i11990;contains
o1285;i11991;contains
o1286;i11992;contains
o1286;i11993;contains
o1286;i11994;contains
o1286;i11995;contains
o1286;i11996;contains
o1286;i11997;contains
o1286;i11998;contains
o1286;i11999;contains
o1286;i12000;contains
o1286;i12001;contains
o1286;i12002;contains
o1286;i12003;contains
o1286;i12004;contains
o1286;i12005;contains
o1286;i12006;contains
o1286;i12007;contains
o1286;i12008;contains
o1286;i12009;contains
o1286;i12010;contains
o1286;i12011;contains
o1286;i12012;contains
o1287;i12013;contains
o1287;i12014;contains
o1287;i12015;contains
o1287;i12016;contains
o1287;i12017;contains
o1287;i12018;contains
o1287;i12019;contains
o1287;i12020;contains
o1287;i12021;contains
o1287;i12022;contains
o1287;i12023;contains
o1287;i12024;contains
o1287;i12025;contains
o1287;i12026;contains
o1287;i12027;contains
o1287;i12028;contains
o1287;i12029;contains
o1287;i12030;contains
o1287;i12031;contains
o1287;i12032;contains
o1287;i12033;contains
o1287;i12034;contains
o1287;i12035;contains
o1287;i12036;contains
o1287;i12037;contains
o1288;i12038;contains
o1288;i12039;contains
o1288;i12040;contains
o1288;i12041;contains
o1288;i12042;contains
o1288;i12043;contains
o1288;i12044;contains
o1288;i12045;contains
o1288;i12046;contains
o1288;i12047;contains
o1288;i12048;contains
o1288;i12049;contains
o1288;i12050;contains
o1288;i12051;contains
o1289;i12052;contains
o1289;i12053;contains
o1289;i12054;contains
o1289;i12055;contains
o1289;i12056;contains
o1289;i12057;contains
o1289;i12058;contains
o1289;i12059;contains
o1289;i12060;contains
o1289;i12061;contains
o1289;i12062;contains
o1289;i12063;contains
o1289;i12064;contains
o1289;i12065;contains
o1289;i12066;contains
o1289;i12067;contains
o1290;i12068;contains
o1290;i12069;contains
o1290;i12070;contains
o1290;i12071;contains
o1290;i12072;contains
o1290;i12073;contains
o1290;i12074;contains
o1290;i12075;contains
o1290;i12076;contains
o1290;i12077;contains
o1290;i12078;contains
o1290;i12079;contains
o1290;i12080;contains
o1290;i12081;contains
o1290;i12082;contains
o1290;i12083;contains
o1290;i12084;contains
o1290;i12085;contains
o1290;i12086;contains
o1290;i12087;contains
o1291;i12088;contains
o1291;i12089;contains
o1291;i12090;contains
o1291;i12091;contains
o1291;i12092;contains
o1291;i12093;contains
o1291;i12094;contains
o1291;i12095;contains
o1291;i12096;contains
o1291;i12097;contains
o1291;i12098;contains
o1291;i12099;contains
o1291;i12100;contains
o1291;i12101;contains
o1291;i12102;contains
o1291;i12103;contains
o1292;i12104;contains
o1292;i12105;contains
o1292;i12106;contains
o1292;i12107;contains
o1292;i12108;contains
o1292;i12109;contains
o1292;i12110;contains
o1292;i12111;contains
o1292;i12112;contains
o1292;i12113;contains
o1292;i12114;contains
o1292;i12115;contains
o1292;i12116;contains
o1292;i12117;contains
o1292;i12118;contains
o1292;i12119;contains
o1292;i12120;contains
o1292;i12121;contains
o1292;i12122;contains
o1293;i12123;contains
o1293;i12124;contains
o1293;i12125;contains
o1293;i12126;contains
o1293;i12127;contains
o1293;i12128;contains
o1293;i12129;contains
o1293;i12130;contains
o1293;i12131;contains
o1293;i12132;contains
o1294;i12133;contains
o1294;i12134;contains
o1294;i12135;contains
o1294;i12136;contains
o1294;i12137;contains
o1294;i12138;contains
o1294;i12139;contains
o1294;i12140;contains
o1294;i12141;contains
o1294;i12142;contains
o1294;i12143;contains
o1294;i12144;contains
o1294;i12145;contains
o1294;i12146;contains
o1294;i12147;contains
o1294;i12148;contains
o1294;i12149;contains
o1294;i12150;contains
o1294;i12151;contains
o1294;i12152;contains
o1295;i12153;contains
o1295;i12154;contains
o1295;i12155;contains
o1295;i12156;contains
o1295;i12157;contains
o1295;i12158;contains
o1295;i12159;contains
o1295;i12160;contains
o1295;i12161;contains
o1295;i12162;contains
o1295;i12163;contains
o1296;i12164;contains
o1296;i12165;contains
o1296;i12166;contains
o1296;i12167;contains
o1296;i12168;contains
o1296;i12169;contains
o1296;i12170;contains
o1296;i12171;contains
o1296;i12172;contains
o1296;i12173;contains
o1296;i12174;contains
o1296;i12175;contains
o1296;i12176;contains
o1296;i12177;contains
o1297;i12178;contains
o1297;i12179;contains
o1297;i12180;contains
o1297;i12181;contains
o1297;i12182;contains
o1297;i12183;contains
o1297;i12184;contains
o1297;i12185;contains
o1297;i12186;contains
o1297;i12187;contains
o1297;i12188;contains
o1297;i12189;contains
o1297;i12190;contains
o1297;i12191;contains
o1297;i12192;contains
o1297;i12193;contains
o1298;i12194;contains
o1298;i12195;contains
o1298;i12196;contains
o1298;i12197;contains
o1298;i12198;contains
o1298;i12199;contains
o1298;i12200;contains
o1298;i12201;contains
o1298;i12202;contains
o1298;i12203;contains
o1298;i12204;contains
o1298;i12205;contains
o1298;i12206;contains
o1298;i12207;contains
o1298;i12208;contains
o1298;i12209;contains
o1298;i12210;contains
o1298;i12211;contains
o1298;i12212;contains
o1299;i12213;contains
o1299;i12214;contains
o1299;i12215;contains
o1299;i12216;contains
o1299;i12217;contains
o1299;i12218;contains
o1299;i12219;contains
o1299;i12220;contains
o1299;i12221;contains
o1299;i12222;contains
o1299;i12223;contains
o1299;i12224;contains
o1299;i12225;contains
o1299;i12226;contains
o1299;i12227;contains
o1299;i12228;contains
o1299;i12229;contains
o1299;i12230;contains
o1300;i12231;contains
o1300;i12232;contains
o1300;i12233;contains
o1300;i12234;contains
o1300;i12235;contains
o1300;i12236;contains
o1300;i12237;contains
o1300;i12238;contains
o1300;i12239;contains
o1300;i12240;contains
o1300;i12241;contains
o1300;i12242;contains
o1300;i12243;contains
o1300;i12244;contains
o1300;i12245;contains
o1300;i12246;contains
o1300;i12247;contains
o1300;i12248;contains
o1300;i12249;contains
o1300;i12250;contains
o1300;i12251;contains
o1301;i12252;contains
o1301;i12253;contains
o1301;i12254;contains
o1301;i12255;contains
o1301;i12256;contains
o1301;i12257;contains
o1301;i12258;contains
o1301;i12259;contains
o1301;i12260;contains
o1301;i12261;contains
o1301;i12262;contains
o1301;i12263;contains
o1301;i12264;contains
o1301;i12265;contains
o1301;i12266;contains
o1301;i12267;contains
o1301;i12268;contains
o1301;i12269;contains
o1301;i12270;contains
o1302;i12271;contains
o1302;i12272;contains
o1302;i12273;contains
o1302;i12274;contains
o1302;i12275;contains
o1302;i12276;contains
o1302;i12277;contains
o1302;i12278;contains
o1302;i12279;contains
o1302;i12280;contains
o1302;i12281;contains
o1302;i12282;contains
o1302;i12283;contains
o1302;i12284;contains
o1302;i12285;contains
o1302;i12286;contains
o1303;i12287;contains
o1303;i12288;contains
o1303;i12289;contains
o1303;i12290;contains
o1303;i12291;contains
o1303;i12292;contains
o1303;i12293;contains
o1303;i12294;contains
o1303;i12295;contains
o1303;i12296;contains
o1303;i12297;contains
o1303;i12298;contains
o1303;i12299;contains
o1303;i12300;contains
o1303;i12301;contains
o1303;i12302;contains
o1303;i12303;contains
o1304;i12304;contains
o1304;i12305;contains
o1304;i12306;contains
o1304;i12307;contains
o1304;i12308;contains
o1304;i12309;contains
o1304;i12310;contains
o1304;i12311;contains
o1304;i12312;contains
o1304;i12313;contains
o1304;i12314;contains
o1304;i12315;contains
o1304;i12316;contains
o1304;i12317;contains
o1305;i12318;contains
o1305;i12319;contains
o1305;i12320;contains
o1305;i12321;contains
o1305;i12322;contains
o1305;i12323;contains
o1305;i12324;contains
o1305;i12325;contains
o1305;i12326;contains
o1305;i12327;contains
o1305;i12328;contains
o1305;i12329;contains
o1305;i12330;contains
o1305;i12331;contains
o1305;i12332;contains
o1305;i12333;contains
o1305;i12334;contains
o1306;i12335;contains
o1306;i12336;contains
o1306;i12337;contains
o1306;i12338;contains
o1306;i12339;contains
o1306;i12340;contains
o1306;i12341;contains
o1306;i12342;contains
o1306;i12343;contains
o1306;i12344;contains
o1306;i12345;contains
o1306;i12346;contains
o1306;i12347;contains
o1306;i12348;contains
o1306;i12349;contains
o1306;i12350;contains
o1306;i12351;contains
o1307;i12352;contains
o1307;i12353;contains
o1307;i12354;contains
o1307;i12355;contains
o1307;i12356;contains
o1307;i12357;contains
o1307;i12358;contains
o1307;i12359;contains
o1307;i12360;contains
o1307;i12361;contains
o1307;i12362;contains
o1307;i12363;contains
o1307;i12364;contains
o1307;i12365;contains
o1307;i12366;contains
o1308;i12367;contains
o1308;i12368;contains
o1308;i12369;contains
o1308;i12370;contains
o1308;i12371;contains
o1308;i12372;contains
o1308;i12373;contains
o1308;i12374;contains
o1308;i12375;contains
o1308;i12376;contains
o1308;i12377;contains
o1308;i12378;contains
o1308;i12379;contains
o1308;i12380;contains
o1308;i12381;contains
o1308;i12382;contains
o1308;i12383;contains
o1308;i12384;contains
o1309;i12385;contains
o1309;i12386;contains
o1309;i12387;contains
o1309;i12388;contains
o1309;i12389;contains
o1309;i12390;contains
o1309;i12391;contains
o1309;i12392;contains
o1309;i12393;contains
o1309;i12394;contains
o1309;i12395;contains
o1309;i12396;contains
o1310;i12397;contains
o1310;i12398;contains
o1310;i12399;contains
o1310;i12400;contains
o1310;i12401;contains
o1310;i12402;contains
o1310;i12403;contains
o1310;i12404;contains
o1310;i12405;contains
o1310;i12406;contains
o1310;i12407;contains
o1310;i12408;contains
o1310;i12409;contains
o1310;i12410;contains
o1310;i12411;contains
o1310;i12412;contains
o1310;i12413;contains
o1310;i12414;contains
o1310;i12415;contains
o1310;i12416;contains
o1311;i12417;contains
o1311;i12418;contains
o1311;i12419;contains
o1311;i12420;contains
o1311;i12421;contains
o1311;i12422;contains
o1311;i12423;contains
o1311;i12424;contains
o1311;i12425;contains
o1311;i12426;contains
o1311;i12427;contains
o1311;i12428;contains
o1311;i12429;contains
o1311;i12430;contains
o1311;i12431;contains
o1311;i12432;contains
o1311;i12433;contains
o1312;i12434;contains
o1312;i12435;contains
o1312;i12436;contains
o1312;i12437;contains
o1312;i12438;contains
o1312;i12439;contains
o1312;i12440;contains
o1312;i12441;contains
o1312;i12442;contains
o1312;i12443;contains
o1312;i12444;contains
o1312;i12445;contains
o1312;i12446;contains
o1312;i12447;contains
o1312;i12448;contains
o1312;i12449;contains
o1312;i12450;contains
o1312;i12451;contains
o1313;i12452;contains
o1313;i12453;contains
o1313;i12454;contains
o1313;i12455;contains
o1313;i12456;contains
o1313;i12457;contains
o1313;i12458;contains
o1313;i12459;contains
o1313;i12460;contains
o1313;i12461;contains
o1313;i12462;contains
o1313;i12463;contains
o1313;i12464;contains
o1313;i12465;contains
o1313;i12466;contains
o1313;i12467;contains
o1314;i12468;contains
o1314;i12469;contains
o1314;i12470;contains
o1314;i12471;contains
o1314;i12472;contains
o1314;i12473;contains
o1314;i12474;contains
o1314;i12475;contains
o1314;i12476;contains
o1314;i12477;contains
o1314;i12478;contains
o1314;i12479;contains
o1314;i12480;contains
o1314;i12481;contains
o1314;i12482;contains
o1314;i12483;contains
o1314;i12484;contains
o1314;i12485;contains
o1314;i12486;contains
o1314;i12487;contains
o1314;i12488;contains
o1314;i12489;contains
o1315;i12490;contains
o1315;i12491;contains
o1315;i12492;contains
o1315;i12493;contains
o1315;i12494;contains
o1315;i12495;contains
o1315;i12496;contains
o1315;i12497;contains
o1315;i12498;contains
o1315;i12499;contains
o1315;i12500;contains
o1315;i12501;contains
o1315;i12502;contains
o1315;i12503;contains
o1315;i12504;contains
o1315;i12505;contains
o1315;i12506;contains
o1316;i12507;contains
o1316;i12508;contains
o1316;i12509;contains
o1316;i12510;contains
o1316;i12511;contains
o1316;i12512;contains
o1316;i12513;contains
o1316;i12514;contains
o1316;i12515;contains
o1316;i12516;contains
o1316;i12517;contains
o1316;i12518;contains
o1316;i12519;contains
o1316;i12520;contains
o1317;i12521;contains
o1317;i12522;contains
o1317;i12523;contains
o1317;i12524;contains
o1317;i12525;contains
o1317;i12526;contains
o1317;i12527;contains
o1317;i12528;contains
o1317;i12529;contains
o1317;i12530;contains
o1317;i12531;contains
o1317;i12532;contains
o1317;i12533;contains
o1317;i12534;contains
o1317;i12535;contains
o1317;i12536;contains
o1317;i12537;contains
o1317;i12538;contains
o1317;i12539;contains
o1318;i12540;contains
o1318;i12541;contains
o1318;i12542;contains
o1318;i12543;contains
o1318;i12544;contains
o1318;i12545;contains
o1318;i12546;contains
o1318;i12547;contains
o1318;i12548;contains
o1318;i12549;contains
o1318;i12550;contains
o1318;i12551;contains
o1318;i12552;contains
o1318;i12553;contains
o1319;i12554;contains
o1319;i12555;contains
o1319;i12556;contains
o1319;i12557;contains
o1319;i12558;contains
o1319;i12559;contains
o1319;i12560;contains
o1319;i12561;contains
o1319;i12562;contains
o1319;i12563;contains
o1319;i12564;contains
o1319;i12565;contains
o1319;i12566;contains
o1319;i12567;contains
o1319;i12568;contains
o1319;i12569;contains
o1319;i12570;contains
o1319;i12571;contains
o1319;i12572;contains
o1320;i12573;contains
o1320;i12574;contains
o1320;i12575;contains
o1320;i12576;contains
o1320;i12577;contains
o1320;i12578;contains
o1320;i12579;contains
o1320;i12580;contains
o1320;i12581;contains
o1320;i12582;contains
o1320;i12583;contains
o1320;i12584;contains
o1320;i12585;contains
o1320;i12586;contains
o1320;i12587;contains
o1320;i12588;contains
o1320;i12589;contains
o1320;i12590;contains
o1320;i12591;contains
o1320;i12592;contains
o1321;i12593;contains
o1321;i12594;contains
o1321;i12595;contains
o1321;i12596;contains
o1321;i12597;contains
o1321;i12598;contains
o1321;i12599;contains
o1321;i12600;contains
o1321;i12601;contains
o1321;i12602;contains
o1321;i12603;contains
o1322;i12604;contains
o1322;i12605;contains
o1322;i12606;contains
o1322;i12607;contains
o1322;i12608;contains
o1322;i12609;contains
o1322;i12610;contains
o1322;i12611;contains
o1322;i12612;contains
o1322;i12613;contains
o1322;i12614;contains
o1322;i12615;contains
o1322;i12616;contains
o1322;i12617;contains
o1322;i12618;contains
o1322;i12619;contains
o1322;i12620;contains
o1322;i12621;contains
o1322;i12622;contains
o1323;i12623;contains
o1323;i12624;contains
o1323;i12625;contains
o1323;i12626;contains
o1323;i12627;contains
o1323;i12628;contains
o1323;i12629;contains
o1323;i12630;contains
o1323;i12631;contains
o1323;i12632;contains
o1323;i12633;contains
o1323;i12634;contains
o1323;i12635;contains
o1323;i12636;contains
o1323;i12637;contains
o1323;i12638;contains
o1323;i12639;contains
o1324;i12640;contains
o1324;i12641;contains
o1324;i12642;contains
o1324;i12643;contains
o1324;i12644;contains
o1324;i12645;contains
o1324;i12646;contains
o1324;i12647;contains
o1324;i12648;contains
o1324;i12649;contains
o1324;i12650;contains
o1324;i12651;contains
o1325;i12652;contains
o1325;i12653;contains
o1325;i12654;contains
o1325;i12655;contains
o1325;i12656;contains
o1325;i12657;contains
o1325;i12658;contains
o1325;i12659;contains
o1325;i12660;contains
o1325;i12661;contains
o1325;i12662;contains
o1326;i12663;contains
o1326;i12664;contains
o1326;i12665;contains
o1326;i12666;contains
o1326;i12667;contains
o1326;i12668;contains
o1326;i12669;contains
o1326;i12670;contains
o1326;i12671;contains
o1326;i12672;contains
o1326;i12673;contains
o1326;i12674;contains
o1326;i12675;contains
o1326;i12676;contains
o1326;i12677;contains
o1326;i12678;contains
o1326;i12679;contains
o1326;i12680;contains
o1326;i12681;contains
o1326;i12682;contains
o1327;i12683;contains
o1327;i12684;contains
o1327;i12685;contains
o1327;i12686;contains
o1327;i12687;contains
o1327;i12688;contains
o1327;i12689;contains
o1327;i12690;contains
o1327;i12691;contains
o1327;i12692;contains
o1327;i12693;contains
o1327;i12694;contains
o1327;i12695;contains
o1327;i12696;contains
o1327;i12697;contains
o1327;i12698;contains
o1327;i12699;contains
o1328;i12700;contains
o1328;i12701;contains
o1328;i12702;contains
o1328;i12703;contains
o1328;i12704;contains
o1328;i12705;contains
o1328;i12706;contains
o1328;i12707;contains
o1328;i12708;contains
o1329;i12709;contains
o1329;i12710;contains
o1329;i12711;contains
o1329;i12712;contains
o1329;i12713;contains
o1329;i12714;contains
o1329;i12715;contains
o1329;i12716;contains
o1329;i12717;contains
o1329;i12718;contains
o1329;i12719;contains
o1329;i12720;contains
o1329;i12721;contains
o1330;i12722;contains
o1330;i12723;contains
o1330;i12724;contains
o1330;i12725;contains
o1330;i12726;contains
o1330;i12727;contains
o1330;i12728;contains
o1330;i12729;contains
o1330;i12730;contains
o1330;i12731;contains
o1330;i12732;contains
o1330;i12733;contains
o1330;i12734;contains
o1330;i12735;contains
o1330;i12736;contains
o1330;i12737;contains
o1330;i12738;contains
o1330;i12739;contains
o1330;i12740;contains
o1331;i12741;contains
o1331;i12742;contains
o1331;i12743;contains
o1331;i12744;contains
o1331;i12745;contains
o1331;i12746;contains
o1331;i12747;contains
o1331;i12748;contains
o1331;i12749;contains
o1331;i12750;contains
o1331;i12751;contains
o1331;i12752;contains
o1331;i12753;contains
o1331;i12754;contains
o1331;i12755;contains
o1331;i12756;contains
o1331;i12757;contains
o1332;i12758;contains
o1332;i12759;contains
o1332;i12760;contains
o1332;i12761;contains
o1332;i12762;contains
o1332;i12763;contains
o1332;i12764;contains
o1332;i12765;contains
o1332;i12766;contains
o1332;i12767;contains
o1332;i12768;contains
o1332;i12769;contains
o1332;i12770;contains
o1332;i12771;contains
o1332;i12772;contains
o1332;i12773;contains
o1332;i12774;contains
o1332;i12775;contains
o1333;i12776;contains
o1333;i12777;contains
o1333;i12778;contains
o1333;i12779;contains
o1333;i12780;contains
o1333;i12781;contains
o1333;i12782;contains
o1333;i12783;contains
o1333;i12784;contains
o1333;i12785;contains
o1333;i12786;contains
o1333;i12787;contains
o1333;i12788;contains
o1333;i12789;contains
o1333;i12790;contains
o1333;i12791;contains
o1333;i12792;contains
o1333;i12793;contains
o1333;i12794;contains
o1333;i12795;contains
o1333;i12796;contains
o1333;i12797;contains
o1333;i12798;contains
o1334;i12799;contains
o1334;i12800;contains
o1334;i12801;contains
o1334;i12802;contains
o1334;i12803;contains
o1334;i12804;contains
o1334;i12805;contains
o1334;i12806;contains
o1334;i12807;contains
o1334;i12808;contains
o1334;i12809;contains
o1334;i12810;contains
o1334;i12811;contains
o1334;i12812;contains
o1334;i12813;contains
o1334;i12814;contains
o1334;i12815;contains
o1334;i12816;contains
o1334;i12817;contains
o1335;i12818;contains
o1335;i12819;contains
o1335;i12820;contains
o1335;i12821;contains
o1335;i12822;contains
o1335;i12823;contains
o1335;i12824;contains
o1335;i12825;contains
o1335;i12826;contains
o1335;i12827;contains
o1335;i12828;contains
o1335;i12829;contains
o1336;i12830;contains
o1336;i12831;contains
o1336;i12832;contains
o1336;i12833;contains
o1336;i12834;contains
o1336;i12835;contains
o1336;i12836;contains
o1336;i12837;contains
o1336;i12838;contains
o1336;i12839;contains
o1336;i12840;contains
o1336;i12841;contains
o1336;i12842;contains
o1336;i12843;contains
o1336;i12844;contains
o1336;i12845;contains
o1336;i12846;contains
o1336;i12847;contains
o1337;i12848;contains
o1337;i12849;contains
o1337;i12850;contains
o1337;i12851;contains
o1337;i12852;contains
o1337;i12853;contains
o1337;i12854;contains
o1337;i12855;contains
o1337;i12856;contains
o1337;i12857;contains
o1337;i12858;contains
o1337;i12859;contains
o1337;i12860;contains
o1337;i12861;contains
o1337;i12862;contains
o1337;i12863;contains
o1337;i12864;contains
o1338;i12865;contains
o1338;i12866;contains
o1338;i12867;contains
o1338;i12868;contains
o1338;i12869;contains
o1338;i12870;contains
o1338;i12871;contains
o1338;i12872;contains
o1338;i12873;contains
o1338;i12874;contains
o1338;i12875;contains
o1338;i12876;contains
o1338;i12877;contains
o1338;i12878;contains
o1338;i12879;contains
o1338;i12880;contains
o1338;i12881;contains
o1338;i12882;contains
o1338;i12883;contains
o1339;i12884;contains
o1339;i12885;contains
o1339;i12886;contains
o1339;i12887;contains
o1339;i12888;contains
o1339;i12889;contains
o1339;i12890;contains
o1339;i12891;contains
o1339;i12892;contains
o1339;i12893;contains
o1339;i12894;contains
o1339;i12895;contains
o1339;i12896;contains
o1339;i12897;contains
o1339;i12898;contains
o1339;i12899;contains
o1339;i12900;contains
o1339;i12901;contains
o1340;i12902;contains
o1340;i12903;contains
o1340;i12904;contains
o1340;i12905;contains
o1340;i12906;contains
o1340;i12907;contains
o1340;i12908;contains
o1340;i12909;contains
o1340;i12910;contains
o1340;i12911;contains
o1340;i12912;contains
o1340;i12913;contains
o1340;i12914;contains
o1341;i12915;contains
o1341;i12916;contains
o1341;i12917;contains
o1341;i12918;contains
o1341;i12919;contains
o1341;i12920;contains
o1341;i12921;contains
o1341;i12922;contains
o1341;i12923;contains
o1341;i12924;contains
o1341;i12925;contains
o1341;i12926;contains
o1341;i12927;contains
o1341;i12928;contains
o1341;i12929;contains
o1341;i12930;contains
o1341;i12931;contains
o1341;i12932;contains
o1341;i12933;contains
o1341;i12934;contains
o1342;i12935;contains
o1342;i12936;contains
o1342;i12937;contains
o1342;i12938;contains
o1342;i12939;contains
o1342;i12940;contains
o1342;i12941;contains
o1342;i12942;contains
o1342;i12943;contains
o1342;i12944;contains
o1342;i12945;contains
o1342;i12946;contains
o1342;i12947;contains
o1342;i12948;contains
o1342;i12949;contains
o1342;i12950;contains
o1342;i12951;contains
o1342;i12952;contains
o1342;i12953;contains
o1342;i12954;contains
o1342;i12955;contains
o1342;i12956;contains
o1342;i12957;contains
o1342;i12958;contains
o1342;i12959;contains
o1342;i12960;contains
o1342;i12961;contains
o1342;i12962;contains
o1343;i12963;contains
o1343;i12964;contains
o1343;i12965;contains
o1343;i12966;contains
o1343;i12967;contains
o1343;i12968;contains
o1343;i12969;contains
o1343;i12970;contains
o1343;i12971;contains
o1343;i12972;contains
o1343;i12973;contains
o1343;i12974;contains
o1343;i12975;contains
o1343;i12976;contains
o1343;i12977;contains
o1343;i12978;contains
o1343;i12979;contains
o1344;i12980;contains
o1344;i12981;contains
o1344;i12982;contains
o1344;i12983;contains
o1344;i12984;contains
o1344;i12985;contains
o1344;i12986;contains
o1344;i12987;contains
o1344;i12988;contains
o1344;i12989;contains
o1344;i12990;contains
o1344;i12991;contains
o1344;i12992;contains
o1344;i12993;contains
o1344;i12994;contains
o1345;i12995;contains
o1345;i12996;contains
o1345;i12997;contains
o1345;i12998;contains
o1345;i12999;contains
o1345;i13000;contains
o1345;i13001;contains
o1345;i13002;contains
o1345;i13003;contains
o1345;i13004;contains
o1345;i13005;contains
o1345;i13006;contains
o1345;i13007;contains
o1345;i13008;contains
o1345;i13009;contains
o1345;i13010;contains
o1346;i13011;contains
o1346;i13012;contains
o1346;i13013;contains
o1346;i13014;contains
o1346;i13015;contains
o1346;i13016;contains
o1346;i13017;contains
o1346;i13018;contains
o1346;i13019;contains
o1346;i13020;contains
o1346;i13021;contains
o1346;i13022;contains
o1346;i13023;contains
o1346;i13024;contains
o1346;i13025;contains
o1346;i13026;contains
o1346;i13027;contains
o1346;i13028;contains
o1346;i13029;contains
o1346;i13030;contains
o1347;i13031;contains
o1347;i13032;contains
o1347;i13033;contains
o1347;i13034;contains
o1347;i13035;contains
o1347;i13036;contains
o1347;i13037;contains
o1347;i13038;contains
o1347;i13039;contains
o1347;i13040;contains
o1347;i13041;contains
o1347;i13042;contains
o1347;i13043;contains
o1347;i13044;contains
o1347;i13045;contains
o1347;i13046;contains
o1347;i13047;contains
o1348;i13048;contains
o1348;i13049;contains
o1348;i13050;contains
o1348;i13051;contains
o1348;i13052;contains
o1348;i13053;contains
o1348;i13054;contains
o1348;i13055;contains
o1348;i13056;contains
o1348;i13057;contains
o1348;i13058;contains
o1348;i13059;contains
o1348;i13060;contains
o1348;i13061;contains
o1348;i13062;contains
o1348;i13063;contains
o1348;i13064;contains
o1348;i13065;contains
o1348;i13066;contains
o1349;i13067;contains
o1349;i13068;contains
o1349;i13069;contains
o1349;i13070;contains
o1349;i13071;contains
o1349;i13072;contains
o1349;i13073;contains
o1349;i13074;contains
o1349;i13075;contains
o1349;i13076;contains
o1349;i13077;contains
o1349;i13078;contains
o1349;i13079;contains
o1349;i13080;contains
o1349;i13081;contains
o1349;i13082;contains
o1350;i13083;contains
o1350;i13084;contains
o1350;i13085;contains
o1350;i13086;contains
o1350;i13087;contains
o1350;i13088;contains
o1350;i13089;contains
o1350;i13090;contains
o1350;i13091;contains
o1350;i13092;contains
o1350;i13093;contains
o1350;i13094;contains
o1350;i13095;contains
o1350;i13096;contains
o1350;i13097;contains
o1351;i13098;contains
o1351;i13099;contains
o1351;i13100;contains
o1351;i13101;contains
o1351;i13102;contains
o1351;i13103;contains
o1351;i13104;contains
o1351;i13105;contains
o1351;i13106;contains
o1351;i13107;contains
o1351;i13108;contains
o1351;i13109;contains
o1351;i13110;contains
o1351;i13111;contains
o1351;i13112;contains
o1351;i13113;contains
o1351;i13114;contains
o1351;i13115;contains
o1351;i13116;contains
o1352;i13117;contains
o1352;i13118;contains
o1352;i13119;contains
o1352;i13120;contains
o1352;i13121;contains
o1352;i13122;contains
o1352;i13123;contains
o1352;i13124;contains
o1352;i13125;contains
o1352;i13126;contains
o1352;i13127;contains
o1352;i13128;contains
o1352;i13129;contains
o1352;i13130;contains
o1352;i13131;contains
o1352;i13132;contains
o1352;i13133;contains
o1352;i13134;contains
o1352;i13135;contains
o1352;i13136;contains
o1353;i13137;contains
o1353;i13138;contains
o1353;i13139;contains
o1353;i13140;contains
o1353;i13141;contains
o1353;i13142;contains
o1353;i13143;contains
o1353;i13144;contains
o1353;i13145;contains
o1353;i13146;contains
o1353;i13147;contains
o1353;i13148;contains
o1353;i13149;contains
o1353;i13150;contains
o1353;i13151;contains
o1353;i13152;contains
o1354;i13153;contains
o1354;i13154;contains
o1354;i13155;contains
o1354;i13156;contains
o1354;i13157;contains
o1354;i13158;contains
o1354;i13159;contains
o1354;i13160;contains
o1354;i13161;contains
o1354;i13162;contains
o1354;i13163;contains
o1354;i13164;contains
o1354;i13165;contains
o1354;i13166;contains
o1355;i13167;contains
o1355;i13168;contains
o1355;i13169;contains
o1355;i13170;contains
o1355;i13171;contains
o1355;i13172;contains
o1355;i13173;contains
o1355;i13174;contains
o1355;i13175;contains
o1355;i13176;contains
o1355;i13177;contains
o1355;i13178;contains
o1355;i13179;contains
o1355;i13180;contains
o1355;i13181;contains
o1355;i13182;contains
o1356;i13183;contains
o1356;i13184;contains
o1356;i13185;contains
o1356;i13186;contains
o1356;i13187;contains
o1356;i13188;contains
o1356;i13189;contains
o1356;i13190;contains
o1356;i13191;contains
o1356;i13192;contains
o1356;i13193;contains
o1356;i13194;contains
o1356;i13195;contains
o1356;i13196;contains
o1357;i13197;contains
o1357;i13198;contains
o1357;i13199;contains
o1357;i13200;contains
o1357;i13201;contains
o1357;i13202;contains
o1357;i13203;contains
o1357;i13204;contains
o1357;i13205;contains
o1357;i13206;contains
o1357;i13207;contains
o1357;i13208;contains
o1357;i13209;contains
o1358;i13210;contains
o1358;i13211;contains
o1358;i13212;contains
o1358;i13213;contains
o1358;i13214;contains
o1358;i13215;contains
o1358;i13216;contains
o1358;i13217;contains
o1358;i13218;contains
o1358;i13219;contains
o1358;i13220;contains
o1358;i13221;contains
o1358;i13222;contains
o1358;i13223;contains
o1358;i13224;contains
o1358;i13225;contains
o1358;i13226;contains
o1358;i13227;contains
o1358;i13228;contains
o1358;i13229;contains
o1358;i13230;contains
o1358;i13231;contains
o1358;i13232;contains
o1358;i13233;contains
o1359;i13234;contains
o1359;i13235;contains
o1359;i13236;contains
o1359;i13237;contains
o1359;i13238;contains
o1359;i13239;contains
o1359;i13240;contains
o1359;i13241;contains
o1359;i13242;contains
o1359;i13243;contains
o1359;i13244;contains
o1359;i13245;contains
o1359;i13246;contains
o1359;i13247;contains
o1359;i13248;contains
o1359;i13249;contains
o1359;i13250;contains
o1359;i13251;contains
o1359;i13252;contains
o1359;i13253;contains
o1359;i13254;contains
o1360;i13255;contains
o1360;i13256;contains
o1360;i13257;contains
o1360;i13258;contains
o1360;i13259;contains
o1360;i13260;contains
o1360;i13261;contains
o1360;i13262;contains
o1360;i13263;contains
o1360;i13264;contains
o1360;i13265;contains
o1361;i13266;contains
o1361;i13267;contains
o1361;i13268;contains
o1361;i13269;contains
o1361;i13270;contains
o1361;i13271;contains
o1361;i13272;contains
o1361;i13273;contains
o1361;i13274;contains
o1361;i13275;contains
o1361;i13276;contains
o1361;i13277;contains
o1361;i13278;contains
o1361;i13279;contains
o1361;i13280;contains
o1361;i13281;contains
o1362;i13282;contains
o1362;i13283;contains
o1362;i13284;contains
o1362;i13285;contains
o1362;i13286;contains
o1362;i13287;contains
o1362;i13288;contains
o1362;i13289;contains
o1362;i13290;contains
o1362;i13291;contains
o1362;i13292;contains
o1362;i13293;contains
o1362;i13294;contains
o1362;i13295;contains
o1362;i13296;contains
o1362;i13297;contains
o1362;i13298;contains
o1362;i13299;contains
o1362;i13300;contains
o1362;i13301;contains
o1362;i13302;contains
o1362;i13303;contains
o1362;i13304;contains
o1363;i13305;contains
o1363;i13306;contains
o1363;i13307;contains
o1363;i13308;contains
o1363;i13309;contains
o1363;i13310;contains
o1363;i13311;contains
o1363;i13312;contains
o1363;i13313;contains
o1363;i13314;contains
o1363;i13315;contains
o1363;i13316;contains
o1363;i13317;contains
o1363;i13318;contains
o1363;i13319;contains
o1364;i13320;contains
o1364;i13321;contains
o1364;i13322;contains
o1364;i13323;contains
o1364;i13324;contains
o1364;i13325;contains
o1364;i13326;contains
o1364;i13327;contains
o1364;i13328;contains
o1364;i13329;contains
o1364;i13330;contains
o1364;i13331;contains
o1364;i13332;contains
o1364;i13333;contains
o1365;i13334;contains
o1365;i13335;contains
o1365;i13336;contains
o1365;i13337;contains
o1365;i13338;contains
o1365;i13339;contains
o1365;i13340;contains
o1365;i13341;contains
o1365;i13342;contains
o1365;i13343;contains
o1365;i13344;contains
o1365;i13345;contains
o1365;i13346;contains
o1365;i13347;contains
o1365;i13348;contains
o1365;i13349;contains
o1365;i13350;contains
o1365;i13351;contains
o1365;i13352;contains
o1366;i13353;contains
o1366;i13354;contains
o1366;i13355;contains
o1366;i13356;contains
o1366;i13357;contains
o1366;i13358;contains
o1366;i13359;contains
o1366;i13360;contains
o1366;i13361;contains
o1366;i13362;contains
o1366;i13363;contains
o1366;i13364;contains
o1366;i13365;contains
o1366;i13366;contains
o1366;i13367;contains
o1366;i13368;contains
o1366;i13369;contains
o1367;i13370;contains
o1367;i13371;contains
o1367;i13372;contains
o1367;i13373;contains
o1367;i13374;contains
o1367;i13375;contains
o1367;i13376;contains
o1367;i13377;contains
o1367;i13378;contains
o1367;i13379;contains
o1368;i13380;contains
o1368;i13381;contains
o1368;i13382;contains
o1368;i13383;contains
o1368;i13384;contains
o1368;i13385;contains
o1368;i13386;contains
o1368;i13387;contains
o1368;i13388;contains
o1368;i13389;contains
o1368;i13390;contains
o1368;i13391;contains
o1368;i13392;contains
o1368;i13393;contains
o1368;i13394;contains
o1368;i13395;contains
o1368;i13396;contains
o1368;i13397;contains
o1369;i13398;contains
o1369;i13399;contains
o1369;i13400;contains
o1369;i13401;contains
o1369;i13402;contains
o1369;i13403;contains
o1369;i13404;contains
o1369;i13405;contains
o1369;i13406;contains
o1369;i13407;contains
o1369;i13408;contains
o1370;i13409;contains
o1370;i13410;contains
o1370;i13411;contains
o1370;i13412;contains
o1370;i13413;contains
o1370;i13414;contains
o1370;i13415;contains
o1370;i13416;contains
o1370;i13417;contains
o1370;i13418;contains
o1370;i13419;contains
o1370;i13420;contains
o1370;i13421;contains
o1370;i13422;contains
o1370;i13423;contains
o1371;i13424;contains
o1371;i13425;contains
o1371;i13426;contains
o1371;i13427;contains
o1371;i13428;contains
o1371;i13429;contains
o1371;i13430;contains
o1371;i13431;contains
o1371;i13432;contains
o1371;i13433;contains
o1371;i13434;contains
o1371;i13435;contains
o1371;i13436;contains
o1371;i13437;contains
o1371;i13438;contains
o1371;i13439;contains
o1371;i13440;contains
o1371;i13441;contains
o1371;i13442;contains
o1371;i13443;contains
o1371;i13444;contains
o1371;i13445;contains
o1371;i13446;contains
o1371;i13447;contains
o1371;i13448;contains
o1372;i13449;contains
o1372;i13450;contains
o1372;i13451;contains
o1372;i13452;contains
o1372;i13453;contains
o1372;i13454;contains
o1372;i13455;contains
o1372;i13456;contains
o1372;i13457;contains
o1372;i13458;contains
o1372;i13459;contains
o1372;i13460;contains
o1372;i13461;contains
o1372;i13462;contains
o1372;i13463;contains
o1372;i13464;contains
o1372;i13465;contains
o1373;i13466;contains
o1373;i13467;contains
o1373;i13468;contains
o1373;i13469;contains
o1373;i13470;contains
o1373;i13471;contains
o1373;i13472;contains
o1373;i13473;contains
o1373;i13474;contains
o1373;i13475;contains
o1373;i13476;contains
o1373;i13477;contains
o1373;i13478;contains
o1373;i13479;contains
o1373;i13480;contains
o1374;i13481;contains
o1374;i13482;contains
o1374;i13483;contains
o1374;i13484;contains
o1374;i13485;contains
o1374;i13486;contains
o1374;i13487;contains
o1374;i13488;contains
o1374;i13489;contains
o1374;i13490;contains
o1374;i13491;contains
o1374;i13492;contains
o1374;i13493;contains
o1374;i13494;contains
o1375;i13495;contains
o1375;i13496;contains
o1375;i13497;contains
o1375;i13498;contains
o1375;i13499;contains
o1375;i13500;contains
o1375;i13501;contains
o1375;i13502;contains
o1375;i13503;contains
o1375;i13504;contains
o1375;i13505;contains
o1375;i13506;contains
o1375;i13507;contains
o1375;i13508;contains
o1375;i13509;contains
o1375;i13510;contains
o1375;i13511;contains
o1375;i13512;contains
o1375;i13513;contains
o1375;i13514;contains
o1375;i13515;contains
o1375;i13516;contains
o1375;i13517;contains
o1375;i13518;contains
o1375;i13519;contains
o1375;i13520;contains
o1375;i13521;contains
o1376;i13522;contains
o1376;i13523;contains
o1376;i13524;contains
o1376;i13525;contains
o1376;i13526;contains
o1376;i13527;contains
o1376;i13528;contains
o1376;i13529;contains
o1376;i13530;contains
o1376;i13531;contains
o1376;i13532;contains
o1376;i13533;contains
o1376;i13534;contains
o1376;i13535;contains
o1376;i13536;contains
o1376;i13537;contains
o1377;i13538;contains
o1377;i13539;contains
o1377;i13540;contains
o1377;i13541;contains
o1377;i13542;contains
o1377;i13543;contains
o1377;i13544;contains
o1377;i13545;contains
o1377;i13546;contains
o1377;i13547;contains
o1377;i13548;contains
o1377;i13549;contains
o1377;i13550;contains
o1377;i13551;contains
o1377;i13552;contains
o1377;i13553;contains
o1377;i13554;contains
o1377;i13555;contains
o1377;i13556;contains
o1378;i13557;contains
o1378;i13558;contains
o1378;i13559;contains
o1378;i13560;contains
o1378;i13561;contains
o1378;i13562;contains
o1378;i13563;contains
o1378;i13564;contains
o1378;i13565;contains
o1378;i13566;contains
o1378;i13567;contains
o1379;i13568;contains
o1379;i13569;contains
o1379;i13570;contains
o1379;i13571;contains
o1379;i13572;contains
o1379;i13573;contains
o1379;i13574;contains
o1379;i13575;contains
o1379;i13576;contains
o1379;i13577;contains
o1379;i13578;contains
o1379;i13579;contains
o1379;i13580;contains
o1379;i13581;contains
o1379;i13582;contains
o1379;i13583;contains
o1380;i13584;contains
o1380;i13585;contains
o1380;i13586;contains
o1380;i13587;contains
o1380;i13588;contains
o1380;i13589;contains
o1380;i13590;contains
o1380;i13591;contains
o1380;i13592;contains
o1380;i13593;contains
o1380;i13594;contains
o1380;i13595;contains
o1380;i13596;contains
o1380;i13597;contains
o1380;i13598;contains
o1380;i13599;contains
o1380;i13600;contains
o1380;i13601;contains
o1380;i13602;contains
o1380;i13603;contains
o1381;i13604;contains
o1381;i13605;contains
o1381;i13606;contains
o1381;i13607;contains
o1381;i13608;contains
o1381;i13609;contains
o1381;i13610;contains
o1381;i13611;contains
o1381;i13612;contains
o1381;i13613;contains
o1381;i13614;contains
o1381;i13615;contains
o1381;i13616;contains
o1381;i13617;contains
o1381;i13618;contains
o1382;i13619;contains
o1382;i13620;contains
o1382;i13621;contains
o1382;i13622;contains
o1382;i13623;contains
o1382;i13624;contains
o1382;i13625;contains
o1382;i13626;contains
o1382;i13627;contains
o1382;i13628;contains
o1382;i13629;contains
o1382;i13630;contains
o1382;i13631;contains
o1382;i13632;contains
o1382;i13633;contains
o1382;i13634;contains
o1383;i13635;contains
o1383;i13636;contains
o1383;i13637;contains
o1383;i13638;contains
o1383;i13639;contains
o1383;i13640;contains
o1383;i13641;contains
o1383;i13642;contains
o1383;i13643;contains
o1383;i13644;contains
o1383;i13645;contains
o1383;i13646;contains
o1383;i13647;contains
o1383;i13648;contains
o1384;i13649;contains
o1384;i13650;contains
o1384;i13651;contains
o1384;i13652;contains
o1384;i13653;contains
o1384;i13654;contains
o1384;i13655;contains
o1384;i13656;contains
o1384;i13657;contains
o1384;i13658;contains
o1384;i13659;contains
o1384;i13660;contains
o1384;i13661;contains
o1384;i13662;contains
o1384;i13663;contains
o1384;i13664;contains
o1384;i13665;contains
o1385;i13666;contains
o1385;i13667;contains
o1385;i13668;contains
o1385;i13669;contains
o1385;i13670;contains
o1385;i13671;contains
o1385;i13672;contains
o1385;i13673;contains
o1385;i13674;contains
o1385;i13675;contains
o1385;i13676;contains
o1385;i13677;contains
o1385;i13678;contains
o1386;i13679;contains
o1386;i13680;contains
o1386;i13681;contains
o1386;i13682;contains
o1386;i13683;contains
o1386;i13684;contains
o1386;i13685;contains
o1386;i13686;contains
o1386;i13687;contains
o1386;i13688;contains
o1386;i13689;contains
o1386;i13690;contains
o1386;i13691;contains
o1386;i13692;contains
o1386;i13693;contains
o1386;i13694;contains
o1386;i13695;contains
o1386;i13696;contains
o1386;i13697;contains
o1387;i13698;contains
o1387;i13699;contains
o1387;i13700;contains
o1387;i13701;contains
o1387;i13702;contains
o1387;i13703;contains
o1387;i13704;contains
o1387;i13705;contains
o1387;i13706;contains
o1387;i13707;contains
o1387;i13708;contains
o1387;i13709;contains
o1387;i13710;contains
o1387;i13711;contains
o1387;i13712;contains
o1387;i13713;contains
o1387;i13714;contains
o1387;i13715;contains
o1387;i13716;contains
o1387;i13717;contains
o1387;i13718;contains
o1388;i13719;contains
o1388;i13720;contains
o1388;i13721;contains
o1388;i13722;contains
o1388;i13723;contains
o1388;i13724;contains
o1388;i13725;contains
o1388;i13726;contains
o1388;i13727;contains
o1388;i13728;contains
o1388;i13729;contains
o1388;i13730;contains
o1388;i13731;contains
o1388;i13732;contains
o1388;i13733;contains
o1388;i13734;contains
o1388;i13735;contains
o1388;i13736;contains
o1388;i13737;contains
o1388;i13738;contains
o1388;i13739;contains
o1389;i13740;contains
o1389;i13741;contains
o1389;i13742;contains
o1389;i13743;contains
o1389;i13744;contains
o1389;i13745;contains
o1389;i13746;contains
o1389;i13747;contains
o1389;i13748;contains
o1389;i13749;contains
o1389;i13750;contains
o1389;i13751;contains
o1389;i13752;contains
o1389;i13753;contains
o1389;i13754;contains
o1389;i13755;contains
o1389;i13756;contains
o1390;i13757;contains
o1390;i13758;contains
o1390;i13759;contains
o1390;i13760;contains
o1390;i13761;contains
o1390;i13762;contains
o1390;i13763;contains
o1390;i13764;contains
o1390;i13765;contains
o1390;i13766;contains
o1390;i13767;contains
o1390;i13768;contains
o1390;i13769;contains
o1390;i13770;contains
o1390;i13771;contains
o1390;i13772;contains
o1390;i13773;contains
o1390;i13774;contains
o1390;i13775;contains
o1391;i13776;contains
o1391;i13777;contains
o1391;i13778;contains
o1391;i13779;contains
o1391;i13780;contains
o1391;i13781;contains
o1391;i13782;contains
o1391;i13783;contains
o1391;i13784;contains
o1391;i13785;contains
o1391;i13786;contains
o1391;i13787;contains
o1391;i13788;contains
o1391;i13789;contains
o1391;i13790;contains
o1391;i13791;contains
o1392;i13792;contains
o1392;i13793;contains
o1392;i13794;contains
o1392;i13795;contains
o1392;i13796;contains
o1392;i13797;contains
o1392;i13798;contains
o1392;i13799;contains
o1392;i13800;contains
o1392;i13801;contains
o1392;i13802;contains
o1392;i13803;contains
o1393;i13804;contains
o1393;i13805;contains
o1393;i13806;contains
o1393;i13807;contains
o1393;i13808;contains
o1393;i13809;contains
o1393;i13810;contains
o1393;i13811;contains
o1393;i13812;contains
o1393;i13813;contains
o1393;i13814;contains
o1393;i13815;contains
o1393;i13816;contains
o1393;i13817;contains
o1393;i13818;contains
o1394;i13819;contains
o1394;i13820;contains
o1394;i13821;contains
o1394;i13822;contains
o1394;i13823;contains
o1394;i13824;contains
o1394;i13825;contains
o1394;i13826;contains
o1394;i13827;contains
o1394;i13828;contains
o1394;i13829;contains
o1394;i13830;contains
o1394;i13831;contains
o1394;i13832;contains
o1394;i13833;contains
o1395;i13834;contains
o1395;i13835;contains
o1395;i13836;contains
o1395;i13837;contains
o1395;i13838;contains
o1395;i13839;contains
o1395;i13840;contains
o1395;i13841;contains
o1395;i13842;contains
o1395;i13843;contains
o1395;i13844;contains
o1395;i13845;contains
o1395;i13846;contains
o1395;i13847;contains
o1395;i13848;contains
o1395;i13849;contains
o1396;i13850;contains
o1396;i13851;contains
o1396;i13852;contains
o1396;i13853;contains
o1396;i13854;contains
o1396;i13855;contains
o1396;i13856;contains
o1396;i13857;contains
o1396;i13858;contains
o1396;i13859;contains
o1396;i13860;contains
o1396;i13861;contains
o1396;i13862;contains
o1396;i13863;contains
o1396;i13864;contains
o1396;i13865;contains
o1396;i13866;contains
o1396;i13867;contains
o1396;i13868;contains
o1396;i13869;contains
o1396;i13870;contains
o1396;i13871;contains
o1397;i13872;contains
o1397;i13873;contains
o1397;i13874;contains
o1397;i13875;contains
o1397;i13876;contains
o1397;i13877;contains
o1397;i13878;contains
o1397;i13879;contains
o1397;i13880;contains
o1397;i13881;contains
o1397;i13882;contains
o1397;i13883;contains
o1397;i13884;contains
o1397;i13885;contains
o1397;i13886;contains
o1398;i13887;contains
o1398;i13888;contains
o1398;i13889;contains
o1398;i13890;contains
o1398;i13891;contains
o1398;i13892;contains
o1398;i13893;contains
o1398;i13894;contains
o1398;i13895;contains
o1398;i13896;contains
o1398;i13897;contains
o1398;i13898;contains
o1398;i13899;contains
o1398;i13900;contains
o1398;i13901;contains
o1399;i13902;contains
o1399;i13903;contains
o1399;i13904;contains
o1399;i13905;contains
o1399;i13906;contains
o1399;i13907;contains
o1399;i13908;contains
o1399;i13909;contains
o1399;i13910;contains
o1399;i13911;contains
o1399;i13912;contains
o1399;i13913;contains
o1399;i13914;contains
o1399;i13915;contains
o1399;i13916;contains
o1399;i13917;contains
o1399;i13918;contains
o1400;i13919;contains
o1400;i13920;contains
o1400;i13921;contains
o1400;i13922;contains
o1400;i13923;contains
o1400;i13924;contains
o1400;i13925;contains
o1400;i13926;contains
o1400;i13927;contains
o1400;i13928;contains
o1400;i13929;contains
o1400;i13930;contains
o1400;i13931;contains
o1400;i13932;contains
o1400;i13933;contains
o1400;i13934;contains
o1400;i13935;contains
o1400;i13936;contains
o1401;i13937;contains
o1401;i13938;contains
o1401;i13939;contains
o1401;i13940;contains
o1401;i13941;contains
o1401;i13942;contains
o1401;i13943;contains
o1401;i13944;contains
o1401;i13945;contains
o1401;i13946;contains
o1401;i13947;contains
o1401;i13948;contains
o1401;i13949;contains
o1401;i13950;contains
o1401;i13951;contains
o1401;i13952;contains
o1401;i13953;contains
o1401;i13954;contains
o1401;i13955;contains
o1401;i13956;contains
o1402;i13957;contains
o1402;i13958;contains
o1402;i13959;contains
o1402;i13960;contains
o1402;i13961;contains
o1402;i13962;contains
o1402;i13963;contains
o1402;i13964;contains
o1402;i13965;contains
o1402;i13966;contains
o1402;i13967;contains
o1403;i13968;contains
o1403;i13969;contains
o1403;i13970;contains
o1403;i13971;contains
o1403;i13972;contains
o1403;i13973;contains
o1403;i13974;contains
o1403;i13975;contains
o1403;i13976;contains
o1403;i13977;contains
o1403;i13978;contains
o1403;i13979;contains
o1403;i13980;contains
o1403;i13981;contains
o1403;i13982;contains
o1404;i13983;contains
o1404;i13984;contains
o1404;i13985;contains
o1404;i13986;contains
o1404;i13987;contains
o1404;i13988;contains
o1404;i13989;contains
o1404;i13990;contains
o1404;i13991;contains
o1404;i13992;contains
o1404;i13993;contains
o1404;i13994;contains
o1404;i13995;contains
o1404;i13996;contains
o1404;i13997;contains
o1404;i13998;contains
o1405;i13999;contains
o1405;i14000;contains
o1405;i14001;contains
o1405;i14002;contains
o1405;i14003;contains
o1405;i14004;contains
o1405;i14005;contains
o1405;i14006;contains
o1405;i14007;contains
o1405;i14008;contains
o1405;i14009;contains
o1405;i14010;contains
o1405;i14011;contains
o1406;i14012;contains
o1406;i14013;contains
o1406;i14014;contains
o1406;i14015;contains
o1406;i14016;contains
o1406;i14017;contains
o1406;i14018;contains
o1406;i14019;contains
o1406;i14020;contains
o1406;i14021;contains
o1406;i14022;contains
o1406;i14023;contains
o1406;i14024;contains
o1406;i14025;contains
o1406;i14026;contains
o1406;i14027;contains
o1406;i14028;contains
o1406;i14029;contains
o1406;i14030;contains
o1406;i14031;contains
o1407;i14032;contains
o1407;i14033;contains
o1407;i14034;contains
o1407;i14035;contains
o1407;i14036;contains
o1407;i14037;contains
o1407;i14038;contains
o1407;i14039;contains
o1407;i14040;contains
o1407;i14041;contains
o1407;i14042;contains
o1407;i14043;contains
o1407;i14044;contains
o1407;i14045;contains
o1407;i14046;contains
o1407;i14047;contains
o1408;i14048;contains
o1408;i14049;contains
o1408;i14050;contains
o1408;i14051;contains
o1408;i14052;contains
o1408;i14053;contains
o1408;i14054;contains
o1408;i14055;contains
o1408;i14056;contains
o1408;i14057;contains
o1408;i14058;contains
o1408;i14059;contains
o1408;i14060;contains
o1408;i14061;contains
o1408;i14062;contains
o1408;i14063;contains
o1409;i14064;contains
o1409;i14065;contains
o1409;i14066;contains
o1409;i14067;contains
o1409;i14068;contains
o1409;i14069;contains
o1409;i14070;contains
o1409;i14071;contains
o1409;i14072;contains
o1409;i14073;contains
o1409;i14074;contains
o1409;i14075;contains
o1409;i14076;contains
o1409;i14077;contains
o1409;i14078;contains
o1409;i14079;contains
o1409;i14080;contains
o1409;i14081;contains
o1409;i14082;contains
o1410;i14083;contains
o1410;i14084;contains
o1410;i14085;contains
o1410;i14086;contains
o1410;i14087;contains
o1410;i14088;contains
o1410;i14089;contains
o1410;i14090;contains
o1410;i14091;contains
o1410;i14092;contains
o1410;i14093;contains
o1410;i14094;contains
o1410;i14095;contains
o1410;i14096;contains
o1410;i14097;contains
o1410;i14098;contains
o1410;i14099;contains
o1410;i14100;contains
o1410;i14101;contains
o1410;i14102;contains
o1410;i14103;contains
o1410;i14104;contains
o1411;i14105;contains
o1411;i14106;contains
o1411;i14107;contains
o1411;i14108;contains
o1411;i14109;contains
o1411;i14110;contains
o1411;i14111;contains
o1411;i14112;contains
o1411;i14113;contains
o1411;i14114;contains
o1411;i14115;contains
o1411;i14116;contains
o1411;i14117;contains
o1411;i14118;contains
o1411;i14119;contains
o1411;i14120;contains
o1412;i14121;contains
o1412;i14122;contains
o1412;i14123;contains
o1412;i14124;contains
o1412;i14125;contains
o1412;i14126;contains
o1412;i14127;contains
o1412;i14128;contains
o1412;i14129;contains
o1412;i14130;contains
o1412;i14131;contains
o1412;i14132;contains
o1412;i14133;contains
o1412;i14134;contains
o1412;i14135;contains
o1412;i14136;contains
o1412;i14137;contains
o1412;i14138;contains
o1413;i14139;contains
o1413;i14140;contains
o1413;i14141;contains
o1413;i14142;contains
o1413;i14143;contains
o1413;i14144;contains
o1413;i14145;contains
o1413;i14146;contains
o1413;i14147;contains
o1413;i14148;contains
o1413;i14149;contains
o1413;i14150;contains
o1413;i14151;contains
o1413;i14152;contains
o1413;i14153;contains
o1413;i14154;contains
o1413;i14155;contains
o1413;i14156;contains
o1413;i14157;contains
o1413;i14158;contains
o1413;i14159;contains
o1413;i14160;contains
o1414;i14161;contains
o1414;i14162;contains
o1414;i14163;contains
o1414;i14164;contains
o1414;i14165;contains
o1414;i14166;contains
o1414;i14167;contains
o1414;i14168;contains
o1414;i14169;contains
o1414;i14170;contains
o1414;i14171;contains
o1414;i14172;contains
o1414;i14173;contains
o1414;i14174;contains
o1414;i14175;contains
o1414;i14176;contains
o1414;i14177;contains
o1414;i14178;contains
o1414;i14179;contains
o1414;i14180;contains
o1414;i14181;contains
o1414;i14182;contains
o1415;i14183;contains
o1415;i14184;contains
o1415;i14185;contains
o1415;i14186;contains
o1415;i14187;contains
o1415;i14188;contains
o1415;i14189;contains
o1415;i14190;contains
o1415;i14191;contains
o1415;i14192;contains
o1415;i14193;contains
o1415;i14194;contains
o1415;i14195;contains
o1415;i14196;contains
o1415;i14197;contains
o1415;i14198;contains
o1415;i14199;contains
o1415;i14200;contains
o1415;i14201;contains
o1415;i14202;contains
o1415;i14203;contains
o1415;i14204;contains
o1415;i14205;contains
o1416;i14206;contains
o1416;i14207;contains
o1416;i14208;contains
o1416;i14209;contains
o1416;i14210;contains
o1416;i14211;contains
o1416;i14212;contains
o1416;i14213;contains
o1416;i14214;contains
o1416;i14215;contains
o1416;i14216;contains
o1417;i14217;contains
o1417;i14218;contains
o1417;i14219;contains
o1417;i14220;contains
o1417;i14221;contains
o1417;i14222;contains
o1417;i14223;contains
o1417;i14224;contains
o1417;i14225;contains
o1417;i14226;contains
o1417;i14227;contains
o1417;i14228;contains
o1417;i14229;contains
o1417;i14230;contains
o1418;i14231;contains
o1418;i14232;contains
o1418;i14233;contains
o1418;i14234;contains
o1418;i14235;contains
o1418;i14236;contains
o1418;i14237;contains
o1418;i14238;contains
o1418;i14239;contains
o1418;i14240;contains
o1418;i14241;contains
o1418;i14242;contains
o1419;i14243;contains
o1419;i14244;contains
o1419;i14245;contains
o1419;i14246;contains
o1419;i14247;contains
o1419;i14248;contains
o1419;i14249;contains
o1419;i14250;contains
o1419;i14251;contains
o1419;i14252;contains
o1419;i14253;contains
o1419;i14254;contains
o1419;i14255;contains
o1419;i14256;contains
o1419;i14257;contains
o1419;i14258;contains
o1419;i14259;contains
o1419;i14260;contains
o1419;i14261;contains
o1419;i14262;contains
o1419;i14263;contains
o1419;i14264;contains
o1420;i14265;contains
o1420;i14266;contains
o1420;i14267;contains
o1420;i14268;contains
o1420;i14269;contains
o1420;i14270;contains
o1420;i14271;contains
o1420;i14272;contains
o1420;i14273;contains
o1420;i14274;contains
o1420;i14275;contains
o1420;i14276;contains
o1420;i14277;contains
o1420;i14278;contains
o1420;i14279;contains
o1420;i14280;contains
o1420;i14281;contains
o1420;i14282;contains
o1420;i14283;contains
o1420;i14284;contains
o1420;i14285;contains
o1420;i14286;contains
o1421;i14287;contains
o1421;i14288;contains
o1421;i14289;contains
o1421;i14290;contains
o1421;i14291;contains
o1421;i14292;contains
o1421;i14293;contains
o1421;i14294;contains
o1421;i14295;contains
o1421;i14296;contains
o1421;i14297;contains
o1421;i14298;contains
o1421;i14299;contains
o1421;i14300;contains
o1421;i14301;contains
o1421;i14302;contains
o1421;i14303;contains
o1421;i14304;contains
o1421;i14305;contains
o1422;i14306;contains
o1422;i14307;contains
o1422;i14308;contains
o1422;i14309;contains
o1422;i14310;contains
o1422;i14311;contains
o1422;i14312;contains
o1422;i14313;contains
o1422;i14314;contains
o1422;i14315;contains
o1422;i14316;contains
o1422;i14317;contains
o1423;i14318;contains
o1423;i14319;contains
o1423;i14320;contains
o1423;i14321;contains
o1423;i14322;contains
o1423;i14323;contains
o1423;i14324;contains
o1423;i14325;contains
o1423;i14326;contains
o1423;i14327;contains
o1423;i14328;contains
o1423;i14329;contains
o1423;i14330;contains
o1423;i14331;contains
o1423;i14332;contains
o1423;i14333;contains
o1423;i14334;contains
o1423;i14335;contains
o1424;i14336;contains
o1424;i14337;contains
o1424;i14338;contains
o1424;i14339;contains
o1424;i14340;contains
o1424;i14341;contains
o1424;i14342;contains
o1424;i14343;contains
o1424;i14344;contains
o1424;i14345;contains
o1424;i14346;contains
o1424;i14347;contains
o1425;i14348;contains
o1425;i14349;contains
o1425;i14350;contains
o1425;i14351;contains
o1425;i14352;contains
o1425;i14353;contains
o1425;i14354;contains
o1425;i14355;contains
o1425;i14356;contains
o1425;i14357;contains
o1425;i14358;contains
o1425;i14359;contains
o1425;i14360;contains
o1425;i14361;contains
o1425;i14362;contains
o1425;i14363;contains
o1425;i14364;contains
o1425;i14365;contains
o1425;i14366;contains
o1425;i14367;contains
o1425;i14368;contains
o1425;i14369;contains
o1426;i14370;contains
o1426;i14371;contains
o1426;i14372;contains
o1426;i14373;contains
o1426;i14374;contains
o1426;i14375;contains
o1426;i14376;contains
o1426;i14377;contains
o1426;i14378;contains
o1426;i14379;contains
o1427;i14380;contains
o1427;i14381;contains
o1427;i14382;contains
o1427;i14383;contains
o1427;i14384;contains
o1427;i14385;contains
o1427;i14386;contains
o1427;i14387;contains
o1427;i14388;contains
o1427;i14389;contains
o1427;i14390;contains
o1428;i14391;contains
o1428;i14392;contains
o1428;i14393;contains
o1428;i14394;contains
o1428;i14395;contains
o1428;i14396;contains
o1428;i14397;contains
o1428;i14398;contains
o1428;i14399;contains
o1428;i14400;contains
o1428;i14401;contains
o1428;i14402;contains
o1428;i14403;contains
o1428;i14404;contains
o1429;i14405;contains
o1429;i14406;contains
o1429;i14407;contains
o1429;i14408;contains
o1429;i14409;contains
o1429;i14410;contains
o1429;i14411;contains
o1429;i14412;contains
o1429;i14413;contains
o1429;i14414;contains
o1429;i14415;contains
o1429;i14416;contains
o1429;i14417;contains
o1429;i14418;contains
o1429;i14419;contains
o1429;i14420;contains
o1429;i14421;contains
o1429;i14422;contains
o1429;i14423;contains
o1430;i14424;contains
o1430;i14425;contains
o1430;i14426;contains
o1430;i14427;contains
o1430;i14428;contains
o1430;i14429;contains
o1430;i14430;contains
o1430;i14431;contains
o1430;i14432;contains
o1430;i14433;contains
o1430;i14434;contains
o1430;i14435;contains
o1430;i14436;contains
o1430;i14437;contains
o1430;i14438;contains
o1431;i14439;contains
o1431;i14440;contains
o1431;i14441;contains
o1431;i14442;contains
o1431;i14443;contains
o1431;i14444;contains
o1431;i14445;contains
o1431;i14446;contains
o1431;i14447;contains
o1431;i14448;contains
o1431;i14449;contains
o1431;i14450;contains
o1431;i14451;contains
o1431;i14452;contains
o1431;i14453;contains
o1431;i14454;contains
o1431;i14455;contains
o1431;i14456;contains
o1432;i14457;contains
o1432;i14458;contains
o1432;i14459;contains
o1432;i14460;contains
o1432;i14461;contains
o1432;i14462;contains
o1432;i14463;contains
o1432;i14464;contains
o1432;i14465;contains
o1432;i14466;contains
o1432;i14467;contains
o1432;i14468;contains
o1432;i14469;contains
o1432;i14470;contains
o1432;i14471;contains
o1432;i14472;contains
o1432;i14473;contains
o1432;i14474;contains
o1433;i14475;contains
o1433;i14476;contains
o1433;i14477;contains
o1433;i14478;contains
o1433;i14479;contains
o1433;i14480;contains
o1433;i14481;contains
o1433;i14482;contains
o1433;i14483;contains
o1433;i14484;contains
o1433;i14485;contains
o1434;i14486;contains
o1434;i14487;contains
o1434;i14488;contains
o1434;i14489;contains
o1434;i14490;contains
o1434;i14491;contains
o1434;i14492;contains
o1434;i14493;contains
o1434;i14494;contains
o1434;i14495;contains
o1434;i14496;contains
o1434;i14497;contains
o1434;i14498;contains
o1435;i14499;contains
o1435;i14500;contains
o1435;i14501;contains
o1435;i14502;contains
o1435;i14503;contains
o1435;i14504;contains
o1435;i14505;contains
o1435;i14506;contains
o1435;i14507;contains
o1435;i14508;contains
o1435;i14509;contains
o1435;i14510;contains
o1435;i14511;contains
o1436;i14512;contains
o1436;i14513;contains
o1436;i14514;contains
o1436;i14515;contains
o1436;i14516;contains
o1436;i14517;contains
o1436;i14518;contains
o1436;i14519;contains
o1436;i14520;contains
o1436;i14521;contains
o1436;i14522;contains
o1436;i14523;contains
o1436;i14524;contains
o1436;i14525;contains
o1437;i14526;contains
o1437;i14527;contains
o1437;i14528;contains
o1437;i14529;contains
o1437;i14530;contains
o1437;i14531;contains
o1437;i14532;contains
o1437;i14533;contains
o1437;i14534;contains
o1437;i14535;contains
o1437;i14536;contains
o1437;i14537;contains
o1437;i14538;contains
o1437;i14539;contains
o1437;i14540;contains
o1437;i14541;contains
o1437;i14542;contains
o1438;i14543;contains
o1438;i14544;contains
o1438;i14545;contains
o1438;i14546;contains
o1438;i14547;contains
o1438;i14548;contains
o1438;i14549;contains
o1438;i14550;contains
o1438;i14551;contains
o1438;i14552;contains
o1438;i14553;contains
o1438;i14554;contains
o1438;i14555;contains
o1438;i14556;contains
o1438;i14557;contains
o1439;i14558;contains
o1439;i14559;contains
o1439;i14560;contains
o1439;i14561;contains
o1439;i14562;contains
o1439;i14563;contains
o1439;i14564;contains
o1439;i14565;contains
o1439;i14566;contains
o1439;i14567;contains
o1439;i14568;contains
o1439;i14569;contains
o1439;i14570;contains
o1439;i14571;contains
o1439;i14572;contains
o1439;i14573;contains
o1439;i14574;contains
o1439;i14575;contains
o1439;i14576;contains
o1440;i14577;contains
o1440;i14578;contains
o1440;i14579;contains
o1440;i14580;contains
o1440;i14581;contains
o1440;i14582;contains
o1440;i14583;contains
o1440;i14584;contains
o1440;i14585;contains
o1440;i14586;contains
o1440;i14587;contains
o1440;i14588;contains
o1440;i14589;contains
o1440;i14590;contains
o1440;i14591;contains
o1440;i14592;contains
o1440;i14593;contains
o1441;i14594;contains
o1441;i14595;contains
o1441;i14596;contains
o1441;i14597;contains
o1441;i14598;contains
o1441;i14599;contains
o1441;i14600;contains
o1441;i14601;contains
o1441;i14602;contains
o1441;i14603;contains
o1441;i14604;contains
o1441;i14605;contains
o1441;i14606;contains
o1441;i14607;contains
o1441;i14608;contains
o1441;i14609;contains
o1441;i14610;contains
o1441;i14611;contains
o1441;i14612;contains
o1441;i14613;contains
o1441;i14614;contains
o1441;i14615;contains
o1442;i14616;contains
o1442;i14617;contains
o1442;i14618;contains
o1442;i14619;contains
o1442;i14620;contains
o1442;i14621;contains
o1442;i14622;contains
o1442;i14623;contains
o1442;i14624;contains
o1442;i14625;contains
o1442;i14626;contains
o1442;i14627;contains
o1442;i14628;contains
o1442;i14629;contains
o1442;i14630;contains
o1442;i14631;contains
o1442;i14632;contains
o1442;i14633;contains
o1442;i14634;contains
o1442;i14635;contains
o1442;i14636;contains
o1442;i14637;contains
o1442;i14638;contains
o1442;i14639;contains
o1443;i14640;contains
o1443;i14641;contains
o1443;i14642;contains
o1443;i14643;contains
o1443;i14644;contains
o1443;i14645;contains
o1443;i14646;contains
o1443;i14647;contains
o1443;i14648;contains
o1443;i14649;contains
o1443;i14650;contains
o1443;i14651;contains
o1443;i14652;contains
o1443;i14653;contains
o1443;i14654;contains
o1443;i14655;contains
o1443;i14656;contains
o1444;i14657;contains
o1444;i14658;contains
o1444;i14659;contains
o1444;i14660;contains
o1444;i14661;contains
o1444;i14662;contains
o1444;i14663;contains
o1444;i14664;contains
o1444;i14665;contains
o1444;i14666;contains
o1444;i14667;contains
o1444;i14668;contains
o1444;i14669;contains
o1445;i14670;contains
o1445;i14671;contains
o1445;i14672;contains
o1445;i14673;contains
o1445;i14674;contains
o1445;i14675;contains
o1445;i14676;contains
o1445;i14677;contains
o1445;i14678;contains
o1445;i14679;contains
o1445;i14680;contains
o1445;i14681;contains
o1445;i14682;contains
o1445;i14683;contains
o1445;i14684;contains
o1445;i14685;contains
o1445;i14686;contains
o1446;i14687;contains
o1446;i14688;contains
o1446;i14689;contains
o1446;i14690;contains
o1446;i14691;contains
o1446;i14692;contains
o1446;i14693;contains
o1446;i14694;contains
o1446;i14695;contains
o1446;i14696;contains
o1446;i14697;contains
o1446;i14698;contains
o1446;i14699;contains
o1446;i14700;contains
o1446;i14701;contains
o1446;i14702;contains
o1446;i14703;contains
o1446;i14704;contains
o1446;i14705;contains
o1446;i14706;contains
o1447;i14707;contains
o1447;i14708;contains
o1447;i14709;contains
o1447;i14710;contains
o1447;i14711;contains
o1447;i14712;contains
o1447;i14713;contains
o1447;i14714;contains
o1447;i14715;contains
o1447;i14716;contains
o1447;i14717;contains
o1447;i14718;contains
o1447;i14719;contains
o1447;i14720;contains
o1447;i14721;contains
o1448;i14722;contains
o1448;i14723;contains
o1448;i14724;contains
o1448;i14725;contains
o1448;i14726;contains
o1448;i14727;contains
o1448;i14728;contains
o1448;i14729;contains
o1448;i14730;contains
o1448;i14731;contains
o1448;i14732;contains
o1448;i14733;contains
o1448;i14734;contains
o1448;i14735;contains
o1448;i14736;contains
o1448;i14737;contains
o1448;i14738;contains
o1449;i14739;contains
o1449;i14740;contains
o1449;i14741;contains
o1449;i14742;contains
o1449;i14743;contains
o1449;i14744;contains
o1449;i14745;contains
o1449;i14746;contains
o1449;i14747;contains
o1449;i14748;contains
o1449;i14749;contains
o1449;i14750;contains
o1449;i14751;contains
o1449;i14752;contains
o1449;i14753;contains
o1449;i14754;contains
o1449;i14755;contains
o1450;i14756;contains
o1450;i14757;contains
o1450;i14758;contains
o1450;i14759;contains
o1450;i14760;contains
o1450;i14761;contains
o1450;i14762;contains
o1450;i14763;contains
o1450;i14764;contains
o1450;i14765;contains
o1450;i14766;contains
o1450;i14767;contains
o1450;i14768;contains
o1450;i14769;contains
o1450;i14770;contains
o1450;i14771;contains
o1450;i14772;contains
o1450;i14773;contains
o1450;i14774;contains
o1450;i14775;contains
o1451;i14776;contains
o1451;i14777;contains
o1451;i14778;contains
o1451;i14779;contains
o1451;i14780;contains
o1451;i14781;contains
o1451;i14782;contains
o1451;i14783;contains
o1451;i14784;contains
o1451;i14785;contains
o1451;i14786;contains
o1451;i14787;contains
o1451;i14788;contains
o1451;i14789;contains
o1451;i14790;contains
o1451;i14791;contains
o1451;i14792;contains
o1451;i14793;contains
o1451;i14794;contains
o1451;i14795;contains
o1451;i14796;contains
o1452;i14797;contains
o1452;i14798;contains
o1452;i14799;contains
o1452;i14800;contains
o1452;i14801;contains
o1452;i14802;contains
o1452;i14803;contains
o1452;i14804;contains
o1452;i14805;contains
o1452;i14806;contains
o1452;i14807;contains
o1452;i14808;contains
o1452;i14809;contains
o1452;i14810;contains
o1452;i14811;contains
o1452;i14812;contains
o1452;i14813;contains
o1452;i14814;contains
o1453;i14815;contains
o1453;i14816;contains
o1453;i14817;contains
o1453;i14818;contains
o1453;i14819;contains
o1453;i14820;contains
o1453;i14821;contains
o1453;i14822;contains
o1453;i14823;contains
o1453;i14824;contains
o1453;i14825;contains
o1453;i14826;contains
o1453;i14827;contains
o1453;i14828;contains
o1453;i14829;contains
o1453;i14830;contains
o1453;i14831;contains
o1453;i14832;contains
o1454;i14833;contains
o1454;i14834;contains
o1454;i14835;contains
o1454;i14836;contains
o1454;i14837;contains
o1454;i14838;contains
o1454;i14839;contains
o1454;i14840;contains
o1454;i14841;contains
o1455;i14842;contains
o1455;i14843;contains
o1455;i14844;contains
o1455;i14845;contains
o1455;i14846;contains
o1455;i14847;contains
o1455;i14848;contains
o1455;i14849;contains
o1455;i14850;contains
o1455;i14851;contains
o1456;i14852;contains
o1456;i14853;contains
o1456;i14854;contains
o1456;i14855;contains
o1456;i14856;contains
o1456;i14857;contains
o1456;i14858;contains
o1456;i14859;contains
o1456;i14860;contains
o1456;i14861;contains
o1456;i14862;contains
o1456;i14863;contains
o1456;i14864;contains
o1456;i14865;contains
o1457;i14866;contains
o1457;i14867;contains
o1457;i14868;contains
o1457;i14869;contains
o1457;i14870;contains
o1457;i14871;contains
o1457;i14872;contains
o1457;i14873;contains
o1457;i14874;contains
o1457;i14875;contains
o1457;i14876;contains
o1457;i14877;contains
o1457;i14878;contains
o1457;i14879;contains
o1458;i14880;contains
o1458;i14881;contains
o1458;i14882;contains
o1458;i14883;contains
o1458;i14884;contains
o1458;i14885;contains
o1458;i14886;contains
o1458;i14887;contains
o1458;i14888;contains
o1458;i14889;contains
o1458;i14890;contains
o1458;i14891;contains
o1458;i14892;contains
o1458;i14893;contains
o1458;i14894;contains
o1458;i14895;contains
o1458;i14896;contains
o1458;i14897;contains
o1458;i14898;contains
o1458;i14899;contains
o1459;i14900;contains
o1459;i14901;contains
o1459;i14902;contains
o1459;i14903;contains
o1459;i14904;contains
o1459;i14905;contains
o1459;i14906;contains
o1459;i14907;contains
o1459;i14908;contains
o1459;i14909;contains
o1459;i14910;contains
o1459;i14911;contains
o1459;i14912;contains
o1459;i14913;contains
o1459;i14914;contains
o1459;i14915;contains
o1459;i14916;contains
o1459;i14917;contains
o1459;i14918;contains
o1460;i14919;contains
o1460;i14920;contains
o1460;i14921;contains
o1460;i14922;contains
o1460;i14923;contains
o1460;i14924;contains
o1460;i14925;contains
o1460;i14926;contains
o1460;i14927;contains
o1460;i14928;contains
o1460;i14929;contains
o1460;i14930;contains
o1461;i14931;contains
o1461;i14932;contains
o1461;i14933;contains
o1461;i14934;contains
o1461;i14935;contains
o1461;i14936;contains
o1461;i14937;contains
o1461;i14938;contains
o1461;i14939;contains
o1461;i14940;contains
o1461;i14941;contains
o1461;i14942;contains
o1461;i14943;contains
o1461;i14944;contains
o1461;i14945;contains
o1461;i14946;contains
o1461;i14947;contains
o1462;i14948;contains
o1462;i14949;contains
o1462;i14950;contains
o1462;i14951;contains
o1462;i14952;contains
o1462;i14953;contains
o1462;i14954;contains
o1462;i14955;contains
o1462;i14956;contains
o1462;i14957;contains
o1462;i14958;contains
o1462;i14959;contains
o1463;i14960;contains
o1463;i14961;contains
o1463;i14962;contains
o1463;i14963;contains
o1463;i14964;contains
o1463;i14965;contains
o1463;i14966;contains
o1463;i14967;contains
o1463;i14968;contains
o1463;i14969;contains
o1463;i14970;contains
o1463;i14971;contains
o1463;i14972;contains
o1463;i14973;contains
o1464;i14974;contains
o1464;i14975;contains
o1464;i14976;contains
o1464;i14977;contains
o1464;i14978;contains
o1464;i14979;contains
o1464;i14980;contains
o1464;i14981;contains
o1464;i14982;contains
o1464;i14983;contains
o1464;i14984;contains
o1464;i14985;contains
o1464;i14986;contains
o1464;i14987;contains
o1465;i14988;contains
o1465;i14989;contains
o1465;i14990;contains
o1465;i14991;contains
o1465;i14992;contains
o1465;i14993;contains
o1465;i14994;contains
o1465;i14995;contains
o1465;i14996;contains
o1465;i14997;contains
o1465;i14998;contains
o1465;i14999;contains
o1465;i15000;contains
o1465;i15001;contains
o1465;i15002;contains
o1465;i15003;contains
o1465;i15004;contains
o1465;i15005;contains
o1466;i15006;contains
o1466;i15007;contains
o1466;i15008;contains
o1466;i15009;contains
o1466;i15010;contains
o1466;i15011;contains
o1466;i15012;contains
o1466;i15013;contains
o1466;i15014;contains
o1466;i15015;contains
o1466;i15016;contains
o1466;i15017;contains
o1466;i15018;contains
o1466;i15019;contains
o1467;i15020;contains
o1467;i15021;contains
o1467;i15022;contains
o1467;i15023;contains
o1467;i15024;contains
o1467;i15025;contains
o1467;i15026;contains
o1467;i15027;contains
o1467;i15028;contains
o1467;i15029;contains
o1467;i15030;contains
o1467;i15031;contains
o1467;i15032;contains
o1467;i15033;contains
o1467;i15034;contains
o1467;i15035;contains
o1468;i15036;contains
o1468;i15037;contains
o1468;i15038;contains
o1468;i15039;contains
o1468;i15040;contains
o1468;i15041;contains
o1468;i15042;contains
o1468;i15043;contains
o1468;i15044;contains
o1468;i15045;contains
o1468;i15046;contains
o1469;i15047;contains
o1469;i15048;contains
o1469;i15049;contains
o1469;i15050;contains
o1469;i15051;contains
o1469;i15052;contains
o1469;i15053;contains
o1469;i15054;contains
o1469;i15055;contains
o1469;i15056;contains
o1469;i15057;contains
o1469;i15058;contains
o1469;i15059;contains
o1469;i15060;contains
o1469;i15061;contains
o1469;i15062;contains
o1469;i15063;contains
o1469;i15064;contains
o1469;i15065;contains
o1469;i15066;contains
o1469;i15067;contains
o1470;i15068;contains
o1470;i15069;contains
o1470;i15070;contains
o1470;i15071;contains
o1470;i15072;contains
o1470;i15073;contains
o1470;i15074;contains
o1470;i15075;contains
o1470;i15076;contains
o1470;i15077;contains
o1470;i15078;contains
o1471;i15079;contains
o1471;i15080;contains
o1471;i15081;contains
o1471;i15082;contains
o1471;i15083;contains
o1471;i15084;contains
o1471;i15085;contains
o1471;i15086;contains
o1471;i15087;contains
o1471;i15088;contains
o1471;i15089;contains
o1471;i15090;contains
o1471;i15091;contains
o1471;i15092;contains
o1471;i15093;contains
o1471;i15094;contains
o1471;i15095;contains
o1471;i15096;contains
o1471;i15097;contains
o1471;i15098;contains
o1471;i15099;contains
o1471;i15100;contains
o1472;i15101;contains
o1472;i15102;contains
o1472;i15103;contains
o1472;i15104;contains
o1472;i15105;contains
o1472;i15106;contains
o1472;i15107;contains
o1472;i15108;contains
o1472;i15109;contains
o1472;i15110;contains
o1472;i15111;contains
o1472;i15112;contains
o1472;i15113;contains
o1472;i15114;contains
o1472;i15115;contains
o1473;i15116;contains
o1473;i15117;contains
o1473;i15118;contains
o1473;i15119;contains
o1473;i15120;contains
o1473;i15121;contains
o1473;i15122;contains
o1473;i15123;contains
o1473;i15124;contains
o1473;i15125;contains
o1473;i15126;contains
o1473;i15127;contains
o1473;i15128;contains
o1473;i15129;contains
o1473;i15130;contains
o1473;i15131;contains
o1473;i15132;contains
o1473;i15133;contains
o1474;i15134;contains
o1474;i15135;contains
o1474;i15136;contains
o1474;i15137;contains
o1474;i15138;contains
o1474;i15139;contains
o1474;i15140;contains
o1474;i15141;contains
o1474;i15142;contains
o1474;i15143;contains
o1474;i15144;contains
o1474;i15145;contains
o1474;i15146;contains
o1474;i15147;contains
o1474;i15148;contains
o1474;i15149;contains
o1474;i15150;contains
o1474;i15151;contains
o1474;i15152;contains
o1474;i15153;contains
o1474;i15154;contains
o1474;i15155;contains
o1475;i15156;contains
o1475;i15157;contains
o1475;i15158;contains
o1475;i15159;contains
o1475;i15160;contains
o1475;i15161;contains
o1475;i15162;contains
o1475;i15163;contains
o1475;i15164;contains
o1475;i15165;contains
o1475;i15166;contains
o1475;i15167;contains
o1475;i15168;contains
o1475;i15169;contains
o1475;i15170;contains
o1475;i15171;contains
o1475;i15172;contains
o1475;i15173;contains
o1476;i15174;contains
o1476;i15175;contains
o1476;i15176;contains
o1476;i15177;contains
o1476;i15178;contains
o1476;i15179;contains
o1476;i15180;contains
o1476;i15181;contains
o1476;i15182;contains
o1476;i15183;contains
o1476;i15184;contains
o1476;i15185;contains
o1476;i15186;contains
o1476;i15187;contains
o1476;i15188;contains
o1476;i15189;contains
o1476;i15190;contains
o1476;i15191;contains
o1476;i15192;contains
o1476;i15193;contains
o1476;i15194;contains
o1476;i15195;contains
o1476;i15196;contains
o1477;i15197;contains
o1477;i15198;contains
o1477;i15199;contains
o1477;i15200;contains
o1477;i15201;contains
o1477;i15202;contains
o1477;i15203;contains
o1477;i15204;contains
o1477;i15205;contains
o1477;i15206;contains
o1477;i15207;contains
o1477;i15208;contains
o1477;i15209;contains
o1477;i15210;contains
o1477;i15211;contains
o1477;i15212;contains
o1478;i15213;contains
o1478;i15214;contains
o1478;i15215;contains
o1478;i15216;contains
o1478;i15217;contains
o1478;i15218;contains
o1478;i15219;contains
o1478;i15220;contains
o1478;i15221;contains
o1478;i15222;contains
o1478;i15223;contains
o1478;i15224;contains
o1478;i15225;contains
o1478;i15226;contains
o1478;i15227;contains
o1479;i15228;contains
o1479;i15229;contains
o1479;i15230;contains
o1479;i15231;contains
o1479;i15232;contains
o1479;i15233;contains
o1479;i15234;contains
o1479;i15235;contains
o1479;i15236;contains
o1479;i15237;contains
o1479;i15238;contains
o1480;i15239;contains
o1480;i15240;contains
o1480;i15241;contains
o1480;i15242;contains
o1480;i15243;contains
o1480;i15244;contains
o1480;i15245;contains
o1480;i15246;contains
o1480;i15247;contains
o1480;i15248;contains
o1480;i15249;contains
o1480;i15250;contains
o1480;i15251;contains
o1480;i15252;contains
o1480;i15253;contains
o1480;i15254;contains
o1480;i15255;contains
o1480;i15256;contains
o1481;i15257;contains
o1481;i15258;contains
o1481;i15259;contains
o1481;i15260;contains
o1481;i15261;contains
o1481;i15262;contains
o1481;i15263;contains
o1481;i15264;contains
o1481;i15265;contains
o1481;i15266;contains
o1481;i15267;contains
o1481;i15268;contains
o1481;i15269;contains
o1481;i15270;contains
o1481;i15271;contains
o1481;i15272;contains
o1481;i15273;contains
o1481;i15274;contains
o1481;i15275;contains
o1481;i15276;contains
o1481;i15277;contains
o1482;i15278;contains
o1482;i15279;contains
o1482;i15280;contains
o1482;i15281;contains
o1482;i15282;contains
o1482;i15283;contains
o1482;i15284;contains
o1482;i15285;contains
o1482;i15286;contains
o1482;i15287;contains
o1482;i15288;contains
o1482;i15289;contains
o1482;i15290;contains
o1482;i15291;contains
o1482;i15292;contains
o1482;i15293;contains
o1482;i15294;contains
o1482;i15295;contains
o1482;i15296;contains
o1482;i15297;contains
o1482;i15298;contains
o1482;i15299;contains
o1482;i15300;contains
o1483;i15301;contains
o1483;i15302;contains
o1483;i15303;contains
o1483;i15304;contains
o1483;i15305;contains
o1483;i15306;contains
o1483;i15307;contains
o1483;i15308;contains
o1483;i15309;contains
o1483;i15310;contains
o1483;i15311;contains
o1483;i15312;contains
o1483;i15313;contains
o1483;i15314;contains
o1483;i15315;contains
o1483;i15316;contains
o1483;i15317;contains
o1483;i15318;contains
o1483;i15319;contains
o1483;i15320;contains
o1483;i15321;contains
o1483;i15322;contains
o1483;i15323;contains
o1483;i15324;contains
o1483;i15325;contains
o1484;i15326;contains
o1484;i15327;contains
o1484;i15328;contains
o1484;i15329;contains
o1484;i15330;contains
o1484;i15331;contains
o1484;i15332;contains
o1484;i15333;contains
o1484;i15334;contains
o1484;i15335;contains
o1484;i15336;contains
o1484;i15337;contains
o1484;i15338;contains
o1484;i15339;contains
o1485;i15340;contains
o1485;i15341;contains
o1485;i15342;contains
o1485;i15343;contains
o1485;i15344;contains
o1485;i15345;contains
o1485;i15346;contains
o1485;i15347;contains
o1485;i15348;contains
o1485;i15349;contains
o1485;i15350;contains
o1485;i15351;contains
o1485;i15352;contains
o1486;i15353;contains
o1486;i15354;contains
o1486;i15355;contains
o1486;i15356;contains
o1486;i15357;contains
o1486;i15358;contains
o1486;i15359;contains
o1486;i15360;contains
o1486;i15361;contains
o1486;i15362;contains
o1486;i15363;contains
o1486;i15364;contains
o1486;i15365;contains
o1486;i15366;contains
o1486;i15367;contains
o1487;i15368;contains
o1487;i15369;contains
o1487;i15370;contains
o1487;i15371;contains
o1487;i15372;contains
o1487;i15373;contains
o1487;i15374;contains
o1487;i15375;contains
o1487;i15376;contains
o1487;i15377;contains
o1487;i15378;contains
o1487;i15379;contains
o1487;i15380;contains
o1487;i15381;contains
o1487;i15382;contains
o1487;i15383;contains
o1487;i15384;contains
o1487;i15385;contains
o1487;i15386;contains
o1487;i15387;contains
o1488;i15388;contains
o1488;i15389;contains
o1488;i15390;contains
o1488;i15391;contains
o1488;i15392;contains
o1488;i15393;contains
o1488;i15394;contains
o1488;i15395;contains
o1488;i15396;contains
o1488;i15397;contains
o1488;i15398;contains
o1488;i15399;contains
o1488;i15400;contains
o1488;i15401;contains
o1488;i15402;contains
o1488;i15403;contains
o1488;i15404;contains
o1488;i15405;contains
o1488;i15406;contains
o1488;i15407;contains
o1488;i15408;contains
o1488;i15409;contains
o1488;i15410;contains
o1488;i15411;contains
o1488;i15412;contains
o1489;i15413;contains
o1489;i15414;contains
o1489;i15415;contains
o1489;i15416;contains
o1489;i15417;contains
o1489;i15418;contains
o1489;i15419;contains
o1489;i15420;contains
o1489;i15421;contains
o1489;i15422;contains
o1489;i15423;contains
o1489;i15424;contains
o1489;i15425;contains
o1489;i15426;contains
o1489;i15427;contains
o1489;i15428;contains
o1489;i15429;contains
o1489;i15430;contains
o1490;i15431;contains
o1490;i15432;contains
o1490;i15433;contains
o1490;i15434;contains
o1490;i15435;contains
o1490;i15436;contains
o1490;i15437;contains
o1490;i15438;contains
o1490;i15439;contains
o1491;i15440;contains
o1491;i15441;contains
o1491;i15442;contains
o1491;i15443;contains
o1491;i15444;contains
o1491;i15445;contains
o1491;i15446;contains
o1491;i15447;contains
o1491;i15448;contains
o1491;i15449;contains
o1491;i15450;contains
o1491;i15451;contains
o1491;i15452;contains
o1491;i15453;contains
o1491;i15454;contains
o1491;i15455;contains
o1491;i15456;contains
o1491;i15457;contains
o1491;i15458;contains
o1491;i15459;contains
o1491;i15460;contains
o1491;i15461;contains
o1491;i15462;contains
o1491;i15463;contains
o1491;i15464;contains
o1491;i15465;contains
o1491;i15466;contains
o1492;i15467;contains
o1492;i15468;contains
o1492;i15469;contains
o1492;i15470;contains
o1492;i15471;contains
o1492;i15472;contains
o1492;i15473;contains
o1492;i15474;contains
o1492;i15475;contains
o1492;i15476;contains
o1492;i15477;contains
o1492;i15478;contains
o1492;i15479;contains
o1492;i15480;contains
o1492;i15481;contains
o1492;i15482;contains
o1492;i15483;contains
o1492;i15484;contains
o1492;i15485;contains
o1492;i15486;contains
o1493;i15487;contains
o1493;i15488;contains
o1493;i15489;contains
o1493;i15490;contains
o1493;i15491;contains
o1493;i15492;contains
o1493;i15493;contains
o1493;i15494;contains
o1493;i15495;contains
o1493;i15496;contains
o1493;i15497;contains
o1493;i15498;contains
o1493;i15499;contains
o1493;i15500;contains
o1493;i15501;contains
o1493;i15502;contains
o1493;i15503;contains
o1493;i15504;contains
o1493;i15505;contains
o1494;i15506;contains
o1494;i15507;contains
o1494;i15508;contains
o1494;i15509;contains
o1494;i15510;contains
o1494;i15511;contains
o1494;i15512;contains
o1494;i15513;contains
o1494;i15514;contains
o1494;i15515;contains
o1494;i15516;contains
o1494;i15517;contains
o1494;i15518;contains
o1494;i15519;contains
o1494;i15520;contains
o1494;i15521;contains
o1494;i15522;contains
o1494;i15523;contains
o1494;i15524;contains
o1494;i15525;contains
o1494;i15526;contains
o1494;i15527;contains
o1494;i15528;contains
o1494;i15529;contains
o1494;i15530;contains
o1494;i15531;contains
o1494;i15532;contains
o1494;i15533;contains
o1494;i15534;contains
o1494;i15535;contains
o1495;i15536;contains
o1495;i15537;contains
o1495;i15538;contains
o1495;i15539;contains
o1495;i15540;contains
o1495;i15541;contains
o1495;i15542;contains
o1495;i15543;contains
o1495;i15544;contains
o1495;i15545;contains
o1495;i15546;contains
o1495;i15547;contains
o1495;i15548;contains
o1495;i15549;contains
o1495;i15550;contains
o1495;i15551;contains
o1495;i15552;contains
o1495;i15553;contains
o1495;i15554;contains
o1496;i15555;contains
o1496;i15556;contains
o1496;i15557;contains
o1496;i15558;contains
o1496;i15559;contains
o1496;i15560;contains
o1496;i15561;contains
o1496;i15562;contains
o1496;i15563;contains
o1496;i15564;contains
o1496;i15565;contains
o1496;i15566;contains
o1496;i15567;contains
o1496;i15568;contains
o1496;i15569;contains
o1496;i15570;contains
o1496;i15571;contains
o1496;i15572;contains
o1496;i15573;contains
o1496;i15574;contains
o1496;i15575;contains
o1496;i15576;contains
o1496;i15577;contains
o1496;i15578;contains
o1496;i15579;contains
o1496;i15580;contains
o1496;i15581;contains
o1497;i15582;contains
o1497;i15583;contains
o1497;i15584;contains
o1497;i15585;contains
o1497;i15586;contains
o1497;i15587;contains
o1497;i15588;contains
o1497;i15589;contains
o1497;i15590;contains
o1497;i15591;contains
o1497;i15592;contains
o1497;i15593;contains
o1497;i15594;contains
o1497;i15595;contains
o1497;i15596;contains
o1498;i15597;contains
o1498;i15598;contains
o1498;i15599;contains
o1498;i15600;contains
o1498;i15601;contains
o1498;i15602;contains
o1498;i15603;contains
o1498;i15604;contains
o1498;i15605;contains
o1498;i15606;contains
o1498;i15607;contains
o1498;i15608;contains
o1498;i15609;contains
o1498;i15610;contains
o1498;i15611;contains
o1498;i15612;contains
o1498;i15613;contains
o1498;i15614;contains
o1498;i15615;contains
o1499;i15616;contains
o1499;i15617;contains
o1499;i15618;contains
o1499;i15619;contains
o1499;i15620;contains
o1499;i15621;contains
o1499;i15622;contains
o1499;i15623;contains
o1499;i15624;contains
o1499;i15625;contains
o1499;i15626;contains
o1499;i15627;contains
o1499;i15628;contains
o1499;i15629;contains
o1499;i15630;contains
o1499;i15631;contains
o1499;i15632;contains
o1499;i15633;contains
o1500;i15634;contains
o1500;i15635;contains
o1500;i15636;contains
o1500;i15637;contains
o1500;i15638;contains
o1500;i15639;contains
o1500;i15640;contains
o1500;i15641;contains
o1500;i15642;contains
o1500;i15643;contains
o1500;i15644;contains
o1500;i15645;contains
o1500;i15646;contains
o1500;i15647;contains
o1500;i15648;contains
o1500;i15649;contains
o1500;i15650;contains
o1500;i15651;contains
o1501;i15652;contains
o1501;i15653;contains
o1501;i15654;contains
o1501;i15655;contains
o1501;i15656;contains
o1501;i15657;contains
o1501;i15658;contains
o1501;i15659;contains
o1501;i15660;contains
o1501;i15661;contains
o1501;i15662;contains
o1501;i15663;contains
o1501;i15664;contains
o1501;i15665;contains
o1501;i15666;contains
o1501;i15667;contains
o1501;i15668;contains
o1501;i15669;contains
o1501;i15670;contains
o1501;i15671;contains
o1502;i15672;contains
o1502;i15673;contains
o1502;i15674;contains
o1502;i15675;contains
o1502;i15676;contains
o1502;i15677;contains
o1502;i15678;contains
o1502;i15679;contains
o1502;i15680;contains
o1502;i15681;contains
o1502;i15682;contains
o1502;i15683;contains
o1502;i15684;contains
o1502;i15685;contains
o1502;i15686;contains
o1502;i15687;contains
o1502;i15688;contains
o1503;i15689;contains
o1503;i15690;contains
o1503;i15691;contains
o1503;i15692;contains
o1503;i15693;contains
o1503;i15694;contains
o1503;i15695;contains
o1503;i15696;contains
o1503;i15697;contains
o1503;i15698;contains
o1503;i15699;contains
o1503;i15700;contains
o1503;i15701;contains
o1503;i15702;contains
o1503;i15703;contains
o1503;i15704;contains
o1503;i15705;contains
o1503;i15706;contains
o1503;i15707;contains
o1503;i15708;contains
o1504;i15709;contains
o1504;i15710;contains
o1504;i15711;contains
o1504;i15712;contains
o1504;i15713;contains
o1504;i15714;contains
o1504;i15715;contains
o1504;i15716;contains
o1504;i15717;contains
o1504;i15718;contains
o1504;i15719;contains
o1504;i15720;contains
o1504;i15721;contains
o1504;i15722;contains
o1504;i15723;contains
o1504;i15724;contains
o1504;i15725;contains
o1505;i15726;contains
o1505;i15727;contains
o1505;i15728;contains
o1505;i15729;contains
o1505;i15730;contains
o1505;i15731;contains
o1505;i15732;contains
o1505;i15733;contains
o1505;i15734;contains
o1505;i15735;contains
o1505;i15736;contains
o1505;i15737;contains
o1505;i15738;contains
o1505;i15739;contains
o1505;i15740;contains
o1505;i15741;contains
o1506;i15742;contains
o1506;i15743;contains
o1506;i15744;contains
o1506;i15745;contains
o1506;i15746;contains
o1506;i15747;contains
o1506;i15748;contains
o1506;i15749;contains
o1506;i15750;contains
o1506;i15751;contains
o1506;i15752;contains
o1506;i15753;contains
o1506;i15754;contains
o1506;i15755;contains
o1506;i15756;contains
o1506;i15757;contains
o1506;i15758;contains
o1506;i15759;contains
o1506;i15760;contains
o1506;i15761;contains
o1507;i15762;contains
o1507;i15763;contains
o1507;i15764;contains
o1507;i15765;contains
o1507;i15766;contains
o1507;i15767;contains
o1507;i15768;contains
o1507;i15769;contains
o1507;i15770;contains
o1507;i15771;contains
o1507;i15772;contains
o1507;i15773;contains
o1507;i15774;contains
o1507;i15775;contains
o1507;i15776;contains
o1508;i15777;contains
o1508;i15778;contains
o1508;i15779;contains
o1508;i15780;contains
o1508;i15781;contains
o1508;i15782;contains
o1508;i15783;contains
o1508;i15784;contains
o1508;i15785;contains
o1508;i15786;contains
o1508;i15787;contains
o1508;i15788;contains
o1508;i15789;contains
o1508;i15790;contains
o1508;i15791;contains
o1508;i15792;contains
o1508;i15793;contains
o1508;i15794;contains
o1509;i15795;contains
o1509;i15796;contains
o1509;i15797;contains
o1509;i15798;contains
o1509;i15799;contains
o1509;i15800;contains
o1509;i15801;contains
o1509;i15802;contains
o1509;i15803;contains
o1509;i15804;contains
o1509;i15805;contains
o1509;i15806;contains
o1509;i15807;contains
o1509;i15808;contains
o1509;i15809;contains
o1509;i15810;contains
o1509;i15811;contains
o1509;i15812;contains
o1509;i15813;contains
o1509;i15814;contains
o1509;i15815;contains
o1509;i15816;contains
o1510;i15817;contains
o1510;i15818;contains
o1510;i15819;contains
o1510;i15820;contains
o1510;i15821;contains
o1510;i15822;contains
o1510;i15823;contains
o1510;i15824;contains
o1510;i15825;contains
o1510;i15826;contains
o1510;i15827;contains
o1510;i15828;contains
o1510;i15829;contains
o1510;i15830;contains
o1510;i15831;contains
o1510;i15832;contains
o1510;i15833;contains
o1510;i15834;contains
o1510;i15835;contains
o1510;i15836;contains
o1510;i15837;contains
o1511;i15838;contains
o1511;i15839;contains
o1511;i15840;contains
o1511;i15841;contains
o1511;i15842;contains
o1511;i15843;contains
o1511;i15844;contains
o1511;i15845;contains
o1511;i15846;contains
o1511;i15847;contains
o1511;i15848;contains
o1511;i15849;contains
o1511;i15850;contains
o1511;i15851;contains
o1511;i15852;contains
o1511;i15853;contains
o1511;i15854;contains
o1511;i15855;contains
o1511;i15856;contains
o1511;i15857;contains
o1511;i15858;contains
o1511;i15859;contains
o1512;i15860;contains
o1512;i15861;contains
o1512;i15862;contains
o1512;i15863;contains
o1512;i15864;contains
o1512;i15865;contains
o1512;i15866;contains
o1512;i15867;contains
o1512;i15868;contains
o1512;i15869;contains
o1512;i15870;contains
o1512;i15871;contains
o1513;i15872;contains
o1513;i15873;contains
o1513;i15874;contains
o1513;i15875;contains
o1513;i15876;contains
o1513;i15877;contains
o1513;i15878;contains
o1513;i15879;contains
o1513;i15880;contains
o1513;i15881;contains
o1513;i15882;contains
o1513;i15883;contains
o1513;i15884;contains
o1513;i15885;contains
o1513;i15886;contains
o1513;i15887;contains
o1513;i15888;contains
o1513;i15889;contains
o1513;i15890;contains
o1513;i15891;contains
o1513;i15892;contains
o1513;i15893;contains
o1513;i15894;contains
o1513;i15895;contains
o1513;i15896;contains
o1514;i15897;contains
o1514;i15898;contains
o1514;i15899;contains
o1514;i15900;contains
o1514;i15901;contains
o1514;i15902;contains
o1514;i15903;contains
o1514;i15904;contains
o1514;i15905;contains
o1514;i15906;contains
o1514;i15907;contains
o1514;i15908;contains
o1514;i15909;contains
o1514;i15910;contains
o1514;i15911;contains
o1514;i15912;contains
o1514;i15913;contains
o1514;i15914;contains
o1514;i15915;contains
o1514;i15916;contains
o1515;i15917;contains
o1515;i15918;contains
o1515;i15919;contains
o1515;i15920;contains
o1515;i15921;contains
o1515;i15922;contains
o1515;i15923;contains
o1515;i15924;contains
o1515;i15925;contains
o1515;i15926;contains
o1515;i15927;contains
o1515;i15928;contains
o1515;i15929;contains
o1515;i15930;contains
o1515;i15931;contains
o1516;i15932;contains
o1516;i15933;contains
o1516;i15934;contains
o1516;i15935;contains
o1516;i15936;contains
o1516;i15937;contains
o1516;i15938;contains
o1516;i15939;contains
o1516;i15940;contains
o1516;i15941;contains
o1516;i15942;contains
o1516;i15943;contains
o1516;i15944;contains
o1516;i15945;contains
o1517;i15946;contains
o1517;i15947;contains
o1517;i15948;contains
o1517;i15949;contains
o1517;i15950;contains
o1517;i15951;contains
o1517;i15952;contains
o1517;i15953;contains
o1517;i15954;contains
o1517;i15955;contains
o1517;i15956;contains
o1517;i15957;contains
o1517;i15958;contains
o1517;i15959;contains
o1518;i15960;contains
o1518;i15961;contains
o1518;i15962;contains
o1518;i15963;contains
o1518;i15964;contains
o1518;i15965;contains
o1518;i15966;contains
o1518;i15967;contains
o1518;i15968;contains
o1518;i15969;contains
o1518;i15970;contains
o1518;i15971;contains
o1518;i15972;contains
o1518;i15973;contains
o1518;i15974;contains
o1518;i15975;contains
o1518;i15976;contains
o1518;i15977;contains
o1518;i15978;contains
o1518;i15979;contains
o1518;i15980;contains
o1518;i15981;contains
o1519;i15982;contains
o1519;i15983;contains
o1519;i15984;contains
o1519;i15985;contains
o1519;i15986;contains
o1519;i15987;contains
o1519;i15988;contains
o1519;i15989;contains
o1519;i15990;contains
o1519;i15991;contains
o1519;i15992;contains
o1519;i15993;contains
o1519;i15994;contains
o1519;i15995;contains
o1519;i15996;contains
o1519;i15997;contains
o1519;i15998;contains
o1519;i15999;contains
o1519;i16000;contains
o1519;i16001;contains
o1520;i16002;contains
o1520;i16003;contains
o1520;i16004;contains
o1520;i16005;contains
o1520;i16006;contains
o1520;i16007;contains
o1520;i16008;contains
o1520;i16009;contains
o1520;i16010;contains
o1520;i16011;contains
o1520;i16012;contains
o1520;i16013;contains
o1520;i16014;contains
o1520;i16015;contains
o1520;i16016;contains
o1520;i16017;contains
o1520;i16018;contains
o1520;i16019;contains
o1520;i16020;contains
o1520;i16021;contains
o1520;i16022;contains
o1520;i16023;contains
o1520;i16024;contains
o1520;i16025;contains
o1520;i16026;contains
o1520;i16027;contains
o1521;i16028;contains
o1521;i16029;contains
o1521;i16030;contains
o1521;i16031;contains
o1521;i16032;contains
o1521;i16033;contains
o1521;i16034;contains
o1521;i16035;contains
o1521;i16036;contains
o1521;i16037;contains
o1521;i16038;contains
o1521;i16039;contains
o1521;i16040;contains
o1521;i16041;contains
o1521;i16042;contains
o1521;i16043;contains
o1521;i16044;contains
o1521;i16045;contains
o1521;i16046;contains
o1522;i16047;contains
o1522;i16048;contains
o1522;i16049;contains
o1522;i16050;contains
o1522;i16051;contains
o1522;i16052;contains
o1522;i16053;contains
o1522;i16054;contains
o1522;i16055;contains
o1522;i16056;contains
o1522;i16057;contains
o1522;i16058;contains
o1522;i16059;contains
o1522;i16060;contains
o1522;i16061;contains
o1522;i16062;contains
o1522;i16063;contains
o1522;i16064;contains
o1522;i16065;contains
o1522;i16066;contains
o1522;i16067;contains
o1522;i16068;contains
o1522;i16069;contains
o1523;i16070;contains
o1523;i16071;contains
o1523;i16072;contains
o1523;i16073;contains
o1523;i16074;contains
o1523;i16075;contains
o1523;i16076;contains
o1523;i16077;contains
o1523;i16078;contains
o1523;i16079;contains
o1523;i16080;contains
o1523;i16081;contains
o1523;i16082;contains
o1523;i16083;contains
o1523;i16084;contains
o1523;i16085;contains
o1523;i16086;contains
o1523;i16087;contains
o1523;i16088;contains
o1523;i16089;contains
o1523;i16090;contains
o1524;i16091;contains
o1524;i16092;contains
o1524;i16093;contains
o1524;i16094;contains
o1524;i16095;contains
o1524;i16096;contains
o1524;i16097;contains
o1524;i16098;contains
o1524;i16099;contains
o1524;i16100;contains
o1524;i16101;contains
o1524;i16102;contains
o1524;i16103;contains
o1524;i16104;contains
o1524;i16105;contains
o1524;i16106;contains
o1524;i16107;contains
o1525;i16108;contains
o1525;i16109;contains
o1525;i16110;contains
o1525;i16111;contains
o1525;i16112;contains
o1525;i16113;contains
o1525;i16114;contains
o1525;i16115;contains
o1525;i16116;contains
o1525;i16117;contains
o1525;i16118;contains
o1525;i16119;contains
o1525;i16120;contains
o1525;i16121;contains
o1525;i16122;contains
o1526;i16123;contains
o1526;i16124;contains
o1526;i16125;contains
o1526;i16126;contains
o1526;i16127;contains
o1526;i16128;contains
o1526;i16129;contains
o1526;i16130;contains
o1526;i16131;contains
o1526;i16132;contains
o1526;i16133;contains
o1526;i16134;contains
o1526;i16135;contains
o1526;i16136;contains
o1526;i16137;contains
o1527;i16138;contains
o1527;i16139;contains
o1527;i16140;contains
o1527;i16141;contains
o1527;i16142;contains
o1527;i16143;contains
o1527;i16144;contains
o1527;i16145;contains
o1527;i16146;contains
o1527;i16147;contains
o1527;i16148;contains
o1527;i16149;contains
o1527;i16150;contains
o1527;i16151;contains
o1527;i16152;contains
o1527;i16153;contains
o1527;i16154;contains
o1527;i16155;contains
o1527;i16156;contains
o1527;i16157;contains
o1528;i16158;contains
o1528;i16159;contains
o1528;i16160;contains
o1528;i16161;contains
o1528;i16162;contains
o1528;i16163;contains
o1528;i16164;contains
o1528;i16165;contains
o1528;i16166;contains
o1528;i16167;contains
o1528;i16168;contains
o1528;i16169;contains
o1528;i16170;contains
o1528;i16171;contains
o1528;i16172;contains
o1528;i16173;contains
o1528;i16174;contains
o1528;i16175;contains
o1528;i16176;contains
o1528;i16177;contains
o1528;i16178;contains
o1528;i16179;contains
o1528;i16180;contains
o1528;i16181;contains
o1529;i16182;contains
o1529;i16183;contains
o1529;i16184;contains
o1529;i16185;contains
o1529;i16186;contains
o1529;i16187;contains
o1529;i16188;contains
o1529;i16189;contains
o1529;i16190;contains
o1529;i16191;contains
o1529;i16192;contains
o1529;i16193;contains
o1529;i16194;contains
o1529;i16195;contains
o1529;i16196;contains
o1529;i16197;contains
o1529;i16198;contains
o1530;i16199;contains
o1530;i16200;contains
o1530;i16201;contains
o1530;i16202;contains
o1530;i16203;contains
o1530;i16204;contains
o1530;i16205;contains
o1530;i16206;contains
o1530;i16207;contains
o1530;i16208;contains
o1530;i16209;contains
o1530;i16210;contains
o1530;i16211;contains
o1530;i16212;contains
o1530;i16213;contains
o1530;i16214;contains
o1530;i16215;contains
o1530;i16216;contains
o1530;i16217;contains
o1530;i16218;contains
o1530;i16219;contains
o1530;i16220;contains
o1530;i16221;contains
o1530;i16222;contains
o1530;i16223;contains
o1530;i16224;contains
o1530;i16225;contains
o1530;i16226;contains
o1530;i16227;contains
o1530;i16228;contains
o1530;i16229;contains
o1531;i16230;contains
o1531;i16231;contains
o1531;i16232;contains
o1531;i16233;contains
o1531;i16234;contains
o1531;i16235;contains
o1531;i16236;contains
o1531;i16237;contains
o1531;i16238;contains
o1531;i16239;contains
o1531;i16240;contains
o1531;i16241;contains
o1531;i16242;contains
o1532;i16243;contains
o1532;i16244;contains
o1532;i16245;contains
o1532;i16246;contains
o1532;i16247;contains
o1532;i16248;contains
o1532;i16249;contains
o1532;i16250;contains
o1532;i16251;contains
o1532;i16252;contains
o1532;i16253;contains
o1532;i16254;contains
o1532;i16255;contains
o1532;i16256;contains
o1532;i16257;contains
o1532;i16258;contains
o1532;i16259;contains
o1532;i16260;contains
o1532;i16261;contains
o1533;i16262;contains
o1533;i16263;contains
o1533;i16264;contains
o1533;i16265;contains
o1533;i16266;contains
o1533;i16267;contains
o1533;i16268;contains
o1533;i16269;contains
o1533;i16270;contains
o1533;i16271;contains
o1533;i16272;contains
o1533;i16273;contains
o1533;i16274;contains
o1533;i16275;contains
o1533;i16276;contains
o1533;i16277;contains
o1533;i16278;contains
o1533;i16279;contains
o1533;i16280;contains
o1533;i16281;contains
o1533;i16282;contains
o1533;i16283;contains
o1534;i16284;contains
o1534;i16285;contains
o1534;i16286;contains
o1534;i16287;contains
o1534;i16288;contains
o1534;i16289;contains
o1534;i16290;contains
o1534;i16291;contains
o1534;i16292;contains
o1534;i16293;contains
o1534;i16294;contains
o1534;i16295;contains
o1534;i16296;contains
o1534;i16297;contains
o1534;i16298;contains
o1534;i16299;contains
o1534;i16300;contains
o1534;i16301;contains
o1534;i16302;contains
o1534;i16303;contains
o1535;i16304;contains
o1535;i16305;contains
o1535;i16306;contains
o1535;i16307;contains
o1535;i16308;contains
o1535;i16309;contains
o1535;i16310;contains
o1535;i16311;contains
o1535;i16312;contains
o1535;i16313;contains
o1535;i16314;contains
o1535;i16315;contains
o1535;i16316;contains
o1535;i16317;contains
o1535;i16318;contains
o1535;i16319;contains
o1535;i16320;contains
o1536;i16321;contains
o1536;i16322;contains
o1536;i16323;contains
o1536;i16324;contains
o1536;i16325;contains
o1536;i16326;contains
o1536;i16327;contains
o1536;i16328;contains
o1536;i16329;contains
o1536;i16330;contains
o1536;i16331;contains
o1536;i16332;contains
o1536;i16333;contains
o1536;i16334;contains
o1536;i16335;contains
o1536;i16336;contains
o1536;i16337;contains
o1536;i16338;contains
o1537;i16339;contains
o1537;i16340;contains
o1537;i16341;contains
o1537;i16342;contains
o1537;i16343;contains
o1537;i16344;contains
o1537;i16345;contains
o1537;i16346;contains
o1537;i16347;contains
o1537;i16348;contains
o1537;i16349;contains
o1537;i16350;contains
o1537;i16351;contains
o1537;i16352;contains
o1537;i16353;contains
o1537;i16354;contains
o1537;i16355;contains
o1538;i16356;contains
o1538;i16357;contains
o1538;i16358;contains
o1538;i16359;contains
o1538;i16360;contains
o1538;i16361;contains
o1538;i16362;contains
o1538;i16363;contains
o1538;i16364;contains
o1538;i16365;contains
o1538;i16366;contains
o1538;i16367;contains
o1538;i16368;contains
o1538;i16369;contains
o1538;i16370;contains
o1538;i16371;contains
o1538;i16372;contains
o1538;i16373;contains
o1538;i16374;contains
o1538;i16375;contains
o1539;i16376;contains
o1539;i16377;contains
o1539;i16378;contains
o1539;i16379;contains
o1539;i16380;contains
o1539;i16381;contains
o1539;i16382;contains
o1539;i16383;contains
o1539;i16384;contains
o1539;i16385;contains
o1539;i16386;contains
o1539;i16387;contains
o1539;i16388;contains
o1539;i16389;contains
o1540;i16390;contains
o1540;i16391;contains
o1540;i16392;contains
o1540;i16393;contains
o1540;i16394;contains
o1540;i16395;contains
o1540;i16396;contains
o1540;i16397;contains
o1540;i16398;contains
o1540;i16399;contains
o1540;i16400;contains
o1540;i16401;contains
o1540;i16402;contains
o1540;i16403;contains
o1540;i16404;contains
o1540;i16405;contains
o1540;i16406;contains
o1541;i16407;contains
o1541;i16408;contains
o1541;i16409;contains
o1541;i16410;contains
o1541;i16411;contains
o1541;i16412;contains
o1541;i16413;contains
o1541;i16414;contains
o1541;i16415;contains
o1541;i16416;contains
o1541;i16417;contains
o1541;i16418;contains
o1541;i16419;contains
o1541;i16420;contains
o1541;i16421;contains
o1541;i16422;contains
o1541;i16423;contains
o1541;i16424;contains
o1541;i16425;contains
o1541;i16426;contains
o1541;i16427;contains
o1542;i16428;contains
o1542;i16429;contains
o1542;i16430;contains
o1542;i16431;contains
o1542;i16432;contains
o1542;i16433;contains
o1542;i16434;contains
o1542;i16435;contains
o1542;i16436;contains
o1542;i16437;contains
o1542;i16438;contains
o1542;i16439;contains
o1542;i16440;contains
o1542;i16441;contains
o1542;i16442;contains
o1543;i16443;contains
o1543;i16444;contains
o1543;i16445;contains
o1543;i16446;contains
o1543;i16447;contains
o1543;i16448;contains
o1543;i16449;contains
o1543;i16450;contains
o1543;i16451;contains
o1543;i16452;contains
o1543;i16453;contains
o1543;i16454;contains
o1543;i16455;contains
o1543;i16456;contains
o1543;i16457;contains
o1543;i16458;contains
o1543;i16459;contains
o1544;i16460;contains
o1544;i16461;contains
o1544;i16462;contains
o1544;i16463;contains
o1544;i16464;contains
o1544;i16465;contains
o1544;i16466;contains
o1544;i16467;contains
o1544;i16468;contains
o1544;i16469;contains
o1544;i16470;contains
o1544;i16471;contains
o1544;i16472;contains
o1544;i16473;contains
o1544;i16474;contains
o1544;i16475;contains
o1545;i16476;contains
o1545;i16477;contains
o1545;i16478;contains
o1545;i16479;contains
o1545;i16480;contains
o1545;i16481;contains
o1545;i16482;contains
o1545;i16483;contains
o1545;i16484;contains
o1545;i16485;contains
o1545;i16486;contains
o1545;i16487;contains
o1545;i16488;contains
o1545;i16489;contains
o1545;i16490;contains
o1545;i16491;contains
o1545;i16492;contains
o1545;i16493;contains
o1546;i16494;contains
o1546;i16495;contains
o1546;i16496;contains
o1546;i16497;contains
o1546;i16498;contains
o1546;i16499;contains
o1546;i16500;contains
o1546;i16501;contains
o1546;i16502;contains
o1546;i16503;contains
o1546;i16504;contains
o1546;i16505;contains
o1546;i16506;contains
o1546;i16507;contains
o1546;i16508;contains
o1546;i16509;contains
o1546;i16510;contains
o1546;i16511;contains
o1547;i16512;contains
o1547;i16513;contains
o1547;i16514;contains
o1547;i16515;contains
o1547;i16516;contains
o1547;i16517;contains
o1547;i16518;contains
o1547;i16519;contains
o1547;i16520;contains
o1547;i16521;contains
o1547;i16522;contains
o1547;i16523;contains
o1548;i16524;contains
o1548;i16525;contains
o1548;i16526;contains
o1548;i16527;contains
o1548;i16528;contains
o1548;i16529;contains
o1548;i16530;contains
o1548;i16531;contains
o1548;i16532;contains
o1548;i16533;contains
o1548;i16534;contains
o1548;i16535;contains
o1548;i16536;contains
o1549;i16537;contains
o1549;i16538;contains
o1549;i16539;contains
o1549;i16540;contains
o1549;i16541;contains
o1549;i16542;contains
o1549;i16543;contains
o1549;i16544;contains
o1549;i16545;contains
o1549;i16546;contains
o1549;i16547;contains
o1549;i16548;contains
o1549;i16549;contains
o1549;i16550;contains
o1549;i16551;contains
o1549;i16552;contains
o1550;i16553;contains
o1550;i16554;contains
o1550;i16555;contains
o1550;i16556;contains
o1550;i16557;contains
o1550;i16558;contains
o1550;i16559;contains
o1550;i16560;contains
o1550;i16561;contains
o1550;i16562;contains
o1550;i16563;contains
o1550;i16564;contains
o1550;i16565;contains
o1551;i16566;contains
o1551;i16567;contains
o1551;i16568;contains
o1551;i16569;contains
o1551;i16570;contains
o1551;i16571;contains
o1551;i16572;contains
o1551;i16573;contains
o1551;i16574;contains
o1551;i16575;contains
o1551;i16576;contains
o1551;i16577;contains
o1551;i16578;contains
o1551;i16579;contains
o1552;i16580;contains
o1552;i16581;contains
o1552;i16582;contains
o1552;i16583;contains
o1552;i16584;contains
o1552;i16585;contains
o1552;i16586;contains
o1552;i16587;contains
o1552;i16588;contains
o1552;i16589;contains
o1552;i16590;contains
o1552;i16591;contains
o1552;i16592;contains
o1552;i16593;contains
o1552;i16594;contains
o1552;i16595;contains
o1552;i16596;contains
o1552;i16597;contains
o1552;i16598;contains
o1552;i16599;contains
o1553;i16600;contains
o1553;i16601;contains
o1553;i16602;contains
o1553;i16603;contains
o1553;i16604;contains
o1553;i16605;contains
o1553;i16606;contains
o1553;i16607;contains
o1553;i16608;contains
o1553;i16609;contains
o1553;i16610;contains
o1553;i16611;contains
o1553;i16612;contains
o1553;i16613;contains
o1553;i16614;contains
o1553;i16615;contains
o1553;i16616;contains
o1554;i16617;contains
o1554;i16618;contains
o1554;i16619;contains
o1554;i16620;contains
o1554;i16621;contains
o1554;i16622;contains
o1554;i16623;contains
o1554;i16624;contains
o1554;i16625;contains
o1554;i16626;contains
o1554;i16627;contains
o1554;i16628;contains
o1554;i16629;contains
o1554;i16630;contains
o1554;i16631;contains
o1554;i16632;contains
o1554;i16633;contains
o1554;i16634;contains
o1554;i16635;contains
o1555;i16636;contains
o1555;i16637;contains
o1555;i16638;contains
o1555;i16639;contains
o1555;i16640;contains
o1555;i16641;contains
o1555;i16642;contains
o1555;i16643;contains
o1555;i16644;contains
o1555;i16645;contains
o1555;i16646;contains
o1555;i16647;contains
o1555;i16648;contains
o1555;i16649;contains
o1555;i16650;contains
o1555;i16651;contains
o1556;i16652;contains
o1556;i16653;contains
o1556;i16654;contains
o1556;i16655;contains
o1556;i16656;contains
o1556;i16657;contains
o1556;i16658;contains
o1556;i16659;contains
o1556;i16660;contains
o1556;i16661;contains
o1556;i16662;contains
o1556;i16663;contains
o1556;i16664;contains
o1556;i16665;contains
o1556;i16666;contains
o1556;i16667;contains
o1556;i16668;contains
o1556;i16669;contains
o1556;i16670;contains
o1556;i16671;contains
o1556;i16672;contains
o1556;i16673;contains
o1556;i16674;contains
o1557;i16675;contains
o1557;i16676;contains
o1557;i16677;contains
o1557;i16678;contains
o1557;i16679;contains
o1557;i16680;contains
o1557;i16681;contains
o1557;i16682;contains
o1557;i16683;contains
o1557;i16684;contains
o1557;i16685;contains
o1557;i16686;contains
o1557;i16687;contains
o1557;i16688;contains
o1557;i16689;contains
o1558;i16690;contains
o1558;i16691;contains
o1558;i16692;contains
o1558;i16693;contains
o1558;i16694;contains
o1558;i16695;contains
o1558;i16696;contains
o1558;i16697;contains
o1558;i16698;contains
o1558;i16699;contains
o1558;i16700;contains
o1558;i16701;contains
o1559;i16702;contains
o1559;i16703;contains
o1559;i16704;contains
o1559;i16705;contains
o1559;i16706;contains
o1559;i16707;contains
o1559;i16708;contains
o1559;i16709;contains
o1559;i16710;contains
o1559;i16711;contains
o1559;i16712;contains
o1559;i16713;contains
o1559;i16714;contains
o1559;i16715;contains
o1559;i16716;contains
o1560;i16717;contains
o1560;i16718;contains
o1560;i16719;contains
o1560;i16720;contains
o1560;i16721;contains
o1560;i16722;contains
o1560;i16723;contains
o1560;i16724;contains
o1560;i16725;contains
o1560;i16726;contains
o1560;i16727;contains
o1560;i16728;contains
o1560;i16729;contains
o1560;i16730;contains
o1560;i16731;contains
o1560;i16732;contains
o1560;i16733;contains
o1560;i16734;contains
o1561;i16735;contains
o1561;i16736;contains
o1561;i16737;contains
o1561;i16738;contains
o1561;i16739;contains
o1561;i16740;contains
o1561;i16741;contains
o1561;i16742;contains
o1561;i16743;contains
o1561;i16744;contains
o1561;i16745;contains
o1562;i16746;contains
o1562;i16747;contains
o1562;i16748;contains
o1562;i16749;contains
o1562;i16750;contains
o1562;i16751;contains
o1562;i16752;contains
o1562;i16753;contains
o1562;i16754;contains
o1562;i16755;contains
o1562;i16756;contains
o1562;i16757;contains
o1562;i16758;contains
o1562;i16759;contains
o1562;i16760;contains
o1562;i16761;contains
o1563;i16762;contains
o1563;i16763;contains
o1563;i16764;contains
o1563;i16765;contains
o1563;i16766;contains
o1563;i16767;contains
o1563;i16768;contains
o1563;i16769;contains
o1563;i16770;contains
o1563;i16771;contains
o1563;i16772;contains
o1563;i16773;contains
o1563;i16774;contains
o1563;i16775;contains
o1563;i16776;contains
o1563;i16777;contains
o1563;i16778;contains
o1563;i16779;contains
o1563;i16780;contains
o1563;i16781;contains
o1564;i16782;contains
o1564;i16783;contains
o1564;i16784;contains
o1564;i16785;contains
o1564;i16786;contains
o1564;i16787;contains
o1564;i16788;contains
o1564;i16789;contains
o1564;i16790;contains
o1564;i16791;contains
o1564;i16792;contains
o1564;i16793;contains
o1564;i16794;contains
o1564;i16795;contains
o1564;i16796;contains
o1565;i16797;contains
o1565;i16798;contains
o1565;i16799;contains
o1565;i16800;contains
o1565;i16801;contains
o1565;i16802;contains
o1565;i16803;contains
o1565;i16804;contains
o1565;i16805;contains
o1565;i16806;contains
o1565;i16807;contains
o1565;i16808;contains
o1565;i16809;contains
o1565;i16810;contains
o1565;i16811;contains
o1566;i16812;contains
o1566;i16813;contains
o1566;i16814;contains
o1566;i16815;contains
o1566;i16816;contains
o1566;i16817;contains
o1566;i16818;contains
o1566;i16819;contains
o1566;i16820;contains
o1566;i16821;contains
o1566;i16822;contains
o1566;i16823;contains
o1566;i16824;contains
o1566;i16825;contains
o1566;i16826;contains
o1566;i16827;contains
o1566;i16828;contains
o1566;i16829;contains
o1566;i16830;contains
o1566;i16831;contains
o1567;i16832;contains
o1567;i16833;contains
o1567;i16834;contains
o1567;i16835;contains
o1567;i16836;contains
o1567;i16837;contains
o1567;i16838;contains
o1567;i16839;contains
o1567;i16840;contains
o1567;i16841;contains
o1567;i16842;contains
o1567;i16843;contains
o1567;i16844;contains
o1567;i16845;contains
o1567;i16846;contains
o1567;i16847;contains
o1567;i16848;contains
o1567;i16849;contains
o1567;i16850;contains
o1567;i16851;contains
o1567;i16852;contains
o1567;i16853;contains
o1568;i16854;contains
o1568;i16855;contains
o1568;i16856;contains
o1568;i16857;contains
o1568;i16858;contains
o1568;i16859;contains
o1568;i16860;contains
o1568;i16861;contains
o1568;i16862;contains
o1568;i16863;contains
o1568;i16864;contains
o1568;i16865;contains
o1568;i16866;contains
o1568;i16867;contains
o1568;i16868;contains
o1568;i16869;contains
o1568;i16870;contains
o1568;i16871;contains
o1569;i16872;contains
o1569;i16873;contains
o1569;i16874;contains
o1569;i16875;contains
o1569;i16876;contains
o1569;i16877;contains
o1569;i16878;contains
o1569;i16879;contains
o1569;i16880;contains
o1569;i16881;contains
o1569;i16882;contains
o1569;i16883;contains
o1569;i16884;contains
o1569;i16885;contains
o1569;i16886;contains
o1569;i16887;contains
o1569;i16888;contains
o1569;i16889;contains
o1569;i16890;contains
o1569;i16891;contains
o1569;i16892;contains
o1569;i16893;contains
o1569;i16894;contains
o1569;i16895;contains
o1569;i16896;contains
o1570;i16897;contains
o1570;i16898;contains
o1570;i16899;contains
o1570;i16900;contains
o1570;i16901;contains
o1570;i16902;contains
o1570;i16903;contains
o1570;i16904;contains
o1570;i16905;contains
o1570;i16906;contains
o1570;i16907;contains
o1570;i16908;contains
o1570;i16909;contains
o1570;i16910;contains
o1570;i16911;contains
o1570;i16912;contains
o1571;i16913;contains
o1571;i16914;contains
o1571;i16915;contains
o1571;i16916;contains
o1571;i16917;contains
o1571;i16918;contains
o1571;i16919;contains
o1571;i16920;contains
o1571;i16921;contains
o1571;i16922;contains
o1571;i16923;contains
o1571;i16924;contains
o1571;i16925;contains
o1571;i16926;contains
o1571;i16927;contains
o1571;i16928;contains
o1571;i16929;contains
o1571;i16930;contains
o1571;i16931;contains
o1571;i16932;contains
o1571;i16933;contains
o1571;i16934;contains
o1571;i16935;contains
o1572;i16936;contains
o1572;i16937;contains
o1572;i16938;contains
o1572;i16939;contains
o1572;i16940;contains
o1572;i16941;contains
o1572;i16942;contains
o1572;i16943;contains
o1573;i16944;contains
o1573;i16945;contains
o1573;i16946;contains
o1573;i16947;contains
o1573;i16948;contains
o1573;i16949;contains
o1573;i16950;contains
o1573;i16951;contains
o1573;i16952;contains
o1573;i16953;contains
o1573;i16954;contains
o1573;i16955;contains
o1573;i16956;contains
o1573;i16957;contains
o1573;i16958;contains
o1573;i16959;contains
o1573;i16960;contains
o1573;i16961;contains
o1573;i16962;contains
o1573;i16963;contains
o1573;i16964;contains
o1573;i16965;contains
o1573;i16966;contains
o1574;i16967;contains
o1574;i16968;contains
o1574;i16969;contains
o1574;i16970;contains
o1574;i16971;contains
o1574;i16972;contains
o1574;i16973;contains
o1574;i16974;contains
o1574;i16975;contains
o1574;i16976;contains
o1574;i16977;contains
o1574;i16978;contains
o1574;i16979;contains
o1574;i16980;contains
o1575;i16981;contains
o1575;i16982;contains
o1575;i16983;contains
o1575;i16984;contains
o1575;i16985;contains
o1575;i16986;contains
o1575;i16987;contains
o1575;i16988;contains
o1575;i16989;contains
o1575;i16990;contains
o1575;i16991;contains
o1575;i16992;contains
o1575;i16993;contains
o1575;i16994;contains
o1575;i16995;contains
o1575;i16996;contains
o1575;i16997;contains
o1576;i16998;contains
o1576;i16999;contains
o1576;i17000;contains
o1576;i17001;contains
o1576;i17002;contains
o1576;i17003;contains
o1576;i17004;contains
o1576;i17005;contains
o1576;i17006;contains
o1576;i17007;contains
o1576;i17008;contains
o1576;i17009;contains
o1576;i17010;contains
o1576;i17011;contains
o1576;i17012;contains
o1576;i17013;contains
o1577;i17014;contains
o1577;i17015;contains
o1577;i17016;contains
o1577;i17017;contains
o1577;i17018;contains
o1577;i17019;contains
o1577;i17020;contains
o1577;i17021;contains
o1577;i17022;contains
o1577;i17023;contains
o1577;i17024;contains
o1577;i17025;contains
o1577;i17026;contains
o1577;i17027;contains
o1577;i17028;contains
o1577;i17029;contains
o1577;i17030;contains
o1577;i17031;contains
o1577;i17032;contains
o1577;i17033;contains
o1577;i17034;contains
o1577;i17035;contains
o1577;i17036;contains
o1577;i17037;contains
o1577;i17038;contains
o1577;i17039;contains
o1577;i17040;contains
o1577;i17041;contains
o1578;i17042;contains
o1578;i17043;contains
o1578;i17044;contains
o1578;i17045;contains
o1578;i17046;contains
o1578;i17047;contains
o1578;i17048;contains
o1578;i17049;contains
o1578;i17050;contains
o1578;i17051;contains
o1578;i17052;contains
o1578;i17053;contains
o1578;i17054;contains
o1578;i17055;contains
o1578;i17056;contains
o1578;i17057;contains
o1579;i17058;contains
o1579;i17059;contains
o1579;i17060;contains
o1579;i17061;contains
o1579;i17062;contains
o1579;i17063;contains
o1579;i17064;contains
o1579;i17065;contains
o1579;i17066;contains
o1579;i17067;contains
o1579;i17068;contains
o1579;i17069;contains
o1579;i17070;contains
o1579;i17071;contains
o1579;i17072;contains
o1579;i17073;contains
o1579;i17074;contains
o1579;i17075;contains
o1579;i17076;contains
o1579;i17077;contains
o1579;i17078;contains
o1579;i17079;contains
o1579;i17080;contains
o1579;i17081;contains
o1579;i17082;contains
o1579;i17083;contains
o1580;i17084;contains
o1580;i17085;contains
o1580;i17086;contains
o1580;i17087;contains
o1580;i17088;contains
o1580;i17089;contains
o1580;i17090;contains
o1580;i17091;contains
o1580;i17092;contains
o1580;i17093;contains
o1580;i17094;contains
o1580;i17095;contains
o1580;i17096;contains
o1580;i17097;contains
o1580;i17098;contains
o1580;i17099;contains
o1580;i17100;contains
o1580;i17101;contains
o1580;i17102;contains
o1580;i17103;contains
o1581;i17104;contains
o1581;i17105;contains
o1581;i17106;contains
o1581;i17107;contains
o1581;i17108;contains
o1581;i17109;contains
o1581;i17110;contains
o1581;i17111;contains
o1581;i17112;contains
o1581;i17113;contains
o1581;i17114;contains
o1581;i17115;contains
o1581;i17116;contains
o1581;i17117;contains
o1581;i17118;contains
o1581;i17119;contains
o1581;i17120;contains
o1581;i17121;contains
o1581;i17122;contains
o1581;i17123;contains
o1581;i17124;contains
o1581;i17125;contains
o1582;i17126;contains
o1582;i17127;contains
o1582;i17128;contains
o1582;i17129;contains
o1582;i17130;contains
o1582;i17131;contains
o1582;i17132;contains
o1582;i17133;contains
o1582;i17134;contains
o1582;i17135;contains
o1582;i17136;contains
o1582;i17137;contains
o1582;i17138;contains
o1582;i17139;contains
o1582;i17140;contains
o1582;i17141;contains
o1582;i17142;contains
o1582;i17143;contains
o1582;i17144;contains
o1582;i17145;contains
o1582;i17146;contains
o1582;i17147;contains
o1583;i17148;contains
o1583;i17149;contains
o1583;i17150;contains
o1583;i17151;contains
o1583;i17152;contains
o1583;i17153;contains
o1583;i17154;contains
o1583;i17155;contains
o1583;i17156;contains
o1583;i17157;contains
o1583;i17158;contains
o1583;i17159;contains
o1583;i17160;contains
o1583;i17161;contains
o1583;i17162;contains
o1583;i17163;contains
o1583;i17164;contains
o1584;i17165;contains
o1584;i17166;contains
o1584;i17167;contains
o1584;i17168;contains
o1584;i17169;contains
o1584;i17170;contains
o1584;i17171;contains
o1584;i17172;contains
o1584;i17173;contains
o1584;i17174;contains
o1584;i17175;contains
o1584;i17176;contains
o1584;i17177;contains
o1584;i17178;contains
o1584;i17179;contains
o1584;i17180;contains
o1584;i17181;contains
o1584;i17182;contains
o1584;i17183;contains
o1584;i17184;contains
o1585;i17185;contains
o1585;i17186;contains
o1585;i17187;contains
o1585;i17188;contains
o1585;i17189;contains
o1585;i17190;contains
o1585;i17191;contains
o1585;i17192;contains
o1585;i17193;contains
o1585;i17194;contains
o1585;i17195;contains
o1585;i17196;contains
o1585;i17197;contains
o1585;i17198;contains
o1585;i17199;contains
o1585;i17200;contains
o1585;i17201;contains
o1585;i17202;contains
o1585;i17203;contains
o1585;i17204;contains
o1585;i17205;contains
o1585;i17206;contains
o1585;i17207;contains
o1585;i17208;contains
o1585;i17209;contains
o1585;i17210;contains
o1585;i17211;contains
o1586;i17212;contains
o1586;i17213;contains
o1586;i17214;contains
o1586;i17215;contains
o1586;i17216;contains
o1586;i17217;contains
o1586;i17218;contains
o1586;i17219;contains
o1586;i17220;contains
o1586;i17221;contains
o1586;i17222;contains
o1587;i17223;contains
o1587;i17224;contains
o1587;i17225;contains
o1587;i17226;contains
o1587;i17227;contains
o1587;i17228;contains
o1587;i17229;contains
o1587;i17230;contains
o1587;i17231;contains
o1587;i17232;contains
o1587;i17233;contains
o1587;i17234;contains
o1587;i17235;contains
o1587;i17236;contains
o1587;i17237;contains
o1587;i17238;contains
o1587;i17239;contains
o1587;i17240;contains
o1587;i17241;contains
o1587;i17242;contains
o1587;i17243;contains
o1587;i17244;contains
o1587;i17245;contains
o1587;i17246;contains
o1588;i17247;contains
o1588;i17248;contains
o1588;i17249;contains
o1588;i17250;contains
o1588;i17251;contains
o1588;i17252;contains
o1588;i17253;contains
o1588;i17254;contains
o1588;i17255;contains
o1588;i17256;contains
o1588;i17257;contains
o1588;i17258;contains
o1588;i17259;contains
o1588;i17260;contains
o1588;i17261;contains
o1588;i17262;contains
o1588;i17263;contains
o1589;i17264;contains
o1589;i17265;contains
o1589;i17266;contains
o1589;i17267;contains
o1589;i17268;contains
o1589;i17269;contains
o1589;i17270;contains
o1589;i17271;contains
o1589;i17272;contains
o1589;i17273;contains
o1589;i17274;contains
o1589;i17275;contains
o1589;i17276;contains
o1589;i17277;contains
o1589;i17278;contains
o1589;i17279;contains
o1589;i17280;contains
o1589;i17281;contains
o1590;i17282;contains
o1590;i17283;contains
o1590;i17284;contains
o1590;i17285;contains
o1590;i17286;contains
o1590;i17287;contains
o1590;i17288;contains
o1590;i17289;contains
o1590;i17290;contains
o1590;i17291;contains
o1590;i17292;contains
o1590;i17293;contains
o1590;i17294;contains
o1590;i17295;contains
o1590;i17296;contains
o1590;i17297;contains
o1590;i17298;contains
o1590;i17299;contains
o1590;i17300;contains
o1590;i17301;contains
o1591;i17302;contains
o1591;i17303;contains
o1591;i17304;contains
o1591;i17305;contains
o1591;i17306;contains
o1591;i17307;contains
o1591;i17308;contains
o1591;i17309;contains
o1591;i17310;contains
o1591;i17311;contains
o1591;i17312;contains
o1591;i17313;contains
o1591;i17314;contains
o1591;i17315;contains
o1591;i17316;contains
o1591;i17317;contains
o1592;i17318;contains
o1592;i17319;contains
o1592;i17320;contains
o1592;i17321;contains
o1592;i17322;contains
o1592;i17323;contains
o1592;i17324;contains
o1592;i17325;contains
o1592;i17326;contains
o1592;i17327;contains
o1592;i17328;contains
o1592;i17329;contains
o1592;i17330;contains
o1592;i17331;contains
o1593;i17332;contains
o1593;i17333;contains
o1593;i17334;contains
o1593;i17335;contains
o1593;i17336;contains
o1593;i17337;contains
o1593;i17338;contains
o1593;i17339;contains
o1593;i17340;contains
o1593;i17341;contains
o1593;i17342;contains
o1593;i17343;contains
o1593;i17344;contains
o1593;i17345;contains
o1593;i17346;contains
o1593;i17347;contains
o1594;i17348;contains
o1594;i17349;contains
o1594;i17350;contains
o1594;i17351;contains
o1594;i17352;contains
o1594;i17353;contains
o1594;i17354;contains
o1594;i17355;contains
o1594;i17356;contains
o1594;i17357;contains
o1594;i17358;contains
o1594;i17359;contains
o1594;i17360;contains
o1594;i17361;contains
o1594;i17362;contains
o1594;i17363;contains
o1594;i17364;contains
o1594;i17365;contains
o1594;i17366;contains
o1595;i17367;contains
o1595;i17368;contains
o1595;i17369;contains
o1595;i17370;contains
o1595;i17371;contains
o1595;i17372;contains
o1595;i17373;contains
o1595;i17374;contains
o1595;i17375;contains
o1595;i17376;contains
o1595;i17377;contains
o1595;i17378;contains
o1595;i17379;contains
o1595;i17380;contains
o1595;i17381;contains
o1595;i17382;contains
o1595;i17383;contains
o1595;i17384;contains
o1595;i17385;contains
o1595;i17386;contains
o1595;i17387;contains
o1595;i17388;contains
o1596;i17389;contains
o1596;i17390;contains
o1596;i17391;contains
o1596;i17392;contains
o1596;i17393;contains
o1596;i17394;contains
o1596;i17395;contains
o1596;i17396;contains
o1596;i17397;contains
o1596;i17398;contains
o1596;i17399;contains
o1596;i17400;contains
o1596;i17401;contains
o1596;i17402;contains
o1596;i17403;contains
o1596;i17404;contains
o1596;i17405;contains
o1596;i17406;contains
o1596;i17407;contains
o1597;i17408;contains
o1597;i17409;contains
o1597;i17410;contains
o1597;i17411;contains
o1597;i17412;contains
o1597;i17413;contains
o1597;i17414;contains
o1597;i17415;contains
o1597;i17416;contains
o1597;i17417;contains
o1597;i17418;contains
o1597;i17419;contains
o1597;i17420;contains
o1597;i17421;contains
o1597;i17422;contains
o1597;i17423;contains
o1597;i17424;contains
o1597;i17425;contains
o1597;i17426;contains
o1598;i17427;contains
o1598;i17428;contains
o1598;i17429;contains
o1598;i17430;contains
o1598;i17431;contains
o1598;i17432;contains
o1598;i17433;contains
o1598;i17434;contains
o1598;i17435;contains
o1598;i17436;contains
o1598;i17437;contains
o1598;i17438;contains
o1598;i17439;contains
o1598;i17440;contains
o1598;i17441;contains
o1598;i17442;contains
o1599;i17443;contains
o1599;i17444;contains
o1599;i17445;contains
o1599;i17446;contains
o1599;i17447;contains
o1599;i17448;contains
o1599;i17449;contains
o1599;i17450;contains
o1599;i17451;contains
o1599;i17452;contains
o1599;i17453;contains
o1599;i17454;contains
o1599;i17455;contains
o1599;i17456;contains
o1599;i17457;contains
o1599;i17458;contains
o1599;i17459;contains
o1599;i17460;contains
o1599;i17461;contains
o1599;i17462;contains
o1599;i17463;contains
o1599;i17464;contains
o1599;i17465;contains
o1599;i17466;contains
o1599;i17467;contains
o1599;i17468;contains
o1599;i17469;contains
o1600;i17470;contains
o1600;i17471;contains
o1600;i17472;contains
o1600;i17473;contains
o1600;i17474;contains
o1600;i17475;contains
o1600;i17476;contains
o1600;i17477;contains
o1600;i17478;contains
o1600;i17479;contains
o1600;i17480;contains
o1600;i17481;contains
o1600;i17482;contains
o1600;i17483;contains
o1600;i17484;contains
o1600;i17485;contains
o1600;i17486;contains
o1601;i17487;contains
o1601;i17488;contains
o1601;i17489;contains
o1601;i17490;contains
o1601;i17491;contains
o1601;i17492;contains
o1601;i17493;contains
o1601;i17494;contains
o1601;i17495;contains
o1601;i17496;contains
o1601;i17497;contains
o1601;i17498;contains
o1601;i17499;contains
o1601;i17500;contains
o1601;i17501;contains
o1601;i17502;contains
o1601;i17503;contains
o1601;i17504;contains
o1601;i17505;contains
o1601;i17506;contains
o1601;i17507;contains
o1602;i17508;contains
o1602;i17509;contains
o1602;i17510;contains
o1602;i17511;contains
o1602;i17512;contains
o1602;i17513;contains
o1602;i17514;contains
o1602;i17515;contains
o1602;i17516;contains
o1602;i17517;contains
o1602;i17518;contains
o1602;i17519;contains
o1602;i17520;contains
o1602;i17521;contains
o1602;i17522;contains
o1602;i17523;contains
o1602;i17524;contains
o1602;i17525;contains
o1602;i17526;contains
o1603;i17527;contains
o1603;i17528;contains
o1603;i17529;contains
o1603;i17530;contains
o1603;i17531;contains
o1603;i17532;contains
o1603;i17533;contains
o1603;i17534;contains
o1603;i17535;contains
o1603;i17536;contains
o1603;i17537;contains
o1603;i17538;contains
o1603;i17539;contains
o1603;i17540;contains
o1603;i17541;contains
o1603;i17542;contains
o1603;i17543;contains
o1603;i17544;contains
o1603;i17545;contains
o1604;i17546;contains
o1604;i17547;contains
o1604;i17548;contains
o1604;i17549;contains
o1604;i17550;contains
o1604;i17551;contains
o1604;i17552;contains
o1604;i17553;contains
o1604;i17554;contains
o1604;i17555;contains
o1604;i17556;contains
o1604;i17557;contains
o1604;i17558;contains
o1604;i17559;contains
o1604;i17560;contains
o1604;i17561;contains
o1604;i17562;contains
o1604;i17563;contains
o1605;i17564;contains
o1605;i17565;contains
o1605;i17566;contains
o1605;i17567;contains
o1605;i17568;contains
o1605;i17569;contains
o1605;i17570;contains
o1605;i17571;contains
o1605;i17572;contains
o1605;i17573;contains
o1605;i17574;contains
o1605;i17575;contains
o1605;i17576;contains
o1605;i17577;contains
o1605;i17578;contains
o1605;i17579;contains
o1605;i17580;contains
o1605;i17581;contains
o1605;i17582;contains
o1606;i17583;contains
o1606;i17584;contains
o1606;i17585;contains
o1606;i17586;contains
o1606;i17587;contains
o1606;i17588;contains
o1606;i17589;contains
o1606;i17590;contains
o1606;i17591;contains
o1606;i17592;contains
o1606;i17593;contains
o1606;i17594;contains
o1606;i17595;contains
o1606;i17596;contains
o1606;i17597;contains
o1606;i17598;contains
o1606;i17599;contains
o1606;i17600;contains
o1606;i17601;contains
o1606;i17602;contains
o1606;i17603;contains
o1606;i17604;contains
o1606;i17605;contains
o1607;i17606;contains
o1607;i17607;contains
o1607;i17608;contains
o1607;i17609;contains
o1607;i17610;contains
o1607;i17611;contains
o1607;i17612;contains
o1607;i17613;contains
o1607;i17614;contains
o1607;i17615;contains
o1607;i17616;contains
o1607;i17617;contains
o1607;i17618;contains
o1607;i17619;contains
o1607;i17620;contains
o1607;i17621;contains
o1607;i17622;contains
o1607;i17623;contains
o1607;i17624;contains
o1607;i17625;contains
o1607;i17626;contains
o1608;i17627;contains
o1608;i17628;contains
o1608;i17629;contains
o1608;i17630;contains
o1608;i17631;contains
o1608;i17632;contains
o1608;i17633;contains
o1608;i17634;contains
o1608;i17635;contains
o1608;i17636;contains
o1608;i17637;contains
o1608;i17638;contains
o1608;i17639;contains
o1608;i17640;contains
o1608;i17641;contains
o1608;i17642;contains
o1608;i17643;contains
o1608;i17644;contains
o1608;i17645;contains
o1609;i17646;contains
o1609;i17647;contains
o1609;i17648;contains
o1609;i17649;contains
o1609;i17650;contains
o1609;i17651;contains
o1609;i17652;contains
o1609;i17653;contains
o1609;i17654;contains
o1609;i17655;contains
o1609;i17656;contains
o1609;i17657;contains
o1609;i17658;contains
o1609;i17659;contains
o1609;i17660;contains
o1609;i17661;contains
o1609;i17662;contains
o1609;i17663;contains
o1609;i17664;contains
o1609;i17665;contains
o1610;i17666;contains
o1610;i17667;contains
o1610;i17668;contains
o1610;i17669;contains
o1610;i17670;contains
o1610;i17671;contains
o1610;i17672;contains
o1610;i17673;contains
o1610;i17674;contains
o1610;i17675;contains
o1610;i17676;contains
o1610;i17677;contains
o1610;i17678;contains
o1610;i17679;contains
o1610;i17680;contains
o1610;i17681;contains
o1610;i17682;contains
o1611;i17683;contains
o1611;i17684;contains
o1611;i17685;contains
o1611;i17686;contains
o1611;i17687;contains
o1611;i17688;contains
o1611;i17689;contains
o1611;i17690;contains
o1611;i17691;contains
o1611;i17692;contains
o1611;i17693;contains
o1611;i17694;contains
o1611;i17695;contains
o1611;i17696;contains
o1611;i17697;contains
o1611;i17698;contains
o1611;i17699;contains
o1611;i17700;contains
o1611;i17701;contains
o1611;i17702;contains
o1611;i17703;contains
o1611;i17704;contains
o1611;i17705;contains
o1611;i17706;contains
o1612;i17707;contains
o1612;i17708;contains
o1612;i17709;contains
o1612;i17710;contains
o1612;i17711;contains
o1612;i17712;contains
o1612;i17713;contains
o1612;i17714;contains
o1612;i17715;contains
o1612;i17716;contains
o1612;i17717;contains
o1612;i17718;contains
o1612;i17719;contains
o1612;i17720;contains
o1612;i17721;contains
o1612;i17722;contains
o1612;i17723;contains
o1612;i17724;contains
o1613;i17725;contains
o1613;i17726;contains
o1613;i17727;contains
o1613;i17728;contains
o1613;i17729;contains
o1613;i17730;contains
o1613;i17731;contains
o1613;i17732;contains
o1613;i17733;contains
o1613;i17734;contains
o1613;i17735;contains
o1613;i17736;contains
o1613;i17737;contains
o1613;i17738;contains
o1613;i17739;contains
o1613;i17740;contains
o1613;i17741;contains
o1613;i17742;contains
o1613;i17743;contains
o1613;i17744;contains
o1613;i17745;contains
o1613;i17746;contains
o1613;i17747;contains
o1614;i17748;contains
o1614;i17749;contains
o1614;i17750;contains
o1614;i17751;contains
o1614;i17752;contains
o1614;i17753;contains
o1614;i17754;contains
o1614;i17755;contains
o1614;i17756;contains
o1614;i17757;contains
o1614;i17758;contains
o1614;i17759;contains
o1614;i17760;contains
o1614;i17761;contains
o1614;i17762;contains
o1614;i17763;contains
o1614;i17764;contains
o1614;i17765;contains
o1614;i17766;contains
o1614;i17767;contains
o1614;i17768;contains
o1614;i17769;contains
o1614;i17770;contains
o1615;i17771;contains
o1615;i17772;contains
o1615;i17773;contains
o1615;i17774;contains
o1615;i17775;contains
o1615;i17776;contains
o1615;i17777;contains
o1615;i17778;contains
o1615;i17779;contains
o1615;i17780;contains
o1615;i17781;contains
o1615;i17782;contains
o1615;i17783;contains
o1615;i17784;contains
o1615;i17785;contains
o1615;i17786;contains
o1615;i17787;contains
o1615;i17788;contains
o1615;i17789;contains
o1615;i17790;contains
o1615;i17791;contains
o1615;i17792;contains
o1615;i17793;contains
o1616;i17794;contains
o1616;i17795;contains
o1616;i17796;contains
o1616;i17797;contains
o1616;i17798;contains
o1616;i17799;contains
o1616;i17800;contains
o1616;i17801;contains
o1616;i17802;contains
o1616;i17803;contains
o1616;i17804;contains
o1616;i17805;contains
o1616;i17806;contains
o1616;i17807;contains
o1616;i17808;contains
o1616;i17809;contains
o1616;i17810;contains
o1616;i17811;contains
o1616;i17812;contains
o1617;i17813;contains
o1617;i17814;contains
o1617;i17815;contains
o1617;i17816;contains
o1617;i17817;contains
o1617;i17818;contains
o1617;i17819;contains
o1617;i17820;contains
o1617;i17821;contains
o1617;i17822;contains
o1617;i17823;contains
o1617;i17824;contains
o1617;i17825;contains
o1617;i17826;contains
o1617;i17827;contains
o1617;i17828;contains
o1617;i17829;contains
o1617;i17830;contains
o1617;i17831;contains
o1617;i17832;contains
o1617;i17833;contains
o1617;i17834;contains
o1617;i17835;contains
o1618;i17836;contains
o1618;i17837;contains
o1618;i17838;contains
o1618;i17839;contains
o1618;i17840;contains
o1618;i17841;contains
o1618;i17842;contains
o1618;i17843;contains
o1618;i17844;contains
o1618;i17845;contains
o1618;i17846;contains
o1618;i17847;contains
o1618;i17848;contains
o1618;i17849;contains
o1618;i17850;contains
o1618;i17851;contains
o1618;i17852;contains
o1618;i17853;contains
o1618;i17854;contains
o1618;i17855;contains
o1619;i17856;contains
o1619;i17857;contains
o1619;i17858;contains
o1619;i17859;contains
o1619;i17860;contains
o1619;i17861;contains
o1619;i17862;contains
o1619;i17863;contains
o1619;i17864;contains
o1619;i17865;contains
o1619;i17866;contains
o1619;i17867;contains
o1619;i17868;contains
o1619;i17869;contains
o1619;i17870;contains
o1619;i17871;contains
o1619;i17872;contains
o1619;i17873;contains
o1619;i17874;contains
o1619;i17875;contains
o1619;i17876;contains
o1620;i17877;contains
o1620;i17878;contains
o1620;i17879;contains
o1620;i17880;contains
o1620;i17881;contains
o1620;i17882;contains
o1620;i17883;contains
o1620;i17884;contains
o1620;i17885;contains
o1620;i17886;contains
o1620;i17887;contains
o1620;i17888;contains
o1620;i17889;contains
o1620;i17890;contains
o1620;i17891;contains
o1620;i17892;contains
o1620;i17893;contains
o1620;i17894;contains
o1620;i17895;contains
o1620;i17896;contains
o1620;i17897;contains
o1620;i17898;contains
o1620;i17899;contains
o1620;i17900;contains
o1620;i17901;contains
o1621;i17902;contains
o1621;i17903;contains
o1621;i17904;contains
o1621;i17905;contains
o1621;i17906;contains
o1621;i17907;contains
o1621;i17908;contains
o1621;i17909;contains
o1621;i17910;contains
o1621;i17911;contains
o1621;i17912;contains
o1621;i17913;contains
o1621;i17914;contains
o1621;i17915;contains
o1621;i17916;contains
o1621;i17917;contains
o1621;i17918;contains
o1621;i17919;contains
o1621;i17920;contains
o1621;i17921;contains
o1622;i17922;contains
o1622;i17923;contains
o1622;i17924;contains
o1622;i17925;contains
o1622;i17926;contains
o1622;i17927;contains
o1622;i17928;contains
o1622;i17929;contains
o1622;i17930;contains
o1622;i17931;contains
o1622;i17932;contains
o1622;i17933;contains
o1622;i17934;contains
o1622;i17935;contains
o1622;i17936;contains
o1622;i17937;contains
o1622;i17938;contains
o1622;i17939;contains
o1622;i17940;contains
o1622;i17941;contains
o1622;i17942;contains
o1622;i17943;contains
o1622;i17944;contains
o1623;i17945;contains
o1623;i17946;contains
o1623;i17947;contains
o1623;i17948;contains
o1623;i17949;contains
o1623;i17950;contains
o1623;i17951;contains
o1623;i17952;contains
o1623;i17953;contains
o1623;i17954;contains
o1624;i17955;contains
o1624;i17956;contains
o1624;i17957;contains
o1624;i17958;contains
o1624;i17959;contains
o1624;i17960;contains
o1624;i17961;contains
o1624;i17962;contains
o1624;i17963;contains
o1624;i17964;contains
o1624;i17965;contains
o1624;i17966;contains
o1624;i17967;contains
o1624;i17968;contains
o1624;i17969;contains
o1625;i17970;contains
o1625;i17971;contains
o1625;i17972;contains
o1625;i17973;contains
o1625;i17974;contains
o1625;i17975;contains
o1625;i17976;contains
o1625;i17977;contains
o1625;i17978;contains
o1625;i17979;contains
o1625;i17980;contains
o1626;i17981;contains
o1626;i17982;contains
o1626;i17983;contains
o1626;i17984;contains
o1626;i17985;contains
o1626;i17986;contains
o1626;i17987;contains
o1626;i17988;contains
o1626;i17989;contains
o1626;i17990;contains
o1626;i17991;contains
o1626;i17992;contains
o1626;i17993;contains
o1626;i17994;contains
o1626;i17995;contains
o1626;i17996;contains
o1626;i17997;contains
o1626;i17998;contains
o1626;i17999;contains
o1627;i18000;contains
o1627;i18001;contains
o1627;i18002;contains
o1627;i18003;contains
o1627;i18004;contains
o1627;i18005;contains
o1627;i18006;contains
o1627;i18007;contains
o1627;i18008;contains
o1627;i18009;contains
o1627;i18010;contains
o1627;i18011;contains
o1627;i18012;contains
o1627;i18013;contains
o1627;i18014;contains
o1627;i18015;contains
o1627;i18016;contains
o1627;i18017;contains
o1627;i18018;contains
o1627;i18019;contains
o1627;i18020;contains
o1627;i18021;contains
o1627;i18022;contains
o1627;i18023;contains
o1627;i18024;contains
o1627;i18025;contains
o1627;i18026;contains
o1628;i18027;contains
o1628;i18028;contains
o1628;i18029;contains
o1628;i18030;contains
o1628;i18031;contains
o1628;i18032;contains
o1628;i18033;contains
o1628;i18034;contains
o1628;i18035;contains
o1628;i18036;contains
o1628;i18037;contains
o1628;i18038;contains
o1628;i18039;contains
o1628;i18040;contains
o1628;i18041;contains
o1628;i18042;contains
o1628;i18043;contains
o1628;i18044;contains
o1629;i18045;contains
o1629;i18046;contains
o1629;i18047;contains
o1629;i18048;contains
o1629;i18049;contains
o1629;i18050;contains
o1629;i18051;contains
o1629;i18052;contains
o1629;i18053;contains
o1629;i18054;contains
o1629;i18055;contains
o1629;i18056;contains
o1629;i18057;contains
o1629;i18058;contains
o1629;i18059;contains
o1629;i18060;contains
o1629;i18061;contains
o1629;i18062;contains
o1629;i18063;contains
o1629;i18064;contains
o1630;i18065;contains
o1630;i18066;contains
o1630;i18067;contains
o1630;i18068;contains
o1630;i18069;contains
o1630;i18070;contains
o1630;i18071;contains
o1630;i18072;contains
o1630;i18073;contains
o1630;i18074;contains
o1630;i18075;contains
o1630;i18076;contains
o1630;i18077;contains
o1630;i18078;contains
o1630;i18079;contains
o1630;i18080;contains
o1630;i18081;contains
o1630;i18082;contains
o1631;i18083;contains
o1631;i18084;contains
o1631;i18085;contains
o1631;i18086;contains
o1631;i18087;contains
o1631;i18088;contains
o1631;i18089;contains
o1631;i18090;contains
o1631;i18091;contains
o1631;i18092;contains
o1631;i18093;contains
o1631;i18094;contains
o1631;i18095;contains
o1631;i18096;contains
o1631;i18097;contains
o1631;i18098;contains
o1631;i18099;contains
o1632;i18100;contains
o1632;i18101;contains
o1632;i18102;contains
o1632;i18103;contains
o1632;i18104;contains
o1632;i18105;contains
o1632;i18106;contains
o1632;i18107;contains
o1632;i18108;contains
o1632;i18109;contains
o1632;i18110;contains
o1632;i18111;contains
o1632;i18112;contains
o1632;i18113;contains
o1632;i18114;contains
o1632;i18115;contains
o1632;i18116;contains
o1632;i18117;contains
o1632;i18118;contains
o1632;i18119;contains
o1632;i18120;contains
o1632;i18121;contains
o1633;i18122;contains
o1633;i18123;contains
o1633;i18124;contains
o1633;i18125;contains
o1633;i18126;contains
o1633;i18127;contains
o1633;i18128;contains
o1633;i18129;contains
o1633;i18130;contains
o1633;i18131;contains
o1633;i18132;contains
o1633;i18133;contains
o1633;i18134;contains
o1633;i18135;contains
o1633;i18136;contains
o1634;i18137;contains
o1634;i18138;contains
o1634;i18139;contains
o1634;i18140;contains
o1634;i18141;contains
o1634;i18142;contains
o1634;i18143;contains
o1634;i18144;contains
o1634;i18145;contains
o1634;i18146;contains
o1634;i18147;contains
o1634;i18148;contains
o1634;i18149;contains
o1634;i18150;contains
o1634;i18151;contains
o1634;i18152;contains
o1634;i18153;contains
o1634;i18154;contains
o1634;i18155;contains
o1634;i18156;contains
o1634;i18157;contains
o1634;i18158;contains
o1634;i18159;contains
o1634;i18160;contains
o1634;i18161;contains
o1634;i18162;contains
o1634;i18163;contains
o1635;i18164;contains
o1635;i18165;contains
o1635;i18166;contains
o1635;i18167;contains
o1635;i18168;contains
o1635;i18169;contains
o1635;i18170;contains
o1635;i18171;contains
o1635;i18172;contains
o1635;i18173;contains
o1635;i18174;contains
o1635;i18175;contains
o1635;i18176;contains
o1635;i18177;contains
o1635;i18178;contains
o1636;i18179;contains
o1636;i18180;contains
o1636;i18181;contains
o1636;i18182;contains
o1636;i18183;contains
o1636;i18184;contains
o1636;i18185;contains
o1636;i18186;contains
o1636;i18187;contains
o1636;i18188;contains
o1636;i18189;contains
o1636;i18190;contains
o1636;i18191;contains
o1636;i18192;contains
o1636;i18193;contains
o1637;i18194;contains
o1637;i18195;contains
o1637;i18196;contains
o1637;i18197;contains
o1637;i18198;contains
o1637;i18199;contains
o1637;i18200;contains
o1637;i18201;contains
o1637;i18202;contains
o1637;i18203;contains
o1637;i18204;contains
o1637;i18205;contains
o1637;i18206;contains
o1637;i18207;contains
o1637;i18208;contains
o1637;i18209;contains
o1637;i18210;contains
o1637;i18211;contains
o1638;i18212;contains
o1638;i18213;contains
o1638;i18214;contains
o1638;i18215;contains
o1638;i18216;contains
o1638;i18217;contains
o1638;i18218;contains
o1638;i18219;contains
o1638;i18220;contains
o1638;i18221;contains
o1638;i18222;contains
o1638;i18223;contains
o1638;i18224;contains
o1638;i18225;contains
o1638;i18226;contains
o1638;i18227;contains
o1638;i18228;contains
o1638;i18229;contains
o1638;i18230;contains
o1639;i18231;contains
o1639;i18232;contains
o1639;i18233;contains
o1639;i18234;contains
o1639;i18235;contains
o1639;i18236;contains
o1639;i18237;contains
o1639;i18238;contains
o1639;i18239;contains
o1639;i18240;contains
o1639;i18241;contains
o1639;i18242;contains
o1639;i18243;contains
o1639;i18244;contains
o1639;i18245;contains
o1639;i18246;contains
o1639;i18247;contains
o1639;i18248;contains
o1639;i18249;contains
o1639;i18250;contains
o1640;i18251;contains
o1640;i18252;contains
o1640;i18253;contains
o1640;i18254;contains
o1640;i18255;contains
o1640;i18256;contains
o1640;i18257;contains
o1640;i18258;contains
o1640;i18259;contains
o1640;i18260;contains
o1640;i18261;contains
o1640;i18262;contains
o1640;i18263;contains
o1641;i18264;contains
o1641;i18265;contains
o1641;i18266;contains
o1641;i18267;contains
o1641;i18268;contains
o1641;i18269;contains
o1641;i18270;contains
o1641;i18271;contains
o1641;i18272;contains
o1641;i18273;contains
o1641;i18274;contains
o1641;i18275;contains
o1641;i18276;contains
o1641;i18277;contains
o1641;i18278;contains
o1641;i18279;contains
o1641;i18280;contains
o1642;i18281;contains
o1642;i18282;contains
o1642;i18283;contains
o1642;i18284;contains
o1642;i18285;contains
o1642;i18286;contains
o1642;i18287;contains
o1642;i18288;contains
o1642;i18289;contains
o1642;i18290;contains
o1642;i18291;contains
o1642;i18292;contains
o1642;i18293;contains
o1642;i18294;contains
o1643;i18295;contains
o1643;i18296;contains
o1643;i18297;contains
o1643;i18298;contains
o1643;i18299;contains
o1643;i18300;contains
o1643;i18301;contains
o1643;i18302;contains
o1643;i18303;contains
o1643;i18304;contains
o1643;i18305;contains
o1643;i18306;contains
o1643;i18307;contains
o1643;i18308;contains
o1643;i18309;contains
o1643;i18310;contains
o1643;i18311;contains
o1644;i18312;contains
o1644;i18313;contains
o1644;i18314;contains
o1644;i18315;contains
o1644;i18316;contains
o1644;i18317;contains
o1644;i18318;contains
o1644;i18319;contains
o1644;i18320;contains
o1644;i18321;contains
o1644;i18322;contains
o1644;i18323;contains
o1644;i18324;contains
o1644;i18325;contains
o1645;i18326;contains
o1645;i18327;contains
o1645;i18328;contains
o1645;i18329;contains
o1645;i18330;contains
o1645;i18331;contains
o1645;i18332;contains
o1645;i18333;contains
o1645;i18334;contains
o1645;i18335;contains
o1645;i18336;contains
o1645;i18337;contains
o1645;i18338;contains
o1645;i18339;contains
o1645;i18340;contains
o1646;i18341;contains
o1646;i18342;contains
o1646;i18343;contains
o1646;i18344;contains
o1646;i18345;contains
o1646;i18346;contains
o1646;i18347;contains
o1646;i18348;contains
o1646;i18349;contains
o1646;i18350;contains
o1646;i18351;contains
o1646;i18352;contains
o1646;i18353;contains
o1646;i18354;contains
o1646;i18355;contains
o1646;i18356;contains
o1646;i18357;contains
o1646;i18358;contains
o1646;i18359;contains
o1646;i18360;contains
o1646;i18361;contains
o1646;i18362;contains
o1646;i18363;contains
o1646;i18364;contains
o1646;i18365;contains
o1646;i18366;contains
o1646;i18367;contains
o1647;i18368;contains
o1647;i18369;contains
o1647;i18370;contains
o1647;i18371;contains
o1647;i18372;contains
o1647;i18373;contains
o1647;i18374;contains
o1647;i18375;contains
o1647;i18376;contains
o1647;i18377;contains
o1647;i18378;contains
o1647;i18379;contains
o1647;i18380;contains
o1647;i18381;contains
o1647;i18382;contains
o1647;i18383;contains
o1647;i18384;contains
o1647;i18385;contains
o1648;i18386;contains
o1648;i18387;contains
o1648;i18388;contains
o1648;i18389;contains
o1648;i18390;contains
o1648;i18391;contains
o1648;i18392;contains
o1648;i18393;contains
o1648;i18394;contains
o1648;i18395;contains
o1648;i18396;contains
o1648;i18397;contains
o1648;i18398;contains
o1648;i18399;contains
o1648;i18400;contains
o1648;i18401;contains
o1648;i18402;contains
o1649;i18403;contains
o1649;i18404;contains
o1649;i18405;contains
o1649;i18406;contains
o1649;i18407;contains
o1649;i18408;contains
o1649;i18409;contains
o1649;i18410;contains
o1649;i18411;contains
o1649;i18412;contains
o1649;i18413;contains
o1649;i18414;contains
o1649;i18415;contains
o1649;i18416;contains
o1649;i18417;contains
o1649;i18418;contains
o1649;i18419;contains
o1649;i18420;contains
o1649;i18421;contains
o1649;i18422;contains
o1650;i18423;contains
o1650;i18424;contains
o1650;i18425;contains
o1650;i18426;contains
o1650;i18427;contains
o1650;i18428;contains
o1650;i18429;contains
o1650;i18430;contains
o1650;i18431;contains
o1650;i18432;contains
o1650;i18433;contains
o1650;i18434;contains
o1650;i18435;contains
o1650;i18436;contains
o1650;i18437;contains
o1650;i18438;contains
o1650;i18439;contains
o1650;i18440;contains
o1650;i18441;contains
o1650;i18442;contains
o1650;i18443;contains
o1650;i18444;contains
o1651;i18445;contains
o1651;i18446;contains
o1651;i18447;contains
o1651;i18448;contains
o1651;i18449;contains
o1651;i18450;contains
o1651;i18451;contains
o1651;i18452;contains
o1651;i18453;contains
o1651;i18454;contains
o1651;i18455;contains
o1651;i18456;contains
o1651;i18457;contains
o1651;i18458;contains
o1651;i18459;contains
o1651;i18460;contains
o1651;i18461;contains
o1651;i18462;contains
o1651;i18463;contains
o1651;i18464;contains
o1651;i18465;contains
o1651;i18466;contains
o1651;i18467;contains
o1651;i18468;contains
o1652;i18469;contains
o1652;i18470;contains
o1652;i18471;contains
o1652;i18472;contains
o1652;i18473;contains
o1652;i18474;contains
o1652;i18475;contains
o1652;i18476;contains
o1652;i18477;contains
o1652;i18478;contains
o1652;i18479;contains
o1652;i18480;contains
o1652;i18481;contains
o1653;i18482;contains
o1653;i18483;contains
o1653;i18484;contains
o1653;i18485;contains
o1653;i18486;contains
o1653;i18487;contains
o1653;i18488;contains
o1653;i18489;contains
o1653;i18490;contains
o1653;i18491;contains
o1653;i18492;contains
o1653;i18493;contains
o1653;i18494;contains
o1653;i18495;contains
o1653;i18496;contains
o1653;i18497;contains
o1653;i18498;contains
o1653;i18499;contains
o1653;i18500;contains
o1653;i18501;contains
o1654;i18502;contains
o1654;i18503;contains
o1654;i18504;contains
o1654;i18505;contains
o1654;i18506;contains
o1654;i18507;contains
o1654;i18508;contains
o1654;i18509;contains
o1654;i18510;contains
o1654;i18511;contains
o1654;i18512;contains
o1654;i18513;contains
o1654;i18514;contains
o1654;i18515;contains
o1654;i18516;contains
o1654;i18517;contains
o1655;i18518;contains
o1655;i18519;contains
o1655;i18520;contains
o1655;i18521;contains
o1655;i18522;contains
o1655;i18523;contains
o1655;i18524;contains
o1655;i18525;contains
o1655;i18526;contains
o1656;i18527;contains
o1656;i18528;contains
o1656;i18529;contains
o1656;i18530;contains
o1656;i18531;contains
o1656;i18532;contains
o1656;i18533;contains
o1656;i18534;contains
o1656;i18535;contains
o1656;i18536;contains
o1656;i18537;contains
o1656;i18538;contains
o1656;i18539;contains
o1656;i18540;contains
o1656;i18541;contains
o1657;i18542;contains
o1657;i18543;contains
o1657;i18544;contains
o1657;i18545;contains
o1657;i18546;contains
o1657;i18547;contains
o1657;i18548;contains
o1657;i18549;contains
o1657;i18550;contains
o1657;i18551;contains
o1657;i18552;contains
o1657;i18553;contains
o1657;i18554;contains
o1657;i18555;contains
o1657;i18556;contains
o1657;i18557;contains
o1657;i18558;contains
o1657;i18559;contains
o1657;i18560;contains
o1657;i18561;contains
o1657;i18562;contains
o1657;i18563;contains
o1657;i18564;contains
o1657;i18565;contains
o1657;i18566;contains
o1658;i18567;contains
o1658;i18568;contains
o1658;i18569;contains
o1658;i18570;contains
o1658;i18571;contains
o1658;i18572;contains
o1658;i18573;contains
o1658;i18574;contains
o1658;i18575;contains
o1658;i18576;contains
o1658;i18577;contains
o1658;i18578;contains
o1658;i18579;contains
o1658;i18580;contains
o1658;i18581;contains
o1658;i18582;contains
o1658;i18583;contains
o1658;i18584;contains
o1658;i18585;contains
o1658;i18586;contains
o1658;i18587;contains
o1659;i18588;contains
o1659;i18589;contains
o1659;i18590;contains
o1659;i18591;contains
o1659;i18592;contains
o1659;i18593;contains
o1659;i18594;contains
o1659;i18595;contains
o1659;i18596;contains
o1659;i18597;contains
o1659;i18598;contains
o1659;i18599;contains
o1659;i18600;contains
o1659;i18601;contains
o1659;i18602;contains
o1659;i18603;contains
o1659;i18604;contains
o1659;i18605;contains
o1659;i18606;contains
o1659;i18607;contains
o1660;i18608;contains
o1660;i18609;contains
o1660;i18610;contains
o1660;i18611;contains
o1660;i18612;contains
o1660;i18613;contains
o1660;i18614;contains
o1660;i18615;contains
o1660;i18616;contains
o1660;i18617;contains
o1660;i18618;contains
o1660;i18619;contains
o1660;i18620;contains
o1660;i18621;contains
o1660;i18622;contains
o1660;i18623;contains
o1660;i18624;contains
o1660;i18625;contains
o1660;i18626;contains
o1660;i18627;contains
o1660;i18628;contains
o1660;i18629;contains
o1660;i18630;contains
o1660;i18631;contains
o1661;i18632;contains
o1661;i18633;contains
o1661;i18634;contains
o1661;i18635;contains
o1661;i18636;contains
o1661;i18637;contains
o1661;i18638;contains
o1661;i18639;contains
o1661;i18640;contains
o1661;i18641;contains
o1661;i18642;contains
o1661;i18643;contains
o1661;i18644;contains
o1661;i18645;contains
o1661;i18646;contains
o1661;i18647;contains
o1661;i18648;contains
o1661;i18649;contains
o1661;i18650;contains
o1661;i18651;contains
o1661;i18652;contains
o1661;i18653;contains
o1662;i18654;contains
o1662;i18655;contains
o1662;i18656;contains
o1662;i18657;contains
o1662;i18658;contains
o1662;i18659;contains
o1662;i18660;contains
o1662;i18661;contains
o1662;i18662;contains
o1662;i18663;contains
o1662;i18664;contains
o1662;i18665;contains
o1662;i18666;contains
o1662;i18667;contains
o1662;i18668;contains
o1662;i18669;contains
o1662;i18670;contains
o1662;i18671;contains
o1662;i18672;contains
o1663;i18673;contains
o1663;i18674;contains
o1663;i18675;contains
o1663;i18676;contains
o1663;i18677;contains
o1663;i18678;contains
o1663;i18679;contains
o1663;i18680;contains
o1663;i18681;contains
o1663;i18682;contains
o1663;i18683;contains
o1663;i18684;contains
o1663;i18685;contains
o1663;i18686;contains
o1663;i18687;contains
o1663;i18688;contains
o1663;i18689;contains
o1663;i18690;contains
o1663;i18691;contains
o1663;i18692;contains
o1663;i18693;contains
o1664;i18694;contains
o1664;i18695;contains
o1664;i18696;contains
o1664;i18697;contains
o1664;i18698;contains
o1664;i18699;contains
o1664;i18700;contains
o1664;i18701;contains
o1664;i18702;contains
o1664;i18703;contains
o1664;i18704;contains
o1664;i18705;contains
o1664;i18706;contains
o1664;i18707;contains
o1664;i18708;contains
o1664;i18709;contains
o1664;i18710;contains
o1664;i18711;contains
o1664;i18712;contains
o1664;i18713;contains
o1665;i18714;contains
o1665;i18715;contains
o1665;i18716;contains
o1665;i18717;contains
o1665;i18718;contains
o1665;i18719;contains
o1665;i18720;contains
o1665;i18721;contains
o1665;i18722;contains
o1665;i18723;contains
o1665;i18724;contains
o1665;i18725;contains
o1665;i18726;contains
o1665;i18727;contains
o1665;i18728;contains
o1665;i18729;contains
o1665;i18730;contains
o1665;i18731;contains
o1665;i18732;contains
o1665;i18733;contains
o1665;i18734;contains
o1665;i18735;contains
o1665;i18736;contains
o1665;i18737;contains
o1665;i18738;contains
o1665;i18739;contains
o1665;i18740;contains
o1665;i18741;contains
o1666;i18742;contains
o1666;i18743;contains
o1666;i18744;contains
o1666;i18745;contains
o1666;i18746;contains
o1666;i18747;contains
o1666;i18748;contains
o1666;i18749;contains
o1666;i18750;contains
o1666;i18751;contains
o1666;i18752;contains
o1666;i18753;contains
o1666;i18754;contains
o1666;i18755;contains
o1666;i18756;contains
o1666;i18757;contains
o1666;i18758;contains
o1667;i18759;contains
o1667;i18760;contains
o1667;i18761;contains
o1667;i18762;contains
o1667;i18763;contains
o1667;i18764;contains
o1667;i18765;contains
o1667;i18766;contains
o1667;i18767;contains
o1667;i18768;contains
o1667;i18769;contains
o1667;i18770;contains
o1667;i18771;contains
o1667;i18772;contains
o1667;i18773;contains
o1667;i18774;contains
o1667;i18775;contains
o1667;i18776;contains
o1667;i18777;contains
o1668;i18778;contains
o1668;i18779;contains
o1668;i18780;contains
o1668;i18781;contains
o1668;i18782;contains
o1668;i18783;contains
o1668;i18784;contains
o1668;i18785;contains
o1668;i18786;contains
o1668;i18787;contains
o1668;i18788;contains
o1668;i18789;contains
o1668;i18790;contains
o1668;i18791;contains
o1669;i18792;contains
o1669;i18793;contains
o1669;i18794;contains
o1669;i18795;contains
o1669;i18796;contains
o1669;i18797;contains
o1669;i18798;contains
o1669;i18799;contains
o1669;i18800;contains
o1669;i18801;contains
o1669;i18802;contains
o1669;i18803;contains
o1669;i18804;contains
o1669;i18805;contains
o1669;i18806;contains
o1670;i18807;contains
o1670;i18808;contains
o1670;i18809;contains
o1670;i18810;contains
o1670;i18811;contains
o1670;i18812;contains
o1670;i18813;contains
o1670;i18814;contains
o1670;i18815;contains
o1670;i18816;contains
o1670;i18817;contains
o1670;i18818;contains
o1671;i18819;contains
o1671;i18820;contains
o1671;i18821;contains
o1671;i18822;contains
o1671;i18823;contains
o1671;i18824;contains
o1671;i18825;contains
o1671;i18826;contains
o1671;i18827;contains
o1671;i18828;contains
o1671;i18829;contains
o1671;i18830;contains
o1671;i18831;contains
o1671;i18832;contains
o1671;i18833;contains
o1671;i18834;contains
o1671;i18835;contains
o1672;i18836;contains
o1672;i18837;contains
o1672;i18838;contains
o1672;i18839;contains
o1672;i18840;contains
o1672;i18841;contains
o1672;i18842;contains
o1672;i18843;contains
o1672;i18844;contains
o1672;i18845;contains
o1672;i18846;contains
o1672;i18847;contains
o1672;i18848;contains
o1672;i18849;contains
o1672;i18850;contains
o1672;i18851;contains
o1672;i18852;contains
o1673;i18853;contains
o1673;i18854;contains
o1673;i18855;contains
o1673;i18856;contains
o1673;i18857;contains
o1673;i18858;contains
o1673;i18859;contains
o1673;i18860;contains
o1673;i18861;contains
o1673;i18862;contains
o1673;i18863;contains
o1673;i18864;contains
o1673;i18865;contains
o1673;i18866;contains
o1673;i18867;contains
o1673;i18868;contains
o1673;i18869;contains
o1673;i18870;contains
o1673;i18871;contains
o1673;i18872;contains
o1673;i18873;contains
o1673;i18874;contains
o1674;i18875;contains
o1674;i18876;contains
o1674;i18877;contains
o1674;i18878;contains
o1674;i18879;contains
o1674;i18880;contains
o1674;i18881;contains
o1674;i18882;contains
o1674;i18883;contains
o1674;i18884;contains
o1674;i18885;contains
o1674;i18886;contains
o1674;i18887;contains
o1674;i18888;contains
o1674;i18889;contains
o1674;i18890;contains
o1675;i18891;contains
o1675;i18892;contains
o1675;i18893;contains
o1675;i18894;contains
o1675;i18895;contains
o1675;i18896;contains
o1675;i18897;contains
o1675;i18898;contains
o1675;i18899;contains
o1675;i18900;contains
o1675;i18901;contains
o1675;i18902;contains
o1675;i18903;contains
o1675;i18904;contains
o1675;i18905;contains
o1675;i18906;contains
o1675;i18907;contains
o1675;i18908;contains
o1675;i18909;contains
o1675;i18910;contains
o1675;i18911;contains
o1675;i18912;contains
o1676;i18913;contains
o1676;i18914;contains
o1676;i18915;contains
o1676;i18916;contains
o1676;i18917;contains
o1676;i18918;contains
o1676;i18919;contains
o1676;i18920;contains
o1676;i18921;contains
o1676;i18922;contains
o1676;i18923;contains
o1676;i18924;contains
o1676;i18925;contains
o1676;i18926;contains
o1676;i18927;contains
o1677;i18928;contains
o1677;i18929;contains
o1677;i18930;contains
o1677;i18931;contains
o1677;i18932;contains
o1677;i18933;contains
o1677;i18934;contains
o1677;i18935;contains
o1677;i18936;contains
o1677;i18937;contains
o1677;i18938;contains
o1677;i18939;contains
o1677;i18940;contains
o1677;i18941;contains
o1677;i18942;contains
o1677;i18943;contains
o1677;i18944;contains
o1677;i18945;contains
o1677;i18946;contains
o1678;i18947;contains
o1678;i18948;contains
o1678;i18949;contains
o1678;i18950;contains
o1678;i18951;contains
o1678;i18952;contains
o1678;i18953;contains
o1678;i18954;contains
o1678;i18955;contains
o1678;i18956;contains
o1678;i18957;contains
o1678;i18958;contains
o1678;i18959;contains
o1678;i18960;contains
o1678;i18961;contains
o1678;i18962;contains
o1678;i18963;contains
o1678;i18964;contains
o1678;i18965;contains
o1678;i18966;contains
o1678;i18967;contains
o1678;i18968;contains
o1678;i18969;contains
o1678;i18970;contains
o1679;i18971;contains
o1679;i18972;contains
o1679;i18973;contains
o1679;i18974;contains
o1679;i18975;contains
o1679;i18976;contains
o1679;i18977;contains
o1679;i18978;contains
o1679;i18979;contains
o1679;i18980;contains
o1679;i18981;contains
o1679;i18982;contains
o1679;i18983;contains
o1679;i18984;contains
o1680;i18985;contains
o1680;i18986;contains
o1680;i18987;contains
o1680;i18988;contains
o1680;i18989;contains
o1680;i18990;contains
o1680;i18991;contains
o1680;i18992;contains
o1680;i18993;contains
o1680;i18994;contains
o1680;i18995;contains
o1680;i18996;contains
o1680;i18997;contains
o1680;i18998;contains
o1680;i18999;contains
o1680;i19000;contains
o1681;i19001;contains
o1681;i19002;contains
o1681;i19003;contains
o1681;i19004;contains
o1681;i19005;contains
o1681;i19006;contains
o1681;i19007;contains
o1681;i19008;contains
o1681;i19009;contains
o1681;i19010;contains
o1681;i19011;contains
o1681;i19012;contains
o1681;i19013;contains
o1681;i19014;contains
o1681;i19015;contains
o1681;i19016;contains
o1681;i19017;contains
o1681;i19018;contains
o1681;i19019;contains
o1681;i19020;contains
o1681;i19021;contains
o1681;i19022;contains
o1681;i19023;contains
o1682;i19024;contains
o1682;i19025;contains
o1682;i19026;contains
o1682;i19027;contains
o1682;i19028;contains
o1682;i19029;contains
o1682;i19030;contains
o1682;i19031;contains
o1682;i19032;contains
o1682;i19033;contains
o1682;i19034;contains
o1682;i19035;contains
o1682;i19036;contains
o1682;i19037;contains
o1682;i19038;contains
o1682;i19039;contains
o1682;i19040;contains
o1682;i19041;contains
o1682;i19042;contains
o1682;i19043;contains
o1682;i19044;contains
o1682;i19045;contains
o1682;i19046;contains
o1683;i19047;contains
o1683;i19048;contains
o1683;i19049;contains
o1683;i19050;contains
o1683;i19051;contains
o1683;i19052;contains
o1683;i19053;contains
o1683;i19054;contains
o1683;i19055;contains
o1683;i19056;contains
o1683;i19057;contains
o1683;i19058;contains
o1683;i19059;contains
o1683;i19060;contains
o1683;i19061;contains
o1683;i19062;contains
o1683;i19063;contains
o1683;i19064;contains
o1683;i19065;contains
o1684;i19066;contains
o1684;i19067;contains
o1684;i19068;contains
o1684;i19069;contains
o1684;i19070;contains
o1684;i19071;contains
o1684;i19072;contains
o1684;i19073;contains
o1684;i19074;contains
o1684;i19075;contains
o1684;i19076;contains
o1684;i19077;contains
o1684;i19078;contains
o1684;i19079;contains
o1684;i19080;contains
o1684;i19081;contains
o1684;i19082;contains
o1684;i19083;contains
o1684;i19084;contains
o1684;i19085;contains
o1684;i19086;contains
o1684;i19087;contains
o1684;i19088;contains
o1684;i19089;contains
o1685;i19090;contains
o1685;i19091;contains
o1685;i19092;contains
o1685;i19093;contains
o1685;i19094;contains
o1685;i19095;contains
o1685;i19096;contains
o1685;i19097;contains
o1685;i19098;contains
o1685;i19099;contains
o1685;i19100;contains
o1685;i19101;contains
o1685;i19102;contains
o1685;i19103;contains
o1685;i19104;contains
o1685;i19105;contains
o1685;i19106;contains
o1685;i19107;contains
o1685;i19108;contains
o1685;i19109;contains
o1685;i19110;contains
o1686;i19111;contains
o1686;i19112;contains
o1686;i19113;contains
o1686;i19114;contains
o1686;i19115;contains
o1686;i19116;contains
o1686;i19117;contains
o1686;i19118;contains
o1686;i19119;contains
o1686;i19120;contains
o1686;i19121;contains
o1686;i19122;contains
o1686;i19123;contains
o1686;i19124;contains
o1686;i19125;contains
o1686;i19126;contains
o1687;i19127;contains
o1687;i19128;contains
o1687;i19129;contains
o1687;i19130;contains
o1687;i19131;contains
o1687;i19132;contains
o1687;i19133;contains
o1687;i19134;contains
o1687;i19135;contains
o1687;i19136;contains
o1687;i19137;contains
o1687;i19138;contains
o1687;i19139;contains
o1687;i19140;contains
o1687;i19141;contains
o1687;i19142;contains
o1687;i19143;contains
o1687;i19144;contains
o1687;i19145;contains
o1688;i19146;contains
o1688;i19147;contains
o1688;i19148;contains
o1688;i19149;contains
o1688;i19150;contains
o1688;i19151;contains
o1688;i19152;contains
o1688;i19153;contains
o1688;i19154;contains
o1688;i19155;contains
o1688;i19156;contains
o1688;i19157;contains
o1688;i19158;contains
o1688;i19159;contains
o1688;i19160;contains
o1688;i19161;contains
o1688;i19162;contains
o1688;i19163;contains
o1688;i19164;contains
o1689;i19165;contains
o1689;i19166;contains
o1689;i19167;contains
o1689;i19168;contains
o1689;i19169;contains
o1689;i19170;contains
o1689;i19171;contains
o1689;i19172;contains
o1689;i19173;contains
o1689;i19174;contains
o1689;i19175;contains
o1689;i19176;contains
o1689;i19177;contains
o1689;i19178;contains
o1689;i19179;contains
o1689;i19180;contains
o1689;i19181;contains
o1689;i19182;contains
o1689;i19183;contains
o1689;i19184;contains
o1689;i19185;contains
o1690;i19186;contains
o1690;i19187;contains
o1690;i19188;contains
o1690;i19189;contains
o1690;i19190;contains
o1690;i19191;contains
o1690;i19192;contains
o1690;i19193;contains
o1690;i19194;contains
o1690;i19195;contains
o1690;i19196;contains
o1690;i19197;contains
o1690;i19198;contains
o1690;i19199;contains
o1690;i19200;contains
o1690;i19201;contains
o1690;i19202;contains
o1690;i19203;contains
o1690;i19204;contains
o1690;i19205;contains
o1690;i19206;contains
o1690;i19207;contains
o1690;i19208;contains
o1690;i19209;contains
o1691;i19210;contains
o1691;i19211;contains
o1691;i19212;contains
o1691;i19213;contains
o1691;i19214;contains
o1691;i19215;contains
o1691;i19216;contains
o1691;i19217;contains
o1691;i19218;contains
o1691;i19219;contains
o1691;i19220;contains
o1691;i19221;contains
o1691;i19222;contains
o1691;i19223;contains
o1691;i19224;contains
o1691;i19225;contains
o1691;i19226;contains
o1691;i19227;contains
o1691;i19228;contains
o1692;i19229;contains
o1692;i19230;contains
o1692;i19231;contains
o1692;i19232;contains
o1692;i19233;contains
o1692;i19234;contains
o1692;i19235;contains
o1692;i19236;contains
o1692;i19237;contains
o1692;i19238;contains
o1692;i19239;contains
o1692;i19240;contains
o1692;i19241;contains
o1692;i19242;contains
o1692;i19243;contains
o1692;i19244;contains
o1692;i19245;contains
o1692;i19246;contains
o1693;i19247;contains
o1693;i19248;contains
o1693;i19249;contains
o1693;i19250;contains
o1693;i19251;contains
o1693;i19252;contains
o1693;i19253;contains
o1693;i19254;contains
o1693;i19255;contains
o1693;i19256;contains
o1693;i19257;contains
o1693;i19258;contains
o1693;i19259;contains
o1693;i19260;contains
o1694;i19261;contains
o1694;i19262;contains
o1694;i19263;contains
o1694;i19264;contains
o1694;i19265;contains
o1694;i19266;contains
o1694;i19267;contains
o1694;i19268;contains
o1694;i19269;contains
o1694;i19270;contains
o1694;i19271;contains
o1694;i19272;contains
o1694;i19273;contains
o1694;i19274;contains
o1694;i19275;contains
o1694;i19276;contains
o1694;i19277;contains
o1694;i19278;contains
o1694;i19279;contains
o1694;i19280;contains
o1694;i19281;contains
o1694;i19282;contains
o1694;i19283;contains
o1694;i19284;contains
o1694;i19285;contains
o1695;i19286;contains
o1695;i19287;contains
o1695;i19288;contains
o1695;i19289;contains
o1695;i19290;contains
o1695;i19291;contains
o1695;i19292;contains
o1695;i19293;contains
o1695;i19294;contains
o1695;i19295;contains
o1695;i19296;contains
o1695;i19297;contains
o1695;i19298;contains
o1695;i19299;contains
o1695;i19300;contains
o1695;i19301;contains
o1696;i19302;contains
o1696;i19303;contains
o1696;i19304;contains
o1696;i19305;contains
o1696;i19306;contains
o1696;i19307;contains
o1696;i19308;contains
o1696;i19309;contains
o1696;i19310;contains
o1696;i19311;contains
o1696;i19312;contains
o1696;i19313;contains
o1696;i19314;contains
o1696;i19315;contains
o1696;i19316;contains
o1696;i19317;contains
o1696;i19318;contains
o1696;i19319;contains
o1696;i19320;contains
o1697;i19321;contains
o1697;i19322;contains
o1697;i19323;contains
o1697;i19324;contains
o1697;i19325;contains
o1697;i19326;contains
o1697;i19327;contains
o1697;i19328;contains
o1697;i19329;contains
o1697;i19330;contains
o1697;i19331;contains
o1697;i19332;contains
o1697;i19333;contains
o1697;i19334;contains
o1698;i19335;contains
o1698;i19336;contains
o1698;i19337;contains
o1698;i19338;contains
o1698;i19339;contains
o1698;i19340;contains
o1698;i19341;contains
o1698;i19342;contains
o1698;i19343;contains
o1698;i19344;contains
o1698;i19345;contains
o1698;i19346;contains
o1698;i19347;contains
o1698;i19348;contains
o1698;i19349;contains
o1698;i19350;contains
o1698;i19351;contains
o1698;i19352;contains
o1699;i19353;contains
o1699;i19354;contains
o1699;i19355;contains
o1699;i19356;contains
o1699;i19357;contains
o1699;i19358;contains
o1699;i19359;contains
o1699;i19360;contains
o1699;i19361;contains
o1699;i19362;contains
o1699;i19363;contains
o1699;i19364;contains
o1699;i19365;contains
o1699;i19366;contains
o1699;i19367;contains
o1699;i19368;contains
o1699;i19369;contains
o1699;i19370;contains
o1699;i19371;contains
o1699;i19372;contains
o1699;i19373;contains
o1699;i19374;contains
o1699;i19375;contains
o1699;i19376;contains
o1699;i19377;contains
o1699;i19378;contains
o1699;i19379;contains
o1699;i19380;contains
o1700;i19381;contains
o1700;i19382;contains
o1700;i19383;contains
o1700;i19384;contains
o1700;i19385;contains
o1700;i19386;contains
o1700;i19387;contains
o1700;i19388;contains
o1700;i19389;contains
o1700;i19390;contains
o1700;i19391;contains
o1700;i19392;contains
o1700;i19393;contains
o1700;i19394;contains
o1700;i19395;contains
o1700;i19396;contains
o1700;i19397;contains
o1701;i19398;contains
o1701;i19399;contains
o1701;i19400;contains
o1701;i19401;contains
o1701;i19402;contains
o1701;i19403;contains
o1701;i19404;contains
o1701;i19405;contains
o1701;i19406;contains
o1701;i19407;contains
o1701;i19408;contains
o1701;i19409;contains
o1701;i19410;contains
o1701;i19411;contains
o1701;i19412;contains
o1701;i19413;contains
o1701;i19414;contains
o1701;i19415;contains
o1701;i19416;contains
o1702;i19417;contains
o1702;i19418;contains
o1702;i19419;contains
o1702;i19420;contains
o1702;i19421;contains
o1702;i19422;contains
o1702;i19423;contains
o1702;i19424;contains
o1702;i19425;contains
o1702;i19426;contains
o1702;i19427;contains
o1702;i19428;contains
o1702;i19429;contains
o1702;i19430;contains
o1702;i19431;contains
o1702;i19432;contains
o1702;i19433;contains
o1702;i19434;contains
o1702;i19435;contains
o1703;i19436;contains
o1703;i19437;contains
o1703;i19438;contains
o1703;i19439;contains
o1703;i19440;contains
o1703;i19441;contains
o1703;i19442;contains
o1703;i19443;contains
o1703;i19444;contains
o1703;i19445;contains
o1703;i19446;contains
o1703;i19447;contains
o1703;i19448;contains
o1703;i19449;contains
o1703;i19450;contains
o1703;i19451;contains
o1703;i19452;contains
o1703;i19453;contains
o1704;i19454;contains
o1704;i19455;contains
o1704;i19456;contains
o1704;i19457;contains
o1704;i19458;contains
o1704;i19459;contains
o1704;i19460;contains
o1704;i19461;contains
o1704;i19462;contains
o1704;i19463;contains
o1704;i19464;contains
o1704;i19465;contains
o1704;i19466;contains
o1704;i19467;contains
o1704;i19468;contains
o1704;i19469;contains
o1704;i19470;contains
o1704;i19471;contains
o1704;i19472;contains
o1704;i19473;contains
o1704;i19474;contains
o1704;i19475;contains
o1704;i19476;contains
o1704;i19477;contains
o1704;i19478;contains
o1705;i19479;contains
o1705;i19480;contains
o1705;i19481;contains
o1705;i19482;contains
o1705;i19483;contains
o1705;i19484;contains
o1705;i19485;contains
o1705;i19486;contains
o1705;i19487;contains
o1705;i19488;contains
o1705;i19489;contains
o1705;i19490;contains
o1705;i19491;contains
o1705;i19492;contains
o1705;i19493;contains
o1705;i19494;contains
o1705;i19495;contains
o1705;i19496;contains
o1705;i19497;contains
o1705;i19498;contains
o1706;i19499;contains
o1706;i19500;contains
o1706;i19501;contains
o1706;i19502;contains
o1706;i19503;contains
o1706;i19504;contains
o1706;i19505;contains
o1706;i19506;contains
o1706;i19507;contains
o1706;i19508;contains
o1706;i19509;contains
o1706;i19510;contains
o1706;i19511;contains
o1706;i19512;contains
o1706;i19513;contains
o1706;i19514;contains
o1706;i19515;contains
o1706;i19516;contains
o1706;i19517;contains
o1706;i19518;contains
o1706;i19519;contains
o1706;i19520;contains
o1706;i19521;contains
o1706;i19522;contains
o1706;i19523;contains
o1706;i19524;contains
o1706;i19525;contains
o1706;i19526;contains
o1706;i19527;contains
o1706;i19528;contains
o1706;i19529;contains
o1706;i19530;contains
o1706;i19531;contains
o1706;i19532;contains
o1706;i19533;contains
o1706;i19534;contains
o1706;i19535;contains
o1706;i19536;contains
o1707;i19537;contains
o1707;i19538;contains
o1707;i19539;contains
o1707;i19540;contains
o1707;i19541;contains
o1707;i19542;contains
o1707;i19543;contains
o1707;i19544;contains
o1707;i19545;contains
o1707;i19546;contains
o1707;i19547;contains
o1707;i19548;contains
o1707;i19549;contains
o1707;i19550;contains
o1707;i19551;contains
o1707;i19552;contains
o1707;i19553;contains
o1707;i19554;contains
o1707;i19555;contains
o1707;i19556;contains
o1707;i19557;contains
o1708;i19558;contains
o1708;i19559;contains
o1708;i19560;contains
o1708;i19561;contains
o1708;i19562;contains
o1708;i19563;contains
o1708;i19564;contains
o1708;i19565;contains
o1708;i19566;contains
o1708;i19567;contains
o1708;i19568;contains
o1708;i19569;contains
o1708;i19570;contains
o1708;i19571;contains
o1708;i19572;contains
o1708;i19573;contains
o1708;i19574;contains
o1708;i19575;contains
o1708;i19576;contains
o1709;i19577;contains
o1709;i19578;contains
o1709;i19579;contains
o1709;i19580;contains
o1709;i19581;contains
o1709;i19582;contains
o1709;i19583;contains
o1709;i19584;contains
o1709;i19585;contains
o1709;i19586;contains
o1709;i19587;contains
o1709;i19588;contains
o1709;i19589;contains
o1709;i19590;contains
o1709;i19591;contains
o1710;i19592;contains
o1710;i19593;contains
o1710;i19594;contains
o1710;i19595;contains
o1710;i19596;contains
o1710;i19597;contains
o1710;i19598;contains
o1710;i19599;contains
o1710;i19600;contains
o1710;i19601;contains
o1710;i19602;contains
o1710;i19603;contains
o1710;i19604;contains
o1710;i19605;contains
o1710;i19606;contains
o1710;i19607;contains
o1710;i19608;contains
o1710;i19609;contains
o1710;i19610;contains
o1710;i19611;contains
o1711;i19612;contains
o1711;i19613;contains
o1711;i19614;contains
o1711;i19615;contains
o1711;i19616;contains
o1711;i19617;contains
o1711;i19618;contains
o1711;i19619;contains
o1711;i19620;contains
o1711;i19621;contains
o1711;i19622;contains
o1711;i19623;contains
o1711;i19624;contains
o1711;i19625;contains
o1711;i19626;contains
o1711;i19627;contains
o1711;i19628;contains
o1711;i19629;contains
o1712;i19630;contains
o1712;i19631;contains
o1712;i19632;contains
o1712;i19633;contains
o1712;i19634;contains
o1712;i19635;contains
o1712;i19636;contains
o1712;i19637;contains
o1712;i19638;contains
o1712;i19639;contains
o1712;i19640;contains
o1712;i19641;contains
o1712;i19642;contains
o1712;i19643;contains
o1712;i19644;contains
o1712;i19645;contains
o1712;i19646;contains
o1712;i19647;contains
o1712;i19648;contains
o1712;i19649;contains
o1712;i19650;contains
o1712;i19651;contains
o1712;i19652;contains
o1712;i19653;contains
o1713;i19654;contains
o1713;i19655;contains
o1713;i19656;contains
o1713;i19657;contains
o1713;i19658;contains
o1713;i19659;contains
o1713;i19660;contains
o1713;i19661;contains
o1713;i19662;contains
o1713;i19663;contains
o1713;i19664;contains
o1713;i19665;contains
o1713;i19666;contains
o1713;i19667;contains
o1713;i19668;contains
o1713;i19669;contains
o1713;i19670;contains
o1713;i19671;contains
o1713;i19672;contains
o1713;i19673;contains
o1714;i19674;contains
o1714;i19675;contains
o1714;i19676;contains
o1714;i19677;contains
o1714;i19678;contains
o1714;i19679;contains
o1714;i19680;contains
o1714;i19681;contains
o1714;i19682;contains
o1714;i19683;contains
o1714;i19684;contains
o1714;i19685;contains
o1714;i19686;contains
o1714;i19687;contains
o1714;i19688;contains
o1714;i19689;contains
o1714;i19690;contains
o1714;i19691;contains
o1714;i19692;contains
o1714;i19693;contains
o1715;i19694;contains
o1715;i19695;contains
o1715;i19696;contains
o1715;i19697;contains
o1715;i19698;contains
o1715;i19699;contains
o1715;i19700;contains
o1715;i19701;contains
o1715;i19702;contains
o1715;i19703;contains
o1715;i19704;contains
o1715;i19705;contains
o1715;i19706;contains
o1715;i19707;contains
o1715;i19708;contains
o1715;i19709;contains
o1715;i19710;contains
o1715;i19711;contains
o1715;i19712;contains
o1716;i19713;contains
o1716;i19714;contains
o1716;i19715;contains
o1716;i19716;contains
o1716;i19717;contains
o1716;i19718;contains
o1716;i19719;contains
o1716;i19720;contains
o1716;i19721;contains
o1716;i19722;contains
o1716;i19723;contains
o1716;i19724;contains
o1716;i19725;contains
o1716;i19726;contains
o1716;i19727;contains
o1717;i19728;contains
o1717;i19729;contains
o1717;i19730;contains
o1717;i19731;contains
o1717;i19732;contains
o1717;i19733;contains
o1717;i19734;contains
o1717;i19735;contains
o1717;i19736;contains
o1717;i19737;contains
o1717;i19738;contains
o1717;i19739;contains
o1717;i19740;contains
o1717;i19741;contains
o1717;i19742;contains
o1717;i19743;contains
o1717;i19744;contains
o1717;i19745;contains
o1717;i19746;contains
o1717;i19747;contains
o1717;i19748;contains
o1718;i19749;contains
o1718;i19750;contains
o1718;i19751;contains
o1718;i19752;contains
o1718;i19753;contains
o1718;i19754;contains
o1718;i19755;contains
o1718;i19756;contains
o1718;i19757;contains
o1718;i19758;contains
o1718;i19759;contains
o1718;i19760;contains
o1718;i19761;contains
o1718;i19762;contains
o1718;i19763;contains
o1718;i19764;contains
o1718;i19765;contains
o1718;i19766;contains
o1718;i19767;contains
o1719;i19768;contains
o1719;i19769;contains
o1719;i19770;contains
o1719;i19771;contains
o1719;i19772;contains
o1719;i19773;contains
o1719;i19774;contains
o1719;i19775;contains
o1719;i19776;contains
o1719;i19777;contains
o1719;i19778;contains
o1720;i19779;contains
o1720;i19780;contains
o1720;i19781;contains
o1720;i19782;contains
o1720;i19783;contains
o1720;i19784;contains
o1720;i19785;contains
o1720;i19786;contains
o1720;i19787;contains
o1720;i19788;contains
o1720;i19789;contains
o1720;i19790;contains
o1720;i19791;contains
o1720;i19792;contains
o1720;i19793;contains
o1720;i19794;contains
o1720;i19795;contains
o1720;i19796;contains
o1720;i19797;contains
o1720;i19798;contains
o1720;i19799;contains
o1720;i19800;contains
o1721;i19801;contains
o1721;i19802;contains
o1721;i19803;contains
o1721;i19804;contains
o1721;i19805;contains
o1721;i19806;contains
o1721;i19807;contains
o1721;i19808;contains
o1721;i19809;contains
o1721;i19810;contains
o1721;i19811;contains
o1721;i19812;contains
o1721;i19813;contains
o1721;i19814;contains
o1721;i19815;contains
o1721;i19816;contains
o1721;i19817;contains
o1721;i19818;contains
o1721;i19819;contains
o1721;i19820;contains
o1721;i19821;contains
o1721;i19822;contains
o1721;i19823;contains
o1721;i19824;contains
o1721;i19825;contains
o1722;i19826;contains
o1722;i19827;contains
o1722;i19828;contains
o1722;i19829;contains
o1722;i19830;contains
o1722;i19831;contains
o1722;i19832;contains
o1722;i19833;contains
o1722;i19834;contains
o1722;i19835;contains
o1722;i19836;contains
o1722;i19837;contains
o1722;i19838;contains
o1722;i19839;contains
o1722;i19840;contains
o1722;i19841;contains
o1723;i19842;contains
o1723;i19843;contains
o1723;i19844;contains
o1723;i19845;contains
o1723;i19846;contains
o1723;i19847;contains
o1723;i19848;contains
o1723;i19849;contains
o1723;i19850;contains
o1723;i19851;contains
o1723;i19852;contains
o1723;i19853;contains
o1723;i19854;contains
o1723;i19855;contains
o1723;i19856;contains
o1723;i19857;contains
o1723;i19858;contains
o1723;i19859;contains
o1723;i19860;contains
o1723;i19861;contains
o1723;i19862;contains
o1723;i19863;contains
o1723;i19864;contains
o1723;i19865;contains
o1723;i19866;contains
o1723;i19867;contains
o1723;i19868;contains
o1723;i19869;contains
o1724;i19870;contains
o1724;i19871;contains
o1724;i19872;contains
o1724;i19873;contains
o1724;i19874;contains
o1724;i19875;contains
o1724;i19876;contains
o1724;i19877;contains
o1724;i19878;contains
o1724;i19879;contains
o1724;i19880;contains
o1724;i19881;contains
o1724;i19882;contains
o1724;i19883;contains
o1724;i19884;contains
o1724;i19885;contains
o1724;i19886;contains
o1724;i19887;contains
o1724;i19888;contains
o1724;i19889;contains
o1724;i19890;contains
o1724;i19891;contains
o1724;i19892;contains
o1724;i19893;contains
o1725;i19894;contains
o1725;i19895;contains
o1725;i19896;contains
o1725;i19897;contains
o1725;i19898;contains
o1725;i19899;contains
o1725;i19900;contains
o1725;i19901;contains
o1725;i19902;contains
o1725;i19903;contains
o1725;i19904;contains
o1725;i19905;contains
o1725;i19906;contains
o1725;i19907;contains
o1725;i19908;contains
o1725;i19909;contains
o1725;i19910;contains
o1726;i19911;contains
o1726;i19912;contains
o1726;i19913;contains
o1726;i19914;contains
o1726;i19915;contains
o1726;i19916;contains
o1726;i19917;contains
o1726;i19918;contains
o1726;i19919;contains
o1726;i19920;contains
o1726;i19921;contains
o1726;i19922;contains
o1726;i19923;contains
o1726;i19924;contains
o1727;i19925;contains
o1727;i19926;contains
o1727;i19927;contains
o1727;i19928;contains
o1727;i19929;contains
o1727;i19930;contains
o1727;i19931;contains
o1727;i19932;contains
o1727;i19933;contains
o1727;i19934;contains
o1727;i19935;contains
o1727;i19936;contains
o1727;i19937;contains
o1727;i19938;contains
o1727;i19939;contains
o1727;i19940;contains
o1727;i19941;contains
o1727;i19942;contains
o1727;i19943;contains
o1727;i19944;contains
o1728;i19945;contains
o1728;i19946;contains
o1728;i19947;contains
o1728;i19948;contains
o1728;i19949;contains
o1728;i19950;contains
o1728;i19951;contains
o1728;i19952;contains
o1728;i19953;contains
o1728;i19954;contains
o1728;i19955;contains
o1728;i19956;contains
o1728;i19957;contains
o1728;i19958;contains
o1728;i19959;contains
o1728;i19960;contains
o1728;i19961;contains
o1728;i19962;contains
o1728;i19963;contains
o1728;i19964;contains
o1728;i19965;contains
o1728;i19966;contains
o1728;i19967;contains
o1728;i19968;contains
o1728;i19969;contains
o1728;i19970;contains
o1728;i19971;contains
o1728;i19972;contains
o1728;i19973;contains
o1729;i19974;contains
o1729;i19975;contains
o1729;i19976;contains
o1729;i19977;contains
o1729;i19978;contains
o1729;i19979;contains
o1729;i19980;contains
o1729;i19981;contains
o1729;i19982;contains
o1729;i19983;contains
o1729;i19984;contains
o1729;i19985;contains
o1729;i19986;contains
o1729;i19987;contains
o1729;i19988;contains
o1729;i19989;contains
o1729;i19990;contains
o1729;i19991;contains
o1729;i19992;contains
o1729;i19993;contains
o1729;i19994;contains
o1729;i19995;contains
o1730;i19996;contains
o1730;i19997;contains
o1730;i19998;contains
o1730;i19999;contains
o1730;i20000;contains
o1730;i20001;contains
o1730;i20002;contains
o1730;i20003;contains
o1730;i20004;contains
o1730;i20005;contains
o1730;i20006;contains
o1730;i20007;contains
o1730;i20008;contains
o1730;i20009;contains
o1730;i20010;contains
o1730;i20011;contains
o1730;i20012;contains
o1730;i20013;contains
o1730;i20014;contains
o1730;i20015;contains
o1730;i20016;contains
o1730;i20017;contains
o1730;i20018;contains
o1730;i20019;contains
o1730;i20020;contains
o1730;i20021;contains
o1730;i20022;contains
o1730;i20023;contains
o1730;i20024;contains
o1731;i20025;contains
o1731;i20026;contains
o1731;i20027;contains
o1731;i20028;contains
o1731;i20029;contains
o1731;i20030;contains
o1731;i20031;contains
o1731;i20032;contains
o1731;i20033;contains
o1731;i20034;contains
o1731;i20035;contains
o1731;i20036;contains
o1731;i20037;contains
o1731;i20038;contains
o1731;i20039;contains
o1731;i20040;contains
o1731;i20041;contains
o1731;i20042;contains
o1731;i20043;contains
o1731;i20044;contains
o1731;i20045;contains
o1732;i20046;contains
o1732;i20047;contains
o1732;i20048;contains
o1732;i20049;contains
o1732;i20050;contains
o1732;i20051;contains
o1732;i20052;contains
o1732;i20053;contains
o1732;i20054;contains
o1732;i20055;contains
o1732;i20056;contains
o1732;i20057;contains
o1732;i20058;contains
o1732;i20059;contains
o1732;i20060;contains
o1732;i20061;contains
o1732;i20062;contains
o1732;i20063;contains
o1732;i20064;contains
o1732;i20065;contains
o1732;i20066;contains
o1733;i20067;contains
o1733;i20068;contains
o1733;i20069;contains
o1733;i20070;contains
o1733;i20071;contains
o1733;i20072;contains
o1733;i20073;contains
o1733;i20074;contains
o1733;i20075;contains
o1733;i20076;contains
o1733;i20077;contains
o1733;i20078;contains
o1733;i20079;contains
o1733;i20080;contains
o1733;i20081;contains
o1733;i20082;contains
o1733;i20083;contains
o1734;i20084;contains
o1734;i20085;contains
o1734;i20086;contains
o1734;i20087;contains
o1734;i20088;contains
o1734;i20089;contains
o1734;i20090;contains
o1734;i20091;contains
o1734;i20092;contains
o1734;i20093;contains
o1734;i20094;contains
o1734;i20095;contains
o1734;i20096;contains
o1735;i20097;contains
o1735;i20098;contains
o1735;i20099;contains
o1735;i20100;contains
o1735;i20101;contains
o1735;i20102;contains
o1735;i20103;contains
o1735;i20104;contains
o1735;i20105;contains
o1735;i20106;contains
o1735;i20107;contains
o1735;i20108;contains
o1735;i20109;contains
o1735;i20110;contains
o1735;i20111;contains
o1735;i20112;contains
o1735;i20113;contains
o1735;i20114;contains
o1735;i20115;contains
o1736;i20116;contains
o1736;i20117;contains
o1736;i20118;contains
o1736;i20119;contains
o1736;i20120;contains
o1736;i20121;contains
o1736;i20122;contains
o1736;i20123;contains
o1736;i20124;contains
o1736;i20125;contains
o1736;i20126;contains
o1736;i20127;contains
o1736;i20128;contains
o1736;i20129;contains
o1736;i20130;contains
o1736;i20131;contains
o1737;i20132;contains
o1737;i20133;contains
o1737;i20134;contains
o1737;i20135;contains
o1737;i20136;contains
o1737;i20137;contains
o1737;i20138;contains
o1737;i20139;contains
o1737;i20140;contains
o1737;i20141;contains
o1737;i20142;contains
o1737;i20143;contains
o1737;i20144;contains
o1737;i20145;contains
o1737;i20146;contains
o1737;i20147;contains
o1737;i20148;contains
o1737;i20149;contains
o1737;i20150;contains
o1737;i20151;contains
o1737;i20152;contains
o1737;i20153;contains
o1737;i20154;contains
o1737;i20155;contains
o1737;i20156;contains
o1737;i20157;contains
o1737;i20158;contains
o1738;i20159;contains
o1738;i20160;contains
o1738;i20161;contains
o1738;i20162;contains
o1738;i20163;contains
o1738;i20164;contains
o1738;i20165;contains
o1738;i20166;contains
o1738;i20167;contains
o1738;i20168;contains
o1738;i20169;contains
o1738;i20170;contains
o1738;i20171;contains
o1738;i20172;contains
o1738;i20173;contains
o1738;i20174;contains
o1738;i20175;contains
o1738;i20176;contains
o1738;i20177;contains
o1738;i20178;contains
o1738;i20179;contains
o1738;i20180;contains
o1738;i20181;contains
o1738;i20182;contains
o1738;i20183;contains
o1738;i20184;contains
o1738;i20185;contains
o1738;i20186;contains
o1739;i20187;contains
o1739;i20188;contains
o1739;i20189;contains
o1739;i20190;contains
o1739;i20191;contains
o1739;i20192;contains
o1739;i20193;contains
o1739;i20194;contains
o1739;i20195;contains
o1739;i20196;contains
o1739;i20197;contains
o1739;i20198;contains
o1739;i20199;contains
o1739;i20200;contains
o1739;i20201;contains
o1739;i20202;contains
o1739;i20203;contains
o1739;i20204;contains
o1739;i20205;contains
o1740;i20206;contains
o1740;i20207;contains
o1740;i20208;contains
o1740;i20209;contains
o1740;i20210;contains
o1740;i20211;contains
o1740;i20212;contains
o1740;i20213;contains
o1740;i20214;contains
o1740;i20215;contains
o1740;i20216;contains
o1740;i20217;contains
o1740;i20218;contains
o1740;i20219;contains
o1740;i20220;contains
o1740;i20221;contains
o1740;i20222;contains
o1740;i20223;contains
o1740;i20224;contains
o1740;i20225;contains
o1740;i20226;contains
o1740;i20227;contains
o1740;i20228;contains
o1741;i20229;contains
o1741;i20230;contains
o1741;i20231;contains
o1741;i20232;contains
o1741;i20233;contains
o1741;i20234;contains
o1741;i20235;contains
o1741;i20236;contains
o1741;i20237;contains
o1741;i20238;contains
o1741;i20239;contains
o1741;i20240;contains
o1741;i20241;contains
o1741;i20242;contains
o1741;i20243;contains
o1741;i20244;contains
o1741;i20245;contains
o1741;i20246;contains
o1741;i20247;contains
o1741;i20248;contains
o1741;i20249;contains
o1741;i20250;contains
o1741;i20251;contains
o1741;i20252;contains
o1741;i20253;contains
o1741;i20254;contains
o1741;i20255;contains
o1741;i20256;contains
o1741;i20257;contains
o1742;i20258;contains
o1742;i20259;contains
o1742;i20260;contains
o1742;i20261;contains
o1742;i20262;contains
o1742;i20263;contains
o1742;i20264;contains
o1742;i20265;contains
o1742;i20266;contains
o1742;i20267;contains
o1742;i20268;contains
o1742;i20269;contains
o1742;i20270;contains
o1742;i20271;contains
o1742;i20272;contains
o1742;i20273;contains
o1742;i20274;contains
o1742;i20275;contains
o1742;i20276;contains
o1742;i20277;contains
o1743;i20278;contains
o1743;i20279;contains
o1743;i20280;contains
o1743;i20281;contains
o1743;i20282;contains
o1743;i20283;contains
o1743;i20284;contains
o1743;i20285;contains
o1743;i20286;contains
o1743;i20287;contains
o1743;i20288;contains
o1743;i20289;contains
o1743;i20290;contains
o1743;i20291;contains
o1743;i20292;contains
o1743;i20293;contains
o1743;i20294;contains
o1743;i20295;contains
o1743;i20296;contains
o1743;i20297;contains
o1743;i20298;contains
o1743;i20299;contains
o1743;i20300;contains
o1743;i20301;contains
o1743;i20302;contains
o1743;i20303;contains
o1743;i20304;contains
o1743;i20305;contains
o1743;i20306;contains
o1743;i20307;contains
o1744;i20308;contains
o1744;i20309;contains
o1744;i20310;contains
o1744;i20311;contains
o1744;i20312;contains
o1744;i20313;contains
o1744;i20314;contains
o1744;i20315;contains
o1744;i20316;contains
o1744;i20317;contains
o1744;i20318;contains
o1745;i20319;contains
o1745;i20320;contains
o1745;i20321;contains
o1745;i20322;contains
o1745;i20323;contains
o1745;i20324;contains
o1745;i20325;contains
o1745;i20326;contains
o1745;i20327;contains
o1745;i20328;contains
o1745;i20329;contains
o1745;i20330;contains
o1745;i20331;contains
o1745;i20332;contains
o1745;i20333;contains
o1745;i20334;contains
o1745;i20335;contains
o1745;i20336;contains
o1745;i20337;contains
o1745;i20338;contains
o1745;i20339;contains
o1745;i20340;contains
o1745;i20341;contains
o1745;i20342;contains
o1745;i20343;contains
o1745;i20344;contains
o1745;i20345;contains
o1745;i20346;contains
o1745;i20347;contains
o1745;i20348;contains
o1745;i20349;contains
o1746;i20350;contains
o1746;i20351;contains
o1746;i20352;contains
o1746;i20353;contains
o1746;i20354;contains
o1746;i20355;contains
o1746;i20356;contains
o1746;i20357;contains
o1746;i20358;contains
o1746;i20359;contains
o1746;i20360;contains
o1746;i20361;contains
o1746;i20362;contains
o1746;i20363;contains
o1747;i20364;contains
o1747;i20365;contains
o1747;i20366;contains
o1747;i20367;contains
o1747;i20368;contains
o1747;i20369;contains
o1747;i20370;contains
o1747;i20371;contains
o1747;i20372;contains
o1747;i20373;contains
o1747;i20374;contains
o1747;i20375;contains
o1747;i20376;contains
o1747;i20377;contains
o1747;i20378;contains
o1747;i20379;contains
o1747;i20380;contains
o1747;i20381;contains
o1747;i20382;contains
o1747;i20383;contains
o1747;i20384;contains
o1747;i20385;contains
o1747;i20386;contains
o1747;i20387;contains
o1748;i20388;contains
o1748;i20389;contains
o1748;i20390;contains
o1748;i20391;contains
o1748;i20392;contains
o1748;i20393;contains
o1748;i20394;contains
o1748;i20395;contains
o1748;i20396;contains
o1748;i20397;contains
o1748;i20398;contains
o1748;i20399;contains
o1748;i20400;contains
o1748;i20401;contains
o1748;i20402;contains
o1748;i20403;contains
o1748;i20404;contains
o1748;i20405;contains
o1748;i20406;contains
o1748;i20407;contains
o1748;i20408;contains
o1748;i20409;contains
o1749;i20410;contains
o1749;i20411;contains
o1749;i20412;contains
o1749;i20413;contains
o1749;i20414;contains
o1749;i20415;contains
o1749;i20416;contains
o1749;i20417;contains
o1749;i20418;contains
o1749;i20419;contains
o1749;i20420;contains
o1749;i20421;contains
o1749;i20422;contains
o1749;i20423;contains
o1749;i20424;contains
o1750;i20425;contains
o1750;i20426;contains
o1750;i20427;contains
o1750;i20428;contains
o1750;i20429;contains
o1750;i20430;contains
o1750;i20431;contains
o1750;i20432;contains
o1750;i20433;contains
o1750;i20434;contains
o1750;i20435;contains
o1750;i20436;contains
o1750;i20437;contains
o1750;i20438;contains
o1750;i20439;contains
o1750;i20440;contains
o1751;i20441;contains
o1751;i20442;contains
o1751;i20443;contains
o1751;i20444;contains
o1751;i20445;contains
o1751;i20446;contains
o1751;i20447;contains
o1751;i20448;contains
o1751;i20449;contains
o1751;i20450;contains
o1751;i20451;contains
o1751;i20452;contains
o1751;i20453;contains
o1751;i20454;contains
o1751;i20455;contains
o1751;i20456;contains
o1751;i20457;contains
o1751;i20458;contains
o1751;i20459;contains
o1751;i20460;contains
o1752;i20461;contains
o1752;i20462;contains
o1752;i20463;contains
o1752;i20464;contains
o1752;i20465;contains
o1752;i20466;contains
o1752;i20467;contains
o1752;i20468;contains
o1752;i20469;contains
o1752;i20470;contains
o1752;i20471;contains
o1752;i20472;contains
o1752;i20473;contains
o1752;i20474;contains
o1752;i20475;contains
o1752;i20476;contains
o1752;i20477;contains
o1752;i20478;contains
o1753;i20479;contains
o1753;i20480;contains
o1753;i20481;contains
o1753;i20482;contains
o1753;i20483;contains
o1753;i20484;contains
o1753;i20485;contains
o1753;i20486;contains
o1753;i20487;contains
o1753;i20488;contains
o1753;i20489;contains
o1753;i20490;contains
o1753;i20491;contains
o1753;i20492;contains
o1753;i20493;contains
o1754;i20494;contains
o1754;i20495;contains
o1754;i20496;contains
o1754;i20497;contains
o1754;i20498;contains
o1754;i20499;contains
o1754;i20500;contains
o1754;i20501;contains
o1754;i20502;contains
o1754;i20503;contains
o1754;i20504;contains
o1754;i20505;contains
o1754;i20506;contains
o1754;i20507;contains
o1754;i20508;contains
o1754;i20509;contains
o1754;i20510;contains
o1754;i20511;contains
o1754;i20512;contains
o1754;i20513;contains
o1755;i20514;contains
o1755;i20515;contains
o1755;i20516;contains
o1755;i20517;contains
o1755;i20518;contains
o1755;i20519;contains
o1755;i20520;contains
o1755;i20521;contains
o1755;i20522;contains
o1755;i20523;contains
o1755;i20524;contains
o1755;i20525;contains
o1755;i20526;contains
o1755;i20527;contains
o1755;i20528;contains
o1755;i20529;contains
o1755;i20530;contains
o1756;i20531;contains
o1756;i20532;contains
o1756;i20533;contains
o1756;i20534;contains
o1756;i20535;contains
o1756;i20536;contains
o1756;i20537;contains
o1756;i20538;contains
o1756;i20539;contains
o1756;i20540;contains
o1756;i20541;contains
o1756;i20542;contains
o1756;i20543;contains
o1756;i20544;contains
o1756;i20545;contains
o1756;i20546;contains
o1756;i20547;contains
o1756;i20548;contains
o1756;i20549;contains
o1756;i20550;contains
o1756;i20551;contains
o1756;i20552;contains
o1757;i20553;contains
o1757;i20554;contains
o1757;i20555;contains
o1757;i20556;contains
o1757;i20557;contains
o1757;i20558;contains
o1757;i20559;contains
o1757;i20560;contains
o1757;i20561;contains
o1757;i20562;contains
o1757;i20563;contains
o1757;i20564;contains
o1757;i20565;contains
o1757;i20566;contains
o1757;i20567;contains
o1757;i20568;contains
o1757;i20569;contains
o1757;i20570;contains
o1757;i20571;contains
o1757;i20572;contains
o1758;i20573;contains
o1758;i20574;contains
o1758;i20575;contains
o1758;i20576;contains
o1758;i20577;contains
o1758;i20578;contains
o1758;i20579;contains
o1758;i20580;contains
o1758;i20581;contains
o1758;i20582;contains
o1758;i20583;contains
o1758;i20584;contains
o1758;i20585;contains
o1758;i20586;contains
o1758;i20587;contains
o1758;i20588;contains
o1758;i20589;contains
o1758;i20590;contains
o1758;i20591;contains
o1758;i20592;contains
o1758;i20593;contains
o1758;i20594;contains
o1758;i20595;contains
o1758;i20596;contains
o1759;i20597;contains
o1759;i20598;contains
o1759;i20599;contains
o1759;i20600;contains
o1759;i20601;contains
o1759;i20602;contains
o1759;i20603;contains
o1759;i20604;contains
o1759;i20605;contains
o1759;i20606;contains
o1759;i20607;contains
o1759;i20608;contains
o1759;i20609;contains
o1759;i20610;contains
o1759;i20611;contains
o1759;i20612;contains
o1760;i20613;contains
o1760;i20614;contains
o1760;i20615;contains
o1760;i20616;contains
o1760;i20617;contains
o1760;i20618;contains
o1760;i20619;contains
o1760;i20620;contains
o1760;i20621;contains
o1760;i20622;contains
o1760;i20623;contains
o1760;i20624;contains
o1760;i20625;contains
o1760;i20626;contains
o1761;i20627;contains
o1761;i20628;contains
o1761;i20629;contains
o1761;i20630;contains
o1761;i20631;contains
o1761;i20632;contains
o1761;i20633;contains
o1762;i20634;contains
o1762;i20635;contains
o1762;i20636;contains
o1762;i20637;contains
o1762;i20638;contains
o1762;i20639;contains
o1762;i20640;contains
o1762;i20641;contains
o1762;i20642;contains
o1762;i20643;contains
o1762;i20644;contains
o1762;i20645;contains
o1762;i20646;contains
o1762;i20647;contains
o1762;i20648;contains
o1762;i20649;contains
o1762;i20650;contains
o1762;i20651;contains
o1762;i20652;contains
o1762;i20653;contains
o1762;i20654;contains
o1762;i20655;contains
o1762;i20656;contains
o1762;i20657;contains
o1762;i20658;contains
o1763;i20659;contains
o1763;i20660;contains
o1763;i20661;contains
o1763;i20662;contains
o1763;i20663;contains
o1763;i20664;contains
o1763;i20665;contains
o1763;i20666;contains
o1763;i20667;contains
o1763;i20668;contains
o1763;i20669;contains
o1763;i20670;contains
o1763;i20671;contains
o1763;i20672;contains
o1763;i20673;contains
o1763;i20674;contains
o1763;i20675;contains
o1763;i20676;contains
o1763;i20677;contains
o1763;i20678;contains
o1763;i20679;contains
o1763;i20680;contains
o1763;i20681;contains
o1763;i20682;contains
o1763;i20683;contains
o1763;i20684;contains
o1764;i20685;contains
o1764;i20686;contains
o1764;i20687;contains
o1764;i20688;contains
o1764;i20689;contains
o1764;i20690;contains
o1764;i20691;contains
o1764;i20692;contains
o1764;i20693;contains
o1764;i20694;contains
o1764;i20695;contains
o1764;i20696;contains
o1764;i20697;contains
o1764;i20698;contains
o1764;i20699;contains
o1764;i20700;contains
o1764;i20701;contains
o1764;i20702;contains
o1764;i20703;contains
o1764;i20704;contains
o1764;i20705;contains
o1764;i20706;contains
o1764;i20707;contains
o1764;i20708;contains
o1764;i20709;contains
o1764;i20710;contains
o1764;i20711;contains
o1764;i20712;contains
o1765;i20713;contains
o1765;i20714;contains
o1765;i20715;contains
o1765;i20716;contains
o1765;i20717;contains
o1765;i20718;contains
o1765;i20719;contains
o1765;i20720;contains
o1765;i20721;contains
o1765;i20722;contains
o1765;i20723;contains
o1765;i20724;contains
o1765;i20725;contains
o1765;i20726;contains
o1765;i20727;contains
o1765;i20728;contains
o1765;i20729;contains
o1765;i20730;contains
o1765;i20731;contains
o1765;i20732;contains
o1765;i20733;contains
o1765;i20734;contains
o1766;i20735;contains
o1766;i20736;contains
o1766;i20737;contains
o1766;i20738;contains
o1766;i20739;contains
o1766;i20740;contains
o1766;i20741;contains
o1766;i20742;contains
o1766;i20743;contains
o1766;i20744;contains
o1766;i20745;contains
o1766;i20746;contains
o1766;i20747;contains
o1766;i20748;contains
o1766;i20749;contains
o1766;i20750;contains
o1766;i20751;contains
o1766;i20752;contains
o1766;i20753;contains
o1766;i20754;contains
o1766;i20755;contains
o1766;i20756;contains
o1767;i20757;contains
o1767;i20758;contains
o1767;i20759;contains
o1767;i20760;contains
o1767;i20761;contains
o1767;i20762;contains
o1767;i20763;contains
o1767;i20764;contains
o1767;i20765;contains
o1767;i20766;contains
o1767;i20767;contains
o1767;i20768;contains
o1767;i20769;contains
o1767;i20770;contains
o1767;i20771;contains
o1767;i20772;contains
o1767;i20773;contains
o1767;i20774;contains
o1767;i20775;contains
o1767;i20776;contains
o1767;i20777;contains
o1767;i20778;contains
o1767;i20779;contains
o1768;i20780;contains
o1768;i20781;contains
o1768;i20782;contains
o1768;i20783;contains
o1768;i20784;contains
o1768;i20785;contains
o1768;i20786;contains
o1768;i20787;contains
o1768;i20788;contains
o1768;i20789;contains
o1768;i20790;contains
o1768;i20791;contains
o1768;i20792;contains
o1768;i20793;contains
o1768;i20794;contains
o1768;i20795;contains
o1768;i20796;contains
o1768;i20797;contains
o1768;i20798;contains
o1768;i20799;contains
o1768;i20800;contains
o1769;i20801;contains
o1769;i20802;contains
o1769;i20803;contains
o1769;i20804;contains
o1769;i20805;contains
o1769;i20806;contains
o1769;i20807;contains
o1769;i20808;contains
o1769;i20809;contains
o1769;i20810;contains
o1769;i20811;contains
o1769;i20812;contains
o1769;i20813;contains
o1769;i20814;contains
o1769;i20815;contains
o1769;i20816;contains
o1769;i20817;contains
o1769;i20818;contains
o1769;i20819;contains
o1769;i20820;contains
o1770;i20821;contains
o1770;i20822;contains
o1770;i20823;contains
o1770;i20824;contains
o1770;i20825;contains
o1770;i20826;contains
o1770;i20827;contains
o1770;i20828;contains
o1770;i20829;contains
o1770;i20830;contains
o1770;i20831;contains
o1770;i20832;contains
o1770;i20833;contains
o1770;i20834;contains
o1770;i20835;contains
o1770;i20836;contains
o1770;i20837;contains
o1771;i20838;contains
o1771;i20839;contains
o1771;i20840;contains
o1771;i20841;contains
o1771;i20842;contains
o1771;i20843;contains
o1771;i20844;contains
o1771;i20845;contains
o1771;i20846;contains
o1771;i20847;contains
o1771;i20848;contains
o1771;i20849;contains
o1771;i20850;contains
o1771;i20851;contains
o1772;i20852;contains
o1772;i20853;contains
o1772;i20854;contains
o1772;i20855;contains
o1772;i20856;contains
o1772;i20857;contains
o1772;i20858;contains
o1772;i20859;contains
o1772;i20860;contains
o1772;i20861;contains
o1772;i20862;contains
o1772;i20863;contains
o1772;i20864;contains
o1772;i20865;contains
o1772;i20866;contains
o1772;i20867;contains
o1772;i20868;contains
o1772;i20869;contains
o1772;i20870;contains
o1772;i20871;contains
o1773;i20872;contains
o1773;i20873;contains
o1773;i20874;contains
o1773;i20875;contains
o1773;i20876;contains
o1773;i20877;contains
o1773;i20878;contains
o1773;i20879;contains
o1773;i20880;contains
o1773;i20881;contains
o1773;i20882;contains
o1773;i20883;contains
o1773;i20884;contains
o1773;i20885;contains
o1773;i20886;contains
o1773;i20887;contains
o1773;i20888;contains
o1773;i20889;contains
o1774;i20890;contains
o1774;i20891;contains
o1774;i20892;contains
o1774;i20893;contains
o1774;i20894;contains
o1774;i20895;contains
o1774;i20896;contains
o1774;i20897;contains
o1774;i20898;contains
o1774;i20899;contains
o1774;i20900;contains
o1774;i20901;contains
o1774;i20902;contains
o1774;i20903;contains
o1774;i20904;contains
o1774;i20905;contains
o1774;i20906;contains
o1774;i20907;contains
o1774;i20908;contains
o1774;i20909;contains
o1775;i20910;contains
o1775;i20911;contains
o1775;i20912;contains
o1775;i20913;contains
o1775;i20914;contains
o1775;i20915;contains
o1775;i20916;contains
o1775;i20917;contains
o1775;i20918;contains
o1775;i20919;contains
o1775;i20920;contains
o1775;i20921;contains
o1775;i20922;contains
o1775;i20923;contains
o1775;i20924;contains
o1775;i20925;contains
o1775;i20926;contains
o1775;i20927;contains
o1775;i20928;contains
o1776;i20929;contains
o1776;i20930;contains
o1776;i20931;contains
o1776;i20932;contains
o1776;i20933;contains
o1776;i20934;contains
o1776;i20935;contains
o1776;i20936;contains
o1776;i20937;contains
o1776;i20938;contains
o1776;i20939;contains
o1776;i20940;contains
o1776;i20941;contains
o1776;i20942;contains
o1776;i20943;contains
o1776;i20944;contains
o1776;i20945;contains
o1776;i20946;contains
o1776;i20947;contains
o1776;i20948;contains
o1776;i20949;contains
o1776;i20950;contains
o1776;i20951;contains
o1776;i20952;contains
o1776;i20953;contains
o1776;i20954;contains
o1777;i20955;contains
o1777;i20956;contains
o1777;i20957;contains
o1777;i20958;contains
o1777;i20959;contains
o1777;i20960;contains
o1777;i20961;contains
o1777;i20962;contains
o1777;i20963;contains
o1777;i20964;contains
o1777;i20965;contains
o1777;i20966;contains
o1777;i20967;contains
o1777;i20968;contains
o1777;i20969;contains
o1777;i20970;contains
o1778;i20971;contains
o1778;i20972;contains
o1778;i20973;contains
o1778;i20974;contains
o1778;i20975;contains
o1778;i20976;contains
o1778;i20977;contains
o1778;i20978;contains
o1778;i20979;contains
o1778;i20980;contains
o1778;i20981;contains
o1778;i20982;contains
o1778;i20983;contains
o1778;i20984;contains
o1778;i20985;contains
o1778;i20986;contains
o1779;i20987;contains
o1779;i20988;contains
o1779;i20989;contains
o1779;i20990;contains
o1779;i20991;contains
o1779;i20992;contains
o1779;i20993;contains
o1779;i20994;contains
o1779;i20995;contains
o1779;i20996;contains
o1779;i20997;contains
o1779;i20998;contains
o1779;i20999;contains
o1779;i21000;contains
o1779;i21001;contains
o1779;i21002;contains
o1779;i21003;contains
o1779;i21004;contains
o1779;i21005;contains
o1779;i21006;contains
o1779;i21007;contains
o1780;i21008;contains
o1780;i21009;contains
o1780;i21010;contains
o1780;i21011;contains
o1780;i21012;contains
o1780;i21013;contains
o1780;i21014;contains
o1780;i21015;contains
o1780;i21016;contains
o1780;i21017;contains
o1780;i21018;contains
o1780;i21019;contains
o1780;i21020;contains
o1780;i21021;contains
o1780;i21022;contains
o1780;i21023;contains
o1780;i21024;contains
o1780;i21025;contains
o1780;i21026;contains
o1780;i21027;contains
o1780;i21028;contains
o1780;i21029;contains
o1780;i21030;contains
o1780;i21031;contains
o1780;i21032;contains
o1781;i21033;contains
o1781;i21034;contains
o1781;i21035;contains
o1781;i21036;contains
o1781;i21037;contains
o1781;i21038;contains
o1781;i21039;contains
o1781;i21040;contains
o1781;i21041;contains
o1781;i21042;contains
o1781;i21043;contains
o1781;i21044;contains
o1781;i21045;contains
o1781;i21046;contains
o1781;i21047;contains
o1781;i21048;contains
o1781;i21049;contains
o1781;i21050;contains
o1781;i21051;contains
o1781;i21052;contains
o1781;i21053;contains
o1782;i21054;contains
o1782;i21055;contains
o1782;i21056;contains
o1782;i21057;contains
o1782;i21058;contains
o1782;i21059;contains
o1782;i21060;contains
o1782;i21061;contains
o1782;i21062;contains
o1782;i21063;contains
o1782;i21064;contains
o1782;i21065;contains
o1782;i21066;contains
o1782;i21067;contains
o1782;i21068;contains
o1782;i21069;contains
o1783;i21070;contains
o1783;i21071;contains
o1783;i21072;contains
o1783;i21073;contains
o1783;i21074;contains
o1783;i21075;contains
o1783;i21076;contains
o1783;i21077;contains
o1783;i21078;contains
o1783;i21079;contains
o1783;i21080;contains
o1783;i21081;contains
o1784;i21082;contains
o1784;i21083;contains
o1784;i21084;contains
o1784;i21085;contains
o1784;i21086;contains
o1784;i21087;contains
o1784;i21088;contains
o1784;i21089;contains
o1784;i21090;contains
o1784;i21091;contains
o1784;i21092;contains
o1784;i21093;contains
o1784;i21094;contains
o1784;i21095;contains
o1784;i21096;contains
o1784;i21097;contains
o1784;i21098;contains
o1784;i21099;contains
o1784;i21100;contains
o1785;i21101;contains
o1785;i21102;contains
o1785;i21103;contains
o1785;i21104;contains
o1785;i21105;contains
o1785;i21106;contains
o1785;i21107;contains
o1785;i21108;contains
o1785;i21109;contains
o1785;i21110;contains
o1785;i21111;contains
o1785;i21112;contains
o1785;i21113;contains
o1785;i21114;contains
o1785;i21115;contains
o1786;i21116;contains
o1786;i21117;contains
o1786;i21118;contains
o1786;i21119;contains
o1786;i21120;contains
o1786;i21121;contains
o1786;i21122;contains
o1786;i21123;contains
o1786;i21124;contains
o1786;i21125;contains
o1786;i21126;contains
o1786;i21127;contains
o1786;i21128;contains
o1786;i21129;contains
o1786;i21130;contains
o1786;i21131;contains
o1786;i21132;contains
o1786;i21133;contains
o1787;i21134;contains
o1787;i21135;contains
o1787;i21136;contains
o1787;i21137;contains
o1787;i21138;contains
o1787;i21139;contains
o1787;i21140;contains
o1787;i21141;contains
o1787;i21142;contains
o1787;i21143;contains
o1787;i21144;contains
o1787;i21145;contains
o1787;i21146;contains
o1787;i21147;contains
o1787;i21148;contains
o1787;i21149;contains
o1787;i21150;contains
o1787;i21151;contains
o1787;i21152;contains
o1787;i21153;contains
o1787;i21154;contains
o1787;i21155;contains
o1787;i21156;contains
o1788;i21157;contains
o1788;i21158;contains
o1788;i21159;contains
o1788;i21160;contains
o1788;i21161;contains
o1788;i21162;contains
o1788;i21163;contains
o1788;i21164;contains
o1788;i21165;contains
o1788;i21166;contains
o1788;i21167;contains
o1788;i21168;contains
o1788;i21169;contains
o1788;i21170;contains
o1789;i21171;contains
o1789;i21172;contains
o1789;i21173;contains
o1789;i21174;contains
o1789;i21175;contains
o1789;i21176;contains
o1789;i21177;contains
o1789;i21178;contains
o1789;i21179;contains
o1789;i21180;contains
o1789;i21181;contains
o1789;i21182;contains
o1789;i21183;contains
o1789;i21184;contains
o1789;i21185;contains
o1789;i21186;contains
o1789;i21187;contains
o1789;i21188;contains
o1789;i21189;contains
o1789;i21190;contains
o1789;i21191;contains
o1790;i21192;contains
o1790;i21193;contains
o1790;i21194;contains
o1790;i21195;contains
o1790;i21196;contains
o1790;i21197;contains
o1790;i21198;contains
o1790;i21199;contains
o1790;i21200;contains
o1790;i21201;contains
o1790;i21202;contains
o1790;i21203;contains
o1790;i21204;contains
o1790;i21205;contains
o1790;i21206;contains
o1791;i21207;contains
o1791;i21208;contains
o1791;i21209;contains
o1791;i21210;contains
o1791;i21211;contains
o1791;i21212;contains
o1791;i21213;contains
o1791;i21214;contains
o1791;i21215;contains
o1791;i21216;contains
o1791;i21217;contains
o1791;i21218;contains
o1791;i21219;contains
o1791;i21220;contains
o1791;i21221;contains
o1791;i21222;contains
o1792;i21223;contains
o1792;i21224;contains
o1792;i21225;contains
o1792;i21226;contains
o1792;i21227;contains
o1792;i21228;contains
o1792;i21229;contains
o1792;i21230;contains
o1792;i21231;contains
o1792;i21232;contains
o1792;i21233;contains
o1792;i21234;contains
o1792;i21235;contains
o1792;i21236;contains
o1792;i21237;contains
o1793;i21238;contains
o1793;i21239;contains
o1793;i21240;contains
o1793;i21241;contains
o1793;i21242;contains
o1793;i21243;contains
o1793;i21244;contains
o1793;i21245;contains
o1793;i21246;contains
o1793;i21247;contains
o1793;i21248;contains
o1793;i21249;contains
o1793;i21250;contains
o1793;i21251;contains
o1793;i21252;contains
o1794;i21253;contains
o1794;i21254;contains
o1794;i21255;contains
o1794;i21256;contains
o1794;i21257;contains
o1794;i21258;contains
o1794;i21259;contains
o1794;i21260;contains
o1794;i21261;contains
o1794;i21262;contains
o1794;i21263;contains
o1794;i21264;contains
o1794;i21265;contains
o1794;i21266;contains
o1794;i21267;contains
o1794;i21268;contains
o1794;i21269;contains
o1794;i21270;contains
o1794;i21271;contains
o1794;i21272;contains
o1794;i21273;contains
o1794;i21274;contains
o1794;i21275;contains
o1794;i21276;contains
o1794;i21277;contains
o1794;i21278;contains
o1794;i21279;contains
o1794;i21280;contains
o1794;i21281;contains
o1794;i21282;contains
o1795;i21283;contains
o1795;i21284;contains
o1795;i21285;contains
o1795;i21286;contains
o1795;i21287;contains
o1795;i21288;contains
o1795;i21289;contains
o1795;i21290;contains
o1795;i21291;contains
o1795;i21292;contains
o1795;i21293;contains
o1795;i21294;contains
o1795;i21295;contains
o1795;i21296;contains
o1795;i21297;contains
o1795;i21298;contains
o1795;i21299;contains
o1795;i21300;contains
o1795;i21301;contains
o1795;i21302;contains
o1795;i21303;contains
o1795;i21304;contains
o1795;i21305;contains
o1795;i21306;contains
o1796;i21307;contains
o1796;i21308;contains
o1796;i21309;contains
o1796;i21310;contains
o1796;i21311;contains
o1796;i21312;contains
o1796;i21313;contains
o1796;i21314;contains
o1796;i21315;contains
o1796;i21316;contains
o1796;i21317;contains
o1796;i21318;contains
o1796;i21319;contains
o1796;i21320;contains
o1796;i21321;contains
o1796;i21322;contains
o1797;i21323;contains
o1797;i21324;contains
o1797;i21325;contains
o1797;i21326;contains
o1797;i21327;contains
o1797;i21328;contains
o1797;i21329;contains
o1797;i21330;contains
o1797;i21331;contains
o1797;i21332;contains
o1797;i21333;contains
o1797;i21334;contains
o1797;i21335;contains
o1797;i21336;contains
o1797;i21337;contains
o1797;i21338;contains
o1797;i21339;contains
o1797;i21340;contains
o1798;i21341;contains
o1798;i21342;contains
o1798;i21343;contains
o1798;i21344;contains
o1798;i21345;contains
o1798;i21346;contains
o1798;i21347;contains
o1798;i21348;contains
o1798;i21349;contains
o1798;i21350;contains
o1798;i21351;contains
o1798;i21352;contains
o1798;i21353;contains
o1798;i21354;contains
o1798;i21355;contains
o1798;i21356;contains
o1798;i21357;contains
o1798;i21358;contains
o1798;i21359;contains
o1798;i21360;contains
o1798;i21361;contains
o1799;i21362;contains
o1799;i21363;contains
o1799;i21364;contains
o1799;i21365;contains
o1799;i21366;contains
o1799;i21367;contains
o1799;i21368;contains
o1799;i21369;contains
o1799;i21370;contains
o1799;i21371;contains
o1799;i21372;contains
o1799;i21373;contains
o1799;i21374;contains
o1799;i21375;contains
o1799;i21376;contains
o1799;i21377;contains
o1800;i21378;contains
o1800;i21379;contains
o1800;i21380;contains
o1800;i21381;contains
o1800;i21382;contains
o1800;i21383;contains
o1800;i21384;contains
o1800;i21385;contains
o1800;i21386;contains
o1800;i21387;contains
o1800;i21388;contains
o1800;i21389;contains
o1800;i21390;contains
o1800;i21391;contains
o1800;i21392;contains
o1800;i21393;contains
o1800;i21394;contains
o1800;i21395;contains
o1801;i21396;contains
o1801;i21397;contains
o1801;i21398;contains
o1801;i21399;contains
o1801;i21400;contains
o1801;i21401;contains
o1801;i21402;contains
o1801;i21403;contains
o1801;i21404;contains
o1801;i21405;contains
o1801;i21406;contains
o1801;i21407;contains
o1801;i21408;contains
o1801;i21409;contains
o1801;i21410;contains
o1801;i21411;contains
o1801;i21412;contains
o1801;i21413;contains
o1801;i21414;contains
o1801;i21415;contains
o1801;i21416;contains
o1801;i21417;contains
o1801;i21418;contains
o1801;i21419;contains
o1801;i21420;contains
o1801;i21421;contains
o1801;i21422;contains
o1802;i21423;contains
o1802;i21424;contains
o1802;i21425;contains
o1802;i21426;contains
o1802;i21427;contains
o1802;i21428;contains
o1802;i21429;contains
o1802;i21430;contains
o1802;i21431;contains
o1802;i21432;contains
o1802;i21433;contains
o1802;i21434;contains
o1802;i21435;contains
o1802;i21436;contains
o1802;i21437;contains
o1802;i21438;contains
o1802;i21439;contains
o1802;i21440;contains
o1802;i21441;contains
o1802;i21442;contains
o1802;i21443;contains
o1802;i21444;contains
o1802;i21445;contains
o1802;i21446;contains
o1802;i21447;contains
o1803;i21448;contains
o1803;i21449;contains
o1803;i21450;contains
o1803;i21451;contains
o1803;i21452;contains
o1803;i21453;contains
o1803;i21454;contains
o1803;i21455;contains
o1803;i21456;contains
o1803;i21457;contains
o1803;i21458;contains
o1804;i21459;contains
o1804;i21460;contains
o1804;i21461;contains
o1804;i21462;contains
o1804;i21463;contains
o1804;i21464;contains
o1804;i21465;contains
o1804;i21466;contains
o1804;i21467;contains
o1804;i21468;contains
o1804;i21469;contains
o1804;i21470;contains
o1804;i21471;contains
o1804;i21472;contains
o1804;i21473;contains
o1804;i21474;contains
o1804;i21475;contains
o1805;i21476;contains
o1805;i21477;contains
o1805;i21478;contains
o1805;i21479;contains
o1805;i21480;contains
o1805;i21481;contains
o1805;i21482;contains
o1805;i21483;contains
o1805;i21484;contains
o1805;i21485;contains
o1805;i21486;contains
o1805;i21487;contains
o1805;i21488;contains
o1806;i21489;contains
o1806;i21490;contains
o1806;i21491;contains
o1806;i21492;contains
o1806;i21493;contains
o1806;i21494;contains
o1806;i21495;contains
o1806;i21496;contains
o1806;i21497;contains
o1806;i21498;contains
o1806;i21499;contains
o1806;i21500;contains
o1806;i21501;contains
o1806;i21502;contains
o1806;i21503;contains
o1806;i21504;contains
o1806;i21505;contains
o1807;i21506;contains
o1807;i21507;contains
o1807;i21508;contains
o1807;i21509;contains
o1807;i21510;contains
o1807;i21511;contains
o1807;i21512;contains
o1807;i21513;contains
o1807;i21514;contains
o1807;i21515;contains
o1807;i21516;contains
o1807;i21517;contains
o1807;i21518;contains
o1807;i21519;contains
o1807;i21520;contains
o1807;i21521;contains
o1807;i21522;contains
o1807;i21523;contains
o1807;i21524;contains
o1807;i21525;contains
o1807;i21526;contains
o1807;i21527;contains
o1808;i21528;contains
o1808;i21529;contains
o1808;i21530;contains
o1808;i21531;contains
o1808;i21532;contains
o1808;i21533;contains
o1808;i21534;contains
o1808;i21535;contains
o1808;i21536;contains
o1808;i21537;contains
o1808;i21538;contains
o1808;i21539;contains
o1808;i21540;contains
o1808;i21541;contains
o1808;i21542;contains
o1808;i21543;contains
o1808;i21544;contains
o1808;i21545;contains
o1808;i21546;contains
o1808;i21547;contains
o1809;i21548;contains
o1809;i21549;contains
o1809;i21550;contains
o1809;i21551;contains
o1809;i21552;contains
o1809;i21553;contains
o1809;i21554;contains
o1809;i21555;contains
o1809;i21556;contains
o1809;i21557;contains
o1809;i21558;contains
o1809;i21559;contains
o1809;i21560;contains
o1809;i21561;contains
o1809;i21562;contains
o1809;i21563;contains
o1809;i21564;contains
o1809;i21565;contains
o1809;i21566;contains
o1809;i21567;contains
o1809;i21568;contains
o1809;i21569;contains
o1809;i21570;contains
o1809;i21571;contains
o1809;i21572;contains
o1809;i21573;contains
o1809;i21574;contains
o1809;i21575;contains
o1809;i21576;contains
o1809;i21577;contains
o1809;i21578;contains
o1809;i21579;contains
o1809;i21580;contains
o1810;i21581;contains
o1810;i21582;contains
o1810;i21583;contains
o1810;i21584;contains
o1810;i21585;contains
o1810;i21586;contains
o1810;i21587;contains
o1810;i21588;contains
o1810;i21589;contains
o1810;i21590;contains
o1810;i21591;contains
o1810;i21592;contains
o1810;i21593;contains
o1810;i21594;contains
o1810;i21595;contains
o1810;i21596;contains
o1810;i21597;contains
o1810;i21598;contains
o1810;i21599;contains
o1810;i21600;contains
o1810;i21601;contains
o1810;i21602;contains
o1810;i21603;contains
o1810;i21604;contains
o1810;i21605;contains
o1810;i21606;contains
o1811;i21607;contains
o1811;i21608;contains
o1811;i21609;contains
o1811;i21610;contains
o1811;i21611;contains
o1811;i21612;contains
o1811;i21613;contains
o1811;i21614;contains
o1811;i21615;contains
o1811;i21616;contains
o1811;i21617;contains
o1811;i21618;contains
o1811;i21619;contains
o1811;i21620;contains
o1811;i21621;contains
o1811;i21622;contains
o1811;i21623;contains
o1811;i21624;contains
o1811;i21625;contains
o1811;i21626;contains
o1811;i21627;contains
o1811;i21628;contains
o1811;i21629;contains
o1811;i21630;contains
o1811;i21631;contains
o1811;i21632;contains
o1812;i21633;contains
o1812;i21634;contains
o1812;i21635;contains
o1812;i21636;contains
o1812;i21637;contains
o1812;i21638;contains
o1812;i21639;contains
o1812;i21640;contains
o1812;i21641;contains
o1812;i21642;contains
o1812;i21643;contains
o1812;i21644;contains
o1812;i21645;contains
o1812;i21646;contains
o1812;i21647;contains
o1812;i21648;contains
o1813;i21649;contains
o1813;i21650;contains
o1813;i21651;contains
o1813;i21652;contains
o1813;i21653;contains
o1813;i21654;contains
o1813;i21655;contains
o1813;i21656;contains
o1813;i21657;contains
o1813;i21658;contains
o1813;i21659;contains
o1813;i21660;contains
o1813;i21661;contains
o1813;i21662;contains
o1813;i21663;contains
o1813;i21664;contains
o1813;i21665;contains
o1813;i21666;contains
o1813;i21667;contains
o1813;i21668;contains
o1814;i21669;contains
o1814;i21670;contains
o1814;i21671;contains
o1814;i21672;contains
o1814;i21673;contains
o1814;i21674;contains
o1814;i21675;contains
o1814;i21676;contains
o1814;i21677;contains
o1814;i21678;contains
o1814;i21679;contains
o1814;i21680;contains
o1814;i21681;contains
o1814;i21682;contains
o1814;i21683;contains
o1814;i21684;contains
o1814;i21685;contains
o1814;i21686;contains
o1814;i21687;contains
o1814;i21688;contains
o1814;i21689;contains
o1814;i21690;contains
o1814;i21691;contains
o1814;i21692;contains
o1814;i21693;contains
o1814;i21694;contains
o1814;i21695;contains
o1815;i21696;contains
o1815;i21697;contains
o1815;i21698;contains
o1815;i21699;contains
o1815;i21700;contains
o1815;i21701;contains
o1815;i21702;contains
o1815;i21703;contains
o1815;i21704;contains
o1815;i21705;contains
o1815;i21706;contains
o1815;i21707;contains
o1815;i21708;contains
o1815;i21709;contains
o1815;i21710;contains
o1815;i21711;contains
o1815;i21712;contains
o1815;i21713;contains
o1815;i21714;contains
o1815;i21715;contains
o1815;i21716;contains
o1815;i21717;contains
o1816;i21718;contains
o1816;i21719;contains
o1816;i21720;contains
o1816;i21721;contains
o1816;i21722;contains
o1816;i21723;contains
o1816;i21724;contains
o1816;i21725;contains
o1816;i21726;contains
o1816;i21727;contains
o1816;i21728;contains
o1816;i21729;contains
o1816;i21730;contains
o1816;i21731;contains
o1816;i21732;contains
o1816;i21733;contains
o1816;i21734;contains
o1817;i21735;contains
o1817;i21736;contains
o1817;i21737;contains
o1817;i21738;contains
o1817;i21739;contains
o1817;i21740;contains
o1817;i21741;contains
o1817;i21742;contains
o1817;i21743;contains
o1817;i21744;contains
o1817;i21745;contains
o1817;i21746;contains
o1817;i21747;contains
o1817;i21748;contains
o1817;i21749;contains
o1817;i21750;contains
o1817;i21751;contains
o1817;i21752;contains
o1817;i21753;contains
o1817;i21754;contains
o1817;i21755;contains
o1817;i21756;contains
o1817;i21757;contains
o1817;i21758;contains
o1817;i21759;contains
o1818;i21760;contains
o1818;i21761;contains
o1818;i21762;contains
o1818;i21763;contains
o1818;i21764;contains
o1818;i21765;contains
o1818;i21766;contains
o1818;i21767;contains
o1818;i21768;contains
o1818;i21769;contains
o1818;i21770;contains
o1818;i21771;contains
o1818;i21772;contains
o1818;i21773;contains
o1818;i21774;contains
o1818;i21775;contains
o1818;i21776;contains
o1818;i21777;contains
o1819;i21778;contains
o1819;i21779;contains
o1819;i21780;contains
o1819;i21781;contains
o1819;i21782;contains
o1819;i21783;contains
o1819;i21784;contains
o1819;i21785;contains
o1819;i21786;contains
o1819;i21787;contains
o1819;i21788;contains
o1819;i21789;contains
o1819;i21790;contains
o1819;i21791;contains
o1819;i21792;contains
o1819;i21793;contains
o1820;i21794;contains
o1820;i21795;contains
o1820;i21796;contains
o1820;i21797;contains
o1820;i21798;contains
o1820;i21799;contains
o1820;i21800;contains
o1820;i21801;contains
o1820;i21802;contains
o1820;i21803;contains
o1820;i21804;contains
o1820;i21805;contains
o1820;i21806;contains
o1820;i21807;contains
o1820;i21808;contains
o1820;i21809;contains
o1820;i21810;contains
o1820;i21811;contains
o1820;i21812;contains
o1820;i21813;contains
o1820;i21814;contains
o1820;i21815;contains
o1821;i21816;contains
o1821;i21817;contains
o1821;i21818;contains
o1821;i21819;contains
o1821;i21820;contains
o1821;i21821;contains
o1821;i21822;contains
o1821;i21823;contains
o1821;i21824;contains
o1821;i21825;contains
o1821;i21826;contains
o1821;i21827;contains
o1822;i21828;contains
o1822;i21829;contains
o1822;i21830;contains
o1822;i21831;contains
o1822;i21832;contains
o1822;i21833;contains
o1822;i21834;contains
o1822;i21835;contains
o1822;i21836;contains
o1822;i21837;contains
o1822;i21838;contains
o1822;i21839;contains
o1822;i21840;contains
o1822;i21841;contains
o1822;i21842;contains
o1822;i21843;contains
o1822;i21844;contains
o1822;i21845;contains
o1822;i21846;contains
o1822;i21847;contains
o1822;i21848;contains
o1822;i21849;contains
o1822;i21850;contains
o1822;i21851;contains
o1822;i21852;contains
o1822;i21853;contains
o1822;i21854;contains
o1822;i21855;contains
o1822;i21856;contains
o1822;i21857;contains
o1823;i21858;contains
o1823;i21859;contains
o1823;i21860;contains
o1823;i21861;contains
o1823;i21862;contains
o1823;i21863;contains
o1823;i21864;contains
o1823;i21865;contains
o1823;i21866;contains
o1823;i21867;contains
o1823;i21868;contains
o1823;i21869;contains
o1823;i21870;contains
o1823;i21871;contains
o1823;i21872;contains
o1823;i21873;contains
o1823;i21874;contains
o1823;i21875;contains
o1823;i21876;contains
o1823;i21877;contains
o1823;i21878;contains
o1823;i21879;contains
o1823;i21880;contains
o1823;i21881;contains
o1823;i21882;contains
o1823;i21883;contains
o1824;i21884;contains
o1824;i21885;contains
o1824;i21886;contains
o1824;i21887;contains
o1824;i21888;contains
o1824;i21889;contains
o1824;i21890;contains
o1824;i21891;contains
o1824;i21892;contains
o1824;i21893;contains
o1824;i21894;contains
o1824;i21895;contains
o1824;i21896;contains
o1824;i21897;contains
o1824;i21898;contains
o1824;i21899;contains
o1824;i21900;contains
o1824;i21901;contains
o1824;i21902;contains
o1824;i21903;contains
o1824;i21904;contains
o1824;i21905;contains
o1824;i21906;contains
o1824;i21907;contains
o1824;i21908;contains
o1824;i21909;contains
o1824;i21910;contains
o1825;i21911;contains
o1825;i21912;contains
o1825;i21913;contains
o1825;i21914;contains
o1825;i21915;contains
o1825;i21916;contains
o1825;i21917;contains
o1825;i21918;contains
o1825;i21919;contains
o1825;i21920;contains
o1825;i21921;contains
o1825;i21922;contains
o1825;i21923;contains
o1825;i21924;contains
o1825;i21925;contains
o1825;i21926;contains
o1825;i21927;contains
o1825;i21928;contains
o1825;i21929;contains
o1825;i21930;contains
o1825;i21931;contains
o1825;i21932;contains
o1825;i21933;contains
o1825;i21934;contains
o1825;i21935;contains
o1825;i21936;contains
o1825;i21937;contains
o1826;i21938;contains
o1826;i21939;contains
o1826;i21940;contains
o1826;i21941;contains
o1826;i21942;contains
o1826;i21943;contains
o1826;i21944;contains
o1826;i21945;contains
o1826;i21946;contains
o1826;i21947;contains
o1826;i21948;contains
o1826;i21949;contains
o1826;i21950;contains
o1826;i21951;contains
o1826;i21952;contains
o1826;i21953;contains
o1826;i21954;contains
o1826;i21955;contains
o1826;i21956;contains
o1826;i21957;contains
o1826;i21958;contains
o1826;i21959;contains
o1826;i21960;contains
o1826;i21961;contains
o1826;i21962;contains
o1827;i21963;contains
o1827;i21964;contains
o1827;i21965;contains
o1827;i21966;contains
o1827;i21967;contains
o1827;i21968;contains
o1827;i21969;contains
o1827;i21970;contains
o1827;i21971;contains
o1827;i21972;contains
o1827;i21973;contains
o1827;i21974;contains
o1827;i21975;contains
o1827;i21976;contains
o1827;i21977;contains
o1827;i21978;contains
o1827;i21979;contains
o1827;i21980;contains
o1827;i21981;contains
o1827;i21982;contains
o1827;i21983;contains
o1827;i21984;contains
o1827;i21985;contains
o1827;i21986;contains
o1828;i21987;contains
o1828;i21988;contains
o1828;i21989;contains
o1828;i21990;contains
o1828;i21991;contains
o1828;i21992;contains
o1828;i21993;contains
o1828;i21994;contains
o1828;i21995;contains
o1828;i21996;contains
o1828;i21997;contains
o1828;i21998;contains
o1828;i21999;contains
o1828;i22000;contains
o1828;i22001;contains
o1828;i22002;contains
o1828;i22003;contains
o1828;i22004;contains
o1829;i22005;contains
o1829;i22006;contains
o1829;i22007;contains
o1829;i22008;contains
o1829;i22009;contains
o1829;i22010;contains
o1829;i22011;contains
o1829;i22012;contains
o1829;i22013;contains
o1829;i22014;contains
o1829;i22015;contains
o1829;i22016;contains
o1829;i22017;contains
o1829;i22018;contains
o1829;i22019;contains
o1829;i22020;contains
o1829;i22021;contains
o1829;i22022;contains
o1829;i22023;contains
o1829;i22024;contains
o1830;i22025;contains
o1830;i22026;contains
o1830;i22027;contains
o1830;i22028;contains
o1830;i22029;contains
o1830;i22030;contains
o1830;i22031;contains
o1830;i22032;contains
o1830;i22033;contains
o1830;i22034;contains
o1830;i22035;contains
o1830;i22036;contains
o1830;i22037;contains
o1830;i22038;contains
o1830;i22039;contains
o1830;i22040;contains
o1830;i22041;contains
o1830;i22042;contains
o1830;i22043;contains
o1830;i22044;contains
o1831;i22045;contains
o1831;i22046;contains
o1831;i22047;contains
o1831;i22048;contains
o1831;i22049;contains
o1831;i22050;contains
o1831;i22051;contains
o1831;i22052;contains
o1831;i22053;contains
o1831;i22054;contains
o1831;i22055;contains
o1831;i22056;contains
o1831;i22057;contains
o1831;i22058;contains
o1831;i22059;contains
o1831;i22060;contains
o1831;i22061;contains
o1831;i22062;contains
o1831;i22063;contains
o1831;i22064;contains
o1831;i22065;contains
o1831;i22066;contains
o1831;i22067;contains
o1831;i22068;contains
o1832;i22069;contains
o1832;i22070;contains
o1832;i22071;contains
o1832;i22072;contains
o1832;i22073;contains
o1832;i22074;contains
o1832;i22075;contains
o1832;i22076;contains
o1832;i22077;contains
o1832;i22078;contains
o1832;i22079;contains
o1832;i22080;contains
o1832;i22081;contains
o1832;i22082;contains
o1832;i22083;contains
o1832;i22084;contains
o1832;i22085;contains
o1832;i22086;contains
o1832;i22087;contains
o1832;i22088;contains
o1832;i22089;contains
o1832;i22090;contains
o1833;i22091;contains
o1833;i22092;contains
o1833;i22093;contains
o1833;i22094;contains
o1833;i22095;contains
o1833;i22096;contains
o1833;i22097;contains
o1833;i22098;contains
o1833;i22099;contains
o1833;i22100;contains
o1833;i22101;contains
o1833;i22102;contains
o1833;i22103;contains
o1833;i22104;contains
o1833;i22105;contains
o1833;i22106;contains
o1833;i22107;contains
o1833;i22108;contains
o1833;i22109;contains
o1833;i22110;contains
o1833;i22111;contains
o1834;i22112;contains
o1834;i22113;contains
o1834;i22114;contains
o1834;i22115;contains
o1834;i22116;contains
o1834;i22117;contains
o1834;i22118;contains
o1834;i22119;contains
o1834;i22120;contains
o1834;i22121;contains
o1834;i22122;contains
o1834;i22123;contains
o1834;i22124;contains
o1834;i22125;contains
o1834;i22126;contains
o1834;i22127;contains
o1834;i22128;contains
o1834;i22129;contains
o1834;i22130;contains
o1834;i22131;contains
o1834;i22132;contains
o1834;i22133;contains
o1834;i22134;contains
o1834;i22135;contains
o1834;i22136;contains
o1834;i22137;contains
o1835;i22138;contains
o1835;i22139;contains
o1835;i22140;contains
o1835;i22141;contains
o1835;i22142;contains
o1835;i22143;contains
o1835;i22144;contains
o1835;i22145;contains
o1835;i22146;contains
o1835;i22147;contains
o1835;i22148;contains
o1835;i22149;contains
o1835;i22150;contains
o1835;i22151;contains
o1835;i22152;contains
o1835;i22153;contains
o1835;i22154;contains
o1835;i22155;contains
o1835;i22156;contains
o1835;i22157;contains
o1836;i22158;contains
o1836;i22159;contains
o1836;i22160;contains
o1836;i22161;contains
o1836;i22162;contains
o1836;i22163;contains
o1836;i22164;contains
o1836;i22165;contains
o1836;i22166;contains
o1836;i22167;contains
o1836;i22168;contains
o1836;i22169;contains
o1836;i22170;contains
o1836;i22171;contains
o1836;i22172;contains
o1836;i22173;contains
o1836;i22174;contains
o1836;i22175;contains
o1836;i22176;contains
o1836;i22177;contains
o1836;i22178;contains
o1836;i22179;contains
o1836;i22180;contains
o1836;i22181;contains
o1836;i22182;contains
o1837;i22183;contains
o1837;i22184;contains
o1837;i22185;contains
o1837;i22186;contains
o1837;i22187;contains
o1837;i22188;contains
o1837;i22189;contains
o1837;i22190;contains
o1837;i22191;contains
o1837;i22192;contains
o1837;i22193;contains
o1837;i22194;contains
o1837;i22195;contains
o1837;i22196;contains
o1837;i22197;contains
o1837;i22198;contains
o1837;i22199;contains
o1837;i22200;contains
o1837;i22201;contains
o1837;i22202;contains
o1837;i22203;contains
o1837;i22204;contains
o1837;i22205;contains
o1837;i22206;contains
o1838;i22207;contains
o1838;i22208;contains
o1838;i22209;contains
o1838;i22210;contains
o1838;i22211;contains
o1838;i22212;contains
o1838;i22213;contains
o1838;i22214;contains
o1838;i22215;contains
o1838;i22216;contains
o1838;i22217;contains
o1838;i22218;contains
o1838;i22219;contains
o1839;i22220;contains
o1839;i22221;contains
o1839;i22222;contains
o1839;i22223;contains
o1839;i22224;contains
o1839;i22225;contains
o1839;i22226;contains
o1839;i22227;contains
o1839;i22228;contains
o1840;i22229;contains
o1840;i22230;contains
o1840;i22231;contains
o1840;i22232;contains
o1840;i22233;contains
o1840;i22234;contains
o1840;i22235;contains
o1840;i22236;contains
o1840;i22237;contains
o1840;i22238;contains
o1840;i22239;contains
o1840;i22240;contains
o1840;i22241;contains
o1840;i22242;contains
o1840;i22243;contains
o1840;i22244;contains
o1840;i22245;contains
o1840;i22246;contains
o1840;i22247;contains
o1840;i22248;contains
o1841;i22249;contains
o1841;i22250;contains
o1841;i22251;contains
o1841;i22252;contains
o1841;i22253;contains
o1841;i22254;contains
o1841;i22255;contains
o1841;i22256;contains
o1841;i22257;contains
o1841;i22258;contains
o1841;i22259;contains
o1841;i22260;contains
o1841;i22261;contains
o1841;i22262;contains
o1841;i22263;contains
o1841;i22264;contains
o1841;i22265;contains
o1841;i22266;contains
o1841;i22267;contains
o1841;i22268;contains
o1841;i22269;contains
o1842;i22270;contains
o1842;i22271;contains
o1842;i22272;contains
o1842;i22273;contains
o1842;i22274;contains
o1842;i22275;contains
o1842;i22276;contains
o1842;i22277;contains
o1842;i22278;contains
o1842;i22279;contains
o1842;i22280;contains
o1842;i22281;contains
o1842;i22282;contains
o1842;i22283;contains
o1842;i22284;contains
o1842;i22285;contains
o1842;i22286;contains
o1842;i22287;contains
o1842;i22288;contains
o1842;i22289;contains
o1842;i22290;contains
o1842;i22291;contains
o1842;i22292;contains
o1842;i22293;contains
o1842;i22294;contains
o1842;i22295;contains
o1842;i22296;contains
o1842;i22297;contains
o1842;i22298;contains
o1842;i22299;contains
o1843;i22300;contains
o1843;i22301;contains
o1843;i22302;contains
o1843;i22303;contains
o1843;i22304;contains
o1843;i22305;contains
o1843;i22306;contains
o1843;i22307;contains
o1843;i22308;contains
o1843;i22309;contains
o1843;i22310;contains
o1843;i22311;contains
o1843;i22312;contains
o1843;i22313;contains
o1843;i22314;contains
o1843;i22315;contains
o1843;i22316;contains
o1843;i22317;contains
o1843;i22318;contains
o1843;i22319;contains
o1843;i22320;contains
o1843;i22321;contains
o1843;i22322;contains
o1843;i22323;contains
o1843;i22324;contains
o1843;i22325;contains
o1843;i22326;contains
o1843;i22327;contains
o1843;i22328;contains
o1843;i22329;contains
o1843;i22330;contains
o1843;i22331;contains
o1844;i22332;contains
o1844;i22333;contains
o1844;i22334;contains
o1844;i22335;contains
o1844;i22336;contains
o1844;i22337;contains
o1844;i22338;contains
o1844;i22339;contains
o1844;i22340;contains
o1844;i22341;contains
o1844;i22342;contains
o1844;i22343;contains
o1844;i22344;contains
o1844;i22345;contains
o1844;i22346;contains
o1844;i22347;contains
o1844;i22348;contains
o1844;i22349;contains
o1844;i22350;contains
o1844;i22351;contains
o1844;i22352;contains
o1844;i22353;contains
o1844;i22354;contains
o1844;i22355;contains
o1844;i22356;contains
o1845;i22357;contains
o1845;i22358;contains
o1845;i22359;contains
o1845;i22360;contains
o1845;i22361;contains
o1845;i22362;contains
o1845;i22363;contains
o1845;i22364;contains
o1845;i22365;contains
o1845;i22366;contains
o1845;i22367;contains
o1845;i22368;contains
o1845;i22369;contains
o1845;i22370;contains
o1845;i22371;contains
o1845;i22372;contains
o1846;i22373;contains
o1846;i22374;contains
o1846;i22375;contains
o1846;i22376;contains
o1846;i22377;contains
o1846;i22378;contains
o1846;i22379;contains
o1846;i22380;contains
o1846;i22381;contains
o1846;i22382;contains
o1846;i22383;contains
o1846;i22384;contains
o1846;i22385;contains
o1846;i22386;contains
o1846;i22387;contains
o1846;i22388;contains
o1846;i22389;contains
o1846;i22390;contains
o1846;i22391;contains
o1846;i22392;contains
o1846;i22393;contains
o1846;i22394;contains
o1847;i22395;contains
o1847;i22396;contains
o1847;i22397;contains
o1847;i22398;contains
o1847;i22399;contains
o1847;i22400;contains
o1847;i22401;contains
o1847;i22402;contains
o1847;i22403;contains
o1847;i22404;contains
o1847;i22405;contains
o1847;i22406;contains
o1847;i22407;contains
o1847;i22408;contains
o1847;i22409;contains
o1847;i22410;contains
o1847;i22411;contains
o1847;i22412;contains
o1847;i22413;contains
o1847;i22414;contains
o1847;i22415;contains
o1847;i22416;contains
o1847;i22417;contains
o1848;i22418;contains
o1848;i22419;contains
o1848;i22420;contains
o1848;i22421;contains
o1848;i22422;contains
o1848;i22423;contains
o1848;i22424;contains
o1848;i22425;contains
o1848;i22426;contains
o1848;i22427;contains
o1848;i22428;contains
o1848;i22429;contains
o1848;i22430;contains
o1848;i22431;contains
o1848;i22432;contains
o1848;i22433;contains
o1848;i22434;contains
o1848;i22435;contains
o1848;i22436;contains
o1848;i22437;contains
o1848;i22438;contains
o1849;i22439;contains
o1849;i22440;contains
o1849;i22441;contains
o1849;i22442;contains
o1849;i22443;contains
o1849;i22444;contains
o1849;i22445;contains
o1849;i22446;contains
o1849;i22447;contains
o1849;i22448;contains
o1849;i22449;contains
o1849;i22450;contains
o1849;i22451;contains
o1849;i22452;contains
o1849;i22453;contains
o1849;i22454;contains
o1849;i22455;contains
o1849;i22456;contains
o1849;i22457;contains
o1849;i22458;contains
o1850;i22459;contains
o1850;i22460;contains
o1850;i22461;contains
o1850;i22462;contains
o1850;i22463;contains
o1850;i22464;contains
o1850;i22465;contains
o1850;i22466;contains
o1850;i22467;contains
o1850;i22468;contains
o1850;i22469;contains
o1850;i22470;contains
o1850;i22471;contains
o1850;i22472;contains
o1850;i22473;contains
o1850;i22474;contains
o1850;i22475;contains
o1850;i22476;contains
o1850;i22477;contains
o1850;i22478;contains
o1850;i22479;contains
o1850;i22480;contains
o1850;i22481;contains
o1850;i22482;contains
o1850;i22483;contains
o1850;i22484;contains
o1850;i22485;contains
o1850;i22486;contains
o1850;i22487;contains
o1850;i22488;contains
o1851;i22489;contains
o1851;i22490;contains
o1851;i22491;contains
o1851;i22492;contains
o1851;i22493;contains
o1851;i22494;contains
o1851;i22495;contains
o1851;i22496;contains
o1851;i22497;contains
o1851;i22498;contains
o1851;i22499;contains
o1851;i22500;contains
o1851;i22501;contains
o1851;i22502;contains
o1851;i22503;contains
o1851;i22504;contains
o1851;i22505;contains
o1851;i22506;contains
o1851;i22507;contains
o1851;i22508;contains
o1851;i22509;contains
o1851;i22510;contains
o1851;i22511;contains
o1851;i22512;contains
o1851;i22513;contains
o1851;i22514;contains
o1852;i22515;contains
o1852;i22516;contains
o1852;i22517;contains
o1852;i22518;contains
o1852;i22519;contains
o1852;i22520;contains
o1852;i22521;contains
o1852;i22522;contains
o1852;i22523;contains
o1852;i22524;contains
o1852;i22525;contains
o1852;i22526;contains
o1852;i22527;contains
o1852;i22528;contains
o1852;i22529;contains
o1852;i22530;contains
o1852;i22531;contains
o1852;i22532;contains
o1852;i22533;contains
o1853;i22534;contains
o1853;i22535;contains
o1853;i22536;contains
o1853;i22537;contains
o1853;i22538;contains
o1853;i22539;contains
o1853;i22540;contains
o1853;i22541;contains
o1853;i22542;contains
o1853;i22543;contains
o1853;i22544;contains
o1853;i22545;contains
o1853;i22546;contains
o1854;i22547;contains
o1854;i22548;contains
o1854;i22549;contains
o1854;i22550;contains
o1854;i22551;contains
o1854;i22552;contains
o1854;i22553;contains
o1854;i22554;contains
o1854;i22555;contains
o1854;i22556;contains
o1854;i22557;contains
o1854;i22558;contains
o1855;i22559;contains
o1855;i22560;contains
o1855;i22561;contains
o1855;i22562;contains
o1855;i22563;contains
o1855;i22564;contains
o1855;i22565;contains
o1855;i22566;contains
o1855;i22567;contains
o1855;i22568;contains
o1855;i22569;contains
o1855;i22570;contains
o1855;i22571;contains
o1855;i22572;contains
o1855;i22573;contains
o1855;i22574;contains
o1855;i22575;contains
o1855;i22576;contains
o1855;i22577;contains
o1855;i22578;contains
o1855;i22579;contains
o1856;i22580;contains
o1856;i22581;contains
o1856;i22582;contains
o1856;i22583;contains
o1856;i22584;contains
o1856;i22585;contains
o1856;i22586;contains
o1856;i22587;contains
o1856;i22588;contains
o1856;i22589;contains
o1856;i22590;contains
o1856;i22591;contains
o1856;i22592;contains
o1856;i22593;contains
o1856;i22594;contains
o1856;i22595;contains
o1856;i22596;contains
o1856;i22597;contains
o1856;i22598;contains
o1856;i22599;contains
o1856;i22600;contains
o1856;i22601;contains
o1856;i22602;contains
o1856;i22603;contains
o1856;i22604;contains
o1856;i22605;contains
o1856;i22606;contains
o1856;i22607;contains
o1856;i22608;contains
o1856;i22609;contains
o1857;i22610;contains
o1857;i22611;contains
o1857;i22612;contains
o1857;i22613;contains
o1857;i22614;contains
o1857;i22615;contains
o1857;i22616;contains
o1857;i22617;contains
o1857;i22618;contains
o1857;i22619;contains
o1857;i22620;contains
o1857;i22621;contains
o1857;i22622;contains
o1857;i22623;contains
o1857;i22624;contains
o1857;i22625;contains
o1857;i22626;contains
o1857;i22627;contains
o1857;i22628;contains
o1857;i22629;contains
o1857;i22630;contains
o1858;i22631;contains
o1858;i22632;contains
o1858;i22633;contains
o1858;i22634;contains
o1858;i22635;contains
o1858;i22636;contains
o1858;i22637;contains
o1858;i22638;contains
o1858;i22639;contains
o1858;i22640;contains
o1858;i22641;contains
o1858;i22642;contains
o1858;i22643;contains
o1858;i22644;contains
o1858;i22645;contains
o1858;i22646;contains
o1858;i22647;contains
o1858;i22648;contains
o1858;i22649;contains
o1858;i22650;contains
o1858;i22651;contains
o1858;i22652;contains
o1858;i22653;contains
o1858;i22654;contains
o1858;i22655;contains
o1858;i22656;contains
o1858;i22657;contains
o1858;i22658;contains
o1858;i22659;contains
o1858;i22660;contains
o1859;i22661;contains
o1859;i22662;contains
o1859;i22663;contains
o1859;i22664;contains
o1859;i22665;contains
o1859;i22666;contains
o1859;i22667;contains
o1859;i22668;contains
o1859;i22669;contains
o1859;i22670;contains
o1859;i22671;contains
o1859;i22672;contains
o1859;i22673;contains
o1859;i22674;contains
o1859;i22675;contains
o1859;i22676;contains
o1859;i22677;contains
o1859;i22678;contains
o1859;i22679;contains
o1859;i22680;contains
o1859;i22681;contains
o1859;i22682;contains
o1859;i22683;contains
o1859;i22684;contains
o1860;i22685;contains
o1860;i22686;contains
o1860;i22687;contains
o1860;i22688;contains
o1860;i22689;contains
o1860;i22690;contains
o1860;i22691;contains
o1860;i22692;contains
o1860;i22693;contains
o1860;i22694;contains
o1860;i22695;contains
o1860;i22696;contains
o1860;i22697;contains
o1860;i22698;contains
o1860;i22699;contains
o1860;i22700;contains
o1860;i22701;contains
o1860;i22702;contains
o1860;i22703;contains
o1860;i22704;contains
o1860;i22705;contains
o1860;i22706;contains
o1861;i22707;contains
o1861;i22708;contains
o1861;i22709;contains
o1861;i22710;contains
o1861;i22711;contains
o1861;i22712;contains
o1861;i22713;contains
o1861;i22714;contains
o1861;i22715;contains
o1861;i22716;contains
o1861;i22717;contains
o1861;i22718;contains
o1861;i22719;contains
o1861;i22720;contains
o1861;i22721;contains
o1862;i22722;contains
o1862;i22723;contains
o1862;i22724;contains
o1862;i22725;contains
o1862;i22726;contains
o1862;i22727;contains
o1862;i22728;contains
o1862;i22729;contains
o1862;i22730;contains
o1862;i22731;contains
o1862;i22732;contains
o1862;i22733;contains
o1862;i22734;contains
o1862;i22735;contains
o1862;i22736;contains
o1862;i22737;contains
o1862;i22738;contains
o1862;i22739;contains
o1862;i22740;contains
o1862;i22741;contains
o1862;i22742;contains
o1862;i22743;contains
o1863;i22744;contains
o1863;i22745;contains
o1863;i22746;contains
o1863;i22747;contains
o1863;i22748;contains
o1863;i22749;contains
o1863;i22750;contains
o1863;i22751;contains
o1863;i22752;contains
o1863;i22753;contains
o1863;i22754;contains
o1863;i22755;contains
o1863;i22756;contains
o1863;i22757;contains
o1863;i22758;contains
o1864;i22759;contains
o1864;i22760;contains
o1864;i22761;contains
o1864;i22762;contains
o1864;i22763;contains
o1864;i22764;contains
o1864;i22765;contains
o1864;i22766;contains
o1864;i22767;contains
o1864;i22768;contains
o1864;i22769;contains
o1864;i22770;contains
o1864;i22771;contains
o1864;i22772;contains
o1864;i22773;contains
o1864;i22774;contains
o1864;i22775;contains
o1864;i22776;contains
o1864;i22777;contains
o1864;i22778;contains
o1865;i22779;contains
o1865;i22780;contains
o1865;i22781;contains
o1865;i22782;contains
o1865;i22783;contains
o1865;i22784;contains
o1865;i22785;contains
o1865;i22786;contains
o1865;i22787;contains
o1865;i22788;contains
o1865;i22789;contains
o1865;i22790;contains
o1865;i22791;contains
o1865;i22792;contains
o1865;i22793;contains
o1865;i22794;contains
o1865;i22795;contains
o1865;i22796;contains
o1865;i22797;contains
o1865;i22798;contains
o1865;i22799;contains
o1865;i22800;contains
o1866;i22801;contains
o1866;i22802;contains
o1866;i22803;contains
o1866;i22804;contains
o1866;i22805;contains
o1866;i22806;contains
o1866;i22807;contains
o1866;i22808;contains
o1866;i22809;contains
o1866;i22810;contains
o1866;i22811;contains
o1866;i22812;contains
o1866;i22813;contains
o1866;i22814;contains
o1866;i22815;contains
o1866;i22816;contains
o1866;i22817;contains
o1866;i22818;contains
o1866;i22819;contains
o1866;i22820;contains
o1866;i22821;contains
o1866;i22822;contains
o1867;i22823;contains
o1867;i22824;contains
o1867;i22825;contains
o1867;i22826;contains
o1867;i22827;contains
o1867;i22828;contains
o1867;i22829;contains
o1867;i22830;contains
o1867;i22831;contains
o1867;i22832;contains
o1867;i22833;contains
o1867;i22834;contains
o1867;i22835;contains
o1867;i22836;contains
o1867;i22837;contains
o1867;i22838;contains
o1867;i22839;contains
o1867;i22840;contains
o1867;i22841;contains
o1867;i22842;contains
o1867;i22843;contains
o1867;i22844;contains
o1867;i22845;contains
o1868;i22846;contains
o1868;i22847;contains
o1868;i22848;contains
o1868;i22849;contains
o1868;i22850;contains
o1868;i22851;contains
o1868;i22852;contains
o1868;i22853;contains
o1868;i22854;contains
o1868;i22855;contains
o1868;i22856;contains
o1868;i22857;contains
o1868;i22858;contains
o1868;i22859;contains
o1868;i22860;contains
o1868;i22861;contains
o1868;i22862;contains
o1868;i22863;contains
o1868;i22864;contains
o1868;i22865;contains
o1869;i22866;contains
o1869;i22867;contains
o1869;i22868;contains
o1869;i22869;contains
o1869;i22870;contains
o1869;i22871;contains
o1869;i22872;contains
o1869;i22873;contains
o1869;i22874;contains
o1869;i22875;contains
o1869;i22876;contains
o1869;i22877;contains
o1869;i22878;contains
o1869;i22879;contains
o1869;i22880;contains
o1869;i22881;contains
o1869;i22882;contains
o1869;i22883;contains
o1869;i22884;contains
o1869;i22885;contains
o1869;i22886;contains
o1869;i22887;contains
o1869;i22888;contains
o1869;i22889;contains
o1869;i22890;contains
o1870;i22891;contains
o1870;i22892;contains
o1870;i22893;contains
o1870;i22894;contains
o1870;i22895;contains
o1870;i22896;contains
o1870;i22897;contains
o1870;i22898;contains
o1870;i22899;contains
o1870;i22900;contains
o1870;i22901;contains
o1870;i22902;contains
o1870;i22903;contains
o1870;i22904;contains
o1870;i22905;contains
o1870;i22906;contains
o1870;i22907;contains
o1870;i22908;contains
o1870;i22909;contains
o1870;i22910;contains
o1870;i22911;contains
o1871;i22912;contains
o1871;i22913;contains
o1871;i22914;contains
o1871;i22915;contains
o1871;i22916;contains
o1871;i22917;contains
o1871;i22918;contains
o1871;i22919;contains
o1871;i22920;contains
o1871;i22921;contains
o1871;i22922;contains
o1871;i22923;contains
o1871;i22924;contains
o1871;i22925;contains
o1871;i22926;contains
o1871;i22927;contains
o1871;i22928;contains
o1871;i22929;contains
o1871;i22930;contains
o1871;i22931;contains
o1871;i22932;contains
o1871;i22933;contains
o1871;i22934;contains
o1871;i22935;contains
o1871;i22936;contains
o1871;i22937;contains
o1871;i22938;contains
o1871;i22939;contains
o1872;i22940;contains
o1872;i22941;contains
o1872;i22942;contains
o1872;i22943;contains
o1872;i22944;contains
o1872;i22945;contains
o1872;i22946;contains
o1872;i22947;contains
o1872;i22948;contains
o1872;i22949;contains
o1872;i22950;contains
o1872;i22951;contains
o1872;i22952;contains
o1872;i22953;contains
o1872;i22954;contains
o1872;i22955;contains
o1872;i22956;contains
o1872;i22957;contains
o1872;i22958;contains
o1872;i22959;contains
o1872;i22960;contains
o1872;i22961;contains
o1872;i22962;contains
o1872;i22963;contains
o1873;i22964;contains
o1873;i22965;contains
o1873;i22966;contains
o1873;i22967;contains
o1873;i22968;contains
o1873;i22969;contains
o1873;i22970;contains
o1873;i22971;contains
o1873;i22972;contains
o1873;i22973;contains
o1873;i22974;contains
o1873;i22975;contains
o1873;i22976;contains
o1873;i22977;contains
o1873;i22978;contains
o1873;i22979;contains
o1873;i22980;contains
o1873;i22981;contains
o1873;i22982;contains
o1873;i22983;contains
o1873;i22984;contains
o1873;i22985;contains
o1873;i22986;contains
o1873;i22987;contains
o1873;i22988;contains
o1874;i22989;contains
o1874;i22990;contains
o1874;i22991;contains
o1874;i22992;contains
o1874;i22993;contains
o1874;i22994;contains
o1874;i22995;contains
o1874;i22996;contains
o1874;i22997;contains
o1874;i22998;contains
o1874;i22999;contains
o1874;i23000;contains
o1874;i23001;contains
o1874;i23002;contains
o1874;i23003;contains
o1874;i23004;contains
o1874;i23005;contains
o1874;i23006;contains
o1874;i23007;contains
o1874;i23008;contains
o1874;i23009;contains
o1875;i23010;contains
o1875;i23011;contains
o1875;i23012;contains
o1875;i23013;contains
o1875;i23014;contains
o1875;i23015;contains
o1875;i23016;contains
o1875;i23017;contains
o1875;i23018;contains
o1875;i23019;contains
o1875;i23020;contains
o1875;i23021;contains
o1875;i23022;contains
o1875;i23023;contains
o1875;i23024;contains
o1875;i23025;contains
o1875;i23026;contains
o1875;i23027;contains
o1876;i23028;contains
o1876;i23029;contains
o1876;i23030;contains
o1876;i23031;contains
o1876;i23032;contains
o1876;i23033;contains
o1876;i23034;contains
o1876;i23035;contains
o1876;i23036;contains
o1876;i23037;contains
o1876;i23038;contains
o1876;i23039;contains
o1876;i23040;contains
o1876;i23041;contains
o1876;i23042;contains
o1876;i23043;contains
o1876;i23044;contains
o1876;i23045;contains
o1876;i23046;contains
o1876;i23047;contains
o1876;i23048;contains
o1876;i23049;contains
o1876;i23050;contains
o1876;i23051;contains
o1877;i23052;contains
o1877;i23053;contains
o1877;i23054;contains
o1877;i23055;contains
o1877;i23056;contains
o1877;i23057;contains
o1877;i23058;contains
o1877;i23059;contains
o1877;i23060;contains
o1877;i23061;contains
o1877;i23062;contains
o1877;i23063;contains
o1877;i23064;contains
o1877;i23065;contains
o1877;i23066;contains
o1877;i23067;contains
o1877;i23068;contains
o1877;i23069;contains
o1877;i23070;contains
o1877;i23071;contains
o1877;i23072;contains
o1877;i23073;contains
o1877;i23074;contains
o1877;i23075;contains
o1877;i23076;contains
o1877;i23077;contains
o1877;i23078;contains
o1877;i23079;contains
o1877;i23080;contains
o1877;i23081;contains
o1878;i23082;contains
o1878;i23083;contains
o1878;i23084;contains
o1878;i23085;contains
o1878;i23086;contains
o1878;i23087;contains
o1878;i23088;contains
o1878;i23089;contains
o1878;i23090;contains
o1878;i23091;contains
o1878;i23092;contains
o1878;i23093;contains
o1878;i23094;contains
o1878;i23095;contains
o1879;i23096;contains
o1879;i23097;contains
o1879;i23098;contains
o1879;i23099;contains
o1879;i23100;contains
o1879;i23101;contains
o1879;i23102;contains
o1879;i23103;contains
o1879;i23104;contains
o1879;i23105;contains
o1879;i23106;contains
o1879;i23107;contains
o1879;i23108;contains
o1879;i23109;contains
o1879;i23110;contains
o1879;i23111;contains
o1879;i23112;contains
o1879;i23113;contains
o1879;i23114;contains
o1879;i23115;contains
o1879;i23116;contains
o1880;i23117;contains
o1880;i23118;contains
o1880;i23119;contains
o1880;i23120;contains
o1880;i23121;contains
o1880;i23122;contains
o1880;i23123;contains
o1880;i23124;contains
o1880;i23125;contains
o1880;i23126;contains
o1880;i23127;contains
o1880;i23128;contains
o1880;i23129;contains
o1880;i23130;contains
o1880;i23131;contains
o1880;i23132;contains
o1880;i23133;contains
o1880;i23134;contains
o1880;i23135;contains
o1880;i23136;contains
o1880;i23137;contains
o1880;i23138;contains
o1880;i23139;contains
o1880;i23140;contains
o1880;i23141;contains
o1881;i23142;contains
o1881;i23143;contains
o1881;i23144;contains
o1881;i23145;contains
o1881;i23146;contains
o1881;i23147;contains
o1881;i23148;contains
o1881;i23149;contains
o1881;i23150;contains
o1881;i23151;contains
o1881;i23152;contains
o1881;i23153;contains
o1881;i23154;contains
o1881;i23155;contains
o1881;i23156;contains
o1881;i23157;contains
o1881;i23158;contains
o1881;i23159;contains
o1881;i23160;contains
o1881;i23161;contains
o1881;i23162;contains
o1881;i23163;contains
o1881;i23164;contains
o1881;i23165;contains
o1881;i23166;contains
o1881;i23167;contains
o1881;i23168;contains
o1882;i23169;contains
o1882;i23170;contains
o1882;i23171;contains
o1882;i23172;contains
o1882;i23173;contains
o1882;i23174;contains
o1882;i23175;contains
o1882;i23176;contains
o1882;i23177;contains
o1882;i23178;contains
o1882;i23179;contains
o1882;i23180;contains
o1882;i23181;contains
o1882;i23182;contains
o1882;i23183;contains
o1882;i23184;contains
o1883;i23185;contains
o1883;i23186;contains
o1883;i23187;contains
o1883;i23188;contains
o1883;i23189;contains
o1883;i23190;contains
o1883;i23191;contains
o1883;i23192;contains
o1883;i23193;contains
o1883;i23194;contains
o1883;i23195;contains
o1883;i23196;contains
o1883;i23197;contains
o1883;i23198;contains
o1883;i23199;contains
o1883;i23200;contains
o1883;i23201;contains
o1883;i23202;contains
o1883;i23203;contains
o1883;i23204;contains
o1883;i23205;contains
o1883;i23206;contains
o1883;i23207;contains
o1883;i23208;contains
o1884;i23209;contains
o1884;i23210;contains
o1884;i23211;contains
o1884;i23212;contains
o1884;i23213;contains
o1884;i23214;contains
o1884;i23215;contains
o1884;i23216;contains
o1884;i23217;contains
o1884;i23218;contains
o1884;i23219;contains
o1884;i23220;contains
o1884;i23221;contains
o1884;i23222;contains
o1884;i23223;contains
o1884;i23224;contains
o1884;i23225;contains
o1885;i23226;contains
o1885;i23227;contains
o1885;i23228;contains
o1885;i23229;contains
o1885;i23230;contains
o1885;i23231;contains
o1885;i23232;contains
o1885;i23233;contains
o1885;i23234;contains
o1885;i23235;contains
o1885;i23236;contains
o1885;i23237;contains
o1885;i23238;contains
o1885;i23239;contains
o1885;i23240;contains
o1885;i23241;contains
o1885;i23242;contains
o1885;i23243;contains
o1885;i23244;contains
o1885;i23245;contains
o1885;i23246;contains
o1885;i23247;contains
o1885;i23248;contains
o1885;i23249;contains
o1885;i23250;contains
o1886;i23251;contains
o1886;i23252;contains
o1886;i23253;contains
o1886;i23254;contains
o1886;i23255;contains
o1886;i23256;contains
o1886;i23257;contains
o1886;i23258;contains
o1886;i23259;contains
o1886;i23260;contains
o1886;i23261;contains
o1886;i23262;contains
o1886;i23263;contains
o1886;i23264;contains
o1886;i23265;contains
o1886;i23266;contains
o1886;i23267;contains
o1886;i23268;contains
o1887;i23269;contains
o1887;i23270;contains
o1887;i23271;contains
o1887;i23272;contains
o1887;i23273;contains
o1887;i23274;contains
o1887;i23275;contains
o1887;i23276;contains
o1887;i23277;contains
o1887;i23278;contains
o1887;i23279;contains
o1887;i23280;contains
o1887;i23281;contains
o1887;i23282;contains
o1887;i23283;contains
o1887;i23284;contains
o1887;i23285;contains
o1887;i23286;contains
o1887;i23287;contains
o1888;i23288;contains
o1888;i23289;contains
o1888;i23290;contains
o1888;i23291;contains
o1888;i23292;contains
o1888;i23293;contains
o1888;i23294;contains
o1888;i23295;contains
o1888;i23296;contains
o1888;i23297;contains
o1888;i23298;contains
o1888;i23299;contains
o1888;i23300;contains
o1888;i23301;contains
o1888;i23302;contains
o1888;i23303;contains
o1889;i23304;contains
o1889;i23305;contains
o1889;i23306;contains
o1889;i23307;contains
o1889;i23308;contains
o1889;i23309;contains
o1889;i23310;contains
o1889;i23311;contains
o1889;i23312;contains
o1889;i23313;contains
o1889;i23314;contains
o1889;i23315;contains
o1889;i23316;contains
o1889;i23317;contains
o1889;i23318;contains
o1889;i23319;contains
o1889;i23320;contains
o1889;i23321;contains
o1889;i23322;contains
o1889;i23323;contains
o1889;i23324;contains
o1889;i23325;contains
o1889;i23326;contains
o1889;i23327;contains
o1889;i23328;contains
o1890;i23329;contains
o1890;i23330;contains
o1890;i23331;contains
o1890;i23332;contains
o1890;i23333;contains
o1890;i23334;contains
o1890;i23335;contains
o1890;i23336;contains
o1890;i23337;contains
o1890;i23338;contains
o1890;i23339;contains
o1890;i23340;contains
o1890;i23341;contains
o1890;i23342;contains
o1890;i23343;contains
o1890;i23344;contains
o1890;i23345;contains
o1890;i23346;contains
o1890;i23347;contains
o1890;i23348;contains
o1890;i23349;contains
o1890;i23350;contains
o1890;i23351;contains
o1890;i23352;contains
o1890;i23353;contains
o1890;i23354;contains
o1890;i23355;contains
o1890;i23356;contains
o1890;i23357;contains
o1890;i23358;contains
o1891;i23359;contains
o1891;i23360;contains
o1891;i23361;contains
o1891;i23362;contains
o1891;i23363;contains
o1891;i23364;contains
o1891;i23365;contains
o1891;i23366;contains
o1891;i23367;contains
o1891;i23368;contains
o1891;i23369;contains
o1891;i23370;contains
o1891;i23371;contains
o1891;i23372;contains
o1891;i23373;contains
o1891;i23374;contains
o1891;i23375;contains
o1891;i23376;contains
o1891;i23377;contains
o1891;i23378;contains
o1891;i23379;contains
o1891;i23380;contains
o1891;i23381;contains
o1891;i23382;contains
o1892;i23383;contains
o1892;i23384;contains
o1892;i23385;contains
o1892;i23386;contains
o1892;i23387;contains
o1892;i23388;contains
o1892;i23389;contains
o1892;i23390;contains
o1892;i23391;contains
o1892;i23392;contains
o1892;i23393;contains
o1892;i23394;contains
o1892;i23395;contains
o1892;i23396;contains
o1892;i23397;contains
o1892;i23398;contains
o1892;i23399;contains
o1892;i23400;contains
o1892;i23401;contains
o1892;i23402;contains
o1892;i23403;contains
o1892;i23404;contains
o1892;i23405;contains
o1892;i23406;contains
o1893;i23407;contains
o1893;i23408;contains
o1893;i23409;contains
o1893;i23410;contains
o1893;i23411;contains
o1893;i23412;contains
o1893;i23413;contains
o1893;i23414;contains
o1893;i23415;contains
o1893;i23416;contains
o1893;i23417;contains
o1893;i23418;contains
o1893;i23419;contains
o1893;i23420;contains
o1893;i23421;contains
o1893;i23422;contains
o1893;i23423;contains
o1893;i23424;contains
o1894;i23425;contains
o1894;i23426;contains
o1894;i23427;contains
o1894;i23428;contains
o1894;i23429;contains
o1894;i23430;contains
o1894;i23431;contains
o1894;i23432;contains
o1894;i23433;contains
o1894;i23434;contains
o1894;i23435;contains
o1894;i23436;contains
o1894;i23437;contains
o1894;i23438;contains
o1894;i23439;contains
o1894;i23440;contains
o1894;i23441;contains
o1894;i23442;contains
o1894;i23443;contains
o1894;i23444;contains
o1894;i23445;contains
o1894;i23446;contains
o1894;i23447;contains
o1894;i23448;contains
o1895;i23449;contains
o1895;i23450;contains
o1895;i23451;contains
o1895;i23452;contains
o1895;i23453;contains
o1895;i23454;contains
o1895;i23455;contains
o1895;i23456;contains
o1895;i23457;contains
o1895;i23458;contains
o1895;i23459;contains
o1895;i23460;contains
o1895;i23461;contains
o1895;i23462;contains
o1895;i23463;contains
o1895;i23464;contains
o1895;i23465;contains
o1895;i23466;contains
o1895;i23467;contains
o1895;i23468;contains
o1895;i23469;contains
o1895;i23470;contains
o1895;i23471;contains
o1895;i23472;contains
o1895;i23473;contains
o1895;i23474;contains
o1896;i23475;contains
o1896;i23476;contains
o1896;i23477;contains
o1896;i23478;contains
o1896;i23479;contains
o1896;i23480;contains
o1896;i23481;contains
o1896;i23482;contains
o1896;i23483;contains
o1896;i23484;contains
o1896;i23485;contains
o1896;i23486;contains
o1896;i23487;contains
o1896;i23488;contains
o1896;i23489;contains
o1896;i23490;contains
o1896;i23491;contains
o1897;i23492;contains
o1897;i23493;contains
o1897;i23494;contains
o1897;i23495;contains
o1897;i23496;contains
o1897;i23497;contains
o1897;i23498;contains
o1897;i23499;contains
o1897;i23500;contains
o1897;i23501;contains
o1897;i23502;contains
o1897;i23503;contains
o1897;i23504;contains
o1897;i23505;contains
o1897;i23506;contains
o1897;i23507;contains
o1897;i23508;contains
o1897;i23509;contains
o1897;i23510;contains
o1897;i23511;contains
o1897;i23512;contains
o1897;i23513;contains
o1898;i23514;contains
o1898;i23515;contains
o1898;i23516;contains
o1898;i23517;contains
o1898;i23518;contains
o1898;i23519;contains
o1898;i23520;contains
o1898;i23521;contains
o1898;i23522;contains
o1898;i23523;contains
o1898;i23524;contains
o1898;i23525;contains
o1898;i23526;contains
o1898;i23527;contains
o1898;i23528;contains
o1898;i23529;contains
o1898;i23530;contains
o1898;i23531;contains
o1898;i23532;contains
o1898;i23533;contains
o1898;i23534;contains
o1898;i23535;contains
o1898;i23536;contains
o1898;i23537;contains
o1899;i23538;contains
o1899;i23539;contains
o1899;i23540;contains
o1899;i23541;contains
o1899;i23542;contains
o1899;i23543;contains
o1899;i23544;contains
o1899;i23545;contains
o1899;i23546;contains
o1899;i23547;contains
o1899;i23548;contains
o1899;i23549;contains
o1899;i23550;contains
o1899;i23551;contains
o1899;i23552;contains
o1899;i23553;contains
o1899;i23554;contains
o1899;i23555;contains
o1899;i23556;contains
o1899;i23557;contains
o1900;i23558;contains
o1900;i23559;contains
o1900;i23560;contains
o1900;i23561;contains
o1900;i23562;contains
o1900;i23563;contains
o1900;i23564;contains
o1900;i23565;contains
o1900;i23566;contains
o1900;i23567;contains
o1900;i23568;contains
o1900;i23569;contains
o1900;i23570;contains
o1900;i23571;contains
o1900;i23572;contains
o1900;i23573;contains
o1900;i23574;contains
o1901;i23575;contains
o1901;i23576;contains
o1901;i23577;contains
o1901;i23578;contains
o1901;i23579;contains
o1901;i23580;contains
o1901;i23581;contains
o1901;i23582;contains
o1901;i23583;contains
o1901;i23584;contains
o1901;i23585;contains
o1901;i23586;contains
o1901;i23587;contains
o1901;i23588;contains
o1901;i23589;contains
o1901;i23590;contains
o1901;i23591;contains
o1901;i23592;contains
o1901;i23593;contains
o1901;i23594;contains
o1901;i23595;contains
o1901;i23596;contains
o1901;i23597;contains
o1901;i23598;contains
o1901;i23599;contains
o1901;i23600;contains
o1901;i23601;contains
o1901;i23602;contains
o1901;i23603;contains
o1902;i23604;contains
o1902;i23605;contains
o1902;i23606;contains
o1902;i23607;contains
o1902;i23608;contains
o1902;i23609;contains
o1902;i23610;contains
o1902;i23611;contains
o1902;i23612;contains
o1902;i23613;contains
o1902;i23614;contains
o1902;i23615;contains
o1902;i23616;contains
o1902;i23617;contains
o1902;i23618;contains
o1902;i23619;contains
o1902;i23620;contains
o1902;i23621;contains
o1902;i23622;contains
o1902;i23623;contains
o1902;i23624;contains
o1902;i23625;contains
o1902;i23626;contains
o1902;i23627;contains
o1902;i23628;contains
o1902;i23629;contains
o1903;i23630;contains
o1903;i23631;contains
o1903;i23632;contains
o1903;i23633;contains
o1903;i23634;contains
o1903;i23635;contains
o1903;i23636;contains
o1903;i23637;contains
o1903;i23638;contains
o1903;i23639;contains
o1903;i23640;contains
o1903;i23641;contains
o1903;i23642;contains
o1903;i23643;contains
o1903;i23644;contains
o1903;i23645;contains
o1903;i23646;contains
o1903;i23647;contains
o1903;i23648;contains
o1903;i23649;contains
o1903;i23650;contains
o1903;i23651;contains
o1904;i23652;contains
o1904;i23653;contains
o1904;i23654;contains
o1904;i23655;contains
o1904;i23656;contains
o1904;i23657;contains
o1904;i23658;contains
o1904;i23659;contains
o1904;i23660;contains
o1904;i23661;contains
o1904;i23662;contains
o1904;i23663;contains
o1904;i23664;contains
o1904;i23665;contains
o1904;i23666;contains
o1904;i23667;contains
o1904;i23668;contains
o1904;i23669;contains
o1904;i23670;contains
o1904;i23671;contains
o1904;i23672;contains
o1904;i23673;contains
o1905;i23674;contains
o1905;i23675;contains
o1905;i23676;contains
o1905;i23677;contains
o1905;i23678;contains
o1905;i23679;contains
o1905;i23680;contains
o1905;i23681;contains
o1905;i23682;contains
o1905;i23683;contains
o1905;i23684;contains
o1905;i23685;contains
o1905;i23686;contains
o1905;i23687;contains
o1905;i23688;contains
o1905;i23689;contains
o1905;i23690;contains
o1905;i23691;contains
o1905;i23692;contains
o1905;i23693;contains
o1905;i23694;contains
o1906;i23695;contains
o1906;i23696;contains
o1906;i23697;contains
o1906;i23698;contains
o1906;i23699;contains
o1906;i23700;contains
o1906;i23701;contains
o1906;i23702;contains
o1906;i23703;contains
o1906;i23704;contains
o1906;i23705;contains
o1906;i23706;contains
o1906;i23707;contains
o1906;i23708;contains
o1906;i23709;contains
o1906;i23710;contains
o1906;i23711;contains
o1906;i23712;contains
o1906;i23713;contains
o1906;i23714;contains
o1906;i23715;contains
o1906;i23716;contains
o1906;i23717;contains
o1906;i23718;contains
o1907;i23719;contains
o1907;i23720;contains
o1907;i23721;contains
o1907;i23722;contains
o1907;i23723;contains
o1907;i23724;contains
o1907;i23725;contains
o1907;i23726;contains
o1907;i23727;contains
o1907;i23728;contains
o1907;i23729;contains
o1907;i23730;contains
o1907;i23731;contains
o1907;i23732;contains
o1907;i23733;contains
o1907;i23734;contains
o1907;i23735;contains
o1907;i23736;contains
o1907;i23737;contains
o1907;i23738;contains
o1907;i23739;contains
o1907;i23740;contains
o1908;i23741;contains
o1908;i23742;contains
o1908;i23743;contains
o1908;i23744;contains
o1908;i23745;contains
o1908;i23746;contains
o1908;i23747;contains
o1908;i23748;contains
o1908;i23749;contains
o1908;i23750;contains
o1908;i23751;contains
o1908;i23752;contains
o1908;i23753;contains
o1908;i23754;contains
o1908;i23755;contains
o1908;i23756;contains
o1908;i23757;contains
o1909;i23758;contains
o1909;i23759;contains
o1909;i23760;contains
o1909;i23761;contains
o1909;i23762;contains
o1909;i23763;contains
o1909;i23764;contains
o1909;i23765;contains
o1909;i23766;contains
o1909;i23767;contains
o1909;i23768;contains
o1909;i23769;contains
o1909;i23770;contains
o1909;i23771;contains
o1909;i23772;contains
o1909;i23773;contains
o1909;i23774;contains
o1909;i23775;contains
o1909;i23776;contains
o1909;i23777;contains
o1910;i23778;contains
o1910;i23779;contains
o1910;i23780;contains
o1910;i23781;contains
o1910;i23782;contains
o1910;i23783;contains
o1910;i23784;contains
o1910;i23785;contains
o1910;i23786;contains
o1910;i23787;contains
o1910;i23788;contains
o1910;i23789;contains
o1910;i23790;contains
o1910;i23791;contains
o1910;i23792;contains
o1910;i23793;contains
o1910;i23794;contains
o1911;i23795;contains
o1911;i23796;contains
o1911;i23797;contains
o1911;i23798;contains
o1911;i23799;contains
o1911;i23800;contains
o1911;i23801;contains
o1911;i23802;contains
o1911;i23803;contains
o1911;i23804;contains
o1911;i23805;contains
o1911;i23806;contains
o1911;i23807;contains
o1911;i23808;contains
o1911;i23809;contains
o1911;i23810;contains
o1911;i23811;contains
o1911;i23812;contains
o1911;i23813;contains
o1911;i23814;contains
o1911;i23815;contains
o1912;i23816;contains
o1912;i23817;contains
o1912;i23818;contains
o1912;i23819;contains
o1912;i23820;contains
o1912;i23821;contains
o1912;i23822;contains
o1912;i23823;contains
o1912;i23824;contains
o1912;i23825;contains
o1912;i23826;contains
o1912;i23827;contains
o1912;i23828;contains
o1913;i23829;contains
o1913;i23830;contains
o1913;i23831;contains
o1913;i23832;contains
o1913;i23833;contains
o1913;i23834;contains
o1913;i23835;contains
o1913;i23836;contains
o1913;i23837;contains
o1913;i23838;contains
o1913;i23839;contains
o1913;i23840;contains
o1913;i23841;contains
o1913;i23842;contains
o1913;i23843;contains
o1913;i23844;contains
o1913;i23845;contains
o1913;i23846;contains
o1913;i23847;contains
o1914;i23848;contains
o1914;i23849;contains
o1914;i23850;contains
o1914;i23851;contains
o1914;i23852;contains
o1914;i23853;contains
o1914;i23854;contains
o1914;i23855;contains
o1914;i23856;contains
o1914;i23857;contains
o1914;i23858;contains
o1914;i23859;contains
o1914;i23860;contains
o1914;i23861;contains
o1914;i23862;contains
o1914;i23863;contains
o1914;i23864;contains
o1914;i23865;contains
o1914;i23866;contains
o1914;i23867;contains
o1915;i23868;contains
o1915;i23869;contains
o1915;i23870;contains
o1915;i23871;contains
o1915;i23872;contains
o1915;i23873;contains
o1915;i23874;contains
o1915;i23875;contains
o1915;i23876;contains
o1915;i23877;contains
o1915;i23878;contains
o1915;i23879;contains
o1915;i23880;contains
o1915;i23881;contains
o1915;i23882;contains
o1915;i23883;contains
o1915;i23884;contains
o1915;i23885;contains
o1915;i23886;contains
o1916;i23887;contains
o1916;i23888;contains
o1916;i23889;contains
o1916;i23890;contains
o1916;i23891;contains
o1916;i23892;contains
o1916;i23893;contains
o1916;i23894;contains
o1916;i23895;contains
o1916;i23896;contains
o1916;i23897;contains
o1916;i23898;contains
o1916;i23899;contains
o1916;i23900;contains
o1916;i23901;contains
o1916;i23902;contains
o1916;i23903;contains
o1916;i23904;contains
o1916;i23905;contains
o1916;i23906;contains
o1916;i23907;contains
o1916;i23908;contains
o1916;i23909;contains
o1916;i23910;contains
o1916;i23911;contains
o1916;i23912;contains
o1916;i23913;contains
o1916;i23914;contains
o1917;i23915;contains
o1917;i23916;contains
o1917;i23917;contains
o1917;i23918;contains
o1917;i23919;contains
o1917;i23920;contains
o1917;i23921;contains
o1917;i23922;contains
o1917;i23923;contains
o1917;i23924;contains
o1917;i23925;contains
o1917;i23926;contains
o1917;i23927;contains
o1917;i23928;contains
o1917;i23929;contains
o1917;i23930;contains
o1917;i23931;contains
o1918;i23932;contains
o1918;i23933;contains
o1918;i23934;contains
o1918;i23935;contains
o1918;i23936;contains
o1918;i23937;contains
o1918;i23938;contains
o1918;i23939;contains
o1918;i23940;contains
o1918;i23941;contains
o1918;i23942;contains
o1918;i23943;contains
o1918;i23944;contains
o1918;i23945;contains
o1918;i23946;contains
o1918;i23947;contains
o1918;i23948;contains
o1919;i23949;contains
o1919;i23950;contains
o1919;i23951;contains
o1919;i23952;contains
o1919;i23953;contains
o1919;i23954;contains
o1919;i23955;contains
o1919;i23956;contains
o1919;i23957;contains
o1919;i23958;contains
o1919;i23959;contains
o1919;i23960;contains
o1919;i23961;contains
o1919;i23962;contains
o1919;i23963;contains
o1919;i23964;contains
o1919;i23965;contains
o1919;i23966;contains
o1919;i23967;contains
o1920;i23968;contains
o1920;i23969;contains
o1920;i23970;contains
o1920;i23971;contains
o1920;i23972;contains
o1920;i23973;contains
o1920;i23974;contains
o1920;i23975;contains
o1920;i23976;contains
o1920;i23977;contains
o1920;i23978;contains
o1920;i23979;contains
o1920;i23980;contains
o1920;i23981;contains
o1920;i23982;contains
o1920;i23983;contains
o1920;i23984;contains
o1920;i23985;contains
o1920;i23986;contains
o1921;i23987;contains
o1921;i23988;contains
o1921;i23989;contains
o1921;i23990;contains
o1921;i23991;contains
o1921;i23992;contains
o1921;i23993;contains
o1921;i23994;contains
o1921;i23995;contains
o1921;i23996;contains
o1921;i23997;contains
o1921;i23998;contains
o1921;i23999;contains
o1921;i24000;contains
o1921;i24001;contains
o1921;i24002;contains
o1921;i24003;contains
o1921;i24004;contains
o1921;i24005;contains
o1921;i24006;contains
o1921;i24007;contains
o1921;i24008;contains
o1921;i24009;contains
o1921;i24010;contains
o1921;i24011;contains
o1922;i24012;contains
o1922;i24013;contains
o1922;i24014;contains
o1922;i24015;contains
o1922;i24016;contains
o1922;i24017;contains
o1922;i24018;contains
o1922;i24019;contains
o1922;i24020;contains
o1922;i24021;contains
o1922;i24022;contains
o1922;i24023;contains
o1922;i24024;contains
o1922;i24025;contains
o1922;i24026;contains
o1922;i24027;contains
o1922;i24028;contains
o1922;i24029;contains
o1922;i24030;contains
o1922;i24031;contains
o1922;i24032;contains
o1922;i24033;contains
o1922;i24034;contains
o1922;i24035;contains
o1922;i24036;contains
o1922;i24037;contains
o1922;i24038;contains
o1922;i24039;contains
o1923;i24040;contains
o1923;i24041;contains
o1923;i24042;contains
o1923;i24043;contains
o1923;i24044;contains
o1923;i24045;contains
o1923;i24046;contains
o1923;i24047;contains
o1923;i24048;contains
o1923;i24049;contains
o1923;i24050;contains
o1923;i24051;contains
o1923;i24052;contains
o1923;i24053;contains
o1923;i24054;contains
o1923;i24055;contains
o1923;i24056;contains
o1923;i24057;contains
o1923;i24058;contains
o1924;i24059;contains
o1924;i24060;contains
o1924;i24061;contains
o1924;i24062;contains
o1924;i24063;contains
o1924;i24064;contains
o1924;i24065;contains
o1924;i24066;contains
o1924;i24067;contains
o1924;i24068;contains
o1924;i24069;contains
o1924;i24070;contains
o1924;i24071;contains
o1924;i24072;contains
o1924;i24073;contains
o1924;i24074;contains
o1924;i24075;contains
o1924;i24076;contains
o1924;i24077;contains
o1924;i24078;contains
o1924;i24079;contains
o1924;i24080;contains
o1924;i24081;contains
o1924;i24082;contains
o1924;i24083;contains
o1924;i24084;contains
o1924;i24085;contains
o1925;i24086;contains
o1925;i24087;contains
o1925;i24088;contains
o1925;i24089;contains
o1925;i24090;contains
o1925;i24091;contains
o1925;i24092;contains
o1925;i24093;contains
o1925;i24094;contains
o1925;i24095;contains
o1925;i24096;contains
o1925;i24097;contains
o1925;i24098;contains
o1925;i24099;contains
o1925;i24100;contains
o1925;i24101;contains
o1925;i24102;contains
o1926;i24103;contains
o1926;i24104;contains
o1926;i24105;contains
o1926;i24106;contains
o1926;i24107;contains
o1926;i24108;contains
o1926;i24109;contains
o1926;i24110;contains
o1926;i24111;contains
o1926;i24112;contains
o1926;i24113;contains
o1926;i24114;contains
o1926;i24115;contains
o1926;i24116;contains
o1926;i24117;contains
o1926;i24118;contains
o1926;i24119;contains
o1926;i24120;contains
o1926;i24121;contains
o1926;i24122;contains
o1927;i24123;contains
o1927;i24124;contains
o1927;i24125;contains
o1927;i24126;contains
o1927;i24127;contains
o1927;i24128;contains
o1927;i24129;contains
o1927;i24130;contains
o1927;i24131;contains
o1927;i24132;contains
o1927;i24133;contains
o1927;i24134;contains
o1927;i24135;contains
o1927;i24136;contains
o1927;i24137;contains
o1927;i24138;contains
o1927;i24139;contains
o1927;i24140;contains
o1927;i24141;contains
o1927;i24142;contains
o1928;i24143;contains
o1928;i24144;contains
o1928;i24145;contains
o1928;i24146;contains
o1928;i24147;contains
o1928;i24148;contains
o1928;i24149;contains
o1928;i24150;contains
o1928;i24151;contains
o1928;i24152;contains
o1928;i24153;contains
o1928;i24154;contains
o1928;i24155;contains
o1928;i24156;contains
o1928;i24157;contains
o1928;i24158;contains
o1928;i24159;contains
o1928;i24160;contains
o1928;i24161;contains
o1928;i24162;contains
o1928;i24163;contains
o1928;i24164;contains
o1928;i24165;contains
o1928;i24166;contains
o1928;i24167;contains
o1929;i24168;contains
o1929;i24169;contains
o1929;i24170;contains
o1929;i24171;contains
o1929;i24172;contains
o1929;i24173;contains
o1929;i24174;contains
o1929;i24175;contains
o1929;i24176;contains
o1929;i24177;contains
o1929;i24178;contains
o1929;i24179;contains
o1929;i24180;contains
o1929;i24181;contains
o1929;i24182;contains
o1929;i24183;contains
o1929;i24184;contains
o1929;i24185;contains
o1929;i24186;contains
o1929;i24187;contains
o1930;i24188;contains
o1930;i24189;contains
o1930;i24190;contains
o1930;i24191;contains
o1930;i24192;contains
o1930;i24193;contains
o1930;i24194;contains
o1930;i24195;contains
o1930;i24196;contains
o1930;i24197;contains
o1930;i24198;contains
o1930;i24199;contains
o1930;i24200;contains
o1930;i24201;contains
o1930;i24202;contains
o1930;i24203;contains
o1930;i24204;contains
o1930;i24205;contains
o1930;i24206;contains
o1930;i24207;contains
o1930;i24208;contains
o1930;i24209;contains
o1931;i24210;contains
o1931;i24211;contains
o1931;i24212;contains
o1931;i24213;contains
o1931;i24214;contains
o1931;i24215;contains
o1931;i24216;contains
o1931;i24217;contains
o1931;i24218;contains
o1931;i24219;contains
o1931;i24220;contains
o1931;i24221;contains
o1931;i24222;contains
o1931;i24223;contains
o1931;i24224;contains
o1931;i24225;contains
o1931;i24226;contains
o1931;i24227;contains
o1931;i24228;contains
o1931;i24229;contains
o1931;i24230;contains
o1931;i24231;contains
o1931;i24232;contains
o1931;i24233;contains
o1932;i24234;contains
o1932;i24235;contains
o1932;i24236;contains
o1932;i24237;contains
o1932;i24238;contains
o1932;i24239;contains
o1932;i24240;contains
o1932;i24241;contains
o1932;i24242;contains
o1932;i24243;contains
o1932;i24244;contains
o1932;i24245;contains
o1932;i24246;contains
o1932;i24247;contains
o1932;i24248;contains
o1932;i24249;contains
o1932;i24250;contains
o1932;i24251;contains
o1932;i24252;contains
o1932;i24253;contains
o1932;i24254;contains
o1933;i24255;contains
o1933;i24256;contains
o1933;i24257;contains
o1933;i24258;contains
o1933;i24259;contains
o1933;i24260;contains
o1933;i24261;contains
o1933;i24262;contains
o1933;i24263;contains
o1933;i24264;contains
o1933;i24265;contains
o1933;i24266;contains
o1933;i24267;contains
o1933;i24268;contains
o1933;i24269;contains
o1933;i24270;contains
o1933;i24271;contains
o1934;i24272;contains
o1934;i24273;contains
o1934;i24274;contains
o1934;i24275;contains
o1934;i24276;contains
o1934;i24277;contains
o1934;i24278;contains
o1934;i24279;contains
o1934;i24280;contains
o1934;i24281;contains
o1934;i24282;contains
o1934;i24283;contains
o1934;i24284;contains
o1934;i24285;contains
o1934;i24286;contains
o1934;i24287;contains
o1934;i24288;contains
o1935;i24289;contains
o1935;i24290;contains
o1935;i24291;contains
o1935;i24292;contains
o1935;i24293;contains
o1935;i24294;contains
o1935;i24295;contains
o1935;i24296;contains
o1935;i24297;contains
o1935;i24298;contains
o1935;i24299;contains
o1935;i24300;contains
o1935;i24301;contains
o1935;i24302;contains
o1935;i24303;contains
o1935;i24304;contains
o1935;i24305;contains
o1935;i24306;contains
o1935;i24307;contains
o1935;i24308;contains
o1935;i24309;contains
o1935;i24310;contains
o1935;i24311;contains
o1935;i24312;contains
o1936;i24313;contains
o1936;i24314;contains
o1936;i24315;contains
o1936;i24316;contains
o1936;i24317;contains
o1936;i24318;contains
o1936;i24319;contains
o1936;i24320;contains
o1936;i24321;contains
o1936;i24322;contains
o1936;i24323;contains
o1936;i24324;contains
o1936;i24325;contains
o1936;i24326;contains
o1936;i24327;contains
o1936;i24328;contains
o1936;i24329;contains
o1936;i24330;contains
o1936;i24331;contains
o1936;i24332;contains
o1936;i24333;contains
o1936;i24334;contains
o1936;i24335;contains
o1936;i24336;contains
o1936;i24337;contains
o1936;i24338;contains
o1936;i24339;contains
o1936;i24340;contains
o1936;i24341;contains
o1937;i24342;contains
o1937;i24343;contains
o1937;i24344;contains
o1937;i24345;contains
o1937;i24346;contains
o1937;i24347;contains
o1937;i24348;contains
o1937;i24349;contains
o1937;i24350;contains
o1937;i24351;contains
o1937;i24352;contains
o1937;i24353;contains
o1937;i24354;contains
o1937;i24355;contains
o1937;i24356;contains
o1937;i24357;contains
o1937;i24358;contains
o1937;i24359;contains
o1937;i24360;contains
o1937;i24361;contains
o1937;i24362;contains
o1937;i24363;contains
o1937;i24364;contains
o1937;i24365;contains
o1938;i24366;contains
o1938;i24367;contains
o1938;i24368;contains
o1938;i24369;contains
o1938;i24370;contains
o1938;i24371;contains
o1938;i24372;contains
o1938;i24373;contains
o1938;i24374;contains
o1938;i24375;contains
o1938;i24376;contains
o1938;i24377;contains
o1938;i24378;contains
o1938;i24379;contains
o1938;i24380;contains
o1938;i24381;contains
o1938;i24382;contains
o1938;i24383;contains
o1938;i24384;contains
o1939;i24385;contains
o1939;i24386;contains
o1939;i24387;contains
o1939;i24388;contains
o1939;i24389;contains
o1939;i24390;contains
o1939;i24391;contains
o1939;i24392;contains
o1939;i24393;contains
o1939;i24394;contains
o1939;i24395;contains
o1939;i24396;contains
o1939;i24397;contains
o1939;i24398;contains
o1939;i24399;contains
o1939;i24400;contains
o1939;i24401;contains
o1940;i24402;contains
o1940;i24403;contains
o1940;i24404;contains
o1940;i24405;contains
o1940;i24406;contains
o1940;i24407;contains
o1940;i24408;contains
o1940;i24409;contains
o1940;i24410;contains
o1940;i24411;contains
o1940;i24412;contains
o1940;i24413;contains
o1940;i24414;contains
o1940;i24415;contains
o1940;i24416;contains
o1940;i24417;contains
o1940;i24418;contains
o1940;i24419;contains
o1940;i24420;contains
o1940;i24421;contains
o1940;i24422;contains
o1940;i24423;contains
o1940;i24424;contains
o1940;i24425;contains
o1940;i24426;contains
o1941;i24427;contains
o1941;i24428;contains
o1941;i24429;contains
o1941;i24430;contains
o1941;i24431;contains
o1941;i24432;contains
o1941;i24433;contains
o1941;i24434;contains
o1941;i24435;contains
o1941;i24436;contains
o1941;i24437;contains
o1941;i24438;contains
o1941;i24439;contains
o1941;i24440;contains
o1941;i24441;contains
o1942;i24442;contains
o1942;i24443;contains
o1942;i24444;contains
o1942;i24445;contains
o1942;i24446;contains
o1942;i24447;contains
o1942;i24448;contains
o1942;i24449;contains
o1942;i24450;contains
o1942;i24451;contains
o1942;i24452;contains
o1942;i24453;contains
o1942;i24454;contains
o1942;i24455;contains
o1942;i24456;contains
o1942;i24457;contains
o1942;i24458;contains
o1942;i24459;contains
o1942;i24460;contains
o1942;i24461;contains
o1942;i24462;contains
o1942;i24463;contains
o1942;i24464;contains
o1942;i24465;contains
o1942;i24466;contains
o1942;i24467;contains
o1942;i24468;contains
o1942;i24469;contains
o1942;i24470;contains
o1942;i24471;contains
o1942;i24472;contains
o1942;i24473;contains
o1942;i24474;contains
o1943;i24475;contains
o1943;i24476;contains
o1943;i24477;contains
o1943;i24478;contains
o1943;i24479;contains
o1943;i24480;contains
o1943;i24481;contains
o1943;i24482;contains
o1943;i24483;contains
o1943;i24484;contains
o1943;i24485;contains
o1943;i24486;contains
o1943;i24487;contains
o1943;i24488;contains
o1943;i24489;contains
o1943;i24490;contains
o1943;i24491;contains
o1943;i24492;contains
o1943;i24493;contains
o1943;i24494;contains
o1943;i24495;contains
o1944;i24496;contains
o1944;i24497;contains
o1944;i24498;contains
o1944;i24499;contains
o1944;i24500;contains
o1944;i24501;contains
o1944;i24502;contains
o1944;i24503;contains
o1944;i24504;contains
o1944;i24505;contains
o1944;i24506;contains
o1944;i24507;contains
o1944;i24508;contains
o1944;i24509;contains
o1944;i24510;contains
o1944;i24511;contains
o1944;i24512;contains
o1944;i24513;contains
o1944;i24514;contains
o1944;i24515;contains
o1944;i24516;contains
o1944;i24517;contains
o1944;i24518;contains
o1944;i24519;contains
o1945;i24520;contains
o1945;i24521;contains
o1945;i24522;contains
o1945;i24523;contains
o1945;i24524;contains
o1945;i24525;contains
o1945;i24526;contains
o1945;i24527;contains
o1945;i24528;contains
o1945;i24529;contains
o1945;i24530;contains
o1945;i24531;contains
o1945;i24532;contains
o1945;i24533;contains
o1945;i24534;contains
o1945;i24535;contains
o1945;i24536;contains
o1945;i24537;contains
o1945;i24538;contains
o1945;i24539;contains
o1946;i24540;contains
o1946;i24541;contains
o1946;i24542;contains
o1946;i24543;contains
o1946;i24544;contains
o1946;i24545;contains
o1946;i24546;contains
o1946;i24547;contains
o1946;i24548;contains
o1946;i24549;contains
o1946;i24550;contains
o1946;i24551;contains
o1946;i24552;contains
o1946;i24553;contains
o1946;i24554;contains
o1946;i24555;contains
o1946;i24556;contains
o1946;i24557;contains
o1946;i24558;contains
o1946;i24559;contains
o1946;i24560;contains
o1946;i24561;contains
o1946;i24562;contains
o1947;i24563;contains
o1947;i24564;contains
o1947;i24565;contains
o1947;i24566;contains
o1947;i24567;contains
o1947;i24568;contains
o1947;i24569;contains
o1947;i24570;contains
o1947;i24571;contains
o1947;i24572;contains
o1947;i24573;contains
o1947;i24574;contains
o1947;i24575;contains
o1947;i24576;contains
o1947;i24577;contains
o1947;i24578;contains
o1947;i24579;contains
o1947;i24580;contains
o1947;i24581;contains
o1947;i24582;contains
o1948;i24583;contains
o1948;i24584;contains
o1948;i24585;contains
o1948;i24586;contains
o1948;i24587;contains
o1948;i24588;contains
o1948;i24589;contains
o1948;i24590;contains
o1948;i24591;contains
o1948;i24592;contains
o1948;i24593;contains
o1948;i24594;contains
o1948;i24595;contains
o1948;i24596;contains
o1948;i24597;contains
o1948;i24598;contains
o1948;i24599;contains
o1948;i24600;contains
o1949;i24601;contains
o1949;i24602;contains
o1949;i24603;contains
o1949;i24604;contains
o1949;i24605;contains
o1949;i24606;contains
o1949;i24607;contains
o1949;i24608;contains
o1949;i24609;contains
o1949;i24610;contains
o1949;i24611;contains
o1949;i24612;contains
o1950;i24613;contains
o1950;i24614;contains
o1950;i24615;contains
o1950;i24616;contains
o1950;i24617;contains
o1950;i24618;contains
o1950;i24619;contains
o1950;i24620;contains
o1950;i24621;contains
o1950;i24622;contains
o1950;i24623;contains
o1950;i24624;contains
o1950;i24625;contains
o1950;i24626;contains
o1950;i24627;contains
o1950;i24628;contains
o1950;i24629;contains
o1951;i24630;contains
o1951;i24631;contains
o1951;i24632;contains
o1951;i24633;contains
o1951;i24634;contains
o1951;i24635;contains
o1951;i24636;contains
o1951;i24637;contains
o1951;i24638;contains
o1951;i24639;contains
o1951;i24640;contains
o1951;i24641;contains
o1951;i24642;contains
o1951;i24643;contains
o1951;i24644;contains
o1951;i24645;contains
o1951;i24646;contains
o1951;i24647;contains
o1951;i24648;contains
o1951;i24649;contains
o1951;i24650;contains
o1951;i24651;contains
o1951;i24652;contains
o1951;i24653;contains
o1951;i24654;contains
o1952;i24655;contains
o1952;i24656;contains
o1952;i24657;contains
o1952;i24658;contains
o1952;i24659;contains
o1952;i24660;contains
o1952;i24661;contains
o1952;i24662;contains
o1952;i24663;contains
o1952;i24664;contains
o1952;i24665;contains
o1952;i24666;contains
o1952;i24667;contains
o1952;i24668;contains
o1952;i24669;contains
o1952;i24670;contains
o1952;i24671;contains
o1952;i24672;contains
o1952;i24673;contains
o1952;i24674;contains
o1952;i24675;contains
o1952;i24676;contains
o1953;i24677;contains
o1953;i24678;contains
o1953;i24679;contains
o1953;i24680;contains
o1953;i24681;contains
o1953;i24682;contains
o1953;i24683;contains
o1953;i24684;contains
o1953;i24685;contains
o1953;i24686;contains
o1953;i24687;contains
o1953;i24688;contains
o1953;i24689;contains
o1953;i24690;contains
o1953;i24691;contains
o1953;i24692;contains
o1953;i24693;contains
o1953;i24694;contains
o1953;i24695;contains
o1953;i24696;contains
o1953;i24697;contains
o1954;i24698;contains
o1954;i24699;contains
o1954;i24700;contains
o1954;i24701;contains
o1954;i24702;contains
o1954;i24703;contains
o1954;i24704;contains
o1954;i24705;contains
o1954;i24706;contains
o1954;i24707;contains
o1954;i24708;contains
o1954;i24709;contains
o1954;i24710;contains
o1954;i24711;contains
o1954;i24712;contains
o1954;i24713;contains
o1954;i24714;contains
o1954;i24715;contains
o1954;i24716;contains
o1954;i24717;contains
o1954;i24718;contains
o1954;i24719;contains
o1954;i24720;contains
o1954;i24721;contains
o1954;i24722;contains
o1954;i24723;contains
o1954;i24724;contains
o1954;i24725;contains
o1954;i24726;contains
o1954;i24727;contains
o1954;i24728;contains
o1954;i24729;contains
o1955;i24730;contains
o1955;i24731;contains
o1955;i24732;contains
o1955;i24733;contains
o1955;i24734;contains
o1955;i24735;contains
o1955;i24736;contains
o1955;i24737;contains
o1955;i24738;contains
o1955;i24739;contains
o1955;i24740;contains
o1955;i24741;contains
o1955;i24742;contains
o1955;i24743;contains
o1955;i24744;contains
o1955;i24745;contains
o1955;i24746;contains
o1955;i24747;contains
o1955;i24748;contains
o1955;i24749;contains
o1955;i24750;contains
o1955;i24751;contains
o1955;i24752;contains
o1955;i24753;contains
o1955;i24754;contains
o1956;i24755;contains
o1956;i24756;contains
o1956;i24757;contains
o1956;i24758;contains
o1956;i24759;contains
o1956;i24760;contains
o1956;i24761;contains
o1956;i24762;contains
o1956;i24763;contains
o1956;i24764;contains
o1956;i24765;contains
o1956;i24766;contains
o1956;i24767;contains
o1956;i24768;contains
o1956;i24769;contains
o1956;i24770;contains
o1956;i24771;contains
o1956;i24772;contains
o1956;i24773;contains
o1956;i24774;contains
o1956;i24775;contains
o1956;i24776;contains
o1956;i24777;contains
o1957;i24778;contains
o1957;i24779;contains
o1957;i24780;contains
o1957;i24781;contains
o1957;i24782;contains
o1957;i24783;contains
o1957;i24784;contains
o1957;i24785;contains
o1957;i24786;contains
o1957;i24787;contains
o1957;i24788;contains
o1957;i24789;contains
o1957;i24790;contains
o1957;i24791;contains
o1958;i24792;contains
o1958;i24793;contains
o1958;i24794;contains
o1958;i24795;contains
o1958;i24796;contains
o1958;i24797;contains
o1958;i24798;contains
o1958;i24799;contains
o1958;i24800;contains
o1958;i24801;contains
o1958;i24802;contains
o1958;i24803;contains
o1958;i24804;contains
o1958;i24805;contains
o1958;i24806;contains
o1958;i24807;contains
o1958;i24808;contains
o1958;i24809;contains
o1958;i24810;contains
o1958;i24811;contains
o1958;i24812;contains
o1958;i24813;contains
o1958;i24814;contains
o1959;i24815;contains
o1959;i24816;contains
o1959;i24817;contains
o1959;i24818;contains
o1959;i24819;contains
o1959;i24820;contains
o1959;i24821;contains
o1959;i24822;contains
o1959;i24823;contains
o1959;i24824;contains
o1959;i24825;contains
o1959;i24826;contains
o1959;i24827;contains
o1959;i24828;contains
o1959;i24829;contains
o1959;i24830;contains
o1959;i24831;contains
o1959;i24832;contains
o1959;i24833;contains
o1959;i24834;contains
o1959;i24835;contains
o1959;i24836;contains
o1959;i24837;contains
o1959;i24838;contains
o1960;i24839;contains
o1960;i24840;contains
o1960;i24841;contains
o1960;i24842;contains
o1960;i24843;contains
o1960;i24844;contains
o1960;i24845;contains
o1960;i24846;contains
o1960;i24847;contains
o1960;i24848;contains
o1960;i24849;contains
o1960;i24850;contains
o1960;i24851;contains
o1960;i24852;contains
o1960;i24853;contains
o1960;i24854;contains
o1960;i24855;contains
o1960;i24856;contains
o1961;i24857;contains
o1961;i24858;contains
o1961;i24859;contains
o1961;i24860;contains
o1961;i24861;contains
o1961;i24862;contains
o1961;i24863;contains
o1961;i24864;contains
o1961;i24865;contains
o1961;i24866;contains
o1961;i24867;contains
o1961;i24868;contains
o1961;i24869;contains
o1961;i24870;contains
o1961;i24871;contains
o1961;i24872;contains
o1961;i24873;contains
o1961;i24874;contains
o1961;i24875;contains
o1961;i24876;contains
o1962;i24877;contains
o1962;i24878;contains
o1962;i24879;contains
o1962;i24880;contains
o1962;i24881;contains
o1962;i24882;contains
o1962;i24883;contains
o1962;i24884;contains
o1962;i24885;contains
o1962;i24886;contains
o1962;i24887;contains
o1962;i24888;contains
o1962;i24889;contains
o1962;i24890;contains
o1962;i24891;contains
o1962;i24892;contains
o1962;i24893;contains
o1962;i24894;contains
o1962;i24895;contains
o1962;i24896;contains
o1962;i24897;contains
o1962;i24898;contains
o1962;i24899;contains
o1962;i24900;contains
o1962;i24901;contains
o1962;i24902;contains
o1962;i24903;contains
o1963;i24904;contains
o1963;i24905;contains
o1963;i24906;contains
o1963;i24907;contains
o1963;i24908;contains
o1963;i24909;contains
o1963;i24910;contains
o1963;i24911;contains
o1963;i24912;contains
o1963;i24913;contains
o1963;i24914;contains
o1963;i24915;contains
o1963;i24916;contains
o1963;i24917;contains
o1963;i24918;contains
o1963;i24919;contains
o1963;i24920;contains
o1964;i24921;contains
o1964;i24922;contains
o1964;i24923;contains
o1964;i24924;contains
o1964;i24925;contains
o1964;i24926;contains
o1964;i24927;contains
o1964;i24928;contains
o1964;i24929;contains
o1964;i24930;contains
o1964;i24931;contains
o1964;i24932;contains
o1964;i24933;contains
o1964;i24934;contains
o1964;i24935;contains
o1964;i24936;contains
o1964;i24937;contains
o1965;i24938;contains
o1965;i24939;contains
o1965;i24940;contains
o1965;i24941;contains
o1965;i24942;contains
o1965;i24943;contains
o1965;i24944;contains
o1965;i24945;contains
o1965;i24946;contains
o1965;i24947;contains
o1965;i24948;contains
o1965;i24949;contains
o1965;i24950;contains
o1965;i24951;contains
o1965;i24952;contains
o1965;i24953;contains
o1965;i24954;contains
o1965;i24955;contains
o1965;i24956;contains
o1965;i24957;contains
o1965;i24958;contains
o1965;i24959;contains
o1965;i24960;contains
o1965;i24961;contains
o1965;i24962;contains
o1965;i24963;contains
o1966;i24964;contains
o1966;i24965;contains
o1966;i24966;contains
o1966;i24967;contains
o1966;i24968;contains
o1966;i24969;contains
o1966;i24970;contains
o1966;i24971;contains
o1966;i24972;contains
o1966;i24973;contains
o1966;i24974;contains
o1966;i24975;contains
o1966;i24976;contains
o1966;i24977;contains
o1966;i24978;contains
o1966;i24979;contains
o1967;i24980;contains
o1967;i24981;contains
o1967;i24982;contains
o1967;i24983;contains
o1967;i24984;contains
o1967;i24985;contains
o1967;i24986;contains
o1967;i24987;contains
o1967;i24988;contains
o1967;i24989;contains
o1967;i24990;contains
o1967;i24991;contains
o1967;i24992;contains
o1967;i24993;contains
o1967;i24994;contains
o1967;i24995;contains
o1967;i24996;contains
o1967;i24997;contains
o1968;i24998;contains
o1968;i24999;contains
o1968;i25000;contains
o1968;i25001;contains
o1968;i25002;contains
o1968;i25003;contains
o1968;i25004;contains
o1968;i25005;contains
o1968;i25006;contains
o1968;i25007;contains
o1968;i25008;contains
o1968;i25009;contains
o1968;i25010;contains
o1968;i25011;contains
o1968;i25012;contains
o1968;i25013;contains
o1968;i25014;contains
o1968;i25015;contains
o1969;i25016;contains
o1969;i25017;contains
o1969;i25018;contains
o1969;i25019;contains
o1969;i25020;contains
o1969;i25021;contains
o1969;i25022;contains
o1969;i25023;contains
o1969;i25024;contains
o1969;i25025;contains
o1969;i25026;contains
o1969;i25027;contains
o1969;i25028;contains
o1969;i25029;contains
o1969;i25030;contains
o1969;i25031;contains
o1969;i25032;contains
o1969;i25033;contains
o1969;i25034;contains
o1969;i25035;contains
o1969;i25036;contains
o1969;i25037;contains
o1969;i25038;contains
o1969;i25039;contains
o1969;i25040;contains
o1970;i25041;contains
o1970;i25042;contains
o1970;i25043;contains
o1970;i25044;contains
o1970;i25045;contains
o1970;i25046;contains
o1970;i25047;contains
o1970;i25048;contains
o1970;i25049;contains
o1970;i25050;contains
o1970;i25051;contains
o1970;i25052;contains
o1970;i25053;contains
o1970;i25054;contains
o1970;i25055;contains
o1970;i25056;contains
o1970;i25057;contains
o1970;i25058;contains
o1970;i25059;contains
o1970;i25060;contains
o1970;i25061;contains
o1970;i25062;contains
o1970;i25063;contains
o1971;i25064;contains
o1971;i25065;contains
o1971;i25066;contains
o1971;i25067;contains
o1971;i25068;contains
o1971;i25069;contains
o1971;i25070;contains
o1971;i25071;contains
o1971;i25072;contains
o1971;i25073;contains
o1971;i25074;contains
o1971;i25075;contains
o1971;i25076;contains
o1971;i25077;contains
o1971;i25078;contains
o1971;i25079;contains
o1971;i25080;contains
o1971;i25081;contains
o1971;i25082;contains
o1971;i25083;contains
o1971;i25084;contains
o1971;i25085;contains
o1971;i25086;contains
o1971;i25087;contains
o1971;i25088;contains
o1971;i25089;contains
o1972;i25090;contains
o1972;i25091;contains
o1972;i25092;contains
o1972;i25093;contains
o1972;i25094;contains
o1972;i25095;contains
o1972;i25096;contains
o1972;i25097;contains
o1972;i25098;contains
o1972;i25099;contains
o1972;i25100;contains
o1972;i25101;contains
o1972;i25102;contains
o1972;i25103;contains
o1972;i25104;contains
o1972;i25105;contains
o1972;i25106;contains
o1972;i25107;contains
o1972;i25108;contains
o1972;i25109;contains
o1972;i25110;contains
o1972;i25111;contains
o1972;i25112;contains
o1972;i25113;contains
o1972;i25114;contains
o1972;i25115;contains
o1972;i25116;contains
o1972;i25117;contains
o1972;i25118;contains
o1973;i25119;contains
o1973;i25120;contains
o1973;i25121;contains
o1973;i25122;contains
o1973;i25123;contains
o1973;i25124;contains
o1973;i25125;contains
o1973;i25126;contains
o1973;i25127;contains
o1973;i25128;contains
o1973;i25129;contains
o1973;i25130;contains
o1973;i25131;contains
o1973;i25132;contains
o1973;i25133;contains
o1973;i25134;contains
o1973;i25135;contains
o1973;i25136;contains
o1973;i25137;contains
o1973;i25138;contains
o1973;i25139;contains
o1973;i25140;contains
o1973;i25141;contains
o1973;i25142;contains
o1974;i25143;contains
o1974;i25144;contains
o1974;i25145;contains
o1974;i25146;contains
o1974;i25147;contains
o1974;i25148;contains
o1974;i25149;contains
o1974;i25150;contains
o1974;i25151;contains
o1974;i25152;contains
o1974;i25153;contains
o1974;i25154;contains
o1974;i25155;contains
o1974;i25156;contains
o1974;i25157;contains
o1974;i25158;contains
o1974;i25159;contains
o1974;i25160;contains
o1974;i25161;contains
o1974;i25162;contains
o1974;i25163;contains
o1974;i25164;contains
o1974;i25165;contains
o1975;i25166;contains
o1975;i25167;contains
o1975;i25168;contains
o1975;i25169;contains
o1975;i25170;contains
o1975;i25171;contains
o1975;i25172;contains
o1975;i25173;contains
o1975;i25174;contains
o1975;i25175;contains
o1975;i25176;contains
o1975;i25177;contains
o1975;i25178;contains
o1975;i25179;contains
o1975;i25180;contains
o1975;i25181;contains
o1975;i25182;contains
o1975;i25183;contains
o1975;i25184;contains
o1975;i25185;contains
o1975;i25186;contains
o1975;i25187;contains
o1975;i25188;contains
o1975;i25189;contains
o1975;i25190;contains
o1975;i25191;contains
o1975;i25192;contains
o1975;i25193;contains
o1976;i25194;contains
o1976;i25195;contains
o1976;i25196;contains
o1976;i25197;contains
o1976;i25198;contains
o1976;i25199;contains
o1976;i25200;contains
o1976;i25201;contains
o1976;i25202;contains
o1976;i25203;contains
o1976;i25204;contains
o1976;i25205;contains
o1976;i25206;contains
o1976;i25207;contains
o1976;i25208;contains
o1976;i25209;contains
o1976;i25210;contains
o1977;i25211;contains
o1977;i25212;contains
o1977;i25213;contains
o1977;i25214;contains
o1977;i25215;contains
o1977;i25216;contains
o1977;i25217;contains
o1977;i25218;contains
o1977;i25219;contains
o1977;i25220;contains
o1977;i25221;contains
o1977;i25222;contains
o1977;i25223;contains
o1977;i25224;contains
o1977;i25225;contains
o1977;i25226;contains
o1977;i25227;contains
o1977;i25228;contains
o1977;i25229;contains
o1978;i25230;contains
o1978;i25231;contains
o1978;i25232;contains
o1978;i25233;contains
o1978;i25234;contains
o1978;i25235;contains
o1978;i25236;contains
o1978;i25237;contains
o1978;i25238;contains
o1978;i25239;contains
o1978;i25240;contains
o1978;i25241;contains
o1978;i25242;contains
o1978;i25243;contains
o1978;i25244;contains
o1978;i25245;contains
o1978;i25246;contains
o1978;i25247;contains
o1978;i25248;contains
o1979;i25249;contains
o1979;i25250;contains
o1979;i25251;contains
o1979;i25252;contains
o1979;i25253;contains
o1979;i25254;contains
o1979;i25255;contains
o1979;i25256;contains
o1979;i25257;contains
o1979;i25258;contains
o1979;i25259;contains
o1979;i25260;contains
o1979;i25261;contains
o1979;i25262;contains
o1979;i25263;contains
o1979;i25264;contains
o1979;i25265;contains
o1979;i25266;contains
o1979;i25267;contains
o1979;i25268;contains
o1979;i25269;contains
o1979;i25270;contains
o1979;i25271;contains
o1979;i25272;contains
o1979;i25273;contains
o1979;i25274;contains
o1980;i25275;contains
o1980;i25276;contains
o1980;i25277;contains
o1980;i25278;contains
o1980;i25279;contains
o1980;i25280;contains
o1980;i25281;contains
o1980;i25282;contains
o1980;i25283;contains
o1980;i25284;contains
o1980;i25285;contains
o1980;i25286;contains
o1980;i25287;contains
o1980;i25288;contains
o1980;i25289;contains
o1980;i25290;contains
o1980;i25291;contains
o1980;i25292;contains
o1980;i25293;contains
o1981;i25294;contains
o1981;i25295;contains
o1981;i25296;contains
o1981;i25297;contains
o1981;i25298;contains
o1981;i25299;contains
o1981;i25300;contains
o1981;i25301;contains
o1981;i25302;contains
o1981;i25303;contains
o1981;i25304;contains
o1981;i25305;contains
o1981;i25306;contains
o1981;i25307;contains
o1981;i25308;contains
o1981;i25309;contains
o1981;i25310;contains
o1981;i25311;contains
o1981;i25312;contains
o1981;i25313;contains
o1981;i25314;contains
o1981;i25315;contains
o1981;i25316;contains
o1982;i25317;contains
o1982;i25318;contains
o1982;i25319;contains
o1982;i25320;contains
o1982;i25321;contains
o1982;i25322;contains
o1982;i25323;contains
o1982;i25324;contains
o1982;i25325;contains
o1982;i25326;contains
o1982;i25327;contains
o1982;i25328;contains
o1982;i25329;contains
o1982;i25330;contains
o1982;i25331;contains
o1982;i25332;contains
o1982;i25333;contains
o1982;i25334;contains
o1982;i25335;contains
o1982;i25336;contains
o1982;i25337;contains
o1982;i25338;contains
o1982;i25339;contains
o1982;i25340;contains
o1982;i25341;contains
o1982;i25342;contains
o1982;i25343;contains
o1982;i25344;contains
o1983;i25345;contains
o1983;i25346;contains
o1983;i25347;contains
o1983;i25348;contains
o1983;i25349;contains
o1983;i25350;contains
o1983;i25351;contains
o1983;i25352;contains
o1983;i25353;contains
o1983;i25354;contains
o1983;i25355;contains
o1983;i25356;contains
o1983;i25357;contains
o1983;i25358;contains
o1983;i25359;contains
o1983;i25360;contains
o1983;i25361;contains
o1983;i25362;contains
o1983;i25363;contains
o1984;i25364;contains
o1984;i25365;contains
o1984;i25366;contains
o1984;i25367;contains
o1984;i25368;contains
o1984;i25369;contains
o1984;i25370;contains
o1984;i25371;contains
o1984;i25372;contains
o1984;i25373;contains
o1984;i25374;contains
o1984;i25375;contains
o1984;i25376;contains
o1984;i25377;contains
o1984;i25378;contains
o1984;i25379;contains
o1984;i25380;contains
o1984;i25381;contains
o1984;i25382;contains
o1984;i25383;contains
o1984;i25384;contains
o1984;i25385;contains
o1984;i25386;contains
o1984;i25387;contains
o1984;i25388;contains
o1984;i25389;contains
o1985;i25390;contains
o1985;i25391;contains
o1985;i25392;contains
o1985;i25393;contains
o1985;i25394;contains
o1985;i25395;contains
o1985;i25396;contains
o1985;i25397;contains
o1985;i25398;contains
o1985;i25399;contains
o1985;i25400;contains
o1985;i25401;contains
o1985;i25402;contains
o1985;i25403;contains
o1985;i25404;contains
o1985;i25405;contains
o1985;i25406;contains
o1985;i25407;contains
o1985;i25408;contains
o1985;i25409;contains
o1985;i25410;contains
o1985;i25411;contains
o1985;i25412;contains
o1985;i25413;contains
o1985;i25414;contains
o1985;i25415;contains
o1985;i25416;contains
o1986;i25417;contains
o1986;i25418;contains
o1986;i25419;contains
o1986;i25420;contains
o1986;i25421;contains
o1986;i25422;contains
o1986;i25423;contains
o1986;i25424;contains
o1986;i25425;contains
o1986;i25426;contains
o1986;i25427;contains
o1986;i25428;contains
o1986;i25429;contains
o1986;i25430;contains
o1986;i25431;contains
o1986;i25432;contains
o1986;i25433;contains
o1986;i25434;contains
o1986;i25435;contains
o1986;i25436;contains
o1986;i25437;contains
o1986;i25438;contains
o1986;i25439;contains
o1986;i25440;contains
o1986;i25441;contains
o1986;i25442;contains
o1986;i25443;contains
o1986;i25444;contains
o1987;i25445;contains
o1987;i25446;contains
o1987;i25447;contains
o1987;i25448;contains
o1987;i25449;contains
o1987;i25450;contains
o1987;i25451;contains
o1987;i25452;contains
o1987;i25453;contains
o1987;i25454;contains
o1987;i25455;contains
o1987;i25456;contains
o1987;i25457;contains
o1987;i25458;contains
o1987;i25459;contains
o1987;i25460;contains
o1987;i25461;contains
o1987;i25462;contains
o1987;i25463;contains
o1987;i25464;contains
o1988;i25465;contains
o1988;i25466;contains
o1988;i25467;contains
o1988;i25468;contains
o1988;i25469;contains
o1988;i25470;contains
o1988;i25471;contains
o1988;i25472;contains
o1988;i25473;contains
o1988;i25474;contains
o1988;i25475;contains
o1988;i25476;contains
o1988;i25477;contains
o1988;i25478;contains
o1988;i25479;contains
o1988;i25480;contains
o1988;i25481;contains
o1988;i25482;contains
o1988;i25483;contains
o1988;i25484;contains
o1988;i25485;contains
o1988;i25486;contains
o1988;i25487;contains
o1988;i25488;contains
o1988;i25489;contains
o1989;i25490;contains
o1989;i25491;contains
o1989;i25492;contains
o1989;i25493;contains
o1989;i25494;contains
o1989;i25495;contains
o1989;i25496;contains
o1989;i25497;contains
o1989;i25498;contains
o1989;i25499;contains
o1989;i25500;contains
o1989;i25501;contains
o1989;i25502;contains
o1989;i25503;contains
o1989;i25504;contains
o1989;i25505;contains
o1989;i25506;contains
o1989;i25507;contains
o1989;i25508;contains
o1989;i25509;contains
o1990;i25510;contains
o1990;i25511;contains
o1990;i25512;contains
o1990;i25513;contains
o1990;i25514;contains
o1990;i25515;contains
o1990;i25516;contains
o1990;i25517;contains
o1990;i25518;contains
o1990;i25519;contains
o1990;i25520;contains
o1990;i25521;contains
o1990;i25522;contains
o1990;i25523;contains
o1990;i25524;contains
o1990;i25525;contains
o1990;i25526;contains
o1991;i25527;contains
o1991;i25528;contains
o1991;i25529;contains
o1991;i25530;contains
o1991;i25531;contains
o1991;i25532;contains
o1991;i25533;contains
o1991;i25534;contains
o1991;i25535;contains
o1991;i25536;contains
o1991;i25537;contains
o1991;i25538;contains
o1991;i25539;contains
o1991;i25540;contains
o1991;i25541;contains
o1991;i25542;contains
o1991;i25543;contains
o1991;i25544;contains
o1991;i25545;contains
o1991;i25546;contains
o1991;i25547;contains
o1991;i25548;contains
o1991;i25549;contains
o1991;i25550;contains
o1991;i25551;contains
o1991;i25552;contains
o1992;i25553;contains
o1992;i25554;contains
o1992;i25555;contains
o1992;i25556;contains
o1992;i25557;contains
o1992;i25558;contains
o1992;i25559;contains
o1992;i25560;contains
o1992;i25561;contains
o1992;i25562;contains
o1992;i25563;contains
o1992;i25564;contains
o1992;i25565;contains
o1992;i25566;contains
o1992;i25567;contains
o1992;i25568;contains
o1992;i25569;contains
o1992;i25570;contains
o1992;i25571;contains
o1992;i25572;contains
o1992;i25573;contains
o1992;i25574;contains
o1992;i25575;contains
o1993;i25576;contains
o1993;i25577;contains
o1993;i25578;contains
o1993;i25579;contains
o1993;i25580;contains
o1993;i25581;contains
o1993;i25582;contains
o1993;i25583;contains
o1993;i25584;contains
o1993;i25585;contains
o1993;i25586;contains
o1993;i25587;contains
o1993;i25588;contains
o1993;i25589;contains
o1993;i25590;contains
o1993;i25591;contains
o1993;i25592;contains
o1994;i25593;contains
o1994;i25594;contains
o1994;i25595;contains
o1994;i25596;contains
o1994;i25597;contains
o1994;i25598;contains
o1994;i25599;contains
o1994;i25600;contains
o1994;i25601;contains
o1994;i25602;contains
o1994;i25603;contains
o1994;i25604;contains
o1994;i25605;contains
o1994;i25606;contains
o1994;i25607;contains
o1994;i25608;contains
o1994;i25609;contains
o1994;i25610;contains
o1994;i25611;contains
o1994;i25612;contains
o1994;i25613;contains
o1994;i25614;contains
o1994;i25615;contains
o1994;i25616;contains
o1994;i25617;contains
o1994;i25618;contains
o1995;i25619;contains
o1995;i25620;contains
o1995;i25621;contains
o1995;i25622;contains
o1995;i25623;contains
o1995;i25624;contains
o1995;i25625;contains
o1995;i25626;contains
o1995;i25627;contains
o1995;i25628;contains
o1995;i25629;contains
o1995;i25630;contains
o1995;i25631;contains
o1995;i25632;contains
o1995;i25633;contains
o1995;i25634;contains
o1995;i25635;contains
o1995;i25636;contains
o1995;i25637;contains
o1995;i25638;contains
o1995;i25639;contains
o1996;i25640;contains
o1996;i25641;contains
o1996;i25642;contains
o1996;i25643;contains
o1996;i25644;contains
o1996;i25645;contains
o1996;i25646;contains
o1996;i25647;contains
o1996;i25648;contains
o1996;i25649;contains
o1996;i25650;contains
o1996;i25651;contains
o1996;i25652;contains
o1996;i25653;contains
o1996;i25654;contains
o1996;i25655;contains
o1996;i25656;contains
o1996;i25657;contains
o1996;i25658;contains
o1996;i25659;contains
o1996;i25660;contains
o1996;i25661;contains
o1996;i25662;contains
o1996;i25663;contains
o1996;i25664;contains
o1996;i25665;contains
o1997;i25666;contains
o1997;i25667;contains
o1997;i25668;contains
o1997;i25669;contains
o1997;i25670;contains
o1997;i25671;contains
o1997;i25672;contains
o1997;i25673;contains
o1997;i25674;contains
o1997;i25675;contains
o1997;i25676;contains
o1997;i25677;contains
o1997;i25678;contains
o1997;i25679;contains
o1997;i25680;contains
o1997;i25681;contains
o1997;i25682;contains
o1997;i25683;contains
o1997;i25684;contains
o1997;i25685;contains
o1997;i25686;contains
o1997;i25687;contains
o1997;i25688;contains
o1997;i25689;contains
o1998;i25690;contains
o1998;i25691;contains
o1998;i25692;contains
o1998;i25693;contains
o1998;i25694;contains
o1998;i25695;contains
o1998;i25696;contains
o1998;i25697;contains
o1998;i25698;contains
o1998;i25699;contains
o1998;i25700;contains
o1998;i25701;contains
o1998;i25702;contains
o1998;i25703;contains
o1998;i25704;contains
o1998;i25705;contains
o1998;i25706;contains
o1998;i25707;contains
o1998;i25708;contains
o1998;i25709;contains
o1998;i25710;contains
o1998;i25711;contains
o1998;i25712;contains
o1998;i25713;contains
o1998;i25714;contains
o1999;i25715;contains
o1999;i25716;contains
o1999;i25717;contains
o1999;i25718;contains
o1999;i25719;contains
o1999;i25720;contains
o1999;i25721;contains
o1999;i25722;contains
o1999;i25723;contains
o1999;i25724;contains
o1999;i25725;contains
o1999;i25726;contains
o1999;i25727;contains
o1999;i25728;contains
o1999;i25729;contains
o1999;i25730;contains
o2000;i25731;contains
o2000;i25732;contains
o2000;i25733;contains
o2000;i25734;contains
o2000;i25735;contains
o2000;i25736;contains
o2000;i25737;contains
o2000;i25738;contains
o2000;i25739;contains
o2000;i25740;contains
o2000;i25741;contains
o2000;i25742;contains
o2000;i25743;contains
o2000;i25744;contains
o2000;i25745;contains
o2000;i25746;contains
o2000;i25747;contains
o2000;i25748;contains
o2000;i25749;contains
o2000;i25750;contains
o2000;i25751;contains
o2000;i25752;contains
o2001;i25753;contains
o2001;i25754;contains
o2001;i25755;contains
o2001;i25756;contains
o2001;i25757;contains
o2001;i25758;contains
o2001;i25759;contains
o2001;i25760;contains
o2001;i25761;contains
o2001;i25762;contains
o2001;i25763;contains
o2001;i25764;contains
o2001;i25765;contains
o2001;i25766;contains
o2001;i25767;contains
o2001;i25768;contains
o2001;i25769;contains
o2001;i25770;contains
o2001;i25771;contains
o2001;i25772;contains
o2002;i25773;contains
o2002;i25774;contains
o2002;i25775;contains
o2002;i25776;contains
o2002;i25777;contains
o2002;i25778;contains
o2002;i25779;contains
o2002;i25780;contains
o2002;i25781;contains
o2002;i25782;contains
o2002;i25783;contains
o2002;i25784;contains
o2002;i25785;contains
o2002;i25786;contains
o2002;i25787;contains
o2002;i25788;contains
o2002;i25789;contains
o2002;i25790;contains
o2002;i25791;contains
o2002;i25792;contains
o2002;i25793;contains
o2002;i25794;contains
o2002;i25795;contains
o2002;i25796;contains
o2002;i25797;contains
o2002;i25798;contains
o2002;i25799;contains
o2002;i25800;contains
o2002;i25801;contains
o2002;i25802;contains
o2002;i25803;contains
o2002;i25804;contains
o2003;i25805;contains
o2003;i25806;contains
o2003;i25807;contains
o2003;i25808;contains
o2003;i25809;contains
o2003;i25810;contains
o2003;i25811;contains
o2003;i25812;contains
o2003;i25813;contains
o2003;i25814;contains
o2003;i25815;contains
o2003;i25816;contains
o2003;i25817;contains
o2003;i25818;contains
o2003;i25819;contains
o2004;i25820;contains
o2004;i25821;contains
o2004;i25822;contains
o2004;i25823;contains
o2004;i25824;contains
o2004;i25825;contains
o2004;i25826;contains
o2004;i25827;contains
o2004;i25828;contains
o2004;i25829;contains
o2004;i25830;contains
o2004;i25831;contains
o2004;i25832;contains
o2004;i25833;contains
o2004;i25834;contains
o2004;i25835;contains
o2004;i25836;contains
o2004;i25837;contains
o2004;i25838;contains
o2004;i25839;contains
o2004;i25840;contains
o2004;i25841;contains
o2005;i25842;contains
o2005;i25843;contains
o2005;i25844;contains
o2005;i25845;contains
o2005;i25846;contains
o2005;i25847;contains
o2005;i25848;contains
o2005;i25849;contains
o2005;i25850;contains
o2005;i25851;contains
o2005;i25852;contains
o2005;i25853;contains
o2005;i25854;contains
o2005;i25855;contains
o2005;i25856;contains
o2005;i25857;contains
o2005;i25858;contains
o2005;i25859;contains
o2005;i25860;contains
o2005;i25861;contains
o2005;i25862;contains
o2005;i25863;contains
o2005;i25864;contains
o2005;i25865;contains
o2005;i25866;contains
o2006;i25867;contains
o2006;i25868;contains
o2006;i25869;contains
o2006;i25870;contains
o2006;i25871;contains
o2006;i25872;contains
o2006;i25873;contains
o2006;i25874;contains
o2006;i25875;contains
o2006;i25876;contains
o2006;i25877;contains
o2006;i25878;contains
o2006;i25879;contains
o2006;i25880;contains
o2006;i25881;contains
o2006;i25882;contains
o2006;i25883;contains
o2006;i25884;contains
o2006;i25885;contains
o2006;i25886;contains
o2006;i25887;contains
o2006;i25888;contains
o2006;i25889;contains
o2006;i25890;contains
o2006;i25891;contains
o2006;i25892;contains
o2006;i25893;contains
o2006;i25894;contains
o2006;i25895;contains
o2006;i25896;contains
o2007;i25897;contains
o2007;i25898;contains
o2007;i25899;contains
o2007;i25900;contains
o2007;i25901;contains
o2007;i25902;contains
o2007;i25903;contains
o2007;i25904;contains
o2007;i25905;contains
o2007;i25906;contains
o2007;i25907;contains
o2007;i25908;contains
o2007;i25909;contains
o2007;i25910;contains
o2007;i25911;contains
o2007;i25912;contains
o2007;i25913;contains
o2007;i25914;contains
o2007;i25915;contains
o2007;i25916;contains
o2007;i25917;contains
o2008;i25918;contains
o2008;i25919;contains
o2008;i25920;contains
o2008;i25921;contains
o2008;i25922;contains
o2008;i25923;contains
o2008;i25924;contains
o2008;i25925;contains
o2008;i25926;contains
o2008;i25927;contains
o2008;i25928;contains
o2008;i25929;contains
o2008;i25930;contains
o2008;i25931;contains
o2008;i25932;contains
o2008;i25933;contains
o2008;i25934;contains
o2009;i25935;contains
o2009;i25936;contains
o2009;i25937;contains
o2009;i25938;contains
o2009;i25939;contains
o2009;i25940;contains
o2009;i25941;contains
o2009;i25942;contains
o2009;i25943;contains
o2009;i25944;contains
o2009;i25945;contains
o2009;i25946;contains
o2009;i25947;contains
o2009;i25948;contains
o2009;i25949;contains
o2009;i25950;contains
o2009;i25951;contains
o2009;i25952;contains
o2009;i25953;contains
o2009;i25954;contains
o2009;i25955;contains
o2009;i25956;contains
o2009;i25957;contains
o2009;i25958;contains
o2009;i25959;contains
o2009;i25960;contains
o2009;i25961;contains
o2009;i25962;contains
o2009;i25963;contains
o2010;i25964;contains
o2010;i25965;contains
o2010;i25966;contains
o2010;i25967;contains
o2010;i25968;contains
o2010;i25969;contains
o2010;i25970;contains
o2010;i25971;contains
o2010;i25972;contains
o2010;i25973;contains
o2010;i25974;contains
o2010;i25975;contains
o2010;i25976;contains
o2010;i25977;contains
o2010;i25978;contains
o2010;i25979;contains
o2010;i25980;contains
o2010;i25981;contains
o2010;i25982;contains
o2010;i25983;contains
o2010;i25984;contains
o2010;i25985;contains
o2010;i25986;contains
o2010;i25987;contains
o2010;i25988;contains
o2010;i25989;contains
o2010;i25990;contains
o2010;i25991;contains
o2011;i25992;contains
o2011;i25993;contains
o2011;i25994;contains
o2011;i25995;contains
o2011;i25996;contains
o2011;i25997;contains
o2011;i25998;contains
o2011;i25999;contains
o2011;i26000;contains
o2011;i26001;contains
o2011;i26002;contains
o2011;i26003;contains
o2011;i26004;contains
o2011;i26005;contains
o2011;i26006;contains
o2011;i26007;contains
o2011;i26008;contains
o2011;i26009;contains
o2011;i26010;contains
o2011;i26011;contains
o2011;i26012;contains
o2011;i26013;contains
o2011;i26014;contains
o2011;i26015;contains
o2012;i26016;contains
o2012;i26017;contains
o2012;i26018;contains
o2012;i26019;contains
o2012;i26020;contains
o2012;i26021;contains
o2012;i26022;contains
o2012;i26023;contains
o2012;i26024;contains
o2012;i26025;contains
o2012;i26026;contains
o2012;i26027;contains
o2012;i26028;contains
o2012;i26029;contains
o2012;i26030;contains
o2012;i26031;contains
o2012;i26032;contains
o2012;i26033;contains
o2012;i26034;contains
o2012;i26035;contains
o2012;i26036;contains
o2013;i26037;contains
o2013;i26038;contains
o2013;i26039;contains
o2013;i26040;contains
o2013;i26041;contains
o2013;i26042;contains
o2013;i26043;contains
o2013;i26044;contains
o2013;i26045;contains
o2013;i26046;contains
o2013;i26047;contains
o2013;i26048;contains
o2013;i26049;contains
o2013;i26050;contains
o2013;i26051;contains
o2013;i26052;contains
o2013;i26053;contains
o2013;i26054;contains
o2013;i26055;contains
o2013;i26056;contains
o2013;i26057;contains
o2013;i26058;contains
o2013;i26059;contains
o2013;i26060;contains
o2013;i26061;contains
o2013;i26062;contains
o2013;i26063;contains
o2013;i26064;contains
o2013;i26065;contains
o2014;i26066;contains
o2014;i26067;contains
o2014;i26068;contains
o2014;i26069;contains
o2014;i26070;contains
o2014;i26071;contains
o2014;i26072;contains
o2014;i26073;contains
o2014;i26074;contains
o2014;i26075;contains
o2014;i26076;contains
o2014;i26077;contains
o2014;i26078;contains
o2014;i26079;contains
o2014;i26080;contains
o2014;i26081;contains
o2014;i26082;contains
o2014;i26083;contains
o2014;i26084;contains
o2014;i26085;contains
o2015;i26086;contains
o2015;i26087;contains
o2015;i26088;contains
o2015;i26089;contains
o2015;i26090;contains
o2015;i26091;contains
o2015;i26092;contains
o2015;i26093;contains
o2015;i26094;contains
o2015;i26095;contains
o2015;i26096;contains
o2015;i26097;contains
o2015;i26098;contains
o2015;i26099;contains
o2015;i26100;contains
o2015;i26101;contains
o2016;i26102;contains
o2016;i26103;contains
o2016;i26104;contains
o2016;i26105;contains
o2016;i26106;contains
o2016;i26107;contains
o2016;i26108;contains
o2016;i26109;contains
o2016;i26110;contains
o2016;i26111;contains
o2016;i26112;contains
o2016;i26113;contains
o2016;i26114;contains
o2016;i26115;contains
o2016;i26116;contains
o2016;i26117;contains
o2016;i26118;contains
o2016;i26119;contains
o2016;i26120;contains
o2016;i26121;contains
o2016;i26122;contains
o2016;i26123;contains
o2016;i26124;contains
o2017;i26125;contains
o2017;i26126;contains
o2017;i26127;contains
o2017;i26128;contains
o2017;i26129;contains
o2017;i26130;contains
o2017;i26131;contains
o2017;i26132;contains
o2017;i26133;contains
o2017;i26134;contains
o2017;i26135;contains
o2017;i26136;contains
o2017;i26137;contains
o2017;i26138;contains
o2017;i26139;contains
o2017;i26140;contains
o2017;i26141;contains
o2017;i26142;contains
o2017;i26143;contains
o2017;i26144;contains
o2017;i26145;contains
o2017;i26146;contains
o2017;i26147;contains
o2017;i26148;contains
o2018;i26149;contains
o2018;i26150;contains
o2018;i26151;contains
o2018;i26152;contains
o2018;i26153;contains
o2018;i26154;contains
o2018;i26155;contains
o2018;i26156;contains
o2018;i26157;contains
o2018;i26158;contains
o2018;i26159;contains
o2018;i26160;contains
o2018;i26161;contains
o2018;i26162;contains
o2018;i26163;contains
o2018;i26164;contains
o2019;i26165;contains
o2019;i26166;contains
o2019;i26167;contains
o2019;i26168;contains
o2019;i26169;contains
o2019;i26170;contains
o2019;i26171;contains
o2019;i26172;contains
o2019;i26173;contains
o2019;i26174;contains
o2019;i26175;contains
o2019;i26176;contains
o2019;i26177;contains
o2019;i26178;contains
o2019;i26179;contains
o2019;i26180;contains
o2019;i26181;contains
o2019;i26182;contains
o2019;i26183;contains
o2019;i26184;contains
o2019;i26185;contains
o2019;i26186;contains
o2020;i26187;contains
o2020;i26188;contains
o2020;i26189;contains
o2020;i26190;contains
o2020;i26191;contains
o2020;i26192;contains
o2020;i26193;contains
o2020;i26194;contains
o2020;i26195;contains
o2020;i26196;contains
o2020;i26197;contains
o2020;i26198;contains
o2020;i26199;contains
o2020;i26200;contains
o2020;i26201;contains
o2020;i26202;contains
o2020;i26203;contains
o2020;i26204;contains
o2020;i26205;contains
o2020;i26206;contains
o2020;i26207;contains
o2020;i26208;contains
o2021;i26209;contains
o2021;i26210;contains
o2021;i26211;contains
o2021;i26212;contains
o2021;i26213;contains
o2021;i26214;contains
o2021;i26215;contains
o2021;i26216;contains
o2021;i26217;contains
o2021;i26218;contains
o2021;i26219;contains
o2021;i26220;contains
o2021;i26221;contains
o2021;i26222;contains
o2021;i26223;contains
o2021;i26224;contains
o2021;i26225;contains
o2021;i26226;contains
o2021;i26227;contains
o2021;i26228;contains
o2021;i26229;contains
o2021;i26230;contains
o2021;i26231;contains
o2021;i26232;contains
o2021;i26233;contains
o2021;i26234;contains
o2021;i26235;contains
o2021;i26236;contains
o2021;i26237;contains
o2021;i26238;contains
o2021;i26239;contains
o2022;i26240;contains
o2022;i26241;contains
o2022;i26242;contains
o2022;i26243;contains
o2022;i26244;contains
o2022;i26245;contains
o2022;i26246;contains
o2022;i26247;contains
o2022;i26248;contains
o2022;i26249;contains
o2022;i26250;contains
o2022;i26251;contains
o2022;i26252;contains
o2022;i26253;contains
o2022;i26254;contains
o2022;i26255;contains
o2022;i26256;contains
o2022;i26257;contains
o2022;i26258;contains
o2022;i26259;contains
o2023;i26260;contains
o2023;i26261;contains
o2023;i26262;contains
o2023;i26263;contains
o2023;i26264;contains
o2023;i26265;contains
o2023;i26266;contains
o2023;i26267;contains
o2023;i26268;contains
o2023;i26269;contains
o2023;i26270;contains
o2023;i26271;contains
o2023;i26272;contains
o2023;i26273;contains
o2023;i26274;contains
o2023;i26275;contains
o2023;i26276;contains
o2023;i26277;contains
o2023;i26278;contains
o2023;i26279;contains
o2023;i26280;contains
o2023;i26281;contains
o2023;i26282;contains
o2023;i26283;contains
o2023;i26284;contains
o2023;i26285;contains
o2023;i26286;contains
o2024;i26287;contains
o2024;i26288;contains
o2024;i26289;contains
o2024;i26290;contains
o2024;i26291;contains
o2024;i26292;contains
o2024;i26293;contains
o2024;i26294;contains
o2024;i26295;contains
o2024;i26296;contains
o2024;i26297;contains
o2024;i26298;contains
o2024;i26299;contains
o2024;i26300;contains
o2024;i26301;contains
o2024;i26302;contains
o2024;i26303;contains
o2024;i26304;contains
o2025;i26305;contains
o2025;i26306;contains
o2025;i26307;contains
o2025;i26308;contains
o2025;i26309;contains
o2025;i26310;contains
o2025;i26311;contains
o2025;i26312;contains
o2025;i26313;contains
o2025;i26314;contains
o2025;i26315;contains
o2025;i26316;contains
o2025;i26317;contains
o2025;i26318;contains
o2025;i26319;contains
o2025;i26320;contains
o2025;i26321;contains
o2025;i26322;contains
o2025;i26323;contains
o2025;i26324;contains
o2025;i26325;contains
o2026;i26326;contains
o2026;i26327;contains
o2026;i26328;contains
o2026;i26329;contains
o2026;i26330;contains
o2026;i26331;contains
o2026;i26332;contains
o2026;i26333;contains
o2026;i26334;contains
o2026;i26335;contains
o2026;i26336;contains
o2026;i26337;contains
o2026;i26338;contains
o2026;i26339;contains
o2026;i26340;contains
o2026;i26341;contains
o2026;i26342;contains
o2026;i26343;contains
o2027;i26344;contains
o2027;i26345;contains
o2027;i26346;contains
o2027;i26347;contains
o2027;i26348;contains
o2027;i26349;contains
o2027;i26350;contains
o2027;i26351;contains
o2027;i26352;contains
o2027;i26353;contains
o2027;i26354;contains
o2027;i26355;contains
o2027;i26356;contains
o2027;i26357;contains
o2027;i26358;contains
o2027;i26359;contains
o2027;i26360;contains
o2027;i26361;contains
o2027;i26362;contains
o2027;i26363;contains
o2027;i26364;contains
o2027;i26365;contains
o2027;i26366;contains
o2027;i26367;contains
o2027;i26368;contains
o2027;i26369;contains
o2027;i26370;contains
o2027;i26371;contains
o2027;i26372;contains
o2028;i26373;contains
o2028;i26374;contains
o2028;i26375;contains
o2028;i26376;contains
o2028;i26377;contains
o2028;i26378;contains
o2028;i26379;contains
o2028;i26380;contains
o2028;i26381;contains
o2028;i26382;contains
o2028;i26383;contains
o2028;i26384;contains
o2028;i26385;contains
o2028;i26386;contains
o2028;i26387;contains
o2028;i26388;contains
o2028;i26389;contains
o2028;i26390;contains
o2028;i26391;contains
o2029;i26392;contains
o2029;i26393;contains
o2029;i26394;contains
o2029;i26395;contains
o2029;i26396;contains
o2029;i26397;contains
o2029;i26398;contains
o2029;i26399;contains
o2029;i26400;contains
o2029;i26401;contains
o2029;i26402;contains
o2029;i26403;contains
o2029;i26404;contains
o2029;i26405;contains
o2029;i26406;contains
o2029;i26407;contains
o2029;i26408;contains
o2029;i26409;contains
o2029;i26410;contains
o2029;i26411;contains
o2029;i26412;contains
o2029;i26413;contains
o2029;i26414;contains
o2029;i26415;contains
o2029;i26416;contains
o2029;i26417;contains
o2030;i26418;contains
o2030;i26419;contains
o2030;i26420;contains
o2030;i26421;contains
o2030;i26422;contains
o2030;i26423;contains
o2030;i26424;contains
o2030;i26425;contains
o2030;i26426;contains
o2030;i26427;contains
o2030;i26428;contains
o2030;i26429;contains
o2030;i26430;contains
o2030;i26431;contains
o2030;i26432;contains
o2030;i26433;contains
o2030;i26434;contains
o2030;i26435;contains
o2030;i26436;contains
o2030;i26437;contains
o2030;i26438;contains
o2030;i26439;contains
o2030;i26440;contains
o2030;i26441;contains
o2030;i26442;contains
o2030;i26443;contains
o2030;i26444;contains
o2030;i26445;contains
o2030;i26446;contains
o2030;i26447;contains
o2031;i26448;contains
o2031;i26449;contains
o2031;i26450;contains
o2031;i26451;contains
o2031;i26452;contains
o2031;i26453;contains
o2031;i26454;contains
o2031;i26455;contains
o2031;i26456;contains
o2031;i26457;contains
o2031;i26458;contains
o2031;i26459;contains
o2031;i26460;contains
o2031;i26461;contains
o2031;i26462;contains
o2031;i26463;contains
o2031;i26464;contains
o2031;i26465;contains
o2031;i26466;contains
o2031;i26467;contains
o2031;i26468;contains
o2031;i26469;contains
o2031;i26470;contains
o2031;i26471;contains
o2031;i26472;contains
o2031;i26473;contains
o2031;i26474;contains
o2031;i26475;contains
o2031;i26476;contains
o2031;i26477;contains
o2032;i26478;contains
o2032;i26479;contains
o2032;i26480;contains
o2032;i26481;contains
o2032;i26482;contains
o2032;i26483;contains
o2032;i26484;contains
o2032;i26485;contains
o2032;i26486;contains
o2032;i26487;contains
o2032;i26488;contains
o2032;i26489;contains
o2032;i26490;contains
o2032;i26491;contains
o2032;i26492;contains
o2032;i26493;contains
o2032;i26494;contains
o2032;i26495;contains
o2032;i26496;contains
o2032;i26497;contains
o2032;i26498;contains
o2033;i26499;contains
o2033;i26500;contains
o2033;i26501;contains
o2033;i26502;contains
o2033;i26503;contains
o2033;i26504;contains
o2033;i26505;contains
o2033;i26506;contains
o2033;i26507;contains
o2033;i26508;contains
o2033;i26509;contains
o2033;i26510;contains
o2033;i26511;contains
o2033;i26512;contains
o2033;i26513;contains
o2033;i26514;contains
o2033;i26515;contains
o2033;i26516;contains
o2033;i26517;contains
o2033;i26518;contains
o2033;i26519;contains
o2033;i26520;contains
o2033;i26521;contains
o2034;i26522;contains
o2034;i26523;contains
o2034;i26524;contains
o2034;i26525;contains
o2034;i26526;contains
o2034;i26527;contains
o2034;i26528;contains
o2034;i26529;contains
o2034;i26530;contains
o2034;i26531;contains
o2034;i26532;contains
o2034;i26533;contains
o2034;i26534;contains
o2034;i26535;contains
o2034;i26536;contains
o2034;i26537;contains
o2034;i26538;contains
o2034;i26539;contains
o2034;i26540;contains
o2034;i26541;contains
o2034;i26542;contains
o2034;i26543;contains
o2034;i26544;contains
o2035;i26545;contains
o2035;i26546;contains
o2035;i26547;contains
o2035;i26548;contains
o2035;i26549;contains
o2035;i26550;contains
o2035;i26551;contains
o2035;i26552;contains
o2035;i26553;contains
o2035;i26554;contains
o2035;i26555;contains
o2035;i26556;contains
o2035;i26557;contains
o2035;i26558;contains
o2035;i26559;contains
o2035;i26560;contains
o2035;i26561;contains
o2035;i26562;contains
o2035;i26563;contains
o2035;i26564;contains
o2035;i26565;contains
o2035;i26566;contains
o2035;i26567;contains
o2035;i26568;contains
o2035;i26569;contains
o2035;i26570;contains
o2035;i26571;contains
o2036;i26572;contains
o2036;i26573;contains
o2036;i26574;contains
o2036;i26575;contains
o2036;i26576;contains
o2036;i26577;contains
o2036;i26578;contains
o2036;i26579;contains
o2036;i26580;contains
o2036;i26581;contains
o2036;i26582;contains
o2036;i26583;contains
o2036;i26584;contains
o2036;i26585;contains
o2036;i26586;contains
o2036;i26587;contains
o2036;i26588;contains
o2036;i26589;contains
o2036;i26590;contains
o2036;i26591;contains
o2036;i26592;contains
o2036;i26593;contains
o2036;i26594;contains
o2036;i26595;contains
o2037;i26596;contains
o2037;i26597;contains
o2037;i26598;contains
o2037;i26599;contains
o2037;i26600;contains
o2037;i26601;contains
o2037;i26602;contains
o2037;i26603;contains
o2037;i26604;contains
o2037;i26605;contains
o2037;i26606;contains
o2037;i26607;contains
o2037;i26608;contains
o2037;i26609;contains
o2037;i26610;contains
o2037;i26611;contains
o2037;i26612;contains
o2037;i26613;contains
o2037;i26614;contains
o2037;i26615;contains
o2037;i26616;contains
o2037;i26617;contains
o2037;i26618;contains
o2037;i26619;contains
o2037;i26620;contains
o2037;i26621;contains
o2038;i26622;contains
o2038;i26623;contains
o2038;i26624;contains
o2038;i26625;contains
o2038;i26626;contains
o2038;i26627;contains
o2038;i26628;contains
o2038;i26629;contains
o2038;i26630;contains
o2038;i26631;contains
o2038;i26632;contains
o2038;i26633;contains
o2038;i26634;contains
o2038;i26635;contains
o2038;i26636;contains
o2038;i26637;contains
o2038;i26638;contains
o2038;i26639;contains
o2038;i26640;contains
o2039;i26641;contains
o2039;i26642;contains
o2039;i26643;contains
o2039;i26644;contains
o2039;i26645;contains
o2039;i26646;contains
o2039;i26647;contains
o2039;i26648;contains
o2039;i26649;contains
o2039;i26650;contains
o2039;i26651;contains
o2039;i26652;contains
o2039;i26653;contains
o2039;i26654;contains
o2039;i26655;contains
o2039;i26656;contains
o2039;i26657;contains
o2039;i26658;contains
o2039;i26659;contains
o2039;i26660;contains
o2039;i26661;contains
o2039;i26662;contains
o2039;i26663;contains
o2039;i26664;contains
o2039;i26665;contains
o2039;i26666;contains
o2039;i26667;contains
o2039;i26668;contains
o2039;i26669;contains
o2039;i26670;contains
o2040;i26671;contains
o2040;i26672;contains
o2040;i26673;contains
o2040;i26674;contains
o2040;i26675;contains
o2040;i26676;contains
o2040;i26677;contains
o2040;i26678;contains
o2040;i26679;contains
o2040;i26680;contains
o2040;i26681;contains
o2040;i26682;contains
o2040;i26683;contains
o2040;i26684;contains
o2040;i26685;contains
o2040;i26686;contains
o2040;i26687;contains
o2040;i26688;contains
o2040;i26689;contains
o2041;i26690;contains
o2041;i26691;contains
o2041;i26692;contains
o2041;i26693;contains
o2041;i26694;contains
o2041;i26695;contains
o2041;i26696;contains
o2041;i26697;contains
o2041;i26698;contains
o2041;i26699;contains
o2041;i26700;contains
o2041;i26701;contains
o2041;i26702;contains
o2041;i26703;contains
o2041;i26704;contains
o2041;i26705;contains
o2042;i26706;contains
o2042;i26707;contains
o2042;i26708;contains
o2042;i26709;contains
o2042;i26710;contains
o2042;i26711;contains
o2042;i26712;contains
o2042;i26713;contains
o2042;i26714;contains
o2042;i26715;contains
o2042;i26716;contains
o2042;i26717;contains
o2042;i26718;contains
o2042;i26719;contains
o2042;i26720;contains
o2042;i26721;contains
o2042;i26722;contains
o2042;i26723;contains
o2042;i26724;contains
o2042;i26725;contains
o2042;i26726;contains
o2043;i26727;contains
o2043;i26728;contains
o2043;i26729;contains
o2043;i26730;contains
o2043;i26731;contains
o2043;i26732;contains
o2043;i26733;contains
o2043;i26734;contains
o2043;i26735;contains
o2043;i26736;contains
o2043;i26737;contains
o2043;i26738;contains
o2043;i26739;contains
o2043;i26740;contains
o2043;i26741;contains
o2043;i26742;contains
o2043;i26743;contains
o2043;i26744;contains
o2043;i26745;contains
o2043;i26746;contains
o2044;i26747;contains
o2044;i26748;contains
o2044;i26749;contains
o2044;i26750;contains
o2044;i26751;contains
o2044;i26752;contains
o2044;i26753;contains
o2044;i26754;contains
o2044;i26755;contains
o2044;i26756;contains
o2044;i26757;contains
o2044;i26758;contains
o2044;i26759;contains
o2044;i26760;contains
o2044;i26761;contains
o2044;i26762;contains
o2044;i26763;contains
o2044;i26764;contains
o2044;i26765;contains
o2044;i26766;contains
o2044;i26767;contains
o2044;i26768;contains
o2044;i26769;contains
o2044;i26770;contains
o2045;i26771;contains
o2045;i26772;contains
o2045;i26773;contains
o2045;i26774;contains
o2045;i26775;contains
o2045;i26776;contains
o2045;i26777;contains
o2045;i26778;contains
o2045;i26779;contains
o2045;i26780;contains
o2045;i26781;contains
o2045;i26782;contains
o2045;i26783;contains
o2045;i26784;contains
o2045;i26785;contains
o2046;i26786;contains
o2046;i26787;contains
o2046;i26788;contains
o2046;i26789;contains
o2046;i26790;contains
o2046;i26791;contains
o2046;i26792;contains
o2046;i26793;contains
o2046;i26794;contains
o2046;i26795;contains
o2046;i26796;contains
o2046;i26797;contains
o2046;i26798;contains
o2046;i26799;contains
o2046;i26800;contains
o2047;i26801;contains
o2047;i26802;contains
o2047;i26803;contains
o2047;i26804;contains
o2047;i26805;contains
o2047;i26806;contains
o2047;i26807;contains
o2047;i26808;contains
o2047;i26809;contains
o2047;i26810;contains
o2047;i26811;contains
o2047;i26812;contains
o2047;i26813;contains
o2047;i26814;contains
o2047;i26815;contains
o2047;i26816;contains
o2047;i26817;contains
o2047;i26818;contains
o2047;i26819;contains
o2047;i26820;contains
o2047;i26821;contains
o2047;i26822;contains
o2047;i26823;contains
o2047;i26824;contains
o2048;i26825;contains
o2048;i26826;contains
o2048;i26827;contains
o2048;i26828;contains
o2048;i26829;contains
o2048;i26830;contains
o2048;i26831;contains
o2048;i26832;contains
o2048;i26833;contains
o2048;i26834;contains
o2048;i26835;contains
o2048;i26836;contains
o2048;i26837;contains
o2048;i26838;contains
o2048;i26839;contains
o2048;i26840;contains
o2048;i26841;contains
o2048;i26842;contains
o2048;i26843;contains
o2048;i26844;contains
o2048;i26845;contains
o2048;i26846;contains
o2049;i26847;contains
o2049;i26848;contains
o2049;i26849;contains
o2049;i26850;contains
o2049;i26851;contains
o2049;i26852;contains
o2049;i26853;contains
o2049;i26854;contains
o2049;i26855;contains
o2049;i26856;contains
o2049;i26857;contains
o2049;i26858;contains
o2049;i26859;contains
o2049;i26860;contains
o2049;i26861;contains
o2049;i26862;contains
o2049;i26863;contains
o2049;i26864;contains
o2049;i26865;contains
o2049;i26866;contains
o2049;i26867;contains
o2049;i26868;contains
o2049;i26869;contains
o2049;i26870;contains
o2049;i26871;contains
o2049;i26872;contains
o2049;i26873;contains
o2049;i26874;contains
o2049;i26875;contains
o2049;i26876;contains
o2050;i26877;contains
o2050;i26878;contains
o2050;i26879;contains
o2050;i26880;contains
o2050;i26881;contains
o2050;i26882;contains
o2050;i26883;contains
o2050;i26884;contains
o2050;i26885;contains
o2050;i26886;contains
o2050;i26887;contains
o2050;i26888;contains
o2050;i26889;contains
o2050;i26890;contains
o2050;i26891;contains
o2050;i26892;contains
o2050;i26893;contains
o2050;i26894;contains
o2050;i26895;contains
o2050;i26896;contains
o2050;i26897;contains
o2050;i26898;contains
o2050;i26899;contains
o2050;i26900;contains
o2051;i26901;contains
o2051;i26902;contains
o2051;i26903;contains
o2051;i26904;contains
o2051;i26905;contains
o2051;i26906;contains
o2051;i26907;contains
o2051;i26908;contains
o2051;i26909;contains
o2051;i26910;contains
o2051;i26911;contains
o2051;i26912;contains
o2051;i26913;contains
o2051;i26914;contains
o2051;i26915;contains
o2051;i26916;contains
o2051;i26917;contains
o2051;i26918;contains
o2051;i26919;contains
o2051;i26920;contains
o2051;i26921;contains
o2051;i26922;contains
o2052;i26923;contains
o2052;i26924;contains
o2052;i26925;contains
o2052;i26926;contains
o2052;i26927;contains
o2052;i26928;contains
o2052;i26929;contains
o2052;i26930;contains
o2052;i26931;contains
o2052;i26932;contains
o2052;i26933;contains
o2052;i26934;contains
o2052;i26935;contains
o2052;i26936;contains
o2052;i26937;contains
o2052;i26938;contains
o2052;i26939;contains
o2052;i26940;contains
o2052;i26941;contains
o2052;i26942;contains
o2052;i26943;contains
o2052;i26944;contains
o2052;i26945;contains
o2052;i26946;contains
o2052;i26947;contains
o2052;i26948;contains
o2052;i26949;contains
o2052;i26950;contains
o2052;i26951;contains
o2052;i26952;contains
o2052;i26953;contains
o2052;i26954;contains
o2052;i26955;contains
o2052;i26956;contains
o2053;i26957;contains
o2053;i26958;contains
o2053;i26959;contains
o2053;i26960;contains
o2053;i26961;contains
o2053;i26962;contains
o2053;i26963;contains
o2053;i26964;contains
o2053;i26965;contains
o2053;i26966;contains
o2053;i26967;contains
o2053;i26968;contains
o2053;i26969;contains
o2053;i26970;contains
o2053;i26971;contains
o2053;i26972;contains
o2053;i26973;contains
o2053;i26974;contains
o2053;i26975;contains
o2053;i26976;contains
o2053;i26977;contains
o2053;i26978;contains
o2053;i26979;contains
o2053;i26980;contains
o2053;i26981;contains
o2054;i26982;contains
o2054;i26983;contains
o2054;i26984;contains
o2054;i26985;contains
o2054;i26986;contains
o2054;i26987;contains
o2054;i26988;contains
o2054;i26989;contains
o2054;i26990;contains
o2054;i26991;contains
o2054;i26992;contains
o2054;i26993;contains
o2054;i26994;contains
o2054;i26995;contains
o2054;i26996;contains
o2054;i26997;contains
o2054;i26998;contains
o2054;i26999;contains
o2054;i27000;contains
o2054;i27001;contains
o2054;i27002;contains
o2054;i27003;contains
o2054;i27004;contains
o2054;i27005;contains
o2054;i27006;contains
o2054;i27007;contains
o2054;i27008;contains
o2054;i27009;contains
o2054;i27010;contains
o2054;i27011;contains
o2055;i27012;contains
o2055;i27013;contains
o2055;i27014;contains
o2055;i27015;contains
o2055;i27016;contains
o2055;i27017;contains
o2055;i27018;contains
o2055;i27019;contains
o2055;i27020;contains
o2055;i27021;contains
o2055;i27022;contains
o2055;i27023;contains
o2055;i27024;contains
o2055;i27025;contains
o2055;i27026;contains
o2055;i27027;contains
o2055;i27028;contains
o2055;i27029;contains
o2055;i27030;contains
o2055;i27031;contains
o2055;i27032;contains
o2055;i27033;contains
o2055;i27034;contains
o2055;i27035;contains
o2055;i27036;contains
o2056;i27037;contains
o2056;i27038;contains
o2056;i27039;contains
o2056;i27040;contains
o2056;i27041;contains
o2056;i27042;contains
o2056;i27043;contains
o2056;i27044;contains
o2056;i27045;contains
o2056;i27046;contains
o2056;i27047;contains
o2056;i27048;contains
o2056;i27049;contains
o2056;i27050;contains
o2056;i27051;contains
o2056;i27052;contains
o2056;i27053;contains
o2056;i27054;contains
o2056;i27055;contains
o2056;i27056;contains
o2056;i27057;contains
o2056;i27058;contains
o2056;i27059;contains
o2056;i27060;contains
o2056;i27061;contains
o2056;i27062;contains
o2056;i27063;contains
o2056;i27064;contains
o2057;i27065;contains
o2057;i27066;contains
o2057;i27067;contains
o2057;i27068;contains
o2057;i27069;contains
o2057;i27070;contains
o2057;i27071;contains
o2057;i27072;contains
o2057;i27073;contains
o2057;i27074;contains
o2057;i27075;contains
o2057;i27076;contains
o2057;i27077;contains
o2057;i27078;contains
o2057;i27079;contains
o2057;i27080;contains
o2057;i27081;contains
o2057;i27082;contains
o2057;i27083;contains
o2057;i27084;contains
o2057;i27085;contains
o2057;i27086;contains
o2057;i27087;contains
o2058;i27088;contains
o2058;i27089;contains
o2058;i27090;contains
o2058;i27091;contains
o2058;i27092;contains
o2058;i27093;contains
o2058;i27094;contains
o2058;i27095;contains
o2058;i27096;contains
o2058;i27097;contains
o2058;i27098;contains
o2058;i27099;contains
o2058;i27100;contains
o2058;i27101;contains
o2058;i27102;contains
o2058;i27103;contains
o2058;i27104;contains
o2058;i27105;contains
o2058;i27106;contains
o2058;i27107;contains
o2058;i27108;contains
o2058;i27109;contains
o2058;i27110;contains
o2058;i27111;contains
o2058;i27112;contains
o2058;i27113;contains
o2058;i27114;contains
o2058;i27115;contains
o2059;i27116;contains
o2059;i27117;contains
o2059;i27118;contains
o2059;i27119;contains
o2059;i27120;contains
o2059;i27121;contains
o2059;i27122;contains
o2059;i27123;contains
o2059;i27124;contains
o2059;i27125;contains
o2059;i27126;contains
o2059;i27127;contains
o2059;i27128;contains
o2059;i27129;contains
o2059;i27130;contains
o2059;i27131;contains
o2059;i27132;contains
o2059;i27133;contains
o2059;i27134;contains
o2059;i27135;contains
o2059;i27136;contains
o2059;i27137;contains
o2060;i27138;contains
o2060;i27139;contains
o2060;i27140;contains
o2060;i27141;contains
o2060;i27142;contains
o2060;i27143;contains
o2060;i27144;contains
o2060;i27145;contains
o2060;i27146;contains
o2060;i27147;contains
o2060;i27148;contains
o2060;i27149;contains
o2060;i27150;contains
o2060;i27151;contains
o2060;i27152;contains
o2060;i27153;contains
o2060;i27154;contains
o2060;i27155;contains
o2060;i27156;contains
o2060;i27157;contains
o2060;i27158;contains
o2060;i27159;contains
o2060;i27160;contains
o2060;i27161;contains
o2060;i27162;contains
o2060;i27163;contains
o2060;i27164;contains
o2060;i27165;contains
o2061;i27166;contains
o2061;i27167;contains
o2061;i27168;contains
o2061;i27169;contains
o2061;i27170;contains
o2061;i27171;contains
o2061;i27172;contains
o2061;i27173;contains
o2061;i27174;contains
o2061;i27175;contains
o2061;i27176;contains
o2061;i27177;contains
o2061;i27178;contains
o2061;i27179;contains
o2061;i27180;contains
o2061;i27181;contains
o2061;i27182;contains
o2061;i27183;contains
o2061;i27184;contains
o2061;i27185;contains
o2061;i27186;contains
o2061;i27187;contains
o2061;i27188;contains
o2062;i27189;contains
o2062;i27190;contains
o2062;i27191;contains
o2062;i27192;contains
o2062;i27193;contains
o2062;i27194;contains
o2062;i27195;contains
o2062;i27196;contains
o2062;i27197;contains
o2062;i27198;contains
o2062;i27199;contains
o2062;i27200;contains
o2062;i27201;contains
o2062;i27202;contains
o2062;i27203;contains
o2062;i27204;contains
o2062;i27205;contains
o2062;i27206;contains
o2062;i27207;contains
o2062;i27208;contains
o2062;i27209;contains
o2062;i27210;contains
o2062;i27211;contains
o2062;i27212;contains
o2062;i27213;contains
o2062;i27214;contains
o2063;i27215;contains
o2063;i27216;contains
o2063;i27217;contains
o2063;i27218;contains
o2063;i27219;contains
o2063;i27220;contains
o2063;i27221;contains
o2063;i27222;contains
o2063;i27223;contains
o2063;i27224;contains
o2063;i27225;contains
o2063;i27226;contains
o2063;i27227;contains
o2063;i27228;contains
o2064;i27229;contains
o2064;i27230;contains
o2064;i27231;contains
o2064;i27232;contains
o2064;i27233;contains
o2064;i27234;contains
o2064;i27235;contains
o2064;i27236;contains
o2064;i27237;contains
o2064;i27238;contains
o2064;i27239;contains
o2064;i27240;contains
o2064;i27241;contains
o2064;i27242;contains
o2064;i27243;contains
o2064;i27244;contains
o2064;i27245;contains
o2064;i27246;contains
o2064;i27247;contains
o2064;i27248;contains
o2064;i27249;contains
o2065;i27250;contains
o2065;i27251;contains
o2065;i27252;contains
o2065;i27253;contains
o2065;i27254;contains
o2065;i27255;contains
o2065;i27256;contains
o2065;i27257;contains
o2065;i27258;contains
o2065;i27259;contains
o2065;i27260;contains
o2065;i27261;contains
o2065;i27262;contains
o2065;i27263;contains
o2065;i27264;contains
o2065;i27265;contains
o2066;i27266;contains
o2066;i27267;contains
o2066;i27268;contains
o2066;i27269;contains
o2066;i27270;contains
o2066;i27271;contains
o2066;i27272;contains
o2066;i27273;contains
o2066;i27274;contains
o2066;i27275;contains
o2066;i27276;contains
o2066;i27277;contains
o2066;i27278;contains
o2066;i27279;contains
o2066;i27280;contains
o2066;i27281;contains
o2066;i27282;contains
o2066;i27283;contains
o2066;i27284;contains
o2066;i27285;contains
o2066;i27286;contains
o2066;i27287;contains
o2066;i27288;contains
o2066;i27289;contains
o2066;i27290;contains
o2066;i27291;contains
o2066;i27292;contains
o2067;i27293;contains
o2067;i27294;contains
o2067;i27295;contains
o2067;i27296;contains
o2067;i27297;contains
o2067;i27298;contains
o2067;i27299;contains
o2067;i27300;contains
o2067;i27301;contains
o2067;i27302;contains
o2067;i27303;contains
o2067;i27304;contains
o2067;i27305;contains
o2067;i27306;contains
o2067;i27307;contains
o2067;i27308;contains
o2067;i27309;contains
o2067;i27310;contains
o2067;i27311;contains
o2067;i27312;contains
o2067;i27313;contains
o2067;i27314;contains
o2067;i27315;contains
o2068;i27316;contains
o2068;i27317;contains
o2068;i27318;contains
o2068;i27319;contains
o2068;i27320;contains
o2068;i27321;contains
o2068;i27322;contains
o2068;i27323;contains
o2068;i27324;contains
o2068;i27325;contains
o2068;i27326;contains
o2068;i27327;contains
o2068;i27328;contains
o2068;i27329;contains
o2068;i27330;contains
o2068;i27331;contains
o2068;i27332;contains
o2068;i27333;contains
o2068;i27334;contains
o2068;i27335;contains
o2068;i27336;contains
o2068;i27337;contains
o2068;i27338;contains
o2068;i27339;contains
o2068;i27340;contains
o2068;i27341;contains
o2068;i27342;contains
o2069;i27343;contains
o2069;i27344;contains
o2069;i27345;contains
o2069;i27346;contains
o2069;i27347;contains
o2069;i27348;contains
o2069;i27349;contains
o2069;i27350;contains
o2069;i27351;contains
o2069;i27352;contains
o2069;i27353;contains
o2069;i27354;contains
o2069;i27355;contains
o2069;i27356;contains
o2069;i27357;contains
o2069;i27358;contains
o2069;i27359;contains
o2069;i27360;contains
o2069;i27361;contains
o2069;i27362;contains
o2069;i27363;contains
o2069;i27364;contains
o2069;i27365;contains
o2070;i27366;contains
o2070;i27367;contains
o2070;i27368;contains
o2070;i27369;contains
o2070;i27370;contains
o2070;i27371;contains
o2070;i27372;contains
o2070;i27373;contains
o2070;i27374;contains
o2070;i27375;contains
o2070;i27376;contains
o2070;i27377;contains
o2070;i27378;contains
o2070;i27379;contains
o2070;i27380;contains
o2070;i27381;contains
o2070;i27382;contains
o2070;i27383;contains
o2070;i27384;contains
o2070;i27385;contains
o2070;i27386;contains
o2070;i27387;contains
o2070;i27388;contains
o2070;i27389;contains
o2071;i27390;contains
o2071;i27391;contains
o2071;i27392;contains
o2071;i27393;contains
o2071;i27394;contains
o2071;i27395;contains
o2071;i27396;contains
o2071;i27397;contains
o2071;i27398;contains
o2071;i27399;contains
o2071;i27400;contains
o2071;i27401;contains
o2071;i27402;contains
o2071;i27403;contains
o2071;i27404;contains
o2071;i27405;contains
o2071;i27406;contains
o2071;i27407;contains
o2071;i27408;contains
o2071;i27409;contains
o2071;i27410;contains
o2071;i27411;contains
o2071;i27412;contains
o2071;i27413;contains
o2071;i27414;contains
o2071;i27415;contains
o2071;i27416;contains
o2071;i27417;contains
o2071;i27418;contains
o2071;i27419;contains
o2071;i27420;contains
o2071;i27421;contains
o2071;i27422;contains
o2071;i27423;contains
o2071;i27424;contains
o2071;i27425;contains
o2071;i27426;contains
o2072;i27427;contains
o2072;i27428;contains
o2072;i27429;contains
o2072;i27430;contains
o2072;i27431;contains
o2072;i27432;contains
o2072;i27433;contains
o2072;i27434;contains
o2072;i27435;contains
o2072;i27436;contains
o2072;i27437;contains
o2072;i27438;contains
o2072;i27439;contains
o2072;i27440;contains
o2072;i27441;contains
o2072;i27442;contains
o2072;i27443;contains
o2072;i27444;contains
o2072;i27445;contains
o2072;i27446;contains
o2072;i27447;contains
o2072;i27448;contains
o2072;i27449;contains
o2072;i27450;contains
o2072;i27451;contains
o2072;i27452;contains
o2072;i27453;contains
o2072;i27454;contains
o2073;i27455;contains
o2073;i27456;contains
o2073;i27457;contains
o2073;i27458;contains
o2073;i27459;contains
o2073;i27460;contains
o2073;i27461;contains
o2073;i27462;contains
o2073;i27463;contains
o2073;i27464;contains
o2073;i27465;contains
o2073;i27466;contains
o2073;i27467;contains
o2073;i27468;contains
o2073;i27469;contains
o2073;i27470;contains
o2073;i27471;contains
o2073;i27472;contains
o2073;i27473;contains
o2073;i27474;contains
o2073;i27475;contains
o2073;i27476;contains
o2073;i27477;contains
o2073;i27478;contains
o2074;i27479;contains
o2074;i27480;contains
o2074;i27481;contains
o2074;i27482;contains
o2074;i27483;contains
o2074;i27484;contains
o2074;i27485;contains
o2074;i27486;contains
o2074;i27487;contains
o2074;i27488;contains
o2074;i27489;contains
o2074;i27490;contains
o2074;i27491;contains
o2074;i27492;contains
o2074;i27493;contains
o2074;i27494;contains
o2074;i27495;contains
o2074;i27496;contains
o2074;i27497;contains
o2074;i27498;contains
o2074;i27499;contains
o2074;i27500;contains
o2074;i27501;contains
o2075;i27502;contains
o2075;i27503;contains
o2075;i27504;contains
o2075;i27505;contains
o2075;i27506;contains
o2075;i27507;contains
o2075;i27508;contains
o2075;i27509;contains
o2075;i27510;contains
o2075;i27511;contains
o2075;i27512;contains
o2075;i27513;contains
o2075;i27514;contains
o2075;i27515;contains
o2075;i27516;contains
o2076;i27517;contains
o2076;i27518;contains
o2076;i27519;contains
o2076;i27520;contains
o2076;i27521;contains
o2076;i27522;contains
o2076;i27523;contains
o2076;i27524;contains
o2076;i27525;contains
o2076;i27526;contains
o2076;i27527;contains
o2076;i27528;contains
o2076;i27529;contains
o2076;i27530;contains
o2076;i27531;contains
o2076;i27532;contains
o2076;i27533;contains
o2076;i27534;contains
o2076;i27535;contains
o2076;i27536;contains
o2076;i27537;contains
o2076;i27538;contains
o2077;i27539;contains
o2077;i27540;contains
o2077;i27541;contains
o2077;i27542;contains
o2077;i27543;contains
o2077;i27544;contains
o2077;i27545;contains
o2077;i27546;contains
o2077;i27547;contains
o2077;i27548;contains
o2077;i27549;contains
o2077;i27550;contains
o2077;i27551;contains
o2077;i27552;contains
o2077;i27553;contains
o2077;i27554;contains
o2077;i27555;contains
o2077;i27556;contains
o2078;i27557;contains
o2078;i27558;contains
o2078;i27559;contains
o2078;i27560;contains
o2078;i27561;contains
o2078;i27562;contains
o2078;i27563;contains
o2078;i27564;contains
o2078;i27565;contains
o2078;i27566;contains
o2078;i27567;contains
o2078;i27568;contains
o2078;i27569;contains
o2078;i27570;contains
o2078;i27571;contains
o2078;i27572;contains
o2078;i27573;contains
o2078;i27574;contains
o2078;i27575;contains
o2078;i27576;contains
o2078;i27577;contains
o2078;i27578;contains
o2079;i27579;contains
o2079;i27580;contains
o2079;i27581;contains
o2079;i27582;contains
o2079;i27583;contains
o2079;i27584;contains
o2079;i27585;contains
o2079;i27586;contains
o2079;i27587;contains
o2079;i27588;contains
o2079;i27589;contains
o2079;i27590;contains
o2079;i27591;contains
o2079;i27592;contains
o2079;i27593;contains
o2079;i27594;contains
o2079;i27595;contains
o2079;i27596;contains
o2079;i27597;contains
o2079;i27598;contains
o2079;i27599;contains
o2079;i27600;contains
o2079;i27601;contains
o2080;i27602;contains
o2080;i27603;contains
o2080;i27604;contains
o2080;i27605;contains
o2080;i27606;contains
o2080;i27607;contains
o2080;i27608;contains
o2080;i27609;contains
o2080;i27610;contains
o2080;i27611;contains
o2080;i27612;contains
o2080;i27613;contains
o2080;i27614;contains
o2080;i27615;contains
o2080;i27616;contains
o2080;i27617;contains
o2080;i27618;contains
o2080;i27619;contains
o2080;i27620;contains
o2080;i27621;contains
o2080;i27622;contains
o2081;i27623;contains
o2081;i27624;contains
o2081;i27625;contains
o2081;i27626;contains
o2081;i27627;contains
o2081;i27628;contains
o2081;i27629;contains
o2081;i27630;contains
o2081;i27631;contains
o2081;i27632;contains
o2081;i27633;contains
o2081;i27634;contains
o2081;i27635;contains
o2081;i27636;contains
o2081;i27637;contains
o2081;i27638;contains
o2081;i27639;contains
o2081;i27640;contains
o2081;i27641;contains
o2081;i27642;contains
o2081;i27643;contains
o2081;i27644;contains
o2081;i27645;contains
o2081;i27646;contains
o2081;i27647;contains
o2081;i27648;contains
o2082;i27649;contains
o2082;i27650;contains
o2082;i27651;contains
o2082;i27652;contains
o2082;i27653;contains
o2082;i27654;contains
o2082;i27655;contains
o2082;i27656;contains
o2082;i27657;contains
o2082;i27658;contains
o2082;i27659;contains
o2082;i27660;contains
o2082;i27661;contains
o2082;i27662;contains
o2082;i27663;contains
o2082;i27664;contains
o2082;i27665;contains
o2082;i27666;contains
o2082;i27667;contains
o2082;i27668;contains
o2083;i27669;contains
o2083;i27670;contains
o2083;i27671;contains
o2083;i27672;contains
o2083;i27673;contains
o2083;i27674;contains
o2083;i27675;contains
o2083;i27676;contains
o2083;i27677;contains
o2083;i27678;contains
o2083;i27679;contains
o2083;i27680;contains
o2083;i27681;contains
o2083;i27682;contains
o2083;i27683;contains
o2083;i27684;contains
o2083;i27685;contains
o2083;i27686;contains
o2083;i27687;contains
o2083;i27688;contains
o2083;i27689;contains
o2083;i27690;contains
o2083;i27691;contains
o2083;i27692;contains
o2083;i27693;contains
o2083;i27694;contains
o2084;i27695;contains
o2084;i27696;contains
o2084;i27697;contains
o2084;i27698;contains
o2084;i27699;contains
o2084;i27700;contains
o2084;i27701;contains
o2084;i27702;contains
o2084;i27703;contains
o2084;i27704;contains
o2084;i27705;contains
o2084;i27706;contains
o2084;i27707;contains
o2084;i27708;contains
o2084;i27709;contains
o2084;i27710;contains
o2084;i27711;contains
o2084;i27712;contains
o2084;i27713;contains
o2084;i27714;contains
o2084;i27715;contains
o2084;i27716;contains
o2084;i27717;contains
o2084;i27718;contains
o2084;i27719;contains
o2084;i27720;contains
o2084;i27721;contains
o2084;i27722;contains
o2084;i27723;contains
o2085;i27724;contains
o2085;i27725;contains
o2085;i27726;contains
o2085;i27727;contains
o2085;i27728;contains
o2085;i27729;contains
o2085;i27730;contains
o2085;i27731;contains
o2085;i27732;contains
o2085;i27733;contains
o2085;i27734;contains
o2085;i27735;contains
o2085;i27736;contains
o2085;i27737;contains
o2085;i27738;contains
o2085;i27739;contains
o2085;i27740;contains
o2085;i27741;contains
o2086;i27742;contains
o2086;i27743;contains
o2086;i27744;contains
o2086;i27745;contains
o2086;i27746;contains
o2086;i27747;contains
o2086;i27748;contains
o2086;i27749;contains
o2086;i27750;contains
o2086;i27751;contains
o2086;i27752;contains
o2086;i27753;contains
o2086;i27754;contains
o2086;i27755;contains
o2086;i27756;contains
o2086;i27757;contains
o2086;i27758;contains
o2086;i27759;contains
o2086;i27760;contains
o2086;i27761;contains
o2086;i27762;contains
o2086;i27763;contains
o2086;i27764;contains
o2086;i27765;contains
o2086;i27766;contains
o2086;i27767;contains
o2086;i27768;contains
o2086;i27769;contains
o2086;i27770;contains
o2087;i27771;contains
o2087;i27772;contains
o2087;i27773;contains
o2087;i27774;contains
o2087;i27775;contains
o2087;i27776;contains
o2087;i27777;contains
o2087;i27778;contains
o2087;i27779;contains
o2087;i27780;contains
o2087;i27781;contains
o2087;i27782;contains
o2087;i27783;contains
o2087;i27784;contains
o2087;i27785;contains
o2087;i27786;contains
o2087;i27787;contains
o2087;i27788;contains
o2087;i27789;contains
o2087;i27790;contains
o2087;i27791;contains
o2087;i27792;contains
o2087;i27793;contains
o2087;i27794;contains
o2087;i27795;contains
o2087;i27796;contains
o2087;i27797;contains
o2087;i27798;contains
o2087;i27799;contains
o2087;i27800;contains
o2087;i27801;contains
o2088;i27802;contains
o2088;i27803;contains
o2088;i27804;contains
o2088;i27805;contains
o2088;i27806;contains
o2088;i27807;contains
o2088;i27808;contains
o2088;i27809;contains
o2088;i27810;contains
o2088;i27811;contains
o2088;i27812;contains
o2088;i27813;contains
o2088;i27814;contains
o2088;i27815;contains
o2088;i27816;contains
o2088;i27817;contains
o2088;i27818;contains
o2088;i27819;contains
o2088;i27820;contains
o2088;i27821;contains
o2088;i27822;contains
o2088;i27823;contains
o2088;i27824;contains
o2088;i27825;contains
o2088;i27826;contains
o2088;i27827;contains
o2088;i27828;contains
o2089;i27829;contains
o2089;i27830;contains
o2089;i27831;contains
o2089;i27832;contains
o2089;i27833;contains
o2089;i27834;contains
o2089;i27835;contains
o2089;i27836;contains
o2089;i27837;contains
o2089;i27838;contains
o2089;i27839;contains
o2089;i27840;contains
o2089;i27841;contains
o2089;i27842;contains
o2089;i27843;contains
o2089;i27844;contains
o2089;i27845;contains
o2089;i27846;contains
o2089;i27847;contains
o2089;i27848;contains
o2089;i27849;contains
o2089;i27850;contains
o2089;i27851;contains
o2089;i27852;contains
o2089;i27853;contains
o2089;i27854;contains
o2089;i27855;contains
o2089;i27856;contains
o2089;i27857;contains
o2089;i27858;contains
o2089;i27859;contains
o2089;i27860;contains
o2089;i27861;contains
o2090;i27862;contains
o2090;i27863;contains
o2090;i27864;contains
o2090;i27865;contains
o2090;i27866;contains
o2090;i27867;contains
o2090;i27868;contains
o2090;i27869;contains
o2090;i27870;contains
o2090;i27871;contains
o2090;i27872;contains
o2090;i27873;contains
o2090;i27874;contains
o2090;i27875;contains
o2090;i27876;contains
o2090;i27877;contains
o2090;i27878;contains
o2090;i27879;contains
o2090;i27880;contains
o2090;i27881;contains
o2090;i27882;contains
o2090;i27883;contains
o2090;i27884;contains
o2091;i27885;contains
o2091;i27886;contains
o2091;i27887;contains
o2091;i27888;contains
o2091;i27889;contains
o2091;i27890;contains
o2091;i27891;contains
o2091;i27892;contains
o2091;i27893;contains
o2091;i27894;contains
o2091;i27895;contains
o2091;i27896;contains
o2091;i27897;contains
o2091;i27898;contains
o2091;i27899;contains
o2091;i27900;contains
o2091;i27901;contains
o2091;i27902;contains
o2091;i27903;contains
o2091;i27904;contains
o2091;i27905;contains
o2091;i27906;contains
o2091;i27907;contains
o2091;i27908;contains
o2091;i27909;contains
o2091;i27910;contains
o2091;i27911;contains
o2091;i27912;contains
o2091;i27913;contains
o2091;i27914;contains
o2091;i27915;contains
o2091;i27916;contains
o2091;i27917;contains
o2091;i27918;contains
o2092;i27919;contains
o2092;i27920;contains
o2092;i27921;contains
o2092;i27922;contains
o2092;i27923;contains
o2092;i27924;contains
o2092;i27925;contains
o2092;i27926;contains
o2092;i27927;contains
o2092;i27928;contains
o2092;i27929;contains
o2092;i27930;contains
o2092;i27931;contains
o2092;i27932;contains
o2092;i27933;contains
o2092;i27934;contains
o2092;i27935;contains
o2092;i27936;contains
o2092;i27937;contains
o2092;i27938;contains
o2093;i27939;contains
o2093;i27940;contains
o2093;i27941;contains
o2093;i27942;contains
o2093;i27943;contains
o2093;i27944;contains
o2093;i27945;contains
o2093;i27946;contains
o2093;i27947;contains
o2093;i27948;contains
o2093;i27949;contains
o2093;i27950;contains
o2093;i27951;contains
o2093;i27952;contains
o2093;i27953;contains
o2093;i27954;contains
o2093;i27955;contains
o2093;i27956;contains
o2093;i27957;contains
o2093;i27958;contains
o2093;i27959;contains
o2093;i27960;contains
o2093;i27961;contains
o2093;i27962;contains
o2093;i27963;contains
o2093;i27964;contains
o2093;i27965;contains
o2093;i27966;contains
o2093;i27967;contains
o2093;i27968;contains
o2093;i27969;contains
o2093;i27970;contains
o2093;i27971;contains
o2093;i27972;contains
o2093;i27973;contains
o2094;i27974;contains
o2094;i27975;contains
o2094;i27976;contains
o2094;i27977;contains
o2094;i27978;contains
o2094;i27979;contains
o2094;i27980;contains
o2094;i27981;contains
o2094;i27982;contains
o2094;i27983;contains
o2094;i27984;contains
o2094;i27985;contains
o2094;i27986;contains
o2094;i27987;contains
o2094;i27988;contains
o2094;i27989;contains
o2094;i27990;contains
o2094;i27991;contains
o2094;i27992;contains
o2094;i27993;contains
o2094;i27994;contains
o2094;i27995;contains
o2094;i27996;contains
o2094;i27997;contains
o2094;i27998;contains
o2094;i27999;contains
o2094;i28000;contains
o2094;i28001;contains
o2094;i28002;contains
o2095;i28003;contains
o2095;i28004;contains
o2095;i28005;contains
o2095;i28006;contains
o2095;i28007;contains
o2095;i28008;contains
o2095;i28009;contains
o2095;i28010;contains
o2095;i28011;contains
o2095;i28012;contains
o2095;i28013;contains
o2095;i28014;contains
o2095;i28015;contains
o2095;i28016;contains
o2095;i28017;contains
o2095;i28018;contains
o2095;i28019;contains
o2095;i28020;contains
o2095;i28021;contains
o2095;i28022;contains
o2095;i28023;contains
o2096;i28024;contains
o2096;i28025;contains
o2096;i28026;contains
o2096;i28027;contains
o2096;i28028;contains
o2096;i28029;contains
o2096;i28030;contains
o2096;i28031;contains
o2096;i28032;contains
o2096;i28033;contains
o2096;i28034;contains
o2096;i28035;contains
o2096;i28036;contains
o2096;i28037;contains
o2096;i28038;contains
o2096;i28039;contains
o2096;i28040;contains
o2096;i28041;contains
o2096;i28042;contains
o2096;i28043;contains
o2096;i28044;contains
o2096;i28045;contains
o2096;i28046;contains
o2096;i28047;contains
o2096;i28048;contains
o2096;i28049;contains
o2096;i28050;contains
o2096;i28051;contains
o2096;i28052;contains
o2096;i28053;contains
o2096;i28054;contains
o2096;i28055;contains
o2096;i28056;contains
o2096;i28057;contains
o2096;i28058;contains
o2097;i28059;contains
o2097;i28060;contains
o2097;i28061;contains
o2097;i28062;contains
o2097;i28063;contains
o2097;i28064;contains
o2097;i28065;contains
o2097;i28066;contains
o2097;i28067;contains
o2097;i28068;contains
o2097;i28069;contains
o2097;i28070;contains
o2097;i28071;contains
o2097;i28072;contains
o2097;i28073;contains
o2097;i28074;contains
o2097;i28075;contains
o2097;i28076;contains
o2097;i28077;contains
o2097;i28078;contains
o2097;i28079;contains
o2097;i28080;contains
o2097;i28081;contains
o2097;i28082;contains
o2097;i28083;contains
o2097;i28084;contains
o2097;i28085;contains
o2098;i28086;contains
o2098;i28087;contains
o2098;i28088;contains
o2098;i28089;contains
o2098;i28090;contains
o2098;i28091;contains
o2098;i28092;contains
o2098;i28093;contains
o2098;i28094;contains
o2098;i28095;contains
o2098;i28096;contains
o2098;i28097;contains
o2098;i28098;contains
o2098;i28099;contains
o2098;i28100;contains
o2098;i28101;contains
o2098;i28102;contains
o2099;i28103;contains
o2099;i28104;contains
o2099;i28105;contains
o2099;i28106;contains
o2099;i28107;contains
o2099;i28108;contains
o2099;i28109;contains
o2099;i28110;contains
o2099;i28111;contains
o2099;i28112;contains
o2099;i28113;contains
o2099;i28114;contains
o2099;i28115;contains
o2099;i28116;contains
o2099;i28117;contains
o2099;i28118;contains
o2099;i28119;contains
o2099;i28120;contains
o2099;i28121;contains
o2099;i28122;contains
o2099;i28123;contains
o2099;i28124;contains
o2099;i28125;contains
o2099;i28126;contains
o2099;i28127;contains
o2100;i28128;contains
o2100;i28129;contains
o2100;i28130;contains
o2100;i28131;contains
o2100;i28132;contains
o2100;i28133;contains
o2100;i28134;contains
o2100;i28135;contains
o2100;i28136;contains
o2100;i28137;contains
o2100;i28138;contains
o2100;i28139;contains
o2100;i28140;contains
o2100;i28141;contains
o2100;i28142;contains
o2100;i28143;contains
o2100;i28144;contains
o2100;i28145;contains
o2100;i28146;contains
o2100;i28147;contains
o2100;i28148;contains
o2100;i28149;contains
o2100;i28150;contains
o2100;i28151;contains
o2100;i28152;contains
o2100;i28153;contains
o2100;i28154;contains
o2100;i28155;contains
o2100;i28156;contains
o2100;i28157;contains
o2101;i28158;contains
o2101;i28159;contains
o2101;i28160;contains
o2101;i28161;contains
o2101;i28162;contains
o2101;i28163;contains
o2101;i28164;contains
o2101;i28165;contains
o2101;i28166;contains
o2101;i28167;contains
o2101;i28168;contains
o2101;i28169;contains
o2101;i28170;contains
o2101;i28171;contains
o2101;i28172;contains
o2101;i28173;contains
o2101;i28174;contains
o2101;i28175;contains
o2101;i28176;contains
o2101;i28177;contains
o2101;i28178;contains
o2101;i28179;contains
o2101;i28180;contains
o2101;i28181;contains
o2101;i28182;contains
o2101;i28183;contains
o2101;i28184;contains
o2101;i28185;contains
o2101;i28186;contains
o2101;i28187;contains
o2102;i28188;contains
o2102;i28189;contains
o2102;i28190;contains
o2102;i28191;contains
o2102;i28192;contains
o2102;i28193;contains
o2102;i28194;contains
o2102;i28195;contains
o2102;i28196;contains
o2102;i28197;contains
o2102;i28198;contains
o2102;i28199;contains
o2102;i28200;contains
o2102;i28201;contains
o2102;i28202;contains
o2102;i28203;contains
o2102;i28204;contains
o2102;i28205;contains
o2102;i28206;contains
o2102;i28207;contains
o2102;i28208;contains
o2102;i28209;contains
o2102;i28210;contains
o2102;i28211;contains
o2102;i28212;contains
o2102;i28213;contains
o2103;i28214;contains
o2103;i28215;contains
o2103;i28216;contains
o2103;i28217;contains
o2103;i28218;contains
o2103;i28219;contains
o2103;i28220;contains
o2103;i28221;contains
o2103;i28222;contains
o2103;i28223;contains
o2103;i28224;contains
o2103;i28225;contains
o2103;i28226;contains
o2103;i28227;contains
o2103;i28228;contains
o2103;i28229;contains
o2103;i28230;contains
o2103;i28231;contains
o2103;i28232;contains
o2103;i28233;contains
o2103;i28234;contains
o2103;i28235;contains
o2103;i28236;contains
o2103;i28237;contains
o2103;i28238;contains
o2103;i28239;contains
o2103;i28240;contains
o2103;i28241;contains
o2103;i28242;contains
o2103;i28243;contains
o2104;i28244;contains
o2104;i28245;contains
o2104;i28246;contains
o2104;i28247;contains
o2104;i28248;contains
o2104;i28249;contains
o2104;i28250;contains
o2104;i28251;contains
o2104;i28252;contains
o2104;i28253;contains
o2104;i28254;contains
o2104;i28255;contains
o2104;i28256;contains
o2104;i28257;contains
o2104;i28258;contains
o2104;i28259;contains
o2104;i28260;contains
o2104;i28261;contains
o2105;i28262;contains
o2105;i28263;contains
o2105;i28264;contains
o2105;i28265;contains
o2105;i28266;contains
o2105;i28267;contains
o2105;i28268;contains
o2105;i28269;contains
o2105;i28270;contains
o2105;i28271;contains
o2105;i28272;contains
o2105;i28273;contains
o2105;i28274;contains
o2105;i28275;contains
o2105;i28276;contains
o2105;i28277;contains
o2105;i28278;contains
o2105;i28279;contains
o2105;i28280;contains
o2105;i28281;contains
o2105;i28282;contains
o2105;i28283;contains
o2105;i28284;contains
o2106;i28285;contains
o2106;i28286;contains
o2106;i28287;contains
o2106;i28288;contains
o2106;i28289;contains
o2106;i28290;contains
o2106;i28291;contains
o2106;i28292;contains
o2106;i28293;contains
o2106;i28294;contains
o2106;i28295;contains
o2106;i28296;contains
o2106;i28297;contains
o2106;i28298;contains
o2106;i28299;contains
o2106;i28300;contains
o2106;i28301;contains
o2106;i28302;contains
o2106;i28303;contains
o2106;i28304;contains
o2106;i28305;contains
o2107;i28306;contains
o2107;i28307;contains
o2107;i28308;contains
o2107;i28309;contains
o2107;i28310;contains
o2107;i28311;contains
o2107;i28312;contains
o2107;i28313;contains
o2107;i28314;contains
o2107;i28315;contains
o2107;i28316;contains
o2107;i28317;contains
o2107;i28318;contains
o2107;i28319;contains
o2107;i28320;contains
o2107;i28321;contains
o2107;i28322;contains
o2107;i28323;contains
o2107;i28324;contains
o2107;i28325;contains
o2107;i28326;contains
o2107;i28327;contains
o2107;i28328;contains
o2107;i28329;contains
o2107;i28330;contains
o2108;i28331;contains
o2108;i28332;contains
o2108;i28333;contains
o2108;i28334;contains
o2108;i28335;contains
o2108;i28336;contains
o2108;i28337;contains
o2108;i28338;contains
o2108;i28339;contains
o2108;i28340;contains
o2108;i28341;contains
o2108;i28342;contains
o2108;i28343;contains
o2108;i28344;contains
o2108;i28345;contains
o2108;i28346;contains
o2108;i28347;contains
o2108;i28348;contains
o2108;i28349;contains
o2108;i28350;contains
o2108;i28351;contains
o2108;i28352;contains
o2108;i28353;contains
o2108;i28354;contains
o2108;i28355;contains
o2108;i28356;contains
o2108;i28357;contains
o2108;i28358;contains
o2109;i28359;contains
o2109;i28360;contains
o2109;i28361;contains
o2109;i28362;contains
o2109;i28363;contains
o2109;i28364;contains
o2109;i28365;contains
o2109;i28366;contains
o2109;i28367;contains
o2109;i28368;contains
o2109;i28369;contains
o2109;i28370;contains
o2109;i28371;contains
o2109;i28372;contains
o2109;i28373;contains
o2109;i28374;contains
o2109;i28375;contains
o2109;i28376;contains
o2109;i28377;contains
o2110;i28378;contains
o2110;i28379;contains
o2110;i28380;contains
o2110;i28381;contains
o2110;i28382;contains
o2110;i28383;contains
o2110;i28384;contains
o2110;i28385;contains
o2110;i28386;contains
o2110;i28387;contains
o2110;i28388;contains
o2110;i28389;contains
o2110;i28390;contains
o2110;i28391;contains
o2110;i28392;contains
o2110;i28393;contains
o2110;i28394;contains
o2111;i28395;contains
o2111;i28396;contains
o2111;i28397;contains
o2111;i28398;contains
o2111;i28399;contains
o2111;i28400;contains
o2111;i28401;contains
o2111;i28402;contains
o2111;i28403;contains
o2111;i28404;contains
o2111;i28405;contains
o2111;i28406;contains
o2111;i28407;contains
o2111;i28408;contains
o2111;i28409;contains
o2111;i28410;contains
o2111;i28411;contains
o2111;i28412;contains
o2111;i28413;contains
o2111;i28414;contains
o2111;i28415;contains
o2111;i28416;contains
o2111;i28417;contains
o2111;i28418;contains
o2111;i28419;contains
o2111;i28420;contains
o2112;i28421;contains
o2112;i28422;contains
o2112;i28423;contains
o2112;i28424;contains
o2112;i28425;contains
o2112;i28426;contains
o2112;i28427;contains
o2112;i28428;contains
o2112;i28429;contains
o2112;i28430;contains
o2112;i28431;contains
o2112;i28432;contains
o2112;i28433;contains
o2112;i28434;contains
o2112;i28435;contains
o2112;i28436;contains
o2112;i28437;contains
o2112;i28438;contains
o2112;i28439;contains
o2112;i28440;contains
o2112;i28441;contains
o2112;i28442;contains
o2112;i28443;contains
o2113;i28444;contains
o2113;i28445;contains
o2113;i28446;contains
o2113;i28447;contains
o2113;i28448;contains
o2113;i28449;contains
o2113;i28450;contains
o2113;i28451;contains
o2113;i28452;contains
o2113;i28453;contains
o2113;i28454;contains
o2113;i28455;contains
o2113;i28456;contains
o2113;i28457;contains
o2113;i28458;contains
o2113;i28459;contains
o2113;i28460;contains
o2113;i28461;contains
o2113;i28462;contains
o2113;i28463;contains
o2113;i28464;contains
o2113;i28465;contains
o2114;i28466;contains
o2114;i28467;contains
o2114;i28468;contains
o2114;i28469;contains
o2114;i28470;contains
o2114;i28471;contains
o2114;i28472;contains
o2114;i28473;contains
o2114;i28474;contains
o2114;i28475;contains
o2114;i28476;contains
o2114;i28477;contains
o2114;i28478;contains
o2114;i28479;contains
o2114;i28480;contains
o2114;i28481;contains
o2114;i28482;contains
o2114;i28483;contains
o2114;i28484;contains
o2114;i28485;contains
o2114;i28486;contains
o2114;i28487;contains
o2114;i28488;contains
o2114;i28489;contains
o2114;i28490;contains
o2114;i28491;contains
o2114;i28492;contains
o2114;i28493;contains
o2115;i28494;contains
o2115;i28495;contains
o2115;i28496;contains
o2115;i28497;contains
o2115;i28498;contains
o2115;i28499;contains
o2115;i28500;contains
o2115;i28501;contains
o2115;i28502;contains
o2115;i28503;contains
o2115;i28504;contains
o2115;i28505;contains
o2115;i28506;contains
o2115;i28507;contains
o2115;i28508;contains
o2115;i28509;contains
o2115;i28510;contains
o2115;i28511;contains
o2115;i28512;contains
o2115;i28513;contains
o2116;i28514;contains
o2116;i28515;contains
o2116;i28516;contains
o2116;i28517;contains
o2116;i28518;contains
o2116;i28519;contains
o2116;i28520;contains
o2116;i28521;contains
o2116;i28522;contains
o2116;i28523;contains
o2116;i28524;contains
o2116;i28525;contains
o2116;i28526;contains
o2116;i28527;contains
o2116;i28528;contains
o2117;i28529;contains
o2117;i28530;contains
o2117;i28531;contains
o2117;i28532;contains
o2117;i28533;contains
o2117;i28534;contains
o2117;i28535;contains
o2117;i28536;contains
o2117;i28537;contains
o2117;i28538;contains
o2117;i28539;contains
o2117;i28540;contains
o2117;i28541;contains
o2117;i28542;contains
o2117;i28543;contains
o2117;i28544;contains
o2117;i28545;contains
o2117;i28546;contains
o2117;i28547;contains
o2117;i28548;contains
o2117;i28549;contains
o2117;i28550;contains
o2117;i28551;contains
o2117;i28552;contains
o2117;i28553;contains
o2117;i28554;contains
o2117;i28555;contains
o2117;i28556;contains
o2117;i28557;contains
o2117;i28558;contains
o2117;i28559;contains
o2118;i28560;contains
o2118;i28561;contains
o2118;i28562;contains
o2118;i28563;contains
o2118;i28564;contains
o2118;i28565;contains
o2118;i28566;contains
o2118;i28567;contains
o2118;i28568;contains
o2118;i28569;contains
o2118;i28570;contains
o2118;i28571;contains
o2118;i28572;contains
o2118;i28573;contains
o2118;i28574;contains
o2118;i28575;contains
o2118;i28576;contains
o2118;i28577;contains
o2118;i28578;contains
o2118;i28579;contains
o2118;i28580;contains
o2118;i28581;contains
o2118;i28582;contains
o2118;i28583;contains
o2118;i28584;contains
o2118;i28585;contains
o2118;i28586;contains
o2118;i28587;contains
o2119;i28588;contains
o2119;i28589;contains
o2119;i28590;contains
o2119;i28591;contains
o2119;i28592;contains
o2119;i28593;contains
o2119;i28594;contains
o2119;i28595;contains
o2119;i28596;contains
o2119;i28597;contains
o2119;i28598;contains
o2119;i28599;contains
o2119;i28600;contains
o2119;i28601;contains
o2119;i28602;contains
o2119;i28603;contains
o2119;i28604;contains
o2119;i28605;contains
o2119;i28606;contains
o2119;i28607;contains
o2119;i28608;contains
o2119;i28609;contains
o2119;i28610;contains
o2119;i28611;contains
o2119;i28612;contains
o2119;i28613;contains
o2119;i28614;contains
o2119;i28615;contains
o2120;i28616;contains
o2120;i28617;contains
o2120;i28618;contains
o2120;i28619;contains
o2120;i28620;contains
o2120;i28621;contains
o2120;i28622;contains
o2120;i28623;contains
o2120;i28624;contains
o2120;i28625;contains
o2120;i28626;contains
o2120;i28627;contains
o2120;i28628;contains
o2120;i28629;contains
o2120;i28630;contains
o2120;i28631;contains
o2120;i28632;contains
o2120;i28633;contains
o2120;i28634;contains
o2120;i28635;contains
o2120;i28636;contains
o2120;i28637;contains
o2120;i28638;contains
o2120;i28639;contains
o2120;i28640;contains
o2120;i28641;contains
o2120;i28642;contains
o2120;i28643;contains
o2121;i28644;contains
o2121;i28645;contains
o2121;i28646;contains
o2121;i28647;contains
o2121;i28648;contains
o2121;i28649;contains
o2121;i28650;contains
o2121;i28651;contains
o2121;i28652;contains
o2121;i28653;contains
o2121;i28654;contains
o2121;i28655;contains
o2121;i28656;contains
o2121;i28657;contains
o2121;i28658;contains
o2121;i28659;contains
o2121;i28660;contains
o2121;i28661;contains
o2121;i28662;contains
o2121;i28663;contains
o2121;i28664;contains
o2122;i28665;contains
o2122;i28666;contains
o2122;i28667;contains
o2122;i28668;contains
o2122;i28669;contains
o2122;i28670;contains
o2122;i28671;contains
o2122;i28672;contains
o2122;i28673;contains
o2122;i28674;contains
o2122;i28675;contains
o2122;i28676;contains
o2122;i28677;contains
o2122;i28678;contains
o2122;i28679;contains
o2122;i28680;contains
o2122;i28681;contains
o2122;i28682;contains
o2122;i28683;contains
o2122;i28684;contains
o2122;i28685;contains
o2122;i28686;contains
o2122;i28687;contains
o2122;i28688;contains
o2122;i28689;contains
o2122;i28690;contains
o2122;i28691;contains
o2122;i28692;contains
o2122;i28693;contains
o2122;i28694;contains
o2122;i28695;contains
o2123;i28696;contains
o2123;i28697;contains
o2123;i28698;contains
o2123;i28699;contains
o2123;i28700;contains
o2123;i28701;contains
o2123;i28702;contains
o2123;i28703;contains
o2123;i28704;contains
o2123;i28705;contains
o2123;i28706;contains
o2123;i28707;contains
o2123;i28708;contains
o2123;i28709;contains
o2123;i28710;contains
o2123;i28711;contains
o2123;i28712;contains
o2123;i28713;contains
o2123;i28714;contains
o2124;i28715;contains
o2124;i28716;contains
o2124;i28717;contains
o2124;i28718;contains
o2124;i28719;contains
o2124;i28720;contains
o2124;i28721;contains
o2124;i28722;contains
o2124;i28723;contains
o2124;i28724;contains
o2124;i28725;contains
o2124;i28726;contains
o2124;i28727;contains
o2124;i28728;contains
o2124;i28729;contains
o2124;i28730;contains
o2124;i28731;contains
o2124;i28732;contains
o2124;i28733;contains
o2124;i28734;contains
o2124;i28735;contains
o2124;i28736;contains
o2124;i28737;contains
o2124;i28738;contains
o2125;i28739;contains
o2125;i28740;contains
o2125;i28741;contains
o2125;i28742;contains
o2125;i28743;contains
o2125;i28744;contains
o2125;i28745;contains
o2125;i28746;contains
o2125;i28747;contains
o2125;i28748;contains
o2125;i28749;contains
o2125;i28750;contains
o2125;i28751;contains
o2125;i28752;contains
o2125;i28753;contains
o2125;i28754;contains
o2125;i28755;contains
o2125;i28756;contains
o2125;i28757;contains
o2125;i28758;contains
o2125;i28759;contains
o2125;i28760;contains
o2125;i28761;contains
o2125;i28762;contains
o2125;i28763;contains
o2125;i28764;contains
o2125;i28765;contains
o2126;i28766;contains
o2126;i28767;contains
o2126;i28768;contains
o2126;i28769;contains
o2126;i28770;contains
o2126;i28771;contains
o2126;i28772;contains
o2126;i28773;contains
o2126;i28774;contains
o2126;i28775;contains
o2126;i28776;contains
o2126;i28777;contains
o2126;i28778;contains
o2126;i28779;contains
o2126;i28780;contains
o2126;i28781;contains
o2126;i28782;contains
o2126;i28783;contains
o2126;i28784;contains
o2126;i28785;contains
o2126;i28786;contains
o2126;i28787;contains
o2126;i28788;contains
o2126;i28789;contains
o2126;i28790;contains
o2127;i28791;contains
o2127;i28792;contains
o2127;i28793;contains
o2127;i28794;contains
o2127;i28795;contains
o2127;i28796;contains
o2127;i28797;contains
o2127;i28798;contains
o2127;i28799;contains
o2127;i28800;contains
o2127;i28801;contains
o2127;i28802;contains
o2127;i28803;contains
o2127;i28804;contains
o2127;i28805;contains
o2127;i28806;contains
o2127;i28807;contains
o2127;i28808;contains
o2127;i28809;contains
o2127;i28810;contains
o2127;i28811;contains
o2127;i28812;contains
o2128;i28813;contains
o2128;i28814;contains
o2128;i28815;contains
o2128;i28816;contains
o2128;i28817;contains
o2128;i28818;contains
o2128;i28819;contains
o2128;i28820;contains
o2128;i28821;contains
o2128;i28822;contains
o2128;i28823;contains
o2128;i28824;contains
o2128;i28825;contains
o2128;i28826;contains
o2128;i28827;contains
o2128;i28828;contains
o2128;i28829;contains
o2128;i28830;contains
o2128;i28831;contains
o2128;i28832;contains
o2128;i28833;contains
o2128;i28834;contains
o2128;i28835;contains
o2128;i28836;contains
o2128;i28837;contains
o2129;i28838;contains
o2129;i28839;contains
o2129;i28840;contains
o2129;i28841;contains
o2129;i28842;contains
o2129;i28843;contains
o2129;i28844;contains
o2129;i28845;contains
o2129;i28846;contains
o2129;i28847;contains
o2129;i28848;contains
o2129;i28849;contains
o2129;i28850;contains
o2129;i28851;contains
o2129;i28852;contains
o2129;i28853;contains
o2129;i28854;contains
o2129;i28855;contains
o2129;i28856;contains
o2129;i28857;contains
o2129;i28858;contains
o2129;i28859;contains
o2129;i28860;contains
o2129;i28861;contains
o2130;i28862;contains
o2130;i28863;contains
o2130;i28864;contains
o2130;i28865;contains
o2130;i28866;contains
o2130;i28867;contains
o2130;i28868;contains
o2130;i28869;contains
o2130;i28870;contains
o2130;i28871;contains
o2130;i28872;contains
o2130;i28873;contains
o2130;i28874;contains
o2130;i28875;contains
o2130;i28876;contains
o2130;i28877;contains
o2130;i28878;contains
o2130;i28879;contains
o2130;i28880;contains
o2130;i28881;contains
o2130;i28882;contains
o2130;i28883;contains
o2130;i28884;contains
o2130;i28885;contains
o2130;i28886;contains
o2130;i28887;contains
o2130;i28888;contains
o2130;i28889;contains
o2130;i28890;contains
o2130;i28891;contains
o2130;i28892;contains
o2130;i28893;contains
o2130;i28894;contains
o2130;i28895;contains
o2131;i28896;contains
o2131;i28897;contains
o2131;i28898;contains
o2131;i28899;contains
o2131;i28900;contains
o2131;i28901;contains
o2131;i28902;contains
o2131;i28903;contains
o2131;i28904;contains
o2131;i28905;contains
o2131;i28906;contains
o2131;i28907;contains
o2131;i28908;contains
o2131;i28909;contains
o2131;i28910;contains
o2131;i28911;contains
o2131;i28912;contains
o2131;i28913;contains
o2131;i28914;contains
o2131;i28915;contains
o2131;i28916;contains
o2131;i28917;contains
o2131;i28918;contains
o2131;i28919;contains
o2131;i28920;contains
o2131;i28921;contains
o2131;i28922;contains
o2131;i28923;contains
o2131;i28924;contains
o2132;i28925;contains
o2132;i28926;contains
o2132;i28927;contains
o2132;i28928;contains
o2132;i28929;contains
o2132;i28930;contains
o2132;i28931;contains
o2132;i28932;contains
o2132;i28933;contains
o2132;i28934;contains
o2132;i28935;contains
o2132;i28936;contains
o2132;i28937;contains
o2132;i28938;contains
o2132;i28939;contains
o2132;i28940;contains
o2132;i28941;contains
o2132;i28942;contains
o2132;i28943;contains
o2132;i28944;contains
o2132;i28945;contains
o2132;i28946;contains
o2132;i28947;contains
o2132;i28948;contains
o2132;i28949;contains
o2132;i28950;contains
o2132;i28951;contains
o2132;i28952;contains
o2132;i28953;contains
o2132;i28954;contains
o2132;i28955;contains
o2133;i28956;contains
o2133;i28957;contains
o2133;i28958;contains
o2133;i28959;contains
o2133;i28960;contains
o2133;i28961;contains
o2133;i28962;contains
o2133;i28963;contains
o2133;i28964;contains
o2133;i28965;contains
o2133;i28966;contains
o2133;i28967;contains
o2133;i28968;contains
o2133;i28969;contains
o2133;i28970;contains
o2133;i28971;contains
o2133;i28972;contains
o2133;i28973;contains
o2133;i28974;contains
o2133;i28975;contains
o2133;i28976;contains
o2133;i28977;contains
o2133;i28978;contains
o2133;i28979;contains
o2133;i28980;contains
o2133;i28981;contains
o2133;i28982;contains
o2133;i28983;contains
o2133;i28984;contains
o2133;i28985;contains
o2133;i28986;contains
o2133;i28987;contains
o2133;i28988;contains
o2133;i28989;contains
o2134;i28990;contains
o2134;i28991;contains
o2134;i28992;contains
o2134;i28993;contains
o2134;i28994;contains
o2134;i28995;contains
o2134;i28996;contains
o2134;i28997;contains
o2134;i28998;contains
o2134;i28999;contains
o2134;i29000;contains
o2134;i29001;contains
o2134;i29002;contains
o2134;i29003;contains
o2134;i29004;contains
o2134;i29005;contains
o2134;i29006;contains
o2134;i29007;contains
o2134;i29008;contains
o2134;i29009;contains
o2134;i29010;contains
o2134;i29011;contains
o2134;i29012;contains
o2134;i29013;contains
o2134;i29014;contains
o2134;i29015;contains
o2134;i29016;contains
o2134;i29017;contains
o2134;i29018;contains
o2135;i29019;contains
o2135;i29020;contains
o2135;i29021;contains
o2135;i29022;contains
o2135;i29023;contains
o2135;i29024;contains
o2135;i29025;contains
o2135;i29026;contains
o2135;i29027;contains
o2135;i29028;contains
o2135;i29029;contains
o2135;i29030;contains
o2135;i29031;contains
o2135;i29032;contains
o2135;i29033;contains
o2135;i29034;contains
o2135;i29035;contains
o2135;i29036;contains
o2135;i29037;contains
o2135;i29038;contains
o2135;i29039;contains
o2135;i29040;contains
o2135;i29041;contains
o2135;i29042;contains
o2135;i29043;contains
o2135;i29044;contains
o2135;i29045;contains
o2135;i29046;contains
o2135;i29047;contains
o2135;i29048;contains
o2136;i29049;contains
o2136;i29050;contains
o2136;i29051;contains
o2136;i29052;contains
o2136;i29053;contains
o2136;i29054;contains
o2136;i29055;contains
o2136;i29056;contains
o2136;i29057;contains
o2136;i29058;contains
o2136;i29059;contains
o2136;i29060;contains
o2136;i29061;contains
o2136;i29062;contains
o2136;i29063;contains
o2136;i29064;contains
o2136;i29065;contains
o2136;i29066;contains
o2136;i29067;contains
o2136;i29068;contains
o2136;i29069;contains
o2136;i29070;contains
o2136;i29071;contains
o2136;i29072;contains
o2136;i29073;contains
o2136;i29074;contains
o2136;i29075;contains
o2136;i29076;contains
o2136;i29077;contains
o2137;i29078;contains
o2137;i29079;contains
o2137;i29080;contains
o2137;i29081;contains
o2137;i29082;contains
o2137;i29083;contains
o2137;i29084;contains
o2137;i29085;contains
o2137;i29086;contains
o2137;i29087;contains
o2137;i29088;contains
o2137;i29089;contains
o2137;i29090;contains
o2137;i29091;contains
o2137;i29092;contains
o2137;i29093;contains
o2137;i29094;contains
o2137;i29095;contains
o2137;i29096;contains
o2137;i29097;contains
o2137;i29098;contains
o2137;i29099;contains
o2137;i29100;contains
o2137;i29101;contains
o2137;i29102;contains
o2137;i29103;contains
o2137;i29104;contains
o2138;i29105;contains
o2138;i29106;contains
o2138;i29107;contains
o2138;i29108;contains
o2138;i29109;contains
o2138;i29110;contains
o2138;i29111;contains
o2138;i29112;contains
o2138;i29113;contains
o2138;i29114;contains
o2138;i29115;contains
o2138;i29116;contains
o2138;i29117;contains
o2138;i29118;contains
o2138;i29119;contains
o2138;i29120;contains
o2138;i29121;contains
o2138;i29122;contains
o2138;i29123;contains
o2138;i29124;contains
o2138;i29125;contains
o2138;i29126;contains
o2138;i29127;contains
o2138;i29128;contains
o2138;i29129;contains
o2139;i29130;contains
o2139;i29131;contains
o2139;i29132;contains
o2139;i29133;contains
o2139;i29134;contains
o2139;i29135;contains
o2139;i29136;contains
o2139;i29137;contains
o2139;i29138;contains
o2139;i29139;contains
o2139;i29140;contains
o2139;i29141;contains
o2139;i29142;contains
o2139;i29143;contains
o2139;i29144;contains
o2139;i29145;contains
o2139;i29146;contains
o2139;i29147;contains
o2139;i29148;contains
o2140;i29149;contains
o2140;i29150;contains
o2140;i29151;contains
o2140;i29152;contains
o2140;i29153;contains
o2140;i29154;contains
o2140;i29155;contains
o2140;i29156;contains
o2140;i29157;contains
o2140;i29158;contains
o2140;i29159;contains
o2140;i29160;contains
o2140;i29161;contains
o2140;i29162;contains
o2140;i29163;contains
o2140;i29164;contains
o2140;i29165;contains
o2140;i29166;contains
o2140;i29167;contains
o2140;i29168;contains
o2140;i29169;contains
o2140;i29170;contains
o2140;i29171;contains
o2140;i29172;contains
o2140;i29173;contains
o2140;i29174;contains
o2141;i29175;contains
o2141;i29176;contains
o2141;i29177;contains
o2141;i29178;contains
o2141;i29179;contains
o2141;i29180;contains
o2141;i29181;contains
o2141;i29182;contains
o2141;i29183;contains
o2141;i29184;contains
o2141;i29185;contains
o2141;i29186;contains
o2141;i29187;contains
o2141;i29188;contains
o2141;i29189;contains
o2141;i29190;contains
o2141;i29191;contains
o2141;i29192;contains
o2141;i29193;contains
o2141;i29194;contains
o2141;i29195;contains
o2141;i29196;contains
o2141;i29197;contains
o2142;i29198;contains
o2142;i29199;contains
o2142;i29200;contains
o2142;i29201;contains
o2142;i29202;contains
o2142;i29203;contains
o2142;i29204;contains
o2142;i29205;contains
o2142;i29206;contains
o2142;i29207;contains
o2142;i29208;contains
o2142;i29209;contains
o2142;i29210;contains
o2142;i29211;contains
o2142;i29212;contains
o2142;i29213;contains
o2142;i29214;contains
o2142;i29215;contains
o2142;i29216;contains
o2142;i29217;contains
o2142;i29218;contains
o2142;i29219;contains
o2142;i29220;contains
o2142;i29221;contains
o2142;i29222;contains
o2142;i29223;contains
o2143;i29224;contains
o2143;i29225;contains
o2143;i29226;contains
o2143;i29227;contains
o2143;i29228;contains
o2143;i29229;contains
o2143;i29230;contains
o2143;i29231;contains
o2143;i29232;contains
o2143;i29233;contains
o2143;i29234;contains
o2143;i29235;contains
o2143;i29236;contains
o2143;i29237;contains
o2143;i29238;contains
o2143;i29239;contains
o2143;i29240;contains
o2143;i29241;contains
o2143;i29242;contains
o2143;i29243;contains
o2143;i29244;contains
o2143;i29245;contains
o2143;i29246;contains
o2143;i29247;contains
o2143;i29248;contains
o2143;i29249;contains
o2143;i29250;contains
o2143;i29251;contains
o2143;i29252;contains
o2143;i29253;contains
o2143;i29254;contains
o2143;i29255;contains
o2144;i29256;contains
o2144;i29257;contains
o2144;i29258;contains
o2144;i29259;contains
o2144;i29260;contains
o2144;i29261;contains
o2144;i29262;contains
o2144;i29263;contains
o2144;i29264;contains
o2144;i29265;contains
o2144;i29266;contains
o2144;i29267;contains
o2144;i29268;contains
o2144;i29269;contains
o2144;i29270;contains
o2144;i29271;contains
o2144;i29272;contains
o2144;i29273;contains
o2144;i29274;contains
o2144;i29275;contains
o2144;i29276;contains
o2144;i29277;contains
o2144;i29278;contains
o2144;i29279;contains
o2144;i29280;contains
o2144;i29281;contains
o2145;i29282;contains
o2145;i29283;contains
o2145;i29284;contains
o2145;i29285;contains
o2145;i29286;contains
o2145;i29287;contains
o2145;i29288;contains
o2145;i29289;contains
o2145;i29290;contains
o2145;i29291;contains
o2145;i29292;contains
o2145;i29293;contains
o2145;i29294;contains
o2145;i29295;contains
o2145;i29296;contains
o2145;i29297;contains
o2145;i29298;contains
o2145;i29299;contains
o2145;i29300;contains
o2145;i29301;contains
o2145;i29302;contains
o2145;i29303;contains
o2145;i29304;contains
o2145;i29305;contains
o2145;i29306;contains
o2145;i29307;contains
o2145;i29308;contains
o2145;i29309;contains
o2145;i29310;contains
o2146;i29311;contains
o2146;i29312;contains
o2146;i29313;contains
o2146;i29314;contains
o2146;i29315;contains
o2146;i29316;contains
o2146;i29317;contains
o2146;i29318;contains
o2146;i29319;contains
o2146;i29320;contains
o2146;i29321;contains
o2146;i29322;contains
o2146;i29323;contains
o2146;i29324;contains
o2146;i29325;contains
o2146;i29326;contains
o2146;i29327;contains
o2146;i29328;contains
o2146;i29329;contains
o2146;i29330;contains
o2146;i29331;contains
o2146;i29332;contains
o2146;i29333;contains
o2146;i29334;contains
o2146;i29335;contains
o2146;i29336;contains
o2146;i29337;contains
o2146;i29338;contains
o2146;i29339;contains
o2146;i29340;contains
o2146;i29341;contains
o2147;i29342;contains
o2147;i29343;contains
o2147;i29344;contains
o2147;i29345;contains
o2147;i29346;contains
o2147;i29347;contains
o2147;i29348;contains
o2147;i29349;contains
o2147;i29350;contains
o2147;i29351;contains
o2147;i29352;contains
o2147;i29353;contains
o2147;i29354;contains
o2147;i29355;contains
o2147;i29356;contains
o2147;i29357;contains
o2147;i29358;contains
o2147;i29359;contains
o2147;i29360;contains
o2147;i29361;contains
o2147;i29362;contains
o2147;i29363;contains
o2147;i29364;contains
o2147;i29365;contains
o2147;i29366;contains
o2148;i29367;contains
o2148;i29368;contains
o2148;i29369;contains
o2148;i29370;contains
o2148;i29371;contains
o2148;i29372;contains
o2148;i29373;contains
o2148;i29374;contains
o2148;i29375;contains
o2148;i29376;contains
o2148;i29377;contains
o2148;i29378;contains
o2148;i29379;contains
o2148;i29380;contains
o2148;i29381;contains
o2148;i29382;contains
o2148;i29383;contains
o2148;i29384;contains
o2148;i29385;contains
o2148;i29386;contains
o2148;i29387;contains
o2148;i29388;contains
o2148;i29389;contains
o2148;i29390;contains
o2149;i29391;contains
o2149;i29392;contains
o2149;i29393;contains
o2149;i29394;contains
o2149;i29395;contains
o2149;i29396;contains
o2149;i29397;contains
o2149;i29398;contains
o2149;i29399;contains
o2149;i29400;contains
o2149;i29401;contains
o2149;i29402;contains
o2149;i29403;contains
o2149;i29404;contains
o2149;i29405;contains
o2149;i29406;contains
o2149;i29407;contains
o2149;i29408;contains
o2149;i29409;contains
o2149;i29410;contains
o2149;i29411;contains
o2149;i29412;contains
o2149;i29413;contains
o2149;i29414;contains
o2149;i29415;contains
o2149;i29416;contains
o2149;i29417;contains
o2149;i29418;contains
o2149;i29419;contains
o2150;i29420;contains
o2150;i29421;contains
o2150;i29422;contains
o2150;i29423;contains
o2150;i29424;contains
o2150;i29425;contains
o2150;i29426;contains
o2150;i29427;contains
o2150;i29428;contains
o2150;i29429;contains
o2150;i29430;contains
o2150;i29431;contains
o2150;i29432;contains
o2150;i29433;contains
o2150;i29434;contains
o2150;i29435;contains
o2150;i29436;contains
o2150;i29437;contains
o2150;i29438;contains
o2150;i29439;contains
o2150;i29440;contains
o2150;i29441;contains
o2151;i29442;contains
o2151;i29443;contains
o2151;i29444;contains
o2151;i29445;contains
o2151;i29446;contains
o2151;i29447;contains
o2151;i29448;contains
o2151;i29449;contains
o2151;i29450;contains
o2151;i29451;contains
o2151;i29452;contains
o2151;i29453;contains
o2151;i29454;contains
o2151;i29455;contains
o2151;i29456;contains
o2151;i29457;contains
o2151;i29458;contains
o2151;i29459;contains
o2151;i29460;contains
o2151;i29461;contains
o2151;i29462;contains
o2151;i29463;contains
o2152;i29464;contains
o2152;i29465;contains
o2152;i29466;contains
o2152;i29467;contains
o2152;i29468;contains
o2152;i29469;contains
o2152;i29470;contains
o2152;i29471;contains
o2152;i29472;contains
o2152;i29473;contains
o2152;i29474;contains
o2152;i29475;contains
o2152;i29476;contains
o2152;i29477;contains
o2152;i29478;contains
o2152;i29479;contains
o2152;i29480;contains
o2152;i29481;contains
o2152;i29482;contains
o2152;i29483;contains
o2152;i29484;contains
o2152;i29485;contains
o2152;i29486;contains
o2152;i29487;contains
o2152;i29488;contains
o2153;i29489;contains
o2153;i29490;contains
o2153;i29491;contains
o2153;i29492;contains
o2153;i29493;contains
o2153;i29494;contains
o2153;i29495;contains
o2153;i29496;contains
o2153;i29497;contains
o2153;i29498;contains
o2153;i29499;contains
o2153;i29500;contains
o2153;i29501;contains
o2153;i29502;contains
o2153;i29503;contains
o2153;i29504;contains
o2153;i29505;contains
o2153;i29506;contains
o2153;i29507;contains
o2153;i29508;contains
o2153;i29509;contains
o2153;i29510;contains
o2153;i29511;contains
o2153;i29512;contains
o2154;i29513;contains
o2154;i29514;contains
o2154;i29515;contains
o2154;i29516;contains
o2154;i29517;contains
o2154;i29518;contains
o2154;i29519;contains
o2154;i29520;contains
o2154;i29521;contains
o2154;i29522;contains
o2154;i29523;contains
o2154;i29524;contains
o2154;i29525;contains
o2154;i29526;contains
o2154;i29527;contains
o2154;i29528;contains
o2154;i29529;contains
o2154;i29530;contains
o2154;i29531;contains
o2155;i29532;contains
o2155;i29533;contains
o2155;i29534;contains
o2155;i29535;contains
o2155;i29536;contains
o2155;i29537;contains
o2155;i29538;contains
o2155;i29539;contains
o2155;i29540;contains
o2155;i29541;contains
o2155;i29542;contains
o2155;i29543;contains
o2155;i29544;contains
o2155;i29545;contains
o2155;i29546;contains
o2155;i29547;contains
o2155;i29548;contains
o2155;i29549;contains
o2155;i29550;contains
o2155;i29551;contains
o2155;i29552;contains
o2155;i29553;contains
o2155;i29554;contains
o2155;i29555;contains
o2155;i29556;contains
o2155;i29557;contains
o2155;i29558;contains
o2155;i29559;contains
o2156;i29560;contains
o2156;i29561;contains
o2156;i29562;contains
o2156;i29563;contains
o2156;i29564;contains
o2156;i29565;contains
o2156;i29566;contains
o2156;i29567;contains
o2156;i29568;contains
o2156;i29569;contains
o2156;i29570;contains
o2156;i29571;contains
o2156;i29572;contains
o2156;i29573;contains
o2156;i29574;contains
o2156;i29575;contains
o2156;i29576;contains
o2156;i29577;contains
o2156;i29578;contains
o2156;i29579;contains
o2156;i29580;contains
o2156;i29581;contains
o2156;i29582;contains
o2156;i29583;contains
o2156;i29584;contains
o2157;i29585;contains
o2157;i29586;contains
o2157;i29587;contains
o2157;i29588;contains
o2157;i29589;contains
o2157;i29590;contains
o2157;i29591;contains
o2157;i29592;contains
o2157;i29593;contains
o2157;i29594;contains
o2157;i29595;contains
o2157;i29596;contains
o2157;i29597;contains
o2157;i29598;contains
o2157;i29599;contains
o2157;i29600;contains
o2157;i29601;contains
o2157;i29602;contains
o2158;i29603;contains
o2158;i29604;contains
o2158;i29605;contains
o2158;i29606;contains
o2158;i29607;contains
o2158;i29608;contains
o2158;i29609;contains
o2158;i29610;contains
o2158;i29611;contains
o2158;i29612;contains
o2158;i29613;contains
o2158;i29614;contains
o2158;i29615;contains
o2158;i29616;contains
o2158;i29617;contains
o2158;i29618;contains
o2158;i29619;contains
o2158;i29620;contains
o2158;i29621;contains
o2158;i29622;contains
o2158;i29623;contains
o2158;i29624;contains
o2158;i29625;contains
o2158;i29626;contains
o2159;i29627;contains
o2159;i29628;contains
o2159;i29629;contains
o2159;i29630;contains
o2159;i29631;contains
o2159;i29632;contains
o2159;i29633;contains
o2159;i29634;contains
o2159;i29635;contains
o2159;i29636;contains
o2159;i29637;contains
o2159;i29638;contains
o2159;i29639;contains
o2159;i29640;contains
o2159;i29641;contains
o2159;i29642;contains
o2159;i29643;contains
o2159;i29644;contains
o2159;i29645;contains
o2159;i29646;contains
o2159;i29647;contains
o2160;i29648;contains
o2160;i29649;contains
o2160;i29650;contains
o2160;i29651;contains
o2160;i29652;contains
o2160;i29653;contains
o2160;i29654;contains
o2160;i29655;contains
o2160;i29656;contains
o2160;i29657;contains
o2160;i29658;contains
o2160;i29659;contains
o2160;i29660;contains
o2160;i29661;contains
o2160;i29662;contains
o2160;i29663;contains
o2160;i29664;contains
o2160;i29665;contains
o2160;i29666;contains
o2160;i29667;contains
o2160;i29668;contains
o2160;i29669;contains
o2160;i29670;contains
o2160;i29671;contains
o2160;i29672;contains
o2160;i29673;contains
o2160;i29674;contains
o2161;i29675;contains
o2161;i29676;contains
o2161;i29677;contains
o2161;i29678;contains
o2161;i29679;contains
o2161;i29680;contains
o2161;i29681;contains
o2161;i29682;contains
o2161;i29683;contains
o2161;i29684;contains
o2161;i29685;contains
o2161;i29686;contains
o2161;i29687;contains
o2161;i29688;contains
o2161;i29689;contains
o2161;i29690;contains
o2161;i29691;contains
o2161;i29692;contains
o2161;i29693;contains
o2161;i29694;contains
o2161;i29695;contains
o2161;i29696;contains
o2161;i29697;contains
o2161;i29698;contains
o2161;i29699;contains
o2161;i29700;contains
o2161;i29701;contains
o2161;i29702;contains
o2161;i29703;contains
o2161;i29704;contains
o2162;i29705;contains
o2162;i29706;contains
o2162;i29707;contains
o2162;i29708;contains
o2162;i29709;contains
o2162;i29710;contains
o2162;i29711;contains
o2162;i29712;contains
o2162;i29713;contains
o2162;i29714;contains
o2162;i29715;contains
o2162;i29716;contains
o2162;i29717;contains
o2162;i29718;contains
o2162;i29719;contains
o2162;i29720;contains
o2162;i29721;contains
o2162;i29722;contains
o2162;i29723;contains
o2162;i29724;contains
o2162;i29725;contains
o2162;i29726;contains
o2162;i29727;contains
o2162;i29728;contains
o2162;i29729;contains
o2162;i29730;contains
o2162;i29731;contains
o2163;i29732;contains
o2163;i29733;contains
o2163;i29734;contains
o2163;i29735;contains
o2163;i29736;contains
o2163;i29737;contains
o2163;i29738;contains
o2163;i29739;contains
o2163;i29740;contains
o2163;i29741;contains
o2163;i29742;contains
o2163;i29743;contains
o2163;i29744;contains
o2163;i29745;contains
o2163;i29746;contains
o2163;i29747;contains
o2163;i29748;contains
o2163;i29749;contains
o2163;i29750;contains
o2163;i29751;contains
o2163;i29752;contains
o2163;i29753;contains
o2163;i29754;contains
o2163;i29755;contains
o2163;i29756;contains
o2163;i29757;contains
o2163;i29758;contains
o2163;i29759;contains
o2164;i29760;contains
o2164;i29761;contains
o2164;i29762;contains
o2164;i29763;contains
o2164;i29764;contains
o2164;i29765;contains
o2164;i29766;contains
o2164;i29767;contains
o2164;i29768;contains
o2164;i29769;contains
o2164;i29770;contains
o2164;i29771;contains
o2164;i29772;contains
o2164;i29773;contains
o2164;i29774;contains
o2164;i29775;contains
o2164;i29776;contains
o2164;i29777;contains
o2164;i29778;contains
o2164;i29779;contains
o2164;i29780;contains
o2164;i29781;contains
o2164;i29782;contains
o2164;i29783;contains
o2164;i29784;contains
o2164;i29785;contains
o2164;i29786;contains
o2164;i29787;contains
o2164;i29788;contains
o2164;i29789;contains
o2164;i29790;contains
o2165;i29791;contains
o2165;i29792;contains
o2165;i29793;contains
o2165;i29794;contains
o2165;i29795;contains
o2165;i29796;contains
o2165;i29797;contains
o2165;i29798;contains
o2165;i29799;contains
o2165;i29800;contains
o2165;i29801;contains
o2165;i29802;contains
o2165;i29803;contains
o2165;i29804;contains
o2165;i29805;contains
o2165;i29806;contains
o2165;i29807;contains
o2165;i29808;contains
o2165;i29809;contains
o2165;i29810;contains
o2165;i29811;contains
o2165;i29812;contains
o2165;i29813;contains
o2166;i29814;contains
o2166;i29815;contains
o2166;i29816;contains
o2166;i29817;contains
o2166;i29818;contains
o2166;i29819;contains
o2166;i29820;contains
o2166;i29821;contains
o2166;i29822;contains
o2166;i29823;contains
o2166;i29824;contains
o2166;i29825;contains
o2166;i29826;contains
o2166;i29827;contains
o2166;i29828;contains
o2166;i29829;contains
o2166;i29830;contains
o2166;i29831;contains
o2166;i29832;contains
o2166;i29833;contains
o2166;i29834;contains
o2166;i29835;contains
o2166;i29836;contains
o2167;i29837;contains
o2167;i29838;contains
o2167;i29839;contains
o2167;i29840;contains
o2167;i29841;contains
o2167;i29842;contains
o2167;i29843;contains
o2167;i29844;contains
o2167;i29845;contains
o2167;i29846;contains
o2167;i29847;contains
o2167;i29848;contains
o2167;i29849;contains
o2167;i29850;contains
o2167;i29851;contains
o2167;i29852;contains
o2167;i29853;contains
o2167;i29854;contains
o2167;i29855;contains
o2167;i29856;contains
o2167;i29857;contains
o2167;i29858;contains
o2167;i29859;contains
o2167;i29860;contains
o2167;i29861;contains
o2167;i29862;contains
o2167;i29863;contains
o2167;i29864;contains
o2167;i29865;contains
o2168;i29866;contains
o2168;i29867;contains
o2168;i29868;contains
o2168;i29869;contains
o2168;i29870;contains
o2168;i29871;contains
o2168;i29872;contains
o2168;i29873;contains
o2168;i29874;contains
o2168;i29875;contains
o2168;i29876;contains
o2168;i29877;contains
o2168;i29878;contains
o2168;i29879;contains
o2168;i29880;contains
o2168;i29881;contains
o2168;i29882;contains
o2168;i29883;contains
o2168;i29884;contains
o2168;i29885;contains
o2168;i29886;contains
o2168;i29887;contains
o2168;i29888;contains
o2168;i29889;contains
o2168;i29890;contains
o2169;i29891;contains
o2169;i29892;contains
o2169;i29893;contains
o2169;i29894;contains
o2169;i29895;contains
o2169;i29896;contains
o2169;i29897;contains
o2169;i29898;contains
o2169;i29899;contains
o2169;i29900;contains
o2169;i29901;contains
o2169;i29902;contains
o2169;i29903;contains
o2169;i29904;contains
o2169;i29905;contains
o2169;i29906;contains
o2169;i29907;contains
o2169;i29908;contains
o2169;i29909;contains
o2169;i29910;contains
o2169;i29911;contains
o2169;i29912;contains
o2169;i29913;contains
o2169;i29914;contains
o2169;i29915;contains
o2169;i29916;contains
o2169;i29917;contains
o2169;i29918;contains
o2169;i29919;contains
o2169;i29920;contains
o2169;i29921;contains
o2169;i29922;contains
o2169;i29923;contains
o2169;i29924;contains
o2170;i29925;contains
o2170;i29926;contains
o2170;i29927;contains
o2170;i29928;contains
o2170;i29929;contains
o2170;i29930;contains
o2170;i29931;contains
o2170;i29932;contains
o2170;i29933;contains
o2170;i29934;contains
o2170;i29935;contains
o2170;i29936;contains
o2170;i29937;contains
o2170;i29938;contains
o2170;i29939;contains
o2170;i29940;contains
o2170;i29941;contains
o2170;i29942;contains
o2170;i29943;contains
o2170;i29944;contains
o2170;i29945;contains
o2170;i29946;contains
o2170;i29947;contains
o2170;i29948;contains
o2170;i29949;contains
o2171;i29950;contains
o2171;i29951;contains
o2171;i29952;contains
o2171;i29953;contains
o2171;i29954;contains
o2171;i29955;contains
o2171;i29956;contains
o2171;i29957;contains
o2171;i29958;contains
o2171;i29959;contains
o2171;i29960;contains
o2171;i29961;contains
o2171;i29962;contains
o2171;i29963;contains
o2171;i29964;contains
o2171;i29965;contains
o2171;i29966;contains
o2171;i29967;contains
o2171;i29968;contains
o2172;i29969;contains
o2172;i29970;contains
o2172;i29971;contains
o2172;i29972;contains
o2172;i29973;contains
o2172;i29974;contains
o2172;i29975;contains
o2172;i29976;contains
o2172;i29977;contains
o2172;i29978;contains
o2172;i29979;contains
o2172;i29980;contains
o2172;i29981;contains
o2172;i29982;contains
o2172;i29983;contains
o2172;i29984;contains
o2172;i29985;contains
o2172;i29986;contains
o2172;i29987;contains
o2172;i29988;contains
o2172;i29989;contains
o2172;i29990;contains
o2172;i29991;contains
o2172;i29992;contains
o2172;i29993;contains
o2173;i29994;contains
o2173;i29995;contains
o2173;i29996;contains
o2173;i29997;contains
o2173;i29998;contains
o2173;i29999;contains
o2173;i30000;contains
o2173;i30001;contains
o2173;i30002;contains
o2173;i30003;contains
o2173;i30004;contains
o2173;i30005;contains
o2173;i30006;contains
o2173;i30007;contains
o2173;i30008;contains
o2173;i30009;contains
o2173;i30010;contains
o2173;i30011;contains
o2173;i30012;contains
o2173;i30013;contains
o2173;i30014;contains
o2173;i30015;contains
o2173;i30016;contains
o2173;i30017;contains
o2173;i30018;contains
o2174;i30019;contains
o2174;i30020;contains
o2174;i30021;contains
o2174;i30022;contains
o2174;i30023;contains
o2174;i30024;contains
o2174;i30025;contains
o2174;i30026;contains
o2174;i30027;contains
o2174;i30028;contains
o2174;i30029;contains
o2174;i30030;contains
o2174;i30031;contains
o2174;i30032;contains
o2174;i30033;contains
o2174;i30034;contains
o2174;i30035;contains
o2174;i30036;contains
o2174;i30037;contains
o2174;i30038;contains
o2174;i30039;contains
o2174;i30040;contains
o2174;i30041;contains
o2174;i30042;contains
o2174;i30043;contains
o2174;i30044;contains
o2174;i30045;contains
o2175;i30046;contains
o2175;i30047;contains
o2175;i30048;contains
o2175;i30049;contains
o2175;i30050;contains
o2175;i30051;contains
o2175;i30052;contains
o2175;i30053;contains
o2175;i30054;contains
o2175;i30055;contains
o2175;i30056;contains
o2175;i30057;contains
o2175;i30058;contains
o2175;i30059;contains
o2175;i30060;contains
o2175;i30061;contains
o2175;i30062;contains
o2175;i30063;contains
o2175;i30064;contains
o2175;i30065;contains
o2175;i30066;contains
o2175;i30067;contains
o2175;i30068;contains
o2176;i30069;contains
o2176;i30070;contains
o2176;i30071;contains
o2176;i30072;contains
o2176;i30073;contains
o2176;i30074;contains
o2176;i30075;contains
o2176;i30076;contains
o2176;i30077;contains
o2176;i30078;contains
o2176;i30079;contains
o2176;i30080;contains
o2176;i30081;contains
o2176;i30082;contains
o2176;i30083;contains
o2176;i30084;contains
o2176;i30085;contains
o2176;i30086;contains
o2176;i30087;contains
o2176;i30088;contains
o2176;i30089;contains
o2176;i30090;contains
o2176;i30091;contains
o2176;i30092;contains
o2176;i30093;contains
o2176;i30094;contains
o2176;i30095;contains
o2177;i30096;contains
o2177;i30097;contains
o2177;i30098;contains
o2177;i30099;contains
o2177;i30100;contains
o2177;i30101;contains
o2177;i30102;contains
o2177;i30103;contains
o2177;i30104;contains
o2177;i30105;contains
o2177;i30106;contains
o2177;i30107;contains
o2177;i30108;contains
o2177;i30109;contains
o2177;i30110;contains
o2177;i30111;contains
o2177;i30112;contains
o2177;i30113;contains
o2177;i30114;contains
o2177;i30115;contains
o2177;i30116;contains
o2178;i30117;contains
o2178;i30118;contains
o2178;i30119;contains
o2178;i30120;contains
o2178;i30121;contains
o2178;i30122;contains
o2178;i30123;contains
o2178;i30124;contains
o2178;i30125;contains
o2178;i30126;contains
o2178;i30127;contains
o2178;i30128;contains
o2178;i30129;contains
o2178;i30130;contains
o2178;i30131;contains
o2178;i30132;contains
o2178;i30133;contains
o2178;i30134;contains
o2178;i30135;contains
o2178;i30136;contains
o2178;i30137;contains
o2178;i30138;contains
o2178;i30139;contains
o2178;i30140;contains
o2178;i30141;contains
o2179;i30142;contains
o2179;i30143;contains
o2179;i30144;contains
o2179;i30145;contains
o2179;i30146;contains
o2179;i30147;contains
o2179;i30148;contains
o2179;i30149;contains
o2179;i30150;contains
o2179;i30151;contains
o2179;i30152;contains
o2179;i30153;contains
o2179;i30154;contains
o2179;i30155;contains
o2179;i30156;contains
o2179;i30157;contains
o2179;i30158;contains
o2179;i30159;contains
o2179;i30160;contains
o2179;i30161;contains
o2179;i30162;contains
o2179;i30163;contains
o2179;i30164;contains
o2179;i30165;contains
o2179;i30166;contains
o2179;i30167;contains
o2179;i30168;contains
o2180;i30169;contains
o2180;i30170;contains
o2180;i30171;contains
o2180;i30172;contains
o2180;i30173;contains
o2180;i30174;contains
o2180;i30175;contains
o2180;i30176;contains
o2180;i30177;contains
o2180;i30178;contains
o2180;i30179;contains
o2180;i30180;contains
o2180;i30181;contains
o2180;i30182;contains
o2180;i30183;contains
o2180;i30184;contains
o2180;i30185;contains
o2180;i30186;contains
o2180;i30187;contains
o2180;i30188;contains
o2181;i30189;contains
o2181;i30190;contains
o2181;i30191;contains
o2181;i30192;contains
o2181;i30193;contains
o2181;i30194;contains
o2181;i30195;contains
o2181;i30196;contains
o2181;i30197;contains
o2181;i30198;contains
o2181;i30199;contains
o2181;i30200;contains
o2181;i30201;contains
o2181;i30202;contains
o2181;i30203;contains
o2181;i30204;contains
o2181;i30205;contains
o2181;i30206;contains
o2181;i30207;contains
o2181;i30208;contains
o2181;i30209;contains
o2181;i30210;contains
o2181;i30211;contains
o2181;i30212;contains
o2181;i30213;contains
o2182;i30214;contains
o2182;i30215;contains
o2182;i30216;contains
o2182;i30217;contains
o2182;i30218;contains
o2182;i30219;contains
o2182;i30220;contains
o2182;i30221;contains
o2182;i30222;contains
o2182;i30223;contains
o2182;i30224;contains
o2182;i30225;contains
o2182;i30226;contains
o2182;i30227;contains
o2182;i30228;contains
o2182;i30229;contains
o2182;i30230;contains
o2182;i30231;contains
o2182;i30232;contains
o2182;i30233;contains
o2182;i30234;contains
o2182;i30235;contains
o2182;i30236;contains
o2182;i30237;contains
o2182;i30238;contains
o2182;i30239;contains
o2182;i30240;contains
o2182;i30241;contains
o2183;i30242;contains
o2183;i30243;contains
o2183;i30244;contains
o2183;i30245;contains
o2183;i30246;contains
o2183;i30247;contains
o2183;i30248;contains
o2183;i30249;contains
o2183;i30250;contains
o2183;i30251;contains
o2183;i30252;contains
o2183;i30253;contains
o2183;i30254;contains
o2183;i30255;contains
o2183;i30256;contains
o2183;i30257;contains
o2183;i30258;contains
o2183;i30259;contains
o2183;i30260;contains
o2183;i30261;contains
o2183;i30262;contains
o2183;i30263;contains
o2183;i30264;contains
o2183;i30265;contains
o2184;i30266;contains
o2184;i30267;contains
o2184;i30268;contains
o2184;i30269;contains
o2184;i30270;contains
o2184;i30271;contains
o2184;i30272;contains
o2184;i30273;contains
o2184;i30274;contains
o2184;i30275;contains
o2184;i30276;contains
o2184;i30277;contains
o2184;i30278;contains
o2184;i30279;contains
o2184;i30280;contains
o2184;i30281;contains
o2184;i30282;contains
o2184;i30283;contains
o2184;i30284;contains
o2184;i30285;contains
o2184;i30286;contains
o2184;i30287;contains
o2184;i30288;contains
o2184;i30289;contains
o2184;i30290;contains
o2184;i30291;contains
o2184;i30292;contains
o2184;i30293;contains
o2184;i30294;contains
o2184;i30295;contains
o2184;i30296;contains
o2185;i30297;contains
o2185;i30298;contains
o2185;i30299;contains
o2185;i30300;contains
o2185;i30301;contains
o2185;i30302;contains
o2185;i30303;contains
o2185;i30304;contains
o2185;i30305;contains
o2185;i30306;contains
o2185;i30307;contains
o2185;i30308;contains
o2185;i30309;contains
o2185;i30310;contains
o2185;i30311;contains
o2185;i30312;contains
o2185;i30313;contains
o2185;i30314;contains
o2185;i30315;contains
o2185;i30316;contains
o2185;i30317;contains
o2185;i30318;contains
o2185;i30319;contains
o2185;i30320;contains
o2185;i30321;contains
o2185;i30322;contains
o2185;i30323;contains
o2185;i30324;contains
o2185;i30325;contains
o2185;i30326;contains
o2185;i30327;contains
o2185;i30328;contains
o2185;i30329;contains
o2185;i30330;contains
o2185;i30331;contains
o2185;i30332;contains
o2185;i30333;contains
o2185;i30334;contains
o2186;i30335;contains
o2186;i30336;contains
o2186;i30337;contains
o2186;i30338;contains
o2186;i30339;contains
o2186;i30340;contains
o2186;i30341;contains
o2186;i30342;contains
o2186;i30343;contains
o2186;i30344;contains
o2186;i30345;contains
o2186;i30346;contains
o2186;i30347;contains
o2186;i30348;contains
o2186;i30349;contains
o2186;i30350;contains
o2186;i30351;contains
o2186;i30352;contains
o2186;i30353;contains
o2186;i30354;contains
o2186;i30355;contains
o2186;i30356;contains
o2186;i30357;contains
o2186;i30358;contains
o2186;i30359;contains
o2186;i30360;contains
o2186;i30361;contains
o2186;i30362;contains
o2186;i30363;contains
o2186;i30364;contains
o2186;i30365;contains
o2187;i30366;contains
o2187;i30367;contains
o2187;i30368;contains
o2187;i30369;contains
o2187;i30370;contains
o2187;i30371;contains
o2187;i30372;contains
o2187;i30373;contains
o2187;i30374;contains
o2187;i30375;contains
o2187;i30376;contains
o2187;i30377;contains
o2187;i30378;contains
o2187;i30379;contains
o2187;i30380;contains
o2187;i30381;contains
o2187;i30382;contains
o2187;i30383;contains
o2187;i30384;contains
o2187;i30385;contains
o2187;i30386;contains
o2187;i30387;contains
o2187;i30388;contains
o2187;i30389;contains
o2188;i30390;contains
o2188;i30391;contains
o2188;i30392;contains
o2188;i30393;contains
o2188;i30394;contains
o2188;i30395;contains
o2188;i30396;contains
o2188;i30397;contains
o2188;i30398;contains
o2188;i30399;contains
o2188;i30400;contains
o2188;i30401;contains
o2188;i30402;contains
o2188;i30403;contains
o2188;i30404;contains
o2188;i30405;contains
o2188;i30406;contains
o2188;i30407;contains
o2188;i30408;contains
o2188;i30409;contains
o2188;i30410;contains
o2188;i30411;contains
o2188;i30412;contains
o2188;i30413;contains
o2188;i30414;contains
o2188;i30415;contains
o2188;i30416;contains
o2188;i30417;contains
o2188;i30418;contains
o2189;i30419;contains
o2189;i30420;contains
o2189;i30421;contains
o2189;i30422;contains
o2189;i30423;contains
o2189;i30424;contains
o2189;i30425;contains
o2189;i30426;contains
o2189;i30427;contains
o2189;i30428;contains
o2189;i30429;contains
o2189;i30430;contains
o2189;i30431;contains
o2189;i30432;contains
o2189;i30433;contains
o2189;i30434;contains
o2189;i30435;contains
o2189;i30436;contains
o2189;i30437;contains
o2189;i30438;contains
o2189;i30439;contains
o2189;i30440;contains
o2190;i30441;contains
o2190;i30442;contains
o2190;i30443;contains
o2190;i30444;contains
o2190;i30445;contains
o2190;i30446;contains
o2190;i30447;contains
o2190;i30448;contains
o2190;i30449;contains
o2190;i30450;contains
o2190;i30451;contains
o2190;i30452;contains
o2190;i30453;contains
o2190;i30454;contains
o2190;i30455;contains
o2190;i30456;contains
o2190;i30457;contains
o2190;i30458;contains
o2190;i30459;contains
o2190;i30460;contains
o2190;i30461;contains
o2190;i30462;contains
o2190;i30463;contains
o2190;i30464;contains
o2190;i30465;contains
o2190;i30466;contains
o2190;i30467;contains
o2191;i30468;contains
o2191;i30469;contains
o2191;i30470;contains
o2191;i30471;contains
o2191;i30472;contains
o2191;i30473;contains
o2191;i30474;contains
o2191;i30475;contains
o2191;i30476;contains
o2191;i30477;contains
o2191;i30478;contains
o2191;i30479;contains
o2191;i30480;contains
o2191;i30481;contains
o2191;i30482;contains
o2191;i30483;contains
o2191;i30484;contains
o2191;i30485;contains
o2191;i30486;contains
o2191;i30487;contains
o2191;i30488;contains
o2191;i30489;contains
o2191;i30490;contains
o2191;i30491;contains
o2191;i30492;contains
o2191;i30493;contains
o2191;i30494;contains
o2192;i30495;contains
o2192;i30496;contains
o2192;i30497;contains
o2192;i30498;contains
o2192;i30499;contains
o2192;i30500;contains
o2192;i30501;contains
o2192;i30502;contains
o2192;i30503;contains
o2192;i30504;contains
o2192;i30505;contains
o2192;i30506;contains
o2192;i30507;contains
o2192;i30508;contains
o2192;i30509;contains
o2192;i30510;contains
o2192;i30511;contains
o2192;i30512;contains
o2192;i30513;contains
o2192;i30514;contains
o2192;i30515;contains
o2192;i30516;contains
o2192;i30517;contains
o2192;i30518;contains
o2192;i30519;contains
o2192;i30520;contains
o2192;i30521;contains
o2192;i30522;contains
o2192;i30523;contains
o2193;i30524;contains
o2193;i30525;contains
o2193;i30526;contains
o2193;i30527;contains
o2193;i30528;contains
o2193;i30529;contains
o2193;i30530;contains
o2193;i30531;contains
o2193;i30532;contains
o2193;i30533;contains
o2193;i30534;contains
o2193;i30535;contains
o2193;i30536;contains
o2193;i30537;contains
o2193;i30538;contains
o2193;i30539;contains
o2194;i30540;contains
o2194;i30541;contains
o2194;i30542;contains
o2194;i30543;contains
o2194;i30544;contains
o2194;i30545;contains
o2194;i30546;contains
o2194;i30547;contains
o2194;i30548;contains
o2194;i30549;contains
o2194;i30550;contains
o2194;i30551;contains
o2194;i30552;contains
o2194;i30553;contains
o2194;i30554;contains
o2194;i30555;contains
o2194;i30556;contains
o2194;i30557;contains
o2194;i30558;contains
o2194;i30559;contains
o2194;i30560;contains
o2195;i30561;contains
o2195;i30562;contains
o2195;i30563;contains
o2195;i30564;contains
o2195;i30565;contains
o2195;i30566;contains
o2195;i30567;contains
o2195;i30568;contains
o2195;i30569;contains
o2195;i30570;contains
o2195;i30571;contains
o2195;i30572;contains
o2195;i30573;contains
o2195;i30574;contains
o2195;i30575;contains
o2195;i30576;contains
o2195;i30577;contains
o2195;i30578;contains
o2195;i30579;contains
o2195;i30580;contains
o2195;i30581;contains
o2195;i30582;contains
o2195;i30583;contains
o2195;i30584;contains
o2195;i30585;contains
o2196;i30586;contains
o2196;i30587;contains
o2196;i30588;contains
o2196;i30589;contains
o2196;i30590;contains
o2196;i30591;contains
o2196;i30592;contains
o2196;i30593;contains
o2196;i30594;contains
o2196;i30595;contains
o2196;i30596;contains
o2196;i30597;contains
o2196;i30598;contains
o2196;i30599;contains
o2196;i30600;contains
o2196;i30601;contains
o2196;i30602;contains
o2196;i30603;contains
o2196;i30604;contains
o2196;i30605;contains
o2196;i30606;contains
o2196;i30607;contains
o2196;i30608;contains
o2196;i30609;contains
o2196;i30610;contains
o2196;i30611;contains
o2196;i30612;contains
o2196;i30613;contains
o2197;i30614;contains
o2197;i30615;contains
o2197;i30616;contains
o2197;i30617;contains
o2197;i30618;contains
o2197;i30619;contains
o2197;i30620;contains
o2197;i30621;contains
o2197;i30622;contains
o2197;i30623;contains
o2197;i30624;contains
o2197;i30625;contains
o2197;i30626;contains
o2197;i30627;contains
o2197;i30628;contains
o2197;i30629;contains
o2197;i30630;contains
o2197;i30631;contains
o2197;i30632;contains
o2197;i30633;contains
o2197;i30634;contains
o2197;i30635;contains
o2197;i30636;contains
o2197;i30637;contains
o2197;i30638;contains
o2197;i30639;contains
o2197;i30640;contains
o2197;i30641;contains
o2197;i30642;contains
o2198;i30643;contains
o2198;i30644;contains
o2198;i30645;contains
o2198;i30646;contains
o2198;i30647;contains
o2198;i30648;contains
o2198;i30649;contains
o2198;i30650;contains
o2198;i30651;contains
o2198;i30652;contains
o2198;i30653;contains
o2198;i30654;contains
o2198;i30655;contains
o2198;i30656;contains
o2198;i30657;contains
o2198;i30658;contains
o2198;i30659;contains
o2198;i30660;contains
o2198;i30661;contains
o2198;i30662;contains
o2198;i30663;contains
o2198;i30664;contains
o2198;i30665;contains
o2198;i30666;contains
o2199;i30667;contains
o2199;i30668;contains
o2199;i30669;contains
o2199;i30670;contains
o2199;i30671;contains
o2199;i30672;contains
o2199;i30673;contains
o2199;i30674;contains
o2199;i30675;contains
o2199;i30676;contains
o2199;i30677;contains
o2199;i30678;contains
o2199;i30679;contains
o2199;i30680;contains
o2199;i30681;contains
o2199;i30682;contains
o2199;i30683;contains
o2199;i30684;contains
o2199;i30685;contains
o2199;i30686;contains
o2199;i30687;contains
o2199;i30688;contains
o2199;i30689;contains
o2199;i30690;contains
o2199;i30691;contains
o2199;i30692;contains
o2199;i30693;contains
o2199;i30694;contains
o2199;i30695;contains
o2199;i30696;contains
o2199;i30697;contains
o2199;i30698;contains
o2199;i30699;contains
o2199;i30700;contains
o2200;i30701;contains
o2200;i30702;contains
o2200;i30703;contains
o2200;i30704;contains
o2200;i30705;contains
o2200;i30706;contains
o2200;i30707;contains
o2200;i30708;contains
o2200;i30709;contains
o2200;i30710;contains
o2200;i30711;contains
o2200;i30712;contains
o2200;i30713;contains
o2200;i30714;contains
o2200;i30715;contains
o2200;i30716;contains
o2200;i30717;contains
o2200;i30718;contains
o2200;i30719;contains
o2200;i30720;contains
o2200;i30721;contains
o2200;i30722;contains
o2200;i30723;contains
o2200;i30724;contains
o2200;i30725;contains
o2200;i30726;contains
o2200;i30727;contains
o2200;i30728;contains
o2200;i30729;contains
o2200;i30730;contains
o2200;i30731;contains
o2200;i30732;contains
o2201;i30733;contains
o2201;i30734;contains
o2201;i30735;contains
o2201;i30736;contains
o2201;i30737;contains
o2201;i30738;contains
o2201;i30739;contains
o2201;i30740;contains
o2201;i30741;contains
o2201;i30742;contains
o2201;i30743;contains
o2201;i30744;contains
o2201;i30745;contains
o2201;i30746;contains
o2201;i30747;contains
o2201;i30748;contains
o2201;i30749;contains
o2201;i30750;contains
o2201;i30751;contains
o2201;i30752;contains
o2201;i30753;contains
o2201;i30754;contains
o2201;i30755;contains
o2201;i30756;contains
o2201;i30757;contains
o2201;i30758;contains
o2201;i30759;contains
o2201;i30760;contains
o2201;i30761;contains
o2201;i30762;contains
o2201;i30763;contains
o2202;i30764;contains
o2202;i30765;contains
o2202;i30766;contains
o2202;i30767;contains
o2202;i30768;contains
o2202;i30769;contains
o2202;i30770;contains
o2202;i30771;contains
o2202;i30772;contains
o2202;i30773;contains
o2202;i30774;contains
o2202;i30775;contains
o2202;i30776;contains
o2202;i30777;contains
o2202;i30778;contains
o2202;i30779;contains
o2202;i30780;contains
o2202;i30781;contains
o2202;i30782;contains
o2202;i30783;contains
o2202;i30784;contains
o2202;i30785;contains
o2202;i30786;contains
o2203;i30787;contains
o2203;i30788;contains
o2203;i30789;contains
o2203;i30790;contains
o2203;i30791;contains
o2203;i30792;contains
o2203;i30793;contains
o2203;i30794;contains
o2203;i30795;contains
o2203;i30796;contains
o2203;i30797;contains
o2203;i30798;contains
o2203;i30799;contains
o2203;i30800;contains
o2203;i30801;contains
o2204;i30802;contains
o2204;i30803;contains
o2204;i30804;contains
o2204;i30805;contains
o2204;i30806;contains
o2204;i30807;contains
o2204;i30808;contains
o2204;i30809;contains
o2204;i30810;contains
o2204;i30811;contains
o2204;i30812;contains
o2204;i30813;contains
o2204;i30814;contains
o2204;i30815;contains
o2204;i30816;contains
o2204;i30817;contains
o2204;i30818;contains
o2204;i30819;contains
o2205;i30820;contains
o2205;i30821;contains
o2205;i30822;contains
o2205;i30823;contains
o2205;i30824;contains
o2205;i30825;contains
o2205;i30826;contains
o2205;i30827;contains
o2205;i30828;contains
o2205;i30829;contains
o2205;i30830;contains
o2205;i30831;contains
o2205;i30832;contains
o2205;i30833;contains
o2205;i30834;contains
o2205;i30835;contains
o2205;i30836;contains
o2205;i30837;contains
o2205;i30838;contains
o2205;i30839;contains
o2205;i30840;contains
o2205;i30841;contains
o2205;i30842;contains
o2205;i30843;contains
o2205;i30844;contains
o2205;i30845;contains
o2206;i30846;contains
o2206;i30847;contains
o2206;i30848;contains
o2206;i30849;contains
o2206;i30850;contains
o2206;i30851;contains
o2206;i30852;contains
o2206;i30853;contains
o2206;i30854;contains
o2206;i30855;contains
o2206;i30856;contains
o2206;i30857;contains
o2206;i30858;contains
o2206;i30859;contains
o2206;i30860;contains
o2206;i30861;contains
o2206;i30862;contains
o2206;i30863;contains
o2206;i30864;contains
o2206;i30865;contains
o2206;i30866;contains
o2206;i30867;contains
o2206;i30868;contains
o2206;i30869;contains
o2206;i30870;contains
o2206;i30871;contains
o2206;i30872;contains
o2206;i30873;contains
o2206;i30874;contains
o2206;i30875;contains
o2206;i30876;contains
o2206;i30877;contains
o2206;i30878;contains
o2206;i30879;contains
o2206;i30880;contains
o2206;i30881;contains
o2206;i30882;contains
o2206;i30883;contains
o2206;i30884;contains
o2207;i30885;contains
o2207;i30886;contains
o2207;i30887;contains
o2207;i30888;contains
o2207;i30889;contains
o2207;i30890;contains
o2207;i30891;contains
o2207;i30892;contains
o2207;i30893;contains
o2207;i30894;contains
o2207;i30895;contains
o2207;i30896;contains
o2207;i30897;contains
o2207;i30898;contains
o2207;i30899;contains
o2207;i30900;contains
o2207;i30901;contains
o2207;i30902;contains
o2207;i30903;contains
o2207;i30904;contains
o2207;i30905;contains
o2207;i30906;contains
o2207;i30907;contains
o2207;i30908;contains
o2207;i30909;contains
o2207;i30910;contains
o2207;i30911;contains
o2208;i30912;contains
o2208;i30913;contains
o2208;i30914;contains
o2208;i30915;contains
o2208;i30916;contains
o2208;i30917;contains
o2208;i30918;contains
o2208;i30919;contains
o2208;i30920;contains
o2208;i30921;contains
o2208;i30922;contains
o2208;i30923;contains
o2208;i30924;contains
o2208;i30925;contains
o2208;i30926;contains
o2208;i30927;contains
o2208;i30928;contains
o2209;i30929;contains
o2209;i30930;contains
o2209;i30931;contains
o2209;i30932;contains
o2209;i30933;contains
o2209;i30934;contains
o2209;i30935;contains
o2209;i30936;contains
o2209;i30937;contains
o2209;i30938;contains
o2209;i30939;contains
o2209;i30940;contains
o2209;i30941;contains
o2209;i30942;contains
o2209;i30943;contains
o2209;i30944;contains
o2209;i30945;contains
o2209;i30946;contains
o2209;i30947;contains
o2209;i30948;contains
o2209;i30949;contains
o2210;i30950;contains
o2210;i30951;contains
o2210;i30952;contains
o2210;i30953;contains
o2210;i30954;contains
o2210;i30955;contains
o2210;i30956;contains
o2210;i30957;contains
o2210;i30958;contains
o2210;i30959;contains
o2210;i30960;contains
o2210;i30961;contains
o2210;i30962;contains
o2210;i30963;contains
o2210;i30964;contains
o2210;i30965;contains
o2210;i30966;contains
o2210;i30967;contains
o2210;i30968;contains
o2210;i30969;contains
o2210;i30970;contains
o2210;i30971;contains
o2210;i30972;contains
o2210;i30973;contains
o2210;i30974;contains
o2210;i30975;contains
o2210;i30976;contains
o2210;i30977;contains
o2210;i30978;contains
o2211;i30979;contains
o2211;i30980;contains
o2211;i30981;contains
o2211;i30982;contains
o2211;i30983;contains
o2211;i30984;contains
o2211;i30985;contains
o2211;i30986;contains
o2211;i30987;contains
o2211;i30988;contains
o2211;i30989;contains
o2211;i30990;contains
o2211;i30991;contains
o2211;i30992;contains
o2211;i30993;contains
o2211;i30994;contains
o2211;i30995;contains
o2211;i30996;contains
o2211;i30997;contains
o2211;i30998;contains
o2211;i30999;contains
o2211;i31000;contains
o2211;i31001;contains
o2212;i31002;contains
o2212;i31003;contains
o2212;i31004;contains
o2212;i31005;contains
o2212;i31006;contains
o2212;i31007;contains
o2212;i31008;contains
o2212;i31009;contains
o2212;i31010;contains
o2212;i31011;contains
o2212;i31012;contains
o2212;i31013;contains
o2212;i31014;contains
o2212;i31015;contains
o2212;i31016;contains
o2212;i31017;contains
o2212;i31018;contains
o2212;i31019;contains
o2212;i31020;contains
o2212;i31021;contains
o2212;i31022;contains
o2212;i31023;contains
o2212;i31024;contains
o2212;i31025;contains
o2212;i31026;contains
o2212;i31027;contains
o2212;i31028;contains
o2212;i31029;contains
o2213;i31030;contains
o2213;i31031;contains
o2213;i31032;contains
o2213;i31033;contains
o2213;i31034;contains
o2213;i31035;contains
o2213;i31036;contains
o2213;i31037;contains
o2213;i31038;contains
o2213;i31039;contains
o2213;i31040;contains
o2213;i31041;contains
o2213;i31042;contains
o2213;i31043;contains
o2213;i31044;contains
o2213;i31045;contains
o2213;i31046;contains
o2213;i31047;contains
o2213;i31048;contains
o2213;i31049;contains
o2213;i31050;contains
o2213;i31051;contains
o2213;i31052;contains
o2213;i31053;contains
o2213;i31054;contains
o2213;i31055;contains
o2213;i31056;contains
o2213;i31057;contains
o2213;i31058;contains
o2213;i31059;contains
o2213;i31060;contains
o2213;i31061;contains
o2214;i31062;contains
o2214;i31063;contains
o2214;i31064;contains
o2214;i31065;contains
o2214;i31066;contains
o2214;i31067;contains
o2214;i31068;contains
o2214;i31069;contains
o2214;i31070;contains
o2214;i31071;contains
o2214;i31072;contains
o2214;i31073;contains
o2214;i31074;contains
o2214;i31075;contains
o2214;i31076;contains
o2214;i31077;contains
o2214;i31078;contains
o2214;i31079;contains
o2215;i31080;contains
o2215;i31081;contains
o2215;i31082;contains
o2215;i31083;contains
o2215;i31084;contains
o2215;i31085;contains
o2215;i31086;contains
o2215;i31087;contains
o2215;i31088;contains
o2215;i31089;contains
o2215;i31090;contains
o2215;i31091;contains
o2215;i31092;contains
o2215;i31093;contains
o2215;i31094;contains
o2215;i31095;contains
o2215;i31096;contains
o2215;i31097;contains
o2215;i31098;contains
o2216;i31099;contains
o2216;i31100;contains
o2216;i31101;contains
o2216;i31102;contains
o2216;i31103;contains
o2216;i31104;contains
o2216;i31105;contains
o2216;i31106;contains
o2216;i31107;contains
o2216;i31108;contains
o2216;i31109;contains
o2216;i31110;contains
o2216;i31111;contains
o2216;i31112;contains
o2216;i31113;contains
o2216;i31114;contains
o2216;i31115;contains
o2216;i31116;contains
o2216;i31117;contains
o2216;i31118;contains
o2216;i31119;contains
o2217;i31120;contains
o2217;i31121;contains
o2217;i31122;contains
o2217;i31123;contains
o2217;i31124;contains
o2217;i31125;contains
o2217;i31126;contains
o2217;i31127;contains
o2217;i31128;contains
o2217;i31129;contains
o2217;i31130;contains
o2217;i31131;contains
o2217;i31132;contains
o2217;i31133;contains
o2217;i31134;contains
o2217;i31135;contains
o2217;i31136;contains
o2217;i31137;contains
o2217;i31138;contains
o2217;i31139;contains
o2217;i31140;contains
o2217;i31141;contains
o2217;i31142;contains
o2217;i31143;contains
o2217;i31144;contains
o2218;i31145;contains
o2218;i31146;contains
o2218;i31147;contains
o2218;i31148;contains
o2218;i31149;contains
o2218;i31150;contains
o2218;i31151;contains
o2218;i31152;contains
o2218;i31153;contains
o2218;i31154;contains
o2218;i31155;contains
o2218;i31156;contains
o2218;i31157;contains
o2218;i31158;contains
o2218;i31159;contains
o2219;i31160;contains
o2219;i31161;contains
o2219;i31162;contains
o2219;i31163;contains
o2219;i31164;contains
o2219;i31165;contains
o2219;i31166;contains
o2219;i31167;contains
o2219;i31168;contains
o2219;i31169;contains
o2219;i31170;contains
o2219;i31171;contains
o2219;i31172;contains
o2219;i31173;contains
o2219;i31174;contains
o2219;i31175;contains
o2219;i31176;contains
o2219;i31177;contains
o2219;i31178;contains
o2219;i31179;contains
o2219;i31180;contains
o2219;i31181;contains
o2219;i31182;contains
o2219;i31183;contains
o2219;i31184;contains
o2219;i31185;contains
o2219;i31186;contains
o2219;i31187;contains
o2219;i31188;contains
o2219;i31189;contains
o2219;i31190;contains
o2219;i31191;contains
o2219;i31192;contains
o2220;i31193;contains
o2220;i31194;contains
o2220;i31195;contains
o2220;i31196;contains
o2220;i31197;contains
o2220;i31198;contains
o2220;i31199;contains
o2220;i31200;contains
o2220;i31201;contains
o2220;i31202;contains
o2220;i31203;contains
o2220;i31204;contains
o2220;i31205;contains
o2220;i31206;contains
o2220;i31207;contains
o2220;i31208;contains
o2220;i31209;contains
o2220;i31210;contains
o2220;i31211;contains
o2220;i31212;contains
o2220;i31213;contains
o2220;i31214;contains
o2220;i31215;contains
o2220;i31216;contains
o2220;i31217;contains
o2220;i31218;contains
o2220;i31219;contains
o2220;i31220;contains
o2220;i31221;contains
o2220;i31222;contains
o2221;i31223;contains
o2221;i31224;contains
o2221;i31225;contains
o2221;i31226;contains
o2221;i31227;contains
o2221;i31228;contains
o2221;i31229;contains
o2221;i31230;contains
o2221;i31231;contains
o2221;i31232;contains
o2221;i31233;contains
o2221;i31234;contains
o2221;i31235;contains
o2221;i31236;contains
o2221;i31237;contains
o2221;i31238;contains
o2221;i31239;contains
o2221;i31240;contains
o2221;i31241;contains
o2221;i31242;contains
o2221;i31243;contains
o2221;i31244;contains
o2221;i31245;contains
o2221;i31246;contains
o2222;i31247;contains
o2222;i31248;contains
o2222;i31249;contains
o2222;i31250;contains
o2222;i31251;contains
o2222;i31252;contains
o2222;i31253;contains
o2222;i31254;contains
o2222;i31255;contains
o2222;i31256;contains
o2222;i31257;contains
o2222;i31258;contains
o2222;i31259;contains
o2222;i31260;contains
o2222;i31261;contains
o2222;i31262;contains
o2222;i31263;contains
o2222;i31264;contains
o2222;i31265;contains
o2222;i31266;contains
o2222;i31267;contains
o2222;i31268;contains
o2222;i31269;contains
o2222;i31270;contains
o2222;i31271;contains
o2222;i31272;contains
o2222;i31273;contains
o2222;i31274;contains
o2222;i31275;contains
o2222;i31276;contains
o2222;i31277;contains
o2222;i31278;contains
o2223;i31279;contains
o2223;i31280;contains
o2223;i31281;contains
o2223;i31282;contains
o2223;i31283;contains
o2223;i31284;contains
o2223;i31285;contains
o2223;i31286;contains
o2223;i31287;contains
o2223;i31288;contains
o2223;i31289;contains
o2223;i31290;contains
o2223;i31291;contains
o2223;i31292;contains
o2223;i31293;contains
o2223;i31294;contains
o2223;i31295;contains
o2223;i31296;contains
o2223;i31297;contains
o2223;i31298;contains
o2223;i31299;contains
o2223;i31300;contains
o2224;i31301;contains
o2224;i31302;contains
o2224;i31303;contains
o2224;i31304;contains
o2224;i31305;contains
o2224;i31306;contains
o2224;i31307;contains
o2224;i31308;contains
o2224;i31309;contains
o2224;i31310;contains
o2224;i31311;contains
o2224;i31312;contains
o2224;i31313;contains
o2224;i31314;contains
o2224;i31315;contains
o2224;i31316;contains
o2224;i31317;contains
o2224;i31318;contains
o2224;i31319;contains
o2224;i31320;contains
o2224;i31321;contains
o2224;i31322;contains
o2224;i31323;contains
o2224;i31324;contains
o2224;i31325;contains
o2224;i31326;contains
o2224;i31327;contains
o2224;i31328;contains
o2224;i31329;contains
o2224;i31330;contains
o2224;i31331;contains
o2224;i31332;contains
o2224;i31333;contains
o2224;i31334;contains
o2225;i31335;contains
o2225;i31336;contains
o2225;i31337;contains
o2225;i31338;contains
o2225;i31339;contains
o2225;i31340;contains
o2225;i31341;contains
o2225;i31342;contains
o2225;i31343;contains
o2225;i31344;contains
o2225;i31345;contains
o2225;i31346;contains
o2225;i31347;contains
o2225;i31348;contains
o2225;i31349;contains
o2225;i31350;contains
o2225;i31351;contains
o2225;i31352;contains
o2225;i31353;contains
o2225;i31354;contains
o2225;i31355;contains
o2225;i31356;contains
o2226;i31357;contains
o2226;i31358;contains
o2226;i31359;contains
o2226;i31360;contains
o2226;i31361;contains
o2226;i31362;contains
o2226;i31363;contains
o2226;i31364;contains
o2226;i31365;contains
o2226;i31366;contains
o2226;i31367;contains
o2226;i31368;contains
o2226;i31369;contains
o2226;i31370;contains
o2226;i31371;contains
o2226;i31372;contains
o2226;i31373;contains
o2226;i31374;contains
o2226;i31375;contains
o2226;i31376;contains
o2226;i31377;contains
o2226;i31378;contains
o2226;i31379;contains
o2226;i31380;contains
o2226;i31381;contains
o2226;i31382;contains
o2226;i31383;contains
o2226;i31384;contains
o2226;i31385;contains
o2227;i31386;contains
o2227;i31387;contains
o2227;i31388;contains
o2227;i31389;contains
o2227;i31390;contains
o2227;i31391;contains
o2227;i31392;contains
o2227;i31393;contains
o2227;i31394;contains
o2227;i31395;contains
o2227;i31396;contains
o2227;i31397;contains
o2227;i31398;contains
o2227;i31399;contains
o2227;i31400;contains
o2227;i31401;contains
o2227;i31402;contains
o2227;i31403;contains
o2227;i31404;contains
o2227;i31405;contains
o2227;i31406;contains
o2227;i31407;contains
o2227;i31408;contains
o2228;i31409;contains
o2228;i31410;contains
o2228;i31411;contains
o2228;i31412;contains
o2228;i31413;contains
o2228;i31414;contains
o2228;i31415;contains
o2228;i31416;contains
o2228;i31417;contains
o2228;i31418;contains
o2228;i31419;contains
o2228;i31420;contains
o2228;i31421;contains
o2228;i31422;contains
o2228;i31423;contains
o2228;i31424;contains
o2228;i31425;contains
o2228;i31426;contains
o2228;i31427;contains
o2228;i31428;contains
o2228;i31429;contains
o2228;i31430;contains
o2228;i31431;contains
o2228;i31432;contains
o2228;i31433;contains
o2228;i31434;contains
o2228;i31435;contains
o2228;i31436;contains
o2228;i31437;contains
o2228;i31438;contains
o2228;i31439;contains
o2229;i31440;contains
o2229;i31441;contains
o2229;i31442;contains
o2229;i31443;contains
o2229;i31444;contains
o2229;i31445;contains
o2229;i31446;contains
o2229;i31447;contains
o2229;i31448;contains
o2229;i31449;contains
o2229;i31450;contains
o2229;i31451;contains
o2229;i31452;contains
o2229;i31453;contains
o2229;i31454;contains
o2229;i31455;contains
o2229;i31456;contains
o2229;i31457;contains
o2229;i31458;contains
o2229;i31459;contains
o2230;i31460;contains
o2230;i31461;contains
o2230;i31462;contains
o2230;i31463;contains
o2230;i31464;contains
o2230;i31465;contains
o2230;i31466;contains
o2230;i31467;contains
o2230;i31468;contains
o2230;i31469;contains
o2230;i31470;contains
o2230;i31471;contains
o2230;i31472;contains
o2230;i31473;contains
o2230;i31474;contains
o2230;i31475;contains
o2230;i31476;contains
o2230;i31477;contains
o2230;i31478;contains
o2230;i31479;contains
o2230;i31480;contains
o2230;i31481;contains
o2231;i31482;contains
o2231;i31483;contains
o2231;i31484;contains
o2231;i31485;contains
o2231;i31486;contains
o2231;i31487;contains
o2231;i31488;contains
o2231;i31489;contains
o2231;i31490;contains
o2231;i31491;contains
o2231;i31492;contains
o2231;i31493;contains
o2231;i31494;contains
o2231;i31495;contains
o2231;i31496;contains
o2231;i31497;contains
o2231;i31498;contains
o2231;i31499;contains
o2231;i31500;contains
o2231;i31501;contains
o2231;i31502;contains
o2231;i31503;contains
o2231;i31504;contains
o2231;i31505;contains
o2231;i31506;contains
o2231;i31507;contains
o2231;i31508;contains
o2232;i31509;contains
o2232;i31510;contains
o2232;i31511;contains
o2232;i31512;contains
o2232;i31513;contains
o2232;i31514;contains
o2232;i31515;contains
o2232;i31516;contains
o2232;i31517;contains
o2232;i31518;contains
o2232;i31519;contains
o2232;i31520;contains
o2232;i31521;contains
o2232;i31522;contains
o2232;i31523;contains
o2232;i31524;contains
o2232;i31525;contains
o2232;i31526;contains
o2232;i31527;contains
o2232;i31528;contains
o2232;i31529;contains
o2232;i31530;contains
o2232;i31531;contains
o2232;i31532;contains
o2232;i31533;contains
o2232;i31534;contains
o2233;i31535;contains
o2233;i31536;contains
o2233;i31537;contains
o2233;i31538;contains
o2233;i31539;contains
o2233;i31540;contains
o2233;i31541;contains
o2233;i31542;contains
o2233;i31543;contains
o2233;i31544;contains
o2233;i31545;contains
o2233;i31546;contains
o2233;i31547;contains
o2233;i31548;contains
o2233;i31549;contains
o2233;i31550;contains
o2233;i31551;contains
o2233;i31552;contains
o2233;i31553;contains
o2233;i31554;contains
o2234;i31555;contains
o2234;i31556;contains
o2234;i31557;contains
o2234;i31558;contains
o2234;i31559;contains
o2234;i31560;contains
o2234;i31561;contains
o2234;i31562;contains
o2234;i31563;contains
o2234;i31564;contains
o2234;i31565;contains
o2234;i31566;contains
o2234;i31567;contains
o2234;i31568;contains
o2234;i31569;contains
o2234;i31570;contains
o2234;i31571;contains
o2234;i31572;contains
o2234;i31573;contains
o2234;i31574;contains
o2234;i31575;contains
o2234;i31576;contains
o2234;i31577;contains
o2234;i31578;contains
o2234;i31579;contains
o2234;i31580;contains
o2235;i31581;contains
o2235;i31582;contains
o2235;i31583;contains
o2235;i31584;contains
o2235;i31585;contains
o2235;i31586;contains
o2235;i31587;contains
o2235;i31588;contains
o2235;i31589;contains
o2235;i31590;contains
o2235;i31591;contains
o2235;i31592;contains
o2235;i31593;contains
o2235;i31594;contains
o2235;i31595;contains
o2235;i31596;contains
o2235;i31597;contains
o2235;i31598;contains
o2235;i31599;contains
o2235;i31600;contains
o2235;i31601;contains
o2235;i31602;contains
o2235;i31603;contains
o2235;i31604;contains
o2235;i31605;contains
o2235;i31606;contains
o2235;i31607;contains
o2235;i31608;contains
o2236;i31609;contains
o2236;i31610;contains
o2236;i31611;contains
o2236;i31612;contains
o2236;i31613;contains
o2236;i31614;contains
o2236;i31615;contains
o2236;i31616;contains
o2236;i31617;contains
o2236;i31618;contains
o2236;i31619;contains
o2236;i31620;contains
o2236;i31621;contains
o2236;i31622;contains
o2236;i31623;contains
o2236;i31624;contains
o2236;i31625;contains
o2236;i31626;contains
o2236;i31627;contains
o2236;i31628;contains
o2236;i31629;contains
o2236;i31630;contains
o2236;i31631;contains
o2237;i31632;contains
o2237;i31633;contains
o2237;i31634;contains
o2237;i31635;contains
o2237;i31636;contains
o2237;i31637;contains
o2237;i31638;contains
o2237;i31639;contains
o2237;i31640;contains
o2237;i31641;contains
o2237;i31642;contains
o2237;i31643;contains
o2237;i31644;contains
o2237;i31645;contains
o2237;i31646;contains
o2237;i31647;contains
o2237;i31648;contains
o2237;i31649;contains
o2237;i31650;contains
o2237;i31651;contains
o2237;i31652;contains
o2237;i31653;contains
o2237;i31654;contains
o2237;i31655;contains
o2237;i31656;contains
o2238;i31657;contains
o2238;i31658;contains
o2238;i31659;contains
o2238;i31660;contains
o2238;i31661;contains
o2238;i31662;contains
o2238;i31663;contains
o2238;i31664;contains
o2238;i31665;contains
o2238;i31666;contains
o2238;i31667;contains
o2238;i31668;contains
o2238;i31669;contains
o2238;i31670;contains
o2238;i31671;contains
o2238;i31672;contains
o2238;i31673;contains
o2238;i31674;contains
o2238;i31675;contains
o2238;i31676;contains
o2238;i31677;contains
o2238;i31678;contains
o2238;i31679;contains
o2238;i31680;contains
o2238;i31681;contains
o2238;i31682;contains
o2238;i31683;contains
o2239;i31684;contains
o2239;i31685;contains
o2239;i31686;contains
o2239;i31687;contains
o2239;i31688;contains
o2239;i31689;contains
o2239;i31690;contains
o2239;i31691;contains
o2239;i31692;contains
o2239;i31693;contains
o2239;i31694;contains
o2239;i31695;contains
o2239;i31696;contains
o2239;i31697;contains
o2239;i31698;contains
o2239;i31699;contains
o2239;i31700;contains
o2239;i31701;contains
o2239;i31702;contains
o2239;i31703;contains
o2239;i31704;contains
o2239;i31705;contains
o2239;i31706;contains
o2239;i31707;contains
o2239;i31708;contains
o2239;i31709;contains
o2240;i31710;contains
o2240;i31711;contains
o2240;i31712;contains
o2240;i31713;contains
o2240;i31714;contains
o2240;i31715;contains
o2240;i31716;contains
o2240;i31717;contains
o2240;i31718;contains
o2240;i31719;contains
o2240;i31720;contains
o2240;i31721;contains
o2240;i31722;contains
o2240;i31723;contains
o2240;i31724;contains
o2240;i31725;contains
o2240;i31726;contains
o2240;i31727;contains
o2240;i31728;contains
o2240;i31729;contains
o2240;i31730;contains
o2240;i31731;contains
o2240;i31732;contains
o2240;i31733;contains
o2240;i31734;contains
o2241;i31735;contains
o2241;i31736;contains
o2241;i31737;contains
o2241;i31738;contains
o2241;i31739;contains
o2241;i31740;contains
o2241;i31741;contains
o2241;i31742;contains
o2241;i31743;contains
o2241;i31744;contains
o2241;i31745;contains
o2241;i31746;contains
o2241;i31747;contains
o2241;i31748;contains
o2241;i31749;contains
o2241;i31750;contains
o2241;i31751;contains
o2241;i31752;contains
o2241;i31753;contains
o2241;i31754;contains
o2241;i31755;contains
o2241;i31756;contains
o2241;i31757;contains
o2241;i31758;contains
o2241;i31759;contains
o2241;i31760;contains
o2241;i31761;contains
o2241;i31762;contains
o2241;i31763;contains
o2241;i31764;contains
o2242;i31765;contains
o2242;i31766;contains
o2242;i31767;contains
o2242;i31768;contains
o2242;i31769;contains
o2242;i31770;contains
o2242;i31771;contains
o2242;i31772;contains
o2242;i31773;contains
o2242;i31774;contains
o2242;i31775;contains
o2242;i31776;contains
o2242;i31777;contains
o2242;i31778;contains
o2242;i31779;contains
o2242;i31780;contains
o2242;i31781;contains
o2242;i31782;contains
o2242;i31783;contains
o2242;i31784;contains
o2242;i31785;contains
o2242;i31786;contains
o2242;i31787;contains
o2243;i31788;contains
o2243;i31789;contains
o2243;i31790;contains
o2243;i31791;contains
o2243;i31792;contains
o2243;i31793;contains
o2243;i31794;contains
o2243;i31795;contains
o2243;i31796;contains
o2243;i31797;contains
o2243;i31798;contains
o2243;i31799;contains
o2243;i31800;contains
o2243;i31801;contains
o2243;i31802;contains
o2243;i31803;contains
o2243;i31804;contains
o2243;i31805;contains
o2243;i31806;contains
o2243;i31807;contains
o2243;i31808;contains
o2243;i31809;contains
o2243;i31810;contains
o2243;i31811;contains
o2243;i31812;contains
o2243;i31813;contains
o2243;i31814;contains
o2243;i31815;contains
o2243;i31816;contains
o2244;i31817;contains
o2244;i31818;contains
o2244;i31819;contains
o2244;i31820;contains
o2244;i31821;contains
o2244;i31822;contains
o2244;i31823;contains
o2244;i31824;contains
o2244;i31825;contains
o2244;i31826;contains
o2244;i31827;contains
o2244;i31828;contains
o2244;i31829;contains
o2244;i31830;contains
o2244;i31831;contains
o2244;i31832;contains
o2244;i31833;contains
o2244;i31834;contains
o2244;i31835;contains
o2244;i31836;contains
o2245;i31837;contains
o2245;i31838;contains
o2245;i31839;contains
o2245;i31840;contains
o2245;i31841;contains
o2245;i31842;contains
o2245;i31843;contains
o2245;i31844;contains
o2245;i31845;contains
o2245;i31846;contains
o2245;i31847;contains
o2245;i31848;contains
o2245;i31849;contains
o2245;i31850;contains
o2245;i31851;contains
o2245;i31852;contains
o2245;i31853;contains
o2245;i31854;contains
o2245;i31855;contains
o2245;i31856;contains
o2245;i31857;contains
o2245;i31858;contains
o2245;i31859;contains
o2245;i31860;contains
o2246;i31861;contains
o2246;i31862;contains
o2246;i31863;contains
o2246;i31864;contains
o2246;i31865;contains
o2246;i31866;contains
o2246;i31867;contains
o2246;i31868;contains
o2246;i31869;contains
o2246;i31870;contains
o2246;i31871;contains
o2246;i31872;contains
o2246;i31873;contains
o2246;i31874;contains
o2246;i31875;contains
o2246;i31876;contains
o2246;i31877;contains
o2246;i31878;contains
o2246;i31879;contains
o2246;i31880;contains
o2247;i31881;contains
o2247;i31882;contains
o2247;i31883;contains
o2247;i31884;contains
o2247;i31885;contains
o2247;i31886;contains
o2247;i31887;contains
o2247;i31888;contains
o2247;i31889;contains
o2247;i31890;contains
o2247;i31891;contains
o2247;i31892;contains
o2247;i31893;contains
o2247;i31894;contains
o2247;i31895;contains
o2247;i31896;contains
o2247;i31897;contains
o2247;i31898;contains
o2247;i31899;contains
o2247;i31900;contains
o2247;i31901;contains
o2248;i31902;contains
o2248;i31903;contains
o2248;i31904;contains
o2248;i31905;contains
o2248;i31906;contains
o2248;i31907;contains
o2248;i31908;contains
o2248;i31909;contains
o2248;i31910;contains
o2248;i31911;contains
o2248;i31912;contains
o2248;i31913;contains
o2248;i31914;contains
o2248;i31915;contains
o2248;i31916;contains
o2248;i31917;contains
o2248;i31918;contains
o2248;i31919;contains
o2248;i31920;contains
o2248;i31921;contains
o2248;i31922;contains
o2248;i31923;contains
o2248;i31924;contains
o2248;i31925;contains
o2248;i31926;contains
o2248;i31927;contains
o2248;i31928;contains
o2248;i31929;contains
o2248;i31930;contains
o2248;i31931;contains
o2249;i31932;contains
o2249;i31933;contains
o2249;i31934;contains
o2249;i31935;contains
o2249;i31936;contains
o2249;i31937;contains
o2249;i31938;contains
o2249;i31939;contains
o2249;i31940;contains
o2249;i31941;contains
o2249;i31942;contains
o2249;i31943;contains
o2249;i31944;contains
o2249;i31945;contains
o2249;i31946;contains
o2249;i31947;contains
o2249;i31948;contains
o2249;i31949;contains
o2249;i31950;contains
o2249;i31951;contains
o2249;i31952;contains
o2249;i31953;contains
o2249;i31954;contains
o2249;i31955;contains
o2249;i31956;contains
o2249;i31957;contains
o2249;i31958;contains
o2249;i31959;contains
o2249;i31960;contains
o2249;i31961;contains
o2249;i31962;contains
o2249;i31963;contains
o2249;i31964;contains
o2249;i31965;contains
o2250;i31966;contains
o2250;i31967;contains
o2250;i31968;contains
o2250;i31969;contains
o2250;i31970;contains
o2250;i31971;contains
o2250;i31972;contains
o2250;i31973;contains
o2250;i31974;contains
o2250;i31975;contains
o2250;i31976;contains
o2250;i31977;contains
o2250;i31978;contains
o2250;i31979;contains
o2250;i31980;contains
o2250;i31981;contains
o2250;i31982;contains
o2250;i31983;contains
o2250;i31984;contains
o2250;i31985;contains
o2250;i31986;contains
o2250;i31987;contains
o2250;i31988;contains
o2250;i31989;contains
o2250;i31990;contains
o2250;i31991;contains
o2251;i31992;contains
o2251;i31993;contains
o2251;i31994;contains
o2251;i31995;contains
o2251;i31996;contains
o2251;i31997;contains
o2251;i31998;contains
o2251;i31999;contains
o2251;i32000;contains
o2251;i32001;contains
o2251;i32002;contains
o2251;i32003;contains
o2251;i32004;contains
o2251;i32005;contains
o2251;i32006;contains
o2251;i32007;contains
o2251;i32008;contains
o2251;i32009;contains
o2251;i32010;contains
o2251;i32011;contains
o2251;i32012;contains
o2251;i32013;contains
o2251;i32014;contains
o2251;i32015;contains
o2251;i32016;contains
o2251;i32017;contains
o2251;i32018;contains
o2251;i32019;contains
o2251;i32020;contains
o2251;i32021;contains
o2251;i32022;contains
o2251;i32023;contains
o2252;i32024;contains
o2252;i32025;contains
o2252;i32026;contains
o2252;i32027;contains
o2252;i32028;contains
o2252;i32029;contains
o2252;i32030;contains
o2252;i32031;contains
o2252;i32032;contains
o2252;i32033;contains
o2252;i32034;contains
o2252;i32035;contains
o2252;i32036;contains
o2252;i32037;contains
o2252;i32038;contains
o2252;i32039;contains
o2252;i32040;contains
o2252;i32041;contains
o2252;i32042;contains
o2252;i32043;contains
o2252;i32044;contains
o2252;i32045;contains
o2252;i32046;contains
o2252;i32047;contains
o2252;i32048;contains
o2252;i32049;contains
o2252;i32050;contains
o2252;i32051;contains
o2253;i32052;contains
o2253;i32053;contains
o2253;i32054;contains
o2253;i32055;contains
o2253;i32056;contains
o2253;i32057;contains
o2253;i32058;contains
o2253;i32059;contains
o2253;i32060;contains
o2253;i32061;contains
o2253;i32062;contains
o2253;i32063;contains
o2253;i32064;contains
o2253;i32065;contains
o2253;i32066;contains
o2253;i32067;contains
o2253;i32068;contains
o2253;i32069;contains
o2253;i32070;contains
o2254;i32071;contains
o2254;i32072;contains
o2254;i32073;contains
o2254;i32074;contains
o2254;i32075;contains
o2254;i32076;contains
o2254;i32077;contains
o2254;i32078;contains
o2254;i32079;contains
o2254;i32080;contains
o2254;i32081;contains
o2254;i32082;contains
o2254;i32083;contains
o2254;i32084;contains
o2254;i32085;contains
o2254;i32086;contains
o2254;i32087;contains
o2254;i32088;contains
o2254;i32089;contains
o2254;i32090;contains
o2254;i32091;contains
o2254;i32092;contains
o2254;i32093;contains
o2254;i32094;contains
o2254;i32095;contains
o2254;i32096;contains
o2254;i32097;contains
o2254;i32098;contains
o2254;i32099;contains
o2255;i32100;contains
o2255;i32101;contains
o2255;i32102;contains
o2255;i32103;contains
o2255;i32104;contains
o2255;i32105;contains
o2255;i32106;contains
o2255;i32107;contains
o2255;i32108;contains
o2255;i32109;contains
o2255;i32110;contains
o2255;i32111;contains
o2255;i32112;contains
o2255;i32113;contains
o2255;i32114;contains
o2255;i32115;contains
o2256;i32116;contains
o2256;i32117;contains
o2256;i32118;contains
o2256;i32119;contains
o2256;i32120;contains
o2256;i32121;contains
o2256;i32122;contains
o2256;i32123;contains
o2256;i32124;contains
o2256;i32125;contains
o2256;i32126;contains
o2256;i32127;contains
o2256;i32128;contains
o2256;i32129;contains
o2256;i32130;contains
o2256;i32131;contains
o2256;i32132;contains
o2256;i32133;contains
o2256;i32134;contains
o2256;i32135;contains
o2256;i32136;contains
o2256;i32137;contains
o2256;i32138;contains
o2256;i32139;contains
o2256;i32140;contains
o2256;i32141;contains
o2256;i32142;contains
o2256;i32143;contains
o2256;i32144;contains
o2256;i32145;contains
o2256;i32146;contains
o2257;i32147;contains
o2257;i32148;contains
o2257;i32149;contains
o2257;i32150;contains
o2257;i32151;contains
o2257;i32152;contains
o2257;i32153;contains
o2257;i32154;contains
o2257;i32155;contains
o2257;i32156;contains
o2257;i32157;contains
o2257;i32158;contains
o2257;i32159;contains
o2257;i32160;contains
o2257;i32161;contains
o2257;i32162;contains
o2257;i32163;contains
o2257;i32164;contains
o2257;i32165;contains
o2257;i32166;contains
o2257;i32167;contains
o2257;i32168;contains
o2258;i32169;contains
o2258;i32170;contains
o2258;i32171;contains
o2258;i32172;contains
o2258;i32173;contains
o2258;i32174;contains
o2258;i32175;contains
o2258;i32176;contains
o2258;i32177;contains
o2258;i32178;contains
o2258;i32179;contains
o2258;i32180;contains
o2258;i32181;contains
o2258;i32182;contains
o2258;i32183;contains
o2258;i32184;contains
o2258;i32185;contains
o2258;i32186;contains
o2259;i32187;contains
o2259;i32188;contains
o2259;i32189;contains
o2259;i32190;contains
o2259;i32191;contains
o2259;i32192;contains
o2259;i32193;contains
o2259;i32194;contains
o2259;i32195;contains
o2259;i32196;contains
o2259;i32197;contains
o2259;i32198;contains
o2259;i32199;contains
o2259;i32200;contains
o2259;i32201;contains
o2259;i32202;contains
o2259;i32203;contains
o2259;i32204;contains
o2259;i32205;contains
o2259;i32206;contains
o2259;i32207;contains
o2259;i32208;contains
o2259;i32209;contains
o2259;i32210;contains
o2259;i32211;contains
o2259;i32212;contains
o2259;i32213;contains
o2260;i32214;contains
o2260;i32215;contains
o2260;i32216;contains
o2260;i32217;contains
o2260;i32218;contains
o2260;i32219;contains
o2260;i32220;contains
o2260;i32221;contains
o2260;i32222;contains
o2260;i32223;contains
o2260;i32224;contains
o2260;i32225;contains
o2260;i32226;contains
o2260;i32227;contains
o2260;i32228;contains
o2260;i32229;contains
o2260;i32230;contains
o2260;i32231;contains
o2260;i32232;contains
o2260;i32233;contains
o2260;i32234;contains
o2260;i32235;contains
o2260;i32236;contains
o2260;i32237;contains
o2261;i32238;contains
o2261;i32239;contains
o2261;i32240;contains
o2261;i32241;contains
o2261;i32242;contains
o2261;i32243;contains
o2261;i32244;contains
o2261;i32245;contains
o2261;i32246;contains
o2261;i32247;contains
o2261;i32248;contains
o2261;i32249;contains
o2261;i32250;contains
o2261;i32251;contains
o2261;i32252;contains
o2261;i32253;contains
o2261;i32254;contains
o2261;i32255;contains
o2262;i32256;contains
o2262;i32257;contains
o2262;i32258;contains
o2262;i32259;contains
o2262;i32260;contains
o2262;i32261;contains
o2262;i32262;contains
o2262;i32263;contains
o2262;i32264;contains
o2262;i32265;contains
o2262;i32266;contains
o2262;i32267;contains
o2262;i32268;contains
o2262;i32269;contains
o2262;i32270;contains
o2262;i32271;contains
o2262;i32272;contains
o2262;i32273;contains
o2262;i32274;contains
o2262;i32275;contains
o2263;i32276;contains
o2263;i32277;contains
o2263;i32278;contains
o2263;i32279;contains
o2263;i32280;contains
o2263;i32281;contains
o2263;i32282;contains
o2263;i32283;contains
o2263;i32284;contains
o2263;i32285;contains
o2263;i32286;contains
o2263;i32287;contains
o2263;i32288;contains
o2263;i32289;contains
o2263;i32290;contains
o2263;i32291;contains
o2263;i32292;contains
o2263;i32293;contains
o2263;i32294;contains
o2263;i32295;contains
o2263;i32296;contains
o2263;i32297;contains
o2263;i32298;contains
o2263;i32299;contains
o2263;i32300;contains
o2263;i32301;contains
o2263;i32302;contains
o2263;i32303;contains
o2263;i32304;contains
o2263;i32305;contains
o2264;i32306;contains
o2264;i32307;contains
o2264;i32308;contains
o2264;i32309;contains
o2264;i32310;contains
o2264;i32311;contains
o2264;i32312;contains
o2264;i32313;contains
o2264;i32314;contains
o2264;i32315;contains
o2264;i32316;contains
o2264;i32317;contains
o2264;i32318;contains
o2264;i32319;contains
o2264;i32320;contains
o2264;i32321;contains
o2264;i32322;contains
o2264;i32323;contains
o2264;i32324;contains
o2264;i32325;contains
o2264;i32326;contains
o2264;i32327;contains
o2264;i32328;contains
o2264;i32329;contains
o2264;i32330;contains
o2264;i32331;contains
o2264;i32332;contains
o2264;i32333;contains
o2264;i32334;contains
o2265;i32335;contains
o2265;i32336;contains
o2265;i32337;contains
o2265;i32338;contains
o2265;i32339;contains
o2265;i32340;contains
o2265;i32341;contains
o2265;i32342;contains
o2265;i32343;contains
o2265;i32344;contains
o2265;i32345;contains
o2265;i32346;contains
o2265;i32347;contains
o2265;i32348;contains
o2265;i32349;contains
o2265;i32350;contains
o2265;i32351;contains
o2265;i32352;contains
o2265;i32353;contains
o2265;i32354;contains
o2265;i32355;contains
o2265;i32356;contains
o2265;i32357;contains
o2265;i32358;contains
o2265;i32359;contains
o2265;i32360;contains
o2265;i32361;contains
o2265;i32362;contains
o2266;i32363;contains
o2266;i32364;contains
o2266;i32365;contains
o2266;i32366;contains
o2266;i32367;contains
o2266;i32368;contains
o2266;i32369;contains
o2266;i32370;contains
o2266;i32371;contains
o2266;i32372;contains
o2266;i32373;contains
o2266;i32374;contains
o2266;i32375;contains
o2266;i32376;contains
o2266;i32377;contains
o2266;i32378;contains
o2266;i32379;contains
o2266;i32380;contains
o2266;i32381;contains
o2266;i32382;contains
o2266;i32383;contains
o2266;i32384;contains
o2266;i32385;contains
o2266;i32386;contains
o2266;i32387;contains
o2266;i32388;contains
o2266;i32389;contains
o2266;i32390;contains
o2267;i32391;contains
o2267;i32392;contains
o2267;i32393;contains
o2267;i32394;contains
o2267;i32395;contains
o2267;i32396;contains
o2267;i32397;contains
o2267;i32398;contains
o2267;i32399;contains
o2267;i32400;contains
o2267;i32401;contains
o2267;i32402;contains
o2267;i32403;contains
o2267;i32404;contains
o2267;i32405;contains
o2267;i32406;contains
o2267;i32407;contains
o2267;i32408;contains
o2267;i32409;contains
o2267;i32410;contains
o2267;i32411;contains
o2267;i32412;contains
o2267;i32413;contains
o2267;i32414;contains
o2267;i32415;contains
o2267;i32416;contains
o2267;i32417;contains
o2267;i32418;contains
o2267;i32419;contains
o2268;i32420;contains
o2268;i32421;contains
o2268;i32422;contains
o2268;i32423;contains
o2268;i32424;contains
o2268;i32425;contains
o2268;i32426;contains
o2268;i32427;contains
o2268;i32428;contains
o2268;i32429;contains
o2268;i32430;contains
o2268;i32431;contains
o2268;i32432;contains
o2268;i32433;contains
o2268;i32434;contains
o2268;i32435;contains
o2268;i32436;contains
o2268;i32437;contains
o2268;i32438;contains
o2268;i32439;contains
o2268;i32440;contains
o2269;i32441;contains
o2269;i32442;contains
o2269;i32443;contains
o2269;i32444;contains
o2269;i32445;contains
o2269;i32446;contains
o2269;i32447;contains
o2269;i32448;contains
o2269;i32449;contains
o2269;i32450;contains
o2269;i32451;contains
o2269;i32452;contains
o2269;i32453;contains
o2269;i32454;contains
o2269;i32455;contains
o2269;i32456;contains
o2269;i32457;contains
o2269;i32458;contains
o2269;i32459;contains
o2269;i32460;contains
o2269;i32461;contains
o2269;i32462;contains
o2269;i32463;contains
o2269;i32464;contains
o2269;i32465;contains
o2269;i32466;contains
o2269;i32467;contains
o2270;i32468;contains
o2270;i32469;contains
o2270;i32470;contains
o2270;i32471;contains
o2270;i32472;contains
o2270;i32473;contains
o2270;i32474;contains
o2270;i32475;contains
o2270;i32476;contains
o2270;i32477;contains
o2270;i32478;contains
o2270;i32479;contains
o2270;i32480;contains
o2270;i32481;contains
o2270;i32482;contains
o2270;i32483;contains
o2270;i32484;contains
o2270;i32485;contains
o2270;i32486;contains
o2270;i32487;contains
o2270;i32488;contains
o2270;i32489;contains
o2270;i32490;contains
o2270;i32491;contains
o2270;i32492;contains
o2270;i32493;contains
o2270;i32494;contains
o2270;i32495;contains
o2270;i32496;contains
o2270;i32497;contains
o2270;i32498;contains
o2270;i32499;contains
o2271;i32500;contains
o2271;i32501;contains
o2271;i32502;contains
o2271;i32503;contains
o2271;i32504;contains
o2271;i32505;contains
o2271;i32506;contains
o2271;i32507;contains
o2271;i32508;contains
o2271;i32509;contains
o2271;i32510;contains
o2271;i32511;contains
o2271;i32512;contains
o2271;i32513;contains
o2271;i32514;contains
o2271;i32515;contains
o2271;i32516;contains
o2271;i32517;contains
o2271;i32518;contains
o2271;i32519;contains
o2271;i32520;contains
o2271;i32521;contains
o2271;i32522;contains
o2271;i32523;contains
o2271;i32524;contains
o2271;i32525;contains
o2271;i32526;contains
o2271;i32527;contains
o2271;i32528;contains
o2271;i32529;contains
o2271;i32530;contains
o2271;i32531;contains
o2271;i32532;contains
o2271;i32533;contains
o2272;i32534;contains
o2272;i32535;contains
o2272;i32536;contains
o2272;i32537;contains
o2272;i32538;contains
o2272;i32539;contains
o2272;i32540;contains
o2272;i32541;contains
o2272;i32542;contains
o2272;i32543;contains
o2272;i32544;contains
o2272;i32545;contains
o2272;i32546;contains
o2272;i32547;contains
o2272;i32548;contains
o2272;i32549;contains
o2272;i32550;contains
o2272;i32551;contains
o2272;i32552;contains
o2272;i32553;contains
o2272;i32554;contains
o2272;i32555;contains
o2272;i32556;contains
o2272;i32557;contains
o2272;i32558;contains
o2272;i32559;contains
o2272;i32560;contains
o2272;i32561;contains
o2272;i32562;contains
o2272;i32563;contains
o2272;i32564;contains
o2272;i32565;contains
o2272;i32566;contains
o2272;i32567;contains
o2272;i32568;contains
o2272;i32569;contains
o2272;i32570;contains
o2273;i32571;contains
o2273;i32572;contains
o2273;i32573;contains
o2273;i32574;contains
o2273;i32575;contains
o2273;i32576;contains
o2273;i32577;contains
o2273;i32578;contains
o2273;i32579;contains
o2273;i32580;contains
o2273;i32581;contains
o2273;i32582;contains
o2273;i32583;contains
o2273;i32584;contains
o2273;i32585;contains
o2273;i32586;contains
o2273;i32587;contains
o2273;i32588;contains
o2273;i32589;contains
o2273;i32590;contains
o2273;i32591;contains
o2273;i32592;contains
o2273;i32593;contains
o2273;i32594;contains
o2273;i32595;contains
o2273;i32596;contains
o2273;i32597;contains
o2273;i32598;contains
o2274;i32599;contains
o2274;i32600;contains
o2274;i32601;contains
o2274;i32602;contains
o2274;i32603;contains
o2274;i32604;contains
o2274;i32605;contains
o2274;i32606;contains
o2274;i32607;contains
o2274;i32608;contains
o2274;i32609;contains
o2274;i32610;contains
o2274;i32611;contains
o2274;i32612;contains
o2274;i32613;contains
o2274;i32614;contains
o2274;i32615;contains
o2274;i32616;contains
o2274;i32617;contains
o2274;i32618;contains
o2274;i32619;contains
o2275;i32620;contains
o2275;i32621;contains
o2275;i32622;contains
o2275;i32623;contains
o2275;i32624;contains
o2275;i32625;contains
o2275;i32626;contains
o2275;i32627;contains
o2275;i32628;contains
o2275;i32629;contains
o2275;i32630;contains
o2275;i32631;contains
o2275;i32632;contains
o2275;i32633;contains
o2275;i32634;contains
o2275;i32635;contains
o2275;i32636;contains
o2275;i32637;contains
o2275;i32638;contains
o2275;i32639;contains
o2275;i32640;contains
o2275;i32641;contains
o2276;i32642;contains
o2276;i32643;contains
o2276;i32644;contains
o2276;i32645;contains
o2276;i32646;contains
o2276;i32647;contains
o2276;i32648;contains
o2276;i32649;contains
o2276;i32650;contains
o2276;i32651;contains
o2276;i32652;contains
o2276;i32653;contains
o2276;i32654;contains
o2276;i32655;contains
o2276;i32656;contains
o2276;i32657;contains
o2276;i32658;contains
o2276;i32659;contains
o2276;i32660;contains
o2276;i32661;contains
o2276;i32662;contains
o2276;i32663;contains
o2276;i32664;contains
o2277;i32665;contains
o2277;i32666;contains
o2277;i32667;contains
o2277;i32668;contains
o2277;i32669;contains
o2277;i32670;contains
o2277;i32671;contains
o2277;i32672;contains
o2277;i32673;contains
o2277;i32674;contains
o2277;i32675;contains
o2277;i32676;contains
o2277;i32677;contains
o2277;i32678;contains
o2277;i32679;contains
o2277;i32680;contains
o2277;i32681;contains
o2277;i32682;contains
o2277;i32683;contains
o2277;i32684;contains
o2277;i32685;contains
o2277;i32686;contains
o2277;i32687;contains
o2277;i32688;contains
o2277;i32689;contains
o2277;i32690;contains
o2277;i32691;contains
o2277;i32692;contains
o2277;i32693;contains
o2277;i32694;contains
o2278;i32695;contains
o2278;i32696;contains
o2278;i32697;contains
o2278;i32698;contains
o2278;i32699;contains
o2278;i32700;contains
o2278;i32701;contains
o2278;i32702;contains
o2278;i32703;contains
o2278;i32704;contains
o2278;i32705;contains
o2278;i32706;contains
o2278;i32707;contains
o2278;i32708;contains
o2278;i32709;contains
o2278;i32710;contains
o2278;i32711;contains
o2278;i32712;contains
o2278;i32713;contains
o2279;i32714;contains
o2279;i32715;contains
o2279;i32716;contains
o2279;i32717;contains
o2279;i32718;contains
o2279;i32719;contains
o2279;i32720;contains
o2279;i32721;contains
o2279;i32722;contains
o2279;i32723;contains
o2279;i32724;contains
o2279;i32725;contains
o2279;i32726;contains
o2279;i32727;contains
o2279;i32728;contains
o2279;i32729;contains
o2279;i32730;contains
o2279;i32731;contains
o2279;i32732;contains
o2279;i32733;contains
o2279;i32734;contains
o2279;i32735;contains
o2279;i32736;contains
o2279;i32737;contains
o2280;i32738;contains
o2280;i32739;contains
o2280;i32740;contains
o2280;i32741;contains
o2280;i32742;contains
o2280;i32743;contains
o2280;i32744;contains
o2280;i32745;contains
o2280;i32746;contains
o2280;i32747;contains
o2280;i32748;contains
o2280;i32749;contains
o2280;i32750;contains
o2280;i32751;contains
o2280;i32752;contains
o2280;i32753;contains
o2280;i32754;contains
o2280;i32755;contains
o2280;i32756;contains
o2280;i32757;contains
o2280;i32758;contains
o2280;i32759;contains
o2280;i32760;contains
o2280;i32761;contains
o2280;i32762;contains
o2280;i32763;contains
o2280;i32764;contains
o2280;i32765;contains
o2280;i32766;contains
o2280;i32767;contains
o2280;i32768;contains
o2280;i32769;contains
o2280;i32770;contains
o2280;i32771;contains
o2280;i32772;contains
o2280;i32773;contains
o2281;i32774;contains
o2281;i32775;contains
o2281;i32776;contains
o2281;i32777;contains
o2281;i32778;contains
o2281;i32779;contains
o2281;i32780;contains
o2281;i32781;contains
o2281;i32782;contains
o2281;i32783;contains
o2281;i32784;contains
o2281;i32785;contains
o2281;i32786;contains
o2281;i32787;contains
o2281;i32788;contains
o2281;i32789;contains
o2281;i32790;contains
o2281;i32791;contains
o2281;i32792;contains
o2281;i32793;contains
o2281;i32794;contains
o2281;i32795;contains
o2281;i32796;contains
o2281;i32797;contains
o2281;i32798;contains
o2281;i32799;contains
o2281;i32800;contains
o2282;i32801;contains
o2282;i32802;contains
o2282;i32803;contains
o2282;i32804;contains
o2282;i32805;contains
o2282;i32806;contains
o2282;i32807;contains
o2282;i32808;contains
o2282;i32809;contains
o2282;i32810;contains
o2282;i32811;contains
o2282;i32812;contains
o2282;i32813;contains
o2282;i32814;contains
o2282;i32815;contains
o2282;i32816;contains
o2282;i32817;contains
o2282;i32818;contains
o2282;i32819;contains
o2282;i32820;contains
o2282;i32821;contains
o2282;i32822;contains
o2283;i32823;contains
o2283;i32824;contains
o2283;i32825;contains
o2283;i32826;contains
o2283;i32827;contains
o2283;i32828;contains
o2283;i32829;contains
o2283;i32830;contains
o2283;i32831;contains
o2283;i32832;contains
o2283;i32833;contains
o2283;i32834;contains
o2283;i32835;contains
o2283;i32836;contains
o2283;i32837;contains
o2283;i32838;contains
o2283;i32839;contains
o2283;i32840;contains
o2283;i32841;contains
o2283;i32842;contains
o2283;i32843;contains
o2284;i32844;contains
o2284;i32845;contains
o2284;i32846;contains
o2284;i32847;contains
o2284;i32848;contains
o2284;i32849;contains
o2284;i32850;contains
o2284;i32851;contains
o2284;i32852;contains
o2284;i32853;contains
o2284;i32854;contains
o2284;i32855;contains
o2284;i32856;contains
o2284;i32857;contains
o2284;i32858;contains
o2284;i32859;contains
o2284;i32860;contains
o2284;i32861;contains
o2284;i32862;contains
o2284;i32863;contains
o2284;i32864;contains
o2284;i32865;contains
o2284;i32866;contains
o2284;i32867;contains
o2284;i32868;contains
o2284;i32869;contains
o2285;i32870;contains
o2285;i32871;contains
o2285;i32872;contains
o2285;i32873;contains
o2285;i32874;contains
o2285;i32875;contains
o2285;i32876;contains
o2285;i32877;contains
o2285;i32878;contains
o2285;i32879;contains
o2285;i32880;contains
o2285;i32881;contains
o2285;i32882;contains
o2285;i32883;contains
o2285;i32884;contains
o2285;i32885;contains
o2285;i32886;contains
o2285;i32887;contains
o2285;i32888;contains
o2285;i32889;contains
o2285;i32890;contains
o2285;i32891;contains
o2285;i32892;contains
o2285;i32893;contains
o2285;i32894;contains
o2285;i32895;contains
o2286;i32896;contains
o2286;i32897;contains
o2286;i32898;contains
o2286;i32899;contains
o2286;i32900;contains
o2286;i32901;contains
o2286;i32902;contains
o2286;i32903;contains
o2286;i32904;contains
o2286;i32905;contains
o2286;i32906;contains
o2286;i32907;contains
o2286;i32908;contains
o2286;i32909;contains
o2286;i32910;contains
o2286;i32911;contains
o2286;i32912;contains
o2286;i32913;contains
o2286;i32914;contains
o2286;i32915;contains
o2286;i32916;contains
o2286;i32917;contains
o2286;i32918;contains
o2286;i32919;contains
o2286;i32920;contains
o2286;i32921;contains
o2286;i32922;contains
o2286;i32923;contains
o2286;i32924;contains
o2287;i32925;contains
o2287;i32926;contains
o2287;i32927;contains
o2287;i32928;contains
o2287;i32929;contains
o2287;i32930;contains
o2287;i32931;contains
o2287;i32932;contains
o2287;i32933;contains
o2287;i32934;contains
o2287;i32935;contains
o2287;i32936;contains
o2287;i32937;contains
o2287;i32938;contains
o2287;i32939;contains
o2287;i32940;contains
o2287;i32941;contains
o2287;i32942;contains
o2287;i32943;contains
o2287;i32944;contains
o2287;i32945;contains
o2287;i32946;contains
o2288;i32947;contains
o2288;i32948;contains
o2288;i32949;contains
o2288;i32950;contains
o2288;i32951;contains
o2288;i32952;contains
o2288;i32953;contains
o2288;i32954;contains
o2288;i32955;contains
o2288;i32956;contains
o2288;i32957;contains
o2288;i32958;contains
o2288;i32959;contains
o2288;i32960;contains
o2288;i32961;contains
o2288;i32962;contains
o2288;i32963;contains
o2288;i32964;contains
o2288;i32965;contains
o2288;i32966;contains
o2289;i32967;contains
o2289;i32968;contains
o2289;i32969;contains
o2289;i32970;contains
o2289;i32971;contains
o2289;i32972;contains
o2289;i32973;contains
o2289;i32974;contains
o2289;i32975;contains
o2289;i32976;contains
o2289;i32977;contains
o2289;i32978;contains
o2289;i32979;contains
o2289;i32980;contains
o2289;i32981;contains
o2289;i32982;contains
o2289;i32983;contains
o2289;i32984;contains
o2289;i32985;contains
o2289;i32986;contains
o2289;i32987;contains
o2289;i32988;contains
o2289;i32989;contains
o2289;i32990;contains
o2289;i32991;contains
o2289;i32992;contains
o2289;i32993;contains
o2290;i32994;contains
o2290;i32995;contains
o2290;i32996;contains
o2290;i32997;contains
o2290;i32998;contains
o2290;i32999;contains
o2290;i33000;contains
o2290;i33001;contains
o2290;i33002;contains
o2290;i33003;contains
o2290;i33004;contains
o2290;i33005;contains
o2290;i33006;contains
o2290;i33007;contains
o2290;i33008;contains
o2290;i33009;contains
o2290;i33010;contains
o2290;i33011;contains
o2290;i33012;contains
o2290;i33013;contains
o2290;i33014;contains
o2290;i33015;contains
o2290;i33016;contains
o2290;i33017;contains
o2290;i33018;contains
o2291;i33019;contains
o2291;i33020;contains
o2291;i33021;contains
o2291;i33022;contains
o2291;i33023;contains
o2291;i33024;contains
o2291;i33025;contains
o2291;i33026;contains
o2291;i33027;contains
o2291;i33028;contains
o2291;i33029;contains
o2291;i33030;contains
o2291;i33031;contains
o2291;i33032;contains
o2291;i33033;contains
o2291;i33034;contains
o2291;i33035;contains
o2291;i33036;contains
o2291;i33037;contains
o2291;i33038;contains
o2291;i33039;contains
o2291;i33040;contains
o2291;i33041;contains
o2292;i33042;contains
o2292;i33043;contains
o2292;i33044;contains
o2292;i33045;contains
o2292;i33046;contains
o2292;i33047;contains
o2292;i33048;contains
o2292;i33049;contains
o2292;i33050;contains
o2292;i33051;contains
o2292;i33052;contains
o2292;i33053;contains
o2292;i33054;contains
o2292;i33055;contains
o2292;i33056;contains
o2292;i33057;contains
o2292;i33058;contains
o2292;i33059;contains
o2292;i33060;contains
o2292;i33061;contains
o2292;i33062;contains
o2292;i33063;contains
o2292;i33064;contains
o2292;i33065;contains
o2292;i33066;contains
o2293;i33067;contains
o2293;i33068;contains
o2293;i33069;contains
o2293;i33070;contains
o2293;i33071;contains
o2293;i33072;contains
o2293;i33073;contains
o2293;i33074;contains
o2293;i33075;contains
o2293;i33076;contains
o2293;i33077;contains
o2293;i33078;contains
o2293;i33079;contains
o2293;i33080;contains
o2293;i33081;contains
o2293;i33082;contains
o2293;i33083;contains
o2293;i33084;contains
o2293;i33085;contains
o2293;i33086;contains
o2293;i33087;contains
o2293;i33088;contains
o2293;i33089;contains
o2293;i33090;contains
o2293;i33091;contains
o2293;i33092;contains
o2293;i33093;contains
o2293;i33094;contains
o2294;i33095;contains
o2294;i33096;contains
o2294;i33097;contains
o2294;i33098;contains
o2294;i33099;contains
o2294;i33100;contains
o2294;i33101;contains
o2294;i33102;contains
o2294;i33103;contains
o2294;i33104;contains
o2294;i33105;contains
o2294;i33106;contains
o2294;i33107;contains
o2294;i33108;contains
o2294;i33109;contains
o2294;i33110;contains
o2294;i33111;contains
o2294;i33112;contains
o2294;i33113;contains
o2294;i33114;contains
o2294;i33115;contains
o2294;i33116;contains
o2294;i33117;contains
o2294;i33118;contains
o2294;i33119;contains
o2294;i33120;contains
o2294;i33121;contains
o2294;i33122;contains
o2294;i33123;contains
o2294;i33124;contains
o2295;i33125;contains
o2295;i33126;contains
o2295;i33127;contains
o2295;i33128;contains
o2295;i33129;contains
o2295;i33130;contains
o2295;i33131;contains
o2295;i33132;contains
o2295;i33133;contains
o2295;i33134;contains
o2295;i33135;contains
o2295;i33136;contains
o2295;i33137;contains
o2295;i33138;contains
o2295;i33139;contains
o2295;i33140;contains
o2295;i33141;contains
o2295;i33142;contains
o2295;i33143;contains
o2295;i33144;contains
o2295;i33145;contains
o2295;i33146;contains
o2295;i33147;contains
o2295;i33148;contains
o2295;i33149;contains
o2295;i33150;contains
o2295;i33151;contains
o2295;i33152;contains
o2296;i33153;contains
o2296;i33154;contains
o2296;i33155;contains
o2296;i33156;contains
o2296;i33157;contains
o2296;i33158;contains
o2296;i33159;contains
o2296;i33160;contains
o2296;i33161;contains
o2296;i33162;contains
o2296;i33163;contains
o2296;i33164;contains
o2296;i33165;contains
o2296;i33166;contains
o2296;i33167;contains
o2296;i33168;contains
o2296;i33169;contains
o2296;i33170;contains
o2296;i33171;contains
o2297;i33172;contains
o2297;i33173;contains
o2297;i33174;contains
o2297;i33175;contains
o2297;i33176;contains
o2297;i33177;contains
o2297;i33178;contains
o2297;i33179;contains
o2297;i33180;contains
o2297;i33181;contains
o2297;i33182;contains
o2297;i33183;contains
o2297;i33184;contains
o2297;i33185;contains
o2297;i33186;contains
o2297;i33187;contains
o2297;i33188;contains
o2297;i33189;contains
o2297;i33190;contains
o2297;i33191;contains
o2297;i33192;contains
o2297;i33193;contains
o2297;i33194;contains
o2297;i33195;contains
o2297;i33196;contains
o2297;i33197;contains
o2297;i33198;contains
o2298;i33199;contains
o2298;i33200;contains
o2298;i33201;contains
o2298;i33202;contains
o2298;i33203;contains
o2298;i33204;contains
o2298;i33205;contains
o2298;i33206;contains
o2298;i33207;contains
o2298;i33208;contains
o2298;i33209;contains
o2298;i33210;contains
o2298;i33211;contains
o2298;i33212;contains
o2298;i33213;contains
o2298;i33214;contains
o2298;i33215;contains
o2298;i33216;contains
o2298;i33217;contains
o2299;i33218;contains
o2299;i33219;contains
o2299;i33220;contains
o2299;i33221;contains
o2299;i33222;contains
o2299;i33223;contains
o2299;i33224;contains
o2299;i33225;contains
o2299;i33226;contains
o2299;i33227;contains
o2299;i33228;contains
o2299;i33229;contains
o2299;i33230;contains
o2299;i33231;contains
o2299;i33232;contains
o2299;i33233;contains
o2299;i33234;contains
o2299;i33235;contains
o2299;i33236;contains
o2299;i33237;contains
o2299;i33238;contains
o2299;i33239;contains
o2299;i33240;contains
o2299;i33241;contains
o2299;i33242;contains
o2299;i33243;contains
o2300;i33244;contains
o2300;i33245;contains
o2300;i33246;contains
o2300;i33247;contains
o2300;i33248;contains
o2300;i33249;contains
o2300;i33250;contains
o2300;i33251;contains
o2300;i33252;contains
o2300;i33253;contains
o2300;i33254;contains
o2300;i33255;contains
o2300;i33256;contains
o2300;i33257;contains
o2300;i33258;contains
o2300;i33259;contains
o2300;i33260;contains
o2300;i33261;contains
o2300;i33262;contains
o2300;i33263;contains
o2300;i33264;contains
o2300;i33265;contains
o2300;i33266;contains
o2300;i33267;contains
o2300;i33268;contains
o2300;i33269;contains
o2300;i33270;contains
o2300;i33271;contains
o2300;i33272;contains
o2300;i33273;contains
o2300;i33274;contains
o2300;i33275;contains
o2300;i33276;contains
o2301;i33277;contains
o2301;i33278;contains
o2301;i33279;contains
o2301;i33280;contains
o2301;i33281;contains
o2301;i33282;contains
o2301;i33283;contains
o2301;i33284;contains
o2301;i33285;contains
o2301;i33286;contains
o2301;i33287;contains
o2301;i33288;contains
o2301;i33289;contains
o2301;i33290;contains
o2301;i33291;contains
o2301;i33292;contains
o2301;i33293;contains
o2301;i33294;contains
o2301;i33295;contains
o2301;i33296;contains
o2301;i33297;contains
o2301;i33298;contains
o2301;i33299;contains
o2301;i33300;contains
o2301;i33301;contains
o2301;i33302;contains
o2301;i33303;contains
o2301;i33304;contains
o2301;i33305;contains
o2302;i33306;contains
o2302;i33307;contains
o2302;i33308;contains
o2302;i33309;contains
o2302;i33310;contains
o2302;i33311;contains
o2302;i33312;contains
o2302;i33313;contains
o2302;i33314;contains
o2302;i33315;contains
o2302;i33316;contains
o2302;i33317;contains
o2302;i33318;contains
o2302;i33319;contains
o2302;i33320;contains
o2302;i33321;contains
o2302;i33322;contains
o2302;i33323;contains
o2302;i33324;contains
o2302;i33325;contains
o2302;i33326;contains
o2302;i33327;contains
o2302;i33328;contains
o2302;i33329;contains
o2302;i33330;contains
o2302;i33331;contains
o2302;i33332;contains
o2302;i33333;contains
o2302;i33334;contains
o2303;i33335;contains
o2303;i33336;contains
o2303;i33337;contains
o2303;i33338;contains
o2303;i33339;contains
o2303;i33340;contains
o2303;i33341;contains
o2303;i33342;contains
o2303;i33343;contains
o2303;i33344;contains
o2303;i33345;contains
o2303;i33346;contains
o2303;i33347;contains
o2303;i33348;contains
o2303;i33349;contains
o2303;i33350;contains
o2303;i33351;contains
o2303;i33352;contains
o2303;i33353;contains
o2303;i33354;contains
o2303;i33355;contains
o2303;i33356;contains
o2303;i33357;contains
o2303;i33358;contains
o2303;i33359;contains
o2303;i33360;contains
o2303;i33361;contains
o2304;i33362;contains
o2304;i33363;contains
o2304;i33364;contains
o2304;i33365;contains
o2304;i33366;contains
o2304;i33367;contains
o2304;i33368;contains
o2304;i33369;contains
o2304;i33370;contains
o2304;i33371;contains
o2304;i33372;contains
o2304;i33373;contains
o2304;i33374;contains
o2304;i33375;contains
o2304;i33376;contains
o2304;i33377;contains
o2304;i33378;contains
o2304;i33379;contains
o2304;i33380;contains
o2304;i33381;contains
o2304;i33382;contains
o2304;i33383;contains
o2304;i33384;contains
o2304;i33385;contains
o2304;i33386;contains
o2305;i33387;contains
o2305;i33388;contains
o2305;i33389;contains
o2305;i33390;contains
o2305;i33391;contains
o2305;i33392;contains
o2305;i33393;contains
o2305;i33394;contains
o2305;i33395;contains
o2305;i33396;contains
o2305;i33397;contains
o2305;i33398;contains
o2305;i33399;contains
o2305;i33400;contains
o2305;i33401;contains
o2305;i33402;contains
o2305;i33403;contains
o2305;i33404;contains
o2305;i33405;contains
o2305;i33406;contains
o2305;i33407;contains
o2305;i33408;contains
o2305;i33409;contains
o2305;i33410;contains
o2305;i33411;contains
o2305;i33412;contains
o2305;i33413;contains
o2305;i33414;contains
o2306;i33415;contains
o2306;i33416;contains
o2306;i33417;contains
o2306;i33418;contains
o2306;i33419;contains
o2306;i33420;contains
o2306;i33421;contains
o2306;i33422;contains
o2306;i33423;contains
o2306;i33424;contains
o2306;i33425;contains
o2306;i33426;contains
o2306;i33427;contains
o2306;i33428;contains
o2306;i33429;contains
o2306;i33430;contains
o2306;i33431;contains
o2306;i33432;contains
o2306;i33433;contains
o2306;i33434;contains
o2306;i33435;contains
o2306;i33436;contains
o2306;i33437;contains
o2306;i33438;contains
o2306;i33439;contains
o2307;i33440;contains
o2307;i33441;contains
o2307;i33442;contains
o2307;i33443;contains
o2307;i33444;contains
o2307;i33445;contains
o2307;i33446;contains
o2307;i33447;contains
o2307;i33448;contains
o2307;i33449;contains
o2307;i33450;contains
o2307;i33451;contains
o2307;i33452;contains
o2307;i33453;contains
o2307;i33454;contains
o2307;i33455;contains
o2307;i33456;contains
o2307;i33457;contains
o2307;i33458;contains
o2307;i33459;contains
o2307;i33460;contains
o2307;i33461;contains
o2307;i33462;contains
o2307;i33463;contains
o2307;i33464;contains
o2307;i33465;contains
o2307;i33466;contains
o2308;i33467;contains
o2308;i33468;contains
o2308;i33469;contains
o2308;i33470;contains
o2308;i33471;contains
o2308;i33472;contains
o2308;i33473;contains
o2308;i33474;contains
o2308;i33475;contains
o2308;i33476;contains
o2308;i33477;contains
o2308;i33478;contains
o2308;i33479;contains
o2308;i33480;contains
o2308;i33481;contains
o2308;i33482;contains
o2308;i33483;contains
o2308;i33484;contains
o2308;i33485;contains
o2308;i33486;contains
o2308;i33487;contains
o2308;i33488;contains
o2308;i33489;contains
o2308;i33490;contains
o2308;i33491;contains
o2308;i33492;contains
o2308;i33493;contains
o2308;i33494;contains
o2308;i33495;contains
o2308;i33496;contains
o2309;i33497;contains
o2309;i33498;contains
o2309;i33499;contains
o2309;i33500;contains
o2309;i33501;contains
o2309;i33502;contains
o2309;i33503;contains
o2309;i33504;contains
o2309;i33505;contains
o2309;i33506;contains
o2309;i33507;contains
o2309;i33508;contains
o2309;i33509;contains
o2309;i33510;contains
o2309;i33511;contains
o2309;i33512;contains
o2309;i33513;contains
o2309;i33514;contains
o2309;i33515;contains
o2309;i33516;contains
o2309;i33517;contains
o2309;i33518;contains
o2309;i33519;contains
o2309;i33520;contains
o2309;i33521;contains
o2309;i33522;contains
o2310;i33523;contains
o2310;i33524;contains
o2310;i33525;contains
o2310;i33526;contains
o2310;i33527;contains
o2310;i33528;contains
o2310;i33529;contains
o2310;i33530;contains
o2310;i33531;contains
o2310;i33532;contains
o2310;i33533;contains
o2310;i33534;contains
o2310;i33535;contains
o2310;i33536;contains
o2310;i33537;contains
o2310;i33538;contains
o2310;i33539;contains
o2310;i33540;contains
o2310;i33541;contains
o2310;i33542;contains
o2310;i33543;contains
o2310;i33544;contains
o2310;i33545;contains
o2310;i33546;contains
o2310;i33547;contains
o2310;i33548;contains
o2310;i33549;contains
o2310;i33550;contains
o2311;i33551;contains
o2311;i33552;contains
o2311;i33553;contains
o2311;i33554;contains
o2311;i33555;contains
o2311;i33556;contains
o2311;i33557;contains
o2311;i33558;contains
o2311;i33559;contains
o2311;i33560;contains
o2311;i33561;contains
o2311;i33562;contains
o2311;i33563;contains
o2311;i33564;contains
o2311;i33565;contains
o2311;i33566;contains
o2311;i33567;contains
o2311;i33568;contains
o2311;i33569;contains
o2311;i33570;contains
o2311;i33571;contains
o2311;i33572;contains
o2311;i33573;contains
o2311;i33574;contains
o2311;i33575;contains
o2311;i33576;contains
o2311;i33577;contains
o2312;i33578;contains
o2312;i33579;contains
o2312;i33580;contains
o2312;i33581;contains
o2312;i33582;contains
o2312;i33583;contains
o2312;i33584;contains
o2312;i33585;contains
o2312;i33586;contains
o2312;i33587;contains
o2312;i33588;contains
o2312;i33589;contains
o2312;i33590;contains
o2312;i33591;contains
o2312;i33592;contains
o2312;i33593;contains
o2312;i33594;contains
o2312;i33595;contains
o2312;i33596;contains
o2312;i33597;contains
o2312;i33598;contains
o2312;i33599;contains
o2312;i33600;contains
o2312;i33601;contains
o2312;i33602;contains
o2312;i33603;contains
o2313;i33604;contains
o2313;i33605;contains
o2313;i33606;contains
o2313;i33607;contains
o2313;i33608;contains
o2313;i33609;contains
o2313;i33610;contains
o2313;i33611;contains
o2313;i33612;contains
o2313;i33613;contains
o2313;i33614;contains
o2313;i33615;contains
o2313;i33616;contains
o2313;i33617;contains
o2313;i33618;contains
o2313;i33619;contains
o2313;i33620;contains
o2313;i33621;contains
o2313;i33622;contains
o2313;i33623;contains
o2313;i33624;contains
o2313;i33625;contains
o2313;i33626;contains
o2313;i33627;contains
o2313;i33628;contains
o2313;i33629;contains
o2313;i33630;contains
o2313;i33631;contains
o2313;i33632;contains
o2313;i33633;contains
o2314;i33634;contains
o2314;i33635;contains
o2314;i33636;contains
o2314;i33637;contains
o2314;i33638;contains
o2314;i33639;contains
o2314;i33640;contains
o2314;i33641;contains
o2314;i33642;contains
o2314;i33643;contains
o2314;i33644;contains
o2314;i33645;contains
o2314;i33646;contains
o2314;i33647;contains
o2314;i33648;contains
o2314;i33649;contains
o2314;i33650;contains
o2314;i33651;contains
o2314;i33652;contains
o2314;i33653;contains
o2314;i33654;contains
o2314;i33655;contains
o2314;i33656;contains
o2314;i33657;contains
o2314;i33658;contains
o2314;i33659;contains
o2314;i33660;contains
o2314;i33661;contains
o2315;i33662;contains
o2315;i33663;contains
o2315;i33664;contains
o2315;i33665;contains
o2315;i33666;contains
o2315;i33667;contains
o2315;i33668;contains
o2315;i33669;contains
o2315;i33670;contains
o2315;i33671;contains
o2315;i33672;contains
o2315;i33673;contains
o2315;i33674;contains
o2315;i33675;contains
o2315;i33676;contains
o2315;i33677;contains
o2315;i33678;contains
o2315;i33679;contains
o2315;i33680;contains
o2315;i33681;contains
o2315;i33682;contains
o2315;i33683;contains
o2315;i33684;contains
o2315;i33685;contains
o2315;i33686;contains
o2315;i33687;contains
o2315;i33688;contains
o2315;i33689;contains
o2315;i33690;contains
o2315;i33691;contains
o2315;i33692;contains
o2316;i33693;contains
o2316;i33694;contains
o2316;i33695;contains
o2316;i33696;contains
o2316;i33697;contains
o2316;i33698;contains
o2316;i33699;contains
o2316;i33700;contains
o2316;i33701;contains
o2316;i33702;contains
o2316;i33703;contains
o2316;i33704;contains
o2316;i33705;contains
o2316;i33706;contains
o2316;i33707;contains
o2316;i33708;contains
o2316;i33709;contains
o2316;i33710;contains
o2316;i33711;contains
o2316;i33712;contains
o2316;i33713;contains
o2316;i33714;contains
o2316;i33715;contains
o2316;i33716;contains
o2316;i33717;contains
o2316;i33718;contains
o2316;i33719;contains
o2316;i33720;contains
o2316;i33721;contains
o2316;i33722;contains
o2316;i33723;contains
o2316;i33724;contains
o2316;i33725;contains
o2316;i33726;contains
o2316;i33727;contains
o2317;i33728;contains
o2317;i33729;contains
o2317;i33730;contains
o2317;i33731;contains
o2317;i33732;contains
o2317;i33733;contains
o2317;i33734;contains
o2317;i33735;contains
o2317;i33736;contains
o2317;i33737;contains
o2317;i33738;contains
o2317;i33739;contains
o2317;i33740;contains
o2317;i33741;contains
o2317;i33742;contains
o2317;i33743;contains
o2317;i33744;contains
o2317;i33745;contains
o2317;i33746;contains
o2317;i33747;contains
o2317;i33748;contains
o2317;i33749;contains
o2317;i33750;contains
o2317;i33751;contains
o2317;i33752;contains
o2317;i33753;contains
o2317;i33754;contains
o2317;i33755;contains
o2317;i33756;contains
o2317;i33757;contains
o2317;i33758;contains
o2317;i33759;contains
o2318;i33760;contains
o2318;i33761;contains
o2318;i33762;contains
o2318;i33763;contains
o2318;i33764;contains
o2318;i33765;contains
o2318;i33766;contains
o2318;i33767;contains
o2318;i33768;contains
o2318;i33769;contains
o2318;i33770;contains
o2318;i33771;contains
o2318;i33772;contains
o2318;i33773;contains
o2318;i33774;contains
o2318;i33775;contains
o2318;i33776;contains
o2318;i33777;contains
o2318;i33778;contains
o2318;i33779;contains
o2318;i33780;contains
o2318;i33781;contains
o2318;i33782;contains
o2318;i33783;contains
o2318;i33784;contains
o2319;i33785;contains
o2319;i33786;contains
o2319;i33787;contains
o2319;i33788;contains
o2319;i33789;contains
o2319;i33790;contains
o2319;i33791;contains
o2319;i33792;contains
o2319;i33793;contains
o2319;i33794;contains
o2319;i33795;contains
o2319;i33796;contains
o2319;i33797;contains
o2319;i33798;contains
o2319;i33799;contains
o2319;i33800;contains
o2319;i33801;contains
o2319;i33802;contains
o2319;i33803;contains
o2319;i33804;contains
o2319;i33805;contains
o2319;i33806;contains
o2319;i33807;contains
o2319;i33808;contains
o2319;i33809;contains
o2319;i33810;contains
o2319;i33811;contains
o2320;i33812;contains
o2320;i33813;contains
o2320;i33814;contains
o2320;i33815;contains
o2320;i33816;contains
o2320;i33817;contains
o2320;i33818;contains
o2320;i33819;contains
o2320;i33820;contains
o2320;i33821;contains
o2320;i33822;contains
o2320;i33823;contains
o2320;i33824;contains
o2320;i33825;contains
o2320;i33826;contains
o2320;i33827;contains
o2320;i33828;contains
o2320;i33829;contains
o2320;i33830;contains
o2320;i33831;contains
o2320;i33832;contains
o2320;i33833;contains
o2320;i33834;contains
o2320;i33835;contains
o2320;i33836;contains
o2320;i33837;contains
o2320;i33838;contains
o2320;i33839;contains
o2320;i33840;contains
o2320;i33841;contains
o2320;i33842;contains
o2320;i33843;contains
o2321;i33844;contains
o2321;i33845;contains
o2321;i33846;contains
o2321;i33847;contains
o2321;i33848;contains
o2321;i33849;contains
o2321;i33850;contains
o2321;i33851;contains
o2321;i33852;contains
o2321;i33853;contains
o2321;i33854;contains
o2321;i33855;contains
o2321;i33856;contains
o2321;i33857;contains
o2321;i33858;contains
o2321;i33859;contains
o2321;i33860;contains
o2321;i33861;contains
o2321;i33862;contains
o2321;i33863;contains
o2321;i33864;contains
o2321;i33865;contains
o2321;i33866;contains
o2321;i33867;contains
o2321;i33868;contains
o2321;i33869;contains
o2321;i33870;contains
o2321;i33871;contains
o2321;i33872;contains
o2321;i33873;contains
o2322;i33874;contains
o2322;i33875;contains
o2322;i33876;contains
o2322;i33877;contains
o2322;i33878;contains
o2322;i33879;contains
o2322;i33880;contains
o2322;i33881;contains
o2322;i33882;contains
o2322;i33883;contains
o2322;i33884;contains
o2322;i33885;contains
o2322;i33886;contains
o2322;i33887;contains
o2322;i33888;contains
o2322;i33889;contains
o2322;i33890;contains
o2322;i33891;contains
o2322;i33892;contains
o2322;i33893;contains
o2322;i33894;contains
o2322;i33895;contains
o2322;i33896;contains
o2322;i33897;contains
o2322;i33898;contains
o2322;i33899;contains
o2322;i33900;contains
o2322;i33901;contains
o2323;i33902;contains
o2323;i33903;contains
o2323;i33904;contains
o2323;i33905;contains
o2323;i33906;contains
o2323;i33907;contains
o2323;i33908;contains
o2323;i33909;contains
o2323;i33910;contains
o2323;i33911;contains
o2323;i33912;contains
o2323;i33913;contains
o2323;i33914;contains
o2323;i33915;contains
o2323;i33916;contains
o2323;i33917;contains
o2323;i33918;contains
o2323;i33919;contains
o2323;i33920;contains
o2323;i33921;contains
o2323;i33922;contains
o2323;i33923;contains
o2323;i33924;contains
o2323;i33925;contains
o2323;i33926;contains
o2323;i33927;contains
o2323;i33928;contains
o2323;i33929;contains
o2323;i33930;contains
o2323;i33931;contains
o2323;i33932;contains
o2323;i33933;contains
o2323;i33934;contains
o2323;i33935;contains
o2323;i33936;contains
o2324;i33937;contains
o2324;i33938;contains
o2324;i33939;contains
o2324;i33940;contains
o2324;i33941;contains
o2324;i33942;contains
o2324;i33943;contains
o2324;i33944;contains
o2324;i33945;contains
o2324;i33946;contains
o2324;i33947;contains
o2324;i33948;contains
o2324;i33949;contains
o2324;i33950;contains
o2324;i33951;contains
o2324;i33952;contains
o2324;i33953;contains
o2324;i33954;contains
o2324;i33955;contains
o2324;i33956;contains
o2324;i33957;contains
o2324;i33958;contains
o2324;i33959;contains
o2324;i33960;contains
o2324;i33961;contains
o2324;i33962;contains
o2324;i33963;contains
o2324;i33964;contains
o2324;i33965;contains
o2324;i33966;contains
o2324;i33967;contains
o2325;i33968;contains
o2325;i33969;contains
o2325;i33970;contains
o2325;i33971;contains
o2325;i33972;contains
o2325;i33973;contains
o2325;i33974;contains
o2325;i33975;contains
o2325;i33976;contains
o2325;i33977;contains
o2325;i33978;contains
o2325;i33979;contains
o2325;i33980;contains
o2325;i33981;contains
o2325;i33982;contains
o2325;i33983;contains
o2325;i33984;contains
o2325;i33985;contains
o2325;i33986;contains
o2325;i33987;contains
o2326;i33988;contains
o2326;i33989;contains
o2326;i33990;contains
o2326;i33991;contains
o2326;i33992;contains
o2326;i33993;contains
o2326;i33994;contains
o2326;i33995;contains
o2326;i33996;contains
o2326;i33997;contains
o2326;i33998;contains
o2326;i33999;contains
o2326;i34000;contains
o2326;i34001;contains
o2326;i34002;contains
o2326;i34003;contains
o2326;i34004;contains
o2326;i34005;contains
o2326;i34006;contains
o2326;i34007;contains
o2326;i34008;contains
o2326;i34009;contains
o2326;i34010;contains
o2326;i34011;contains
o2326;i34012;contains
o2326;i34013;contains
o2326;i34014;contains
o2326;i34015;contains
o2327;i34016;contains
o2327;i34017;contains
o2327;i34018;contains
o2327;i34019;contains
o2327;i34020;contains
o2327;i34021;contains
o2327;i34022;contains
o2327;i34023;contains
o2327;i34024;contains
o2327;i34025;contains
o2327;i34026;contains
o2327;i34027;contains
o2327;i34028;contains
o2327;i34029;contains
o2327;i34030;contains
o2327;i34031;contains
o2327;i34032;contains
o2327;i34033;contains
o2327;i34034;contains
o2327;i34035;contains
o2327;i34036;contains
o2327;i34037;contains
o2327;i34038;contains
o2327;i34039;contains
o2327;i34040;contains
o2327;i34041;contains
o2327;i34042;contains
o2328;i34043;contains
o2328;i34044;contains
o2328;i34045;contains
o2328;i34046;contains
o2328;i34047;contains
o2328;i34048;contains
o2328;i34049;contains
o2328;i34050;contains
o2328;i34051;contains
o2328;i34052;contains
o2328;i34053;contains
o2328;i34054;contains
o2328;i34055;contains
o2328;i34056;contains
o2328;i34057;contains
o2328;i34058;contains
o2328;i34059;contains
o2328;i34060;contains
o2328;i34061;contains
o2328;i34062;contains
o2328;i34063;contains
o2328;i34064;contains
o2328;i34065;contains
o2328;i34066;contains
o2328;i34067;contains
o2328;i34068;contains
o2328;i34069;contains
o2328;i34070;contains
o2328;i34071;contains
o2328;i34072;contains
o2328;i34073;contains
o2329;i34074;contains
o2329;i34075;contains
o2329;i34076;contains
o2329;i34077;contains
o2329;i34078;contains
o2329;i34079;contains
o2329;i34080;contains
o2329;i34081;contains
o2329;i34082;contains
o2329;i34083;contains
o2329;i34084;contains
o2329;i34085;contains
o2329;i34086;contains
o2329;i34087;contains
o2329;i34088;contains
o2329;i34089;contains
o2329;i34090;contains
o2329;i34091;contains
o2329;i34092;contains
o2329;i34093;contains
o2329;i34094;contains
o2329;i34095;contains
o2329;i34096;contains
o2329;i34097;contains
o2330;i34098;contains
o2330;i34099;contains
o2330;i34100;contains
o2330;i34101;contains
o2330;i34102;contains
o2330;i34103;contains
o2330;i34104;contains
o2330;i34105;contains
o2330;i34106;contains
o2330;i34107;contains
o2330;i34108;contains
o2330;i34109;contains
o2330;i34110;contains
o2330;i34111;contains
o2330;i34112;contains
o2330;i34113;contains
o2330;i34114;contains
o2330;i34115;contains
o2330;i34116;contains
o2330;i34117;contains
o2330;i34118;contains
o2330;i34119;contains
o2330;i34120;contains
o2331;i34121;contains
o2331;i34122;contains
o2331;i34123;contains
o2331;i34124;contains
o2331;i34125;contains
o2331;i34126;contains
o2331;i34127;contains
o2331;i34128;contains
o2331;i34129;contains
o2331;i34130;contains
o2331;i34131;contains
o2331;i34132;contains
o2331;i34133;contains
o2331;i34134;contains
o2331;i34135;contains
o2331;i34136;contains
o2331;i34137;contains
o2331;i34138;contains
o2331;i34139;contains
o2331;i34140;contains
o2331;i34141;contains
o2331;i34142;contains
o2331;i34143;contains
o2331;i34144;contains
o2331;i34145;contains
o2331;i34146;contains
o2331;i34147;contains
o2331;i34148;contains
o2331;i34149;contains
o2331;i34150;contains
o2331;i34151;contains
o2331;i34152;contains
o2331;i34153;contains
o2331;i34154;contains
o2331;i34155;contains
o2332;i34156;contains
o2332;i34157;contains
o2332;i34158;contains
o2332;i34159;contains
o2332;i34160;contains
o2332;i34161;contains
o2332;i34162;contains
o2332;i34163;contains
o2332;i34164;contains
o2332;i34165;contains
o2332;i34166;contains
o2332;i34167;contains
o2332;i34168;contains
o2332;i34169;contains
o2332;i34170;contains
o2332;i34171;contains
o2332;i34172;contains
o2332;i34173;contains
o2332;i34174;contains
o2332;i34175;contains
o2332;i34176;contains
o2332;i34177;contains
o2332;i34178;contains
o2332;i34179;contains
o2333;i34180;contains
o2333;i34181;contains
o2333;i34182;contains
o2333;i34183;contains
o2333;i34184;contains
o2333;i34185;contains
o2333;i34186;contains
o2333;i34187;contains
o2333;i34188;contains
o2333;i34189;contains
o2333;i34190;contains
o2333;i34191;contains
o2333;i34192;contains
o2333;i34193;contains
o2333;i34194;contains
o2333;i34195;contains
o2333;i34196;contains
o2333;i34197;contains
o2333;i34198;contains
o2333;i34199;contains
o2334;i34200;contains
o2334;i34201;contains
o2334;i34202;contains
o2334;i34203;contains
o2334;i34204;contains
o2334;i34205;contains
o2334;i34206;contains
o2334;i34207;contains
o2334;i34208;contains
o2334;i34209;contains
o2334;i34210;contains
o2334;i34211;contains
o2334;i34212;contains
o2334;i34213;contains
o2334;i34214;contains
o2334;i34215;contains
o2334;i34216;contains
o2334;i34217;contains
o2334;i34218;contains
o2334;i34219;contains
o2334;i34220;contains
o2334;i34221;contains
o2334;i34222;contains
o2334;i34223;contains
o2334;i34224;contains
o2334;i34225;contains
o2334;i34226;contains
o2334;i34227;contains
o2334;i34228;contains
o2334;i34229;contains
o2334;i34230;contains
o2334;i34231;contains
o2334;i34232;contains
o2335;i34233;contains
o2335;i34234;contains
o2335;i34235;contains
o2335;i34236;contains
o2335;i34237;contains
o2335;i34238;contains
o2335;i34239;contains
o2335;i34240;contains
o2335;i34241;contains
o2335;i34242;contains
o2335;i34243;contains
o2335;i34244;contains
o2335;i34245;contains
o2335;i34246;contains
o2335;i34247;contains
o2335;i34248;contains
o2335;i34249;contains
o2335;i34250;contains
o2335;i34251;contains
o2335;i34252;contains
o2335;i34253;contains
o2335;i34254;contains
o2335;i34255;contains
o2335;i34256;contains
o2335;i34257;contains
o2335;i34258;contains
o2335;i34259;contains
o2335;i34260;contains
o2335;i34261;contains
o2335;i34262;contains
o2335;i34263;contains
o2335;i34264;contains
o2336;i34265;contains
o2336;i34266;contains
o2336;i34267;contains
o2336;i34268;contains
o2336;i34269;contains
o2336;i34270;contains
o2336;i34271;contains
o2336;i34272;contains
o2336;i34273;contains
o2336;i34274;contains
o2336;i34275;contains
o2336;i34276;contains
o2336;i34277;contains
o2336;i34278;contains
o2336;i34279;contains
o2336;i34280;contains
o2336;i34281;contains
o2336;i34282;contains
o2336;i34283;contains
o2336;i34284;contains
o2336;i34285;contains
o2336;i34286;contains
o2336;i34287;contains
o2336;i34288;contains
o2336;i34289;contains
o2336;i34290;contains
o2336;i34291;contains
o2336;i34292;contains
o2336;i34293;contains
o2336;i34294;contains
o2336;i34295;contains
o2336;i34296;contains
o2336;i34297;contains
o2336;i34298;contains
o2336;i34299;contains
o2336;i34300;contains
o2337;i34301;contains
o2337;i34302;contains
o2337;i34303;contains
o2337;i34304;contains
o2337;i34305;contains
o2337;i34306;contains
o2337;i34307;contains
o2337;i34308;contains
o2337;i34309;contains
o2337;i34310;contains
o2337;i34311;contains
o2337;i34312;contains
o2337;i34313;contains
o2337;i34314;contains
o2337;i34315;contains
o2337;i34316;contains
o2337;i34317;contains
o2337;i34318;contains
o2337;i34319;contains
o2337;i34320;contains
o2337;i34321;contains
o2337;i34322;contains
o2337;i34323;contains
o2337;i34324;contains
o2337;i34325;contains
o2338;i34326;contains
o2338;i34327;contains
o2338;i34328;contains
o2338;i34329;contains
o2338;i34330;contains
o2338;i34331;contains
o2338;i34332;contains
o2338;i34333;contains
o2338;i34334;contains
o2338;i34335;contains
o2338;i34336;contains
o2338;i34337;contains
o2338;i34338;contains
o2338;i34339;contains
o2338;i34340;contains
o2338;i34341;contains
o2338;i34342;contains
o2338;i34343;contains
o2338;i34344;contains
o2338;i34345;contains
o2338;i34346;contains
o2338;i34347;contains
o2338;i34348;contains
o2338;i34349;contains
o2338;i34350;contains
o2339;i34351;contains
o2339;i34352;contains
o2339;i34353;contains
o2339;i34354;contains
o2339;i34355;contains
o2339;i34356;contains
o2339;i34357;contains
o2339;i34358;contains
o2339;i34359;contains
o2339;i34360;contains
o2339;i34361;contains
o2339;i34362;contains
o2339;i34363;contains
o2339;i34364;contains
o2339;i34365;contains
o2339;i34366;contains
o2339;i34367;contains
o2339;i34368;contains
o2339;i34369;contains
o2339;i34370;contains
o2339;i34371;contains
o2339;i34372;contains
o2339;i34373;contains
o2339;i34374;contains
o2339;i34375;contains
o2339;i34376;contains
o2339;i34377;contains
o2339;i34378;contains
o2339;i34379;contains
o2339;i34380;contains
o2340;i34381;contains
o2340;i34382;contains
o2340;i34383;contains
o2340;i34384;contains
o2340;i34385;contains
o2340;i34386;contains
o2340;i34387;contains
o2340;i34388;contains
o2340;i34389;contains
o2340;i34390;contains
o2340;i34391;contains
o2340;i34392;contains
o2340;i34393;contains
o2340;i34394;contains
o2340;i34395;contains
o2340;i34396;contains
o2340;i34397;contains
o2340;i34398;contains
o2340;i34399;contains
o2340;i34400;contains
o2340;i34401;contains
o2340;i34402;contains
o2340;i34403;contains
o2340;i34404;contains
o2340;i34405;contains
o2340;i34406;contains
o2340;i34407;contains
o2340;i34408;contains
o2341;i34409;contains
o2341;i34410;contains
o2341;i34411;contains
o2341;i34412;contains
o2341;i34413;contains
o2341;i34414;contains
o2341;i34415;contains
o2341;i34416;contains
o2341;i34417;contains
o2341;i34418;contains
o2341;i34419;contains
o2341;i34420;contains
o2341;i34421;contains
o2341;i34422;contains
o2341;i34423;contains
o2341;i34424;contains
o2341;i34425;contains
o2341;i34426;contains
o2341;i34427;contains
o2341;i34428;contains
o2341;i34429;contains
o2341;i34430;contains
o2341;i34431;contains
o2341;i34432;contains
o2341;i34433;contains
o2341;i34434;contains
o2341;i34435;contains
o2341;i34436;contains
o2341;i34437;contains
o2341;i34438;contains
o2342;i34439;contains
o2342;i34440;contains
o2342;i34441;contains
o2342;i34442;contains
o2342;i34443;contains
o2342;i34444;contains
o2342;i34445;contains
o2342;i34446;contains
o2342;i34447;contains
o2342;i34448;contains
o2342;i34449;contains
o2342;i34450;contains
o2342;i34451;contains
o2342;i34452;contains
o2342;i34453;contains
o2342;i34454;contains
o2342;i34455;contains
o2342;i34456;contains
o2342;i34457;contains
o2342;i34458;contains
o2342;i34459;contains
o2342;i34460;contains
o2342;i34461;contains
o2342;i34462;contains
o2342;i34463;contains
o2342;i34464;contains
o2342;i34465;contains
o2342;i34466;contains
o2342;i34467;contains
o2342;i34468;contains
o2342;i34469;contains
o2343;i34470;contains
o2343;i34471;contains
o2343;i34472;contains
o2343;i34473;contains
o2343;i34474;contains
o2343;i34475;contains
o2343;i34476;contains
o2343;i34477;contains
o2343;i34478;contains
o2343;i34479;contains
o2343;i34480;contains
o2343;i34481;contains
o2343;i34482;contains
o2343;i34483;contains
o2343;i34484;contains
o2343;i34485;contains
o2343;i34486;contains
o2343;i34487;contains
o2343;i34488;contains
o2343;i34489;contains
o2343;i34490;contains
o2343;i34491;contains
o2343;i34492;contains
o2343;i34493;contains
o2344;i34494;contains
o2344;i34495;contains
o2344;i34496;contains
o2344;i34497;contains
o2344;i34498;contains
o2344;i34499;contains
o2344;i34500;contains
o2344;i34501;contains
o2344;i34502;contains
o2344;i34503;contains
o2344;i34504;contains
o2344;i34505;contains
o2344;i34506;contains
o2344;i34507;contains
o2344;i34508;contains
o2344;i34509;contains
o2344;i34510;contains
o2344;i34511;contains
o2344;i34512;contains
o2344;i34513;contains
o2344;i34514;contains
o2344;i34515;contains
o2344;i34516;contains
o2344;i34517;contains
o2344;i34518;contains
o2345;i34519;contains
o2345;i34520;contains
o2345;i34521;contains
o2345;i34522;contains
o2345;i34523;contains
o2345;i34524;contains
o2345;i34525;contains
o2345;i34526;contains
o2345;i34527;contains
o2345;i34528;contains
o2345;i34529;contains
o2345;i34530;contains
o2345;i34531;contains
o2345;i34532;contains
o2345;i34533;contains
o2345;i34534;contains
o2345;i34535;contains
o2345;i34536;contains
o2345;i34537;contains
o2345;i34538;contains
o2346;i34539;contains
o2346;i34540;contains
o2346;i34541;contains
o2346;i34542;contains
o2346;i34543;contains
o2346;i34544;contains
o2346;i34545;contains
o2346;i34546;contains
o2346;i34547;contains
o2346;i34548;contains
o2346;i34549;contains
o2346;i34550;contains
o2346;i34551;contains
o2346;i34552;contains
o2346;i34553;contains
o2346;i34554;contains
o2346;i34555;contains
o2346;i34556;contains
o2346;i34557;contains
o2346;i34558;contains
o2346;i34559;contains
o2346;i34560;contains
o2346;i34561;contains
o2346;i34562;contains
o2346;i34563;contains
o2346;i34564;contains
o2346;i34565;contains
o2346;i34566;contains
o2346;i34567;contains
o2346;i34568;contains
o2347;i34569;contains
o2347;i34570;contains
o2347;i34571;contains
o2347;i34572;contains
o2347;i34573;contains
o2347;i34574;contains
o2347;i34575;contains
o2347;i34576;contains
o2347;i34577;contains
o2347;i34578;contains
o2347;i34579;contains
o2347;i34580;contains
o2347;i34581;contains
o2347;i34582;contains
o2347;i34583;contains
o2347;i34584;contains
o2348;i34585;contains
o2348;i34586;contains
o2348;i34587;contains
o2348;i34588;contains
o2348;i34589;contains
o2348;i34590;contains
o2348;i34591;contains
o2348;i34592;contains
o2348;i34593;contains
o2348;i34594;contains
o2348;i34595;contains
o2348;i34596;contains
o2348;i34597;contains
o2348;i34598;contains
o2348;i34599;contains
o2348;i34600;contains
o2348;i34601;contains
o2348;i34602;contains
o2348;i34603;contains
o2348;i34604;contains
o2348;i34605;contains
o2348;i34606;contains
o2349;i34607;contains
o2349;i34608;contains
o2349;i34609;contains
o2349;i34610;contains
o2349;i34611;contains
o2349;i34612;contains
o2349;i34613;contains
o2349;i34614;contains
o2349;i34615;contains
o2349;i34616;contains
o2349;i34617;contains
o2349;i34618;contains
o2349;i34619;contains
o2349;i34620;contains
o2349;i34621;contains
o2349;i34622;contains
o2349;i34623;contains
o2349;i34624;contains
o2349;i34625;contains
o2349;i34626;contains
o2349;i34627;contains
o2349;i34628;contains
o2349;i34629;contains
o2349;i34630;contains
o2349;i34631;contains
o2350;i34632;contains
o2350;i34633;contains
o2350;i34634;contains
o2350;i34635;contains
o2350;i34636;contains
o2350;i34637;contains
o2350;i34638;contains
o2350;i34639;contains
o2350;i34640;contains
o2350;i34641;contains
o2350;i34642;contains
o2350;i34643;contains
o2350;i34644;contains
o2350;i34645;contains
o2350;i34646;contains
o2350;i34647;contains
o2350;i34648;contains
o2350;i34649;contains
o2350;i34650;contains
o2350;i34651;contains
o2350;i34652;contains
o2350;i34653;contains
o2350;i34654;contains
o2350;i34655;contains
o2350;i34656;contains
o2351;i34657;contains
o2351;i34658;contains
o2351;i34659;contains
o2351;i34660;contains
o2351;i34661;contains
o2351;i34662;contains
o2351;i34663;contains
o2351;i34664;contains
o2351;i34665;contains
o2351;i34666;contains
o2351;i34667;contains
o2351;i34668;contains
o2351;i34669;contains
o2351;i34670;contains
o2351;i34671;contains
o2351;i34672;contains
o2351;i34673;contains
o2351;i34674;contains
o2351;i34675;contains
o2351;i34676;contains
o2351;i34677;contains
o2351;i34678;contains
o2351;i34679;contains
o2351;i34680;contains
o2351;i34681;contains
o2351;i34682;contains
o2351;i34683;contains
o2351;i34684;contains
o2351;i34685;contains
o2351;i34686;contains
o2351;i34687;contains
o2351;i34688;contains
o2351;i34689;contains
o2351;i34690;contains
o2352;i34691;contains
o2352;i34692;contains
o2352;i34693;contains
o2352;i34694;contains
o2352;i34695;contains
o2352;i34696;contains
o2352;i34697;contains
o2352;i34698;contains
o2352;i34699;contains
o2352;i34700;contains
o2352;i34701;contains
o2352;i34702;contains
o2352;i34703;contains
o2352;i34704;contains
o2352;i34705;contains
o2352;i34706;contains
o2352;i34707;contains
o2352;i34708;contains
o2352;i34709;contains
o2353;i34710;contains
o2353;i34711;contains
o2353;i34712;contains
o2353;i34713;contains
o2353;i34714;contains
o2353;i34715;contains
o2353;i34716;contains
o2353;i34717;contains
o2353;i34718;contains
o2353;i34719;contains
o2353;i34720;contains
o2353;i34721;contains
o2353;i34722;contains
o2353;i34723;contains
o2353;i34724;contains
o2353;i34725;contains
o2353;i34726;contains
o2353;i34727;contains
o2353;i34728;contains
o2353;i34729;contains
o2353;i34730;contains
o2353;i34731;contains
o2353;i34732;contains
o2353;i34733;contains
o2353;i34734;contains
o2353;i34735;contains
o2353;i34736;contains
o2354;i34737;contains
o2354;i34738;contains
o2354;i34739;contains
o2354;i34740;contains
o2354;i34741;contains
o2354;i34742;contains
o2354;i34743;contains
o2354;i34744;contains
o2354;i34745;contains
o2354;i34746;contains
o2354;i34747;contains
o2354;i34748;contains
o2354;i34749;contains
o2354;i34750;contains
o2354;i34751;contains
o2354;i34752;contains
o2354;i34753;contains
o2354;i34754;contains
o2354;i34755;contains
o2354;i34756;contains
o2354;i34757;contains
o2354;i34758;contains
o2355;i34759;contains
o2355;i34760;contains
o2355;i34761;contains
o2355;i34762;contains
o2355;i34763;contains
o2355;i34764;contains
o2355;i34765;contains
o2355;i34766;contains
o2355;i34767;contains
o2355;i34768;contains
o2355;i34769;contains
o2355;i34770;contains
o2355;i34771;contains
o2355;i34772;contains
o2355;i34773;contains
o2355;i34774;contains
o2355;i34775;contains
o2355;i34776;contains
o2355;i34777;contains
o2355;i34778;contains
o2356;i34779;contains
o2356;i34780;contains
o2356;i34781;contains
o2356;i34782;contains
o2356;i34783;contains
o2356;i34784;contains
o2356;i34785;contains
o2356;i34786;contains
o2356;i34787;contains
o2356;i34788;contains
o2356;i34789;contains
o2356;i34790;contains
o2356;i34791;contains
o2356;i34792;contains
o2356;i34793;contains
o2356;i34794;contains
o2356;i34795;contains
o2356;i34796;contains
o2356;i34797;contains
o2356;i34798;contains
o2356;i34799;contains
o2357;i34800;contains
o2357;i34801;contains
o2357;i34802;contains
o2357;i34803;contains
o2357;i34804;contains
o2357;i34805;contains
o2357;i34806;contains
o2357;i34807;contains
o2357;i34808;contains
o2357;i34809;contains
o2357;i34810;contains
o2357;i34811;contains
o2357;i34812;contains
o2357;i34813;contains
o2357;i34814;contains
o2357;i34815;contains
o2357;i34816;contains
o2357;i34817;contains
o2357;i34818;contains
o2357;i34819;contains
o2357;i34820;contains
o2357;i34821;contains
o2357;i34822;contains
o2357;i34823;contains
o2357;i34824;contains
o2357;i34825;contains
o2357;i34826;contains
o2357;i34827;contains
o2358;i34828;contains
o2358;i34829;contains
o2358;i34830;contains
o2358;i34831;contains
o2358;i34832;contains
o2358;i34833;contains
o2358;i34834;contains
o2358;i34835;contains
o2358;i34836;contains
o2358;i34837;contains
o2358;i34838;contains
o2358;i34839;contains
o2358;i34840;contains
o2358;i34841;contains
o2358;i34842;contains
o2358;i34843;contains
o2358;i34844;contains
o2358;i34845;contains
o2358;i34846;contains
o2358;i34847;contains
o2358;i34848;contains
o2358;i34849;contains
o2358;i34850;contains
o2358;i34851;contains
o2358;i34852;contains
o2358;i34853;contains
o2359;i34854;contains
o2359;i34855;contains
o2359;i34856;contains
o2359;i34857;contains
o2359;i34858;contains
o2359;i34859;contains
o2359;i34860;contains
o2359;i34861;contains
o2359;i34862;contains
o2359;i34863;contains
o2359;i34864;contains
o2359;i34865;contains
o2359;i34866;contains
o2359;i34867;contains
o2359;i34868;contains
o2359;i34869;contains
o2359;i34870;contains
o2359;i34871;contains
o2359;i34872;contains
o2359;i34873;contains
o2359;i34874;contains
o2359;i34875;contains
o2359;i34876;contains
o2359;i34877;contains
o2359;i34878;contains
o2359;i34879;contains
o2359;i34880;contains
o2360;i34881;contains
o2360;i34882;contains
o2360;i34883;contains
o2360;i34884;contains
o2360;i34885;contains
o2360;i34886;contains
o2360;i34887;contains
o2360;i34888;contains
o2360;i34889;contains
o2360;i34890;contains
o2360;i34891;contains
o2360;i34892;contains
o2360;i34893;contains
o2360;i34894;contains
o2360;i34895;contains
o2360;i34896;contains
o2360;i34897;contains
o2360;i34898;contains
o2360;i34899;contains
o2360;i34900;contains
o2360;i34901;contains
o2360;i34902;contains
o2360;i34903;contains
o2361;i34904;contains
o2361;i34905;contains
o2361;i34906;contains
o2361;i34907;contains
o2361;i34908;contains
o2361;i34909;contains
o2361;i34910;contains
o2361;i34911;contains
o2361;i34912;contains
o2361;i34913;contains
o2361;i34914;contains
o2361;i34915;contains
o2361;i34916;contains
o2361;i34917;contains
o2361;i34918;contains
o2361;i34919;contains
o2361;i34920;contains
o2361;i34921;contains
o2362;i34922;contains
o2362;i34923;contains
o2362;i34924;contains
o2362;i34925;contains
o2362;i34926;contains
o2362;i34927;contains
o2362;i34928;contains
o2362;i34929;contains
o2362;i34930;contains
o2362;i34931;contains
o2362;i34932;contains
o2362;i34933;contains
o2362;i34934;contains
o2362;i34935;contains
o2362;i34936;contains
o2362;i34937;contains
o2362;i34938;contains
o2362;i34939;contains
o2362;i34940;contains
o2362;i34941;contains
o2362;i34942;contains
o2362;i34943;contains
o2362;i34944;contains
o2362;i34945;contains
o2362;i34946;contains
o2362;i34947;contains
o2362;i34948;contains
o2362;i34949;contains
o2363;i34950;contains
o2363;i34951;contains
o2363;i34952;contains
o2363;i34953;contains
o2363;i34954;contains
o2363;i34955;contains
o2363;i34956;contains
o2363;i34957;contains
o2363;i34958;contains
o2363;i34959;contains
o2363;i34960;contains
o2363;i34961;contains
o2363;i34962;contains
o2363;i34963;contains
o2363;i34964;contains
o2363;i34965;contains
o2363;i34966;contains
o2363;i34967;contains
o2363;i34968;contains
o2363;i34969;contains
o2363;i34970;contains
o2363;i34971;contains
o2363;i34972;contains
o2364;i34973;contains
o2364;i34974;contains
o2364;i34975;contains
o2364;i34976;contains
o2364;i34977;contains
o2364;i34978;contains
o2364;i34979;contains
o2364;i34980;contains
o2364;i34981;contains
o2364;i34982;contains
o2364;i34983;contains
o2364;i34984;contains
o2364;i34985;contains
o2364;i34986;contains
o2364;i34987;contains
o2364;i34988;contains
o2364;i34989;contains
o2364;i34990;contains
o2364;i34991;contains
o2364;i34992;contains
o2364;i34993;contains
o2364;i34994;contains
o2364;i34995;contains
o2364;i34996;contains
o2364;i34997;contains
o2364;i34998;contains
o2364;i34999;contains
o2364;i35000;contains
o2364;i35001;contains
o2364;i35002;contains
o2364;i35003;contains
o2364;i35004;contains
o2364;i35005;contains
o2364;i35006;contains
o2365;i35007;contains
o2365;i35008;contains
o2365;i35009;contains
o2365;i35010;contains
o2365;i35011;contains
o2365;i35012;contains
o2365;i35013;contains
o2365;i35014;contains
o2365;i35015;contains
o2365;i35016;contains
o2365;i35017;contains
o2365;i35018;contains
o2365;i35019;contains
o2365;i35020;contains
o2365;i35021;contains
o2365;i35022;contains
o2365;i35023;contains
o2365;i35024;contains
o2366;i35025;contains
o2366;i35026;contains
o2366;i35027;contains
o2366;i35028;contains
o2366;i35029;contains
o2366;i35030;contains
o2366;i35031;contains
o2366;i35032;contains
o2366;i35033;contains
o2366;i35034;contains
o2366;i35035;contains
o2366;i35036;contains
o2366;i35037;contains
o2366;i35038;contains
o2366;i35039;contains
o2366;i35040;contains
o2366;i35041;contains
o2366;i35042;contains
o2366;i35043;contains
o2366;i35044;contains
o2366;i35045;contains
o2366;i35046;contains
o2366;i35047;contains
o2367;i35048;contains
o2367;i35049;contains
o2367;i35050;contains
o2367;i35051;contains
o2367;i35052;contains
o2367;i35053;contains
o2367;i35054;contains
o2367;i35055;contains
o2367;i35056;contains
o2367;i35057;contains
o2367;i35058;contains
o2367;i35059;contains
o2367;i35060;contains
o2367;i35061;contains
o2367;i35062;contains
o2367;i35063;contains
o2367;i35064;contains
o2367;i35065;contains
o2367;i35066;contains
o2367;i35067;contains
o2367;i35068;contains
o2367;i35069;contains
o2367;i35070;contains
o2367;i35071;contains
o2367;i35072;contains
o2367;i35073;contains
o2367;i35074;contains
o2367;i35075;contains
o2368;i35076;contains
o2368;i35077;contains
o2368;i35078;contains
o2368;i35079;contains
o2368;i35080;contains
o2368;i35081;contains
o2368;i35082;contains
o2368;i35083;contains
o2368;i35084;contains
o2368;i35085;contains
o2368;i35086;contains
o2368;i35087;contains
o2368;i35088;contains
o2368;i35089;contains
o2368;i35090;contains
o2368;i35091;contains
o2368;i35092;contains
o2368;i35093;contains
o2368;i35094;contains
o2368;i35095;contains
o2368;i35096;contains
o2368;i35097;contains
o2368;i35098;contains
o2368;i35099;contains
o2368;i35100;contains
o2368;i35101;contains
o2368;i35102;contains
o2368;i35103;contains
o2368;i35104;contains
o2369;i35105;contains
o2369;i35106;contains
o2369;i35107;contains
o2369;i35108;contains
o2369;i35109;contains
o2369;i35110;contains
o2369;i35111;contains
o2369;i35112;contains
o2369;i35113;contains
o2369;i35114;contains
o2369;i35115;contains
o2369;i35116;contains
o2369;i35117;contains
o2369;i35118;contains
o2369;i35119;contains
o2369;i35120;contains
o2369;i35121;contains
o2369;i35122;contains
o2369;i35123;contains
o2369;i35124;contains
o2369;i35125;contains
o2369;i35126;contains
o2369;i35127;contains
o2370;i35128;contains
o2370;i35129;contains
o2370;i35130;contains
o2370;i35131;contains
o2370;i35132;contains
o2370;i35133;contains
o2370;i35134;contains
o2370;i35135;contains
o2370;i35136;contains
o2370;i35137;contains
o2370;i35138;contains
o2370;i35139;contains
o2370;i35140;contains
o2370;i35141;contains
o2370;i35142;contains
o2370;i35143;contains
o2370;i35144;contains
o2370;i35145;contains
o2370;i35146;contains
o2370;i35147;contains
o2370;i35148;contains
o2370;i35149;contains
o2370;i35150;contains
o2370;i35151;contains
o2370;i35152;contains
o2371;i35153;contains
o2371;i35154;contains
o2371;i35155;contains
o2371;i35156;contains
o2371;i35157;contains
o2371;i35158;contains
o2371;i35159;contains
o2371;i35160;contains
o2371;i35161;contains
o2371;i35162;contains
o2371;i35163;contains
o2371;i35164;contains
o2371;i35165;contains
o2371;i35166;contains
o2371;i35167;contains
o2371;i35168;contains
o2371;i35169;contains
o2371;i35170;contains
o2371;i35171;contains
o2371;i35172;contains
o2371;i35173;contains
o2371;i35174;contains
o2371;i35175;contains
o2371;i35176;contains
o2371;i35177;contains
o2371;i35178;contains
o2371;i35179;contains
o2372;i35180;contains
o2372;i35181;contains
o2372;i35182;contains
o2372;i35183;contains
o2372;i35184;contains
o2372;i35185;contains
o2372;i35186;contains
o2372;i35187;contains
o2372;i35188;contains
o2372;i35189;contains
o2372;i35190;contains
o2372;i35191;contains
o2372;i35192;contains
o2372;i35193;contains
o2372;i35194;contains
o2372;i35195;contains
o2372;i35196;contains
o2372;i35197;contains
o2372;i35198;contains
o2372;i35199;contains
o2372;i35200;contains
o2372;i35201;contains
o2372;i35202;contains
o2372;i35203;contains
o2372;i35204;contains
o2372;i35205;contains
o2372;i35206;contains
o2373;i35207;contains
o2373;i35208;contains
o2373;i35209;contains
o2373;i35210;contains
o2373;i35211;contains
o2373;i35212;contains
o2373;i35213;contains
o2373;i35214;contains
o2373;i35215;contains
o2373;i35216;contains
o2373;i35217;contains
o2373;i35218;contains
o2373;i35219;contains
o2373;i35220;contains
o2373;i35221;contains
o2373;i35222;contains
o2373;i35223;contains
o2373;i35224;contains
o2373;i35225;contains
o2373;i35226;contains
o2373;i35227;contains
o2373;i35228;contains
o2373;i35229;contains
o2373;i35230;contains
o2374;i35231;contains
o2374;i35232;contains
o2374;i35233;contains
o2374;i35234;contains
o2374;i35235;contains
o2374;i35236;contains
o2374;i35237;contains
o2374;i35238;contains
o2374;i35239;contains
o2374;i35240;contains
o2374;i35241;contains
o2374;i35242;contains
o2374;i35243;contains
o2374;i35244;contains
o2374;i35245;contains
o2374;i35246;contains
o2374;i35247;contains
o2374;i35248;contains
o2374;i35249;contains
o2374;i35250;contains
o2374;i35251;contains
o2375;i35252;contains
o2375;i35253;contains
o2375;i35254;contains
o2375;i35255;contains
o2375;i35256;contains
o2375;i35257;contains
o2375;i35258;contains
o2375;i35259;contains
o2375;i35260;contains
o2375;i35261;contains
o2375;i35262;contains
o2375;i35263;contains
o2375;i35264;contains
o2375;i35265;contains
o2375;i35266;contains
o2375;i35267;contains
o2376;i35268;contains
o2376;i35269;contains
o2376;i35270;contains
o2376;i35271;contains
o2376;i35272;contains
o2376;i35273;contains
o2376;i35274;contains
o2376;i35275;contains
o2376;i35276;contains
o2376;i35277;contains
o2376;i35278;contains
o2376;i35279;contains
o2376;i35280;contains
o2376;i35281;contains
o2376;i35282;contains
o2376;i35283;contains
o2376;i35284;contains
o2376;i35285;contains
o2376;i35286;contains
o2377;i35287;contains
o2377;i35288;contains
o2377;i35289;contains
o2377;i35290;contains
o2377;i35291;contains
o2377;i35292;contains
o2377;i35293;contains
o2377;i35294;contains
o2377;i35295;contains
o2377;i35296;contains
o2377;i35297;contains
o2377;i35298;contains
o2377;i35299;contains
o2377;i35300;contains
o2377;i35301;contains
o2377;i35302;contains
o2377;i35303;contains
o2377;i35304;contains
o2377;i35305;contains
o2377;i35306;contains
o2378;i35307;contains
o2378;i35308;contains
o2378;i35309;contains
o2378;i35310;contains
o2378;i35311;contains
o2378;i35312;contains
o2378;i35313;contains
o2378;i35314;contains
o2378;i35315;contains
o2378;i35316;contains
o2378;i35317;contains
o2378;i35318;contains
o2378;i35319;contains
o2378;i35320;contains
o2378;i35321;contains
o2378;i35322;contains
o2378;i35323;contains
o2378;i35324;contains
o2378;i35325;contains
o2378;i35326;contains
o2378;i35327;contains
o2378;i35328;contains
o2378;i35329;contains
o2378;i35330;contains
o2378;i35331;contains
o2379;i35332;contains
o2379;i35333;contains
o2379;i35334;contains
o2379;i35335;contains
o2379;i35336;contains
o2379;i35337;contains
o2379;i35338;contains
o2379;i35339;contains
o2379;i35340;contains
o2379;i35341;contains
o2379;i35342;contains
o2379;i35343;contains
o2379;i35344;contains
o2379;i35345;contains
o2379;i35346;contains
o2379;i35347;contains
o2379;i35348;contains
o2380;i35349;contains
o2380;i35350;contains
o2380;i35351;contains
o2380;i35352;contains
o2380;i35353;contains
o2380;i35354;contains
o2380;i35355;contains
o2380;i35356;contains
o2380;i35357;contains
o2380;i35358;contains
o2380;i35359;contains
o2380;i35360;contains
o2380;i35361;contains
o2380;i35362;contains
o2380;i35363;contains
o2380;i35364;contains
o2380;i35365;contains
o2380;i35366;contains
o2380;i35367;contains
o2380;i35368;contains
o2380;i35369;contains
o2380;i35370;contains
o2380;i35371;contains
o2380;i35372;contains
o2380;i35373;contains
o2380;i35374;contains
o2380;i35375;contains
o2380;i35376;contains
o2380;i35377;contains
o2380;i35378;contains
o2380;i35379;contains
o2381;i35380;contains
o2381;i35381;contains
o2381;i35382;contains
o2381;i35383;contains
o2381;i35384;contains
o2381;i35385;contains
o2381;i35386;contains
o2381;i35387;contains
o2381;i35388;contains
o2381;i35389;contains
o2381;i35390;contains
o2381;i35391;contains
o2381;i35392;contains
o2381;i35393;contains
o2381;i35394;contains
o2381;i35395;contains
o2381;i35396;contains
o2381;i35397;contains
o2381;i35398;contains
o2381;i35399;contains
o2381;i35400;contains
o2381;i35401;contains
o2381;i35402;contains
o2381;i35403;contains
o2381;i35404;contains
o2382;i35405;contains
o2382;i35406;contains
o2382;i35407;contains
o2382;i35408;contains
o2382;i35409;contains
o2382;i35410;contains
o2382;i35411;contains
o2382;i35412;contains
o2382;i35413;contains
o2382;i35414;contains
o2382;i35415;contains
o2382;i35416;contains
o2382;i35417;contains
o2382;i35418;contains
o2382;i35419;contains
o2382;i35420;contains
o2382;i35421;contains
o2382;i35422;contains
o2382;i35423;contains
o2382;i35424;contains
o2382;i35425;contains
o2382;i35426;contains
o2382;i35427;contains
o2382;i35428;contains
o2382;i35429;contains
o2382;i35430;contains
o2382;i35431;contains
o2382;i35432;contains
o2382;i35433;contains
o2382;i35434;contains
o2382;i35435;contains
o2382;i35436;contains
o2382;i35437;contains
o2382;i35438;contains
o2382;i35439;contains
o2382;i35440;contains
o2382;i35441;contains
o2382;i35442;contains
o2383;i35443;contains
o2383;i35444;contains
o2383;i35445;contains
o2383;i35446;contains
o2383;i35447;contains
o2383;i35448;contains
o2383;i35449;contains
o2383;i35450;contains
o2383;i35451;contains
o2383;i35452;contains
o2383;i35453;contains
o2383;i35454;contains
o2383;i35455;contains
o2383;i35456;contains
o2383;i35457;contains
o2383;i35458;contains
o2383;i35459;contains
o2383;i35460;contains
o2383;i35461;contains
o2383;i35462;contains
o2383;i35463;contains
o2383;i35464;contains
o2383;i35465;contains
o2383;i35466;contains
o2383;i35467;contains
o2383;i35468;contains
o2383;i35469;contains
o2383;i35470;contains
o2384;i35471;contains
o2384;i35472;contains
o2384;i35473;contains
o2384;i35474;contains
o2384;i35475;contains
o2384;i35476;contains
o2384;i35477;contains
o2384;i35478;contains
o2384;i35479;contains
o2384;i35480;contains
o2384;i35481;contains
o2384;i35482;contains
o2384;i35483;contains
o2384;i35484;contains
o2384;i35485;contains
o2384;i35486;contains
o2384;i35487;contains
o2384;i35488;contains
o2384;i35489;contains
o2384;i35490;contains
o2384;i35491;contains
o2384;i35492;contains
o2384;i35493;contains
o2384;i35494;contains
o2384;i35495;contains
o2384;i35496;contains
o2384;i35497;contains
o2384;i35498;contains
o2384;i35499;contains
o2384;i35500;contains
o2384;i35501;contains
o2385;i35502;contains
o2385;i35503;contains
o2385;i35504;contains
o2385;i35505;contains
o2385;i35506;contains
o2385;i35507;contains
o2385;i35508;contains
o2385;i35509;contains
o2385;i35510;contains
o2385;i35511;contains
o2385;i35512;contains
o2385;i35513;contains
o2385;i35514;contains
o2385;i35515;contains
o2385;i35516;contains
o2385;i35517;contains
o2385;i35518;contains
o2385;i35519;contains
o2385;i35520;contains
o2385;i35521;contains
o2385;i35522;contains
o2385;i35523;contains
o2385;i35524;contains
o2385;i35525;contains
o2385;i35526;contains
o2385;i35527;contains
o2385;i35528;contains
o2386;i35529;contains
o2386;i35530;contains
o2386;i35531;contains
o2386;i35532;contains
o2386;i35533;contains
o2386;i35534;contains
o2386;i35535;contains
o2386;i35536;contains
o2386;i35537;contains
o2386;i35538;contains
o2386;i35539;contains
o2386;i35540;contains
o2386;i35541;contains
o2386;i35542;contains
o2386;i35543;contains
o2386;i35544;contains
o2386;i35545;contains
o2386;i35546;contains
o2386;i35547;contains
o2386;i35548;contains
o2386;i35549;contains
o2386;i35550;contains
o2386;i35551;contains
o2386;i35552;contains
o2386;i35553;contains
o2386;i35554;contains
o2387;i35555;contains
o2387;i35556;contains
o2387;i35557;contains
o2387;i35558;contains
o2387;i35559;contains
o2387;i35560;contains
o2387;i35561;contains
o2387;i35562;contains
o2387;i35563;contains
o2387;i35564;contains
o2387;i35565;contains
o2387;i35566;contains
o2387;i35567;contains
o2387;i35568;contains
o2387;i35569;contains
o2387;i35570;contains
o2387;i35571;contains
o2387;i35572;contains
o2387;i35573;contains
o2387;i35574;contains
o2387;i35575;contains
o2388;i35576;contains
o2388;i35577;contains
o2388;i35578;contains
o2388;i35579;contains
o2388;i35580;contains
o2388;i35581;contains
o2388;i35582;contains
o2388;i35583;contains
o2388;i35584;contains
o2388;i35585;contains
o2388;i35586;contains
o2388;i35587;contains
o2388;i35588;contains
o2388;i35589;contains
o2388;i35590;contains
o2388;i35591;contains
o2388;i35592;contains
o2388;i35593;contains
o2388;i35594;contains
o2388;i35595;contains
o2388;i35596;contains
o2388;i35597;contains
o2388;i35598;contains
o2388;i35599;contains
o2388;i35600;contains
o2388;i35601;contains
o2388;i35602;contains
o2388;i35603;contains
o2388;i35604;contains
o2388;i35605;contains
o2389;i35606;contains
o2389;i35607;contains
o2389;i35608;contains
o2389;i35609;contains
o2389;i35610;contains
o2389;i35611;contains
o2389;i35612;contains
o2389;i35613;contains
o2389;i35614;contains
o2389;i35615;contains
o2389;i35616;contains
o2389;i35617;contains
o2389;i35618;contains
o2389;i35619;contains
o2389;i35620;contains
o2389;i35621;contains
o2389;i35622;contains
o2389;i35623;contains
o2389;i35624;contains
o2389;i35625;contains
o2389;i35626;contains
o2389;i35627;contains
o2389;i35628;contains
o2389;i35629;contains
o2389;i35630;contains
o2389;i35631;contains
o2389;i35632;contains
o2389;i35633;contains
o2389;i35634;contains
o2389;i35635;contains
o2389;i35636;contains
o2389;i35637;contains
o2389;i35638;contains
o2389;i35639;contains
o2390;i35640;contains
o2390;i35641;contains
o2390;i35642;contains
o2390;i35643;contains
o2390;i35644;contains
o2390;i35645;contains
o2390;i35646;contains
o2390;i35647;contains
o2390;i35648;contains
o2390;i35649;contains
o2390;i35650;contains
o2390;i35651;contains
o2390;i35652;contains
o2390;i35653;contains
o2391;i35654;contains
o2391;i35655;contains
o2391;i35656;contains
o2391;i35657;contains
o2391;i35658;contains
o2391;i35659;contains
o2391;i35660;contains
o2391;i35661;contains
o2391;i35662;contains
o2391;i35663;contains
o2391;i35664;contains
o2391;i35665;contains
o2391;i35666;contains
o2391;i35667;contains
o2391;i35668;contains
o2391;i35669;contains
o2391;i35670;contains
o2391;i35671;contains
o2391;i35672;contains
o2391;i35673;contains
o2391;i35674;contains
o2391;i35675;contains
o2392;i35676;contains
o2392;i35677;contains
o2392;i35678;contains
o2392;i35679;contains
o2392;i35680;contains
o2392;i35681;contains
o2392;i35682;contains
o2392;i35683;contains
o2392;i35684;contains
o2392;i35685;contains
o2392;i35686;contains
o2392;i35687;contains
o2392;i35688;contains
o2392;i35689;contains
o2392;i35690;contains
o2392;i35691;contains
o2392;i35692;contains
o2392;i35693;contains
o2392;i35694;contains
o2392;i35695;contains
o2392;i35696;contains
o2392;i35697;contains
o2393;i35698;contains
o2393;i35699;contains
o2393;i35700;contains
o2393;i35701;contains
o2393;i35702;contains
o2393;i35703;contains
o2393;i35704;contains
o2393;i35705;contains
o2393;i35706;contains
o2393;i35707;contains
o2393;i35708;contains
o2393;i35709;contains
o2393;i35710;contains
o2393;i35711;contains
o2393;i35712;contains
o2393;i35713;contains
o2393;i35714;contains
o2393;i35715;contains
o2393;i35716;contains
o2393;i35717;contains
o2393;i35718;contains
o2393;i35719;contains
o2393;i35720;contains
o2393;i35721;contains
o2393;i35722;contains
o2393;i35723;contains
o2393;i35724;contains
o2393;i35725;contains
o2393;i35726;contains
o2393;i35727;contains
o2393;i35728;contains
o2393;i35729;contains
o2393;i35730;contains
o2393;i35731;contains
o2393;i35732;contains
o2394;i35733;contains
o2394;i35734;contains
o2394;i35735;contains
o2394;i35736;contains
o2394;i35737;contains
o2394;i35738;contains
o2394;i35739;contains
o2394;i35740;contains
o2394;i35741;contains
o2394;i35742;contains
o2394;i35743;contains
o2394;i35744;contains
o2394;i35745;contains
o2394;i35746;contains
o2394;i35747;contains
o2394;i35748;contains
o2394;i35749;contains
o2394;i35750;contains
o2394;i35751;contains
o2394;i35752;contains
o2394;i35753;contains
o2394;i35754;contains
o2394;i35755;contains
o2394;i35756;contains
o2394;i35757;contains
o2395;i35758;contains
o2395;i35759;contains
o2395;i35760;contains
o2395;i35761;contains
o2395;i35762;contains
o2395;i35763;contains
o2395;i35764;contains
o2395;i35765;contains
o2395;i35766;contains
o2395;i35767;contains
o2395;i35768;contains
o2395;i35769;contains
o2395;i35770;contains
o2395;i35771;contains
o2395;i35772;contains
o2395;i35773;contains
o2395;i35774;contains
o2395;i35775;contains
o2395;i35776;contains
o2395;i35777;contains
o2395;i35778;contains
o2396;i35779;contains
o2396;i35780;contains
o2396;i35781;contains
o2396;i35782;contains
o2396;i35783;contains
o2396;i35784;contains
o2396;i35785;contains
o2396;i35786;contains
o2396;i35787;contains
o2396;i35788;contains
o2396;i35789;contains
o2396;i35790;contains
o2396;i35791;contains
o2396;i35792;contains
o2396;i35793;contains
o2396;i35794;contains
o2396;i35795;contains
o2396;i35796;contains
o2396;i35797;contains
o2396;i35798;contains
o2396;i35799;contains
o2396;i35800;contains
o2396;i35801;contains
o2396;i35802;contains
o2396;i35803;contains
o2396;i35804;contains
o2396;i35805;contains
o2396;i35806;contains
o2396;i35807;contains
o2396;i35808;contains
o2396;i35809;contains
o2396;i35810;contains
o2396;i35811;contains
o2396;i35812;contains
o2396;i35813;contains
o2396;i35814;contains
o2397;i35815;contains
o2397;i35816;contains
o2397;i35817;contains
o2397;i35818;contains
o2397;i35819;contains
o2397;i35820;contains
o2397;i35821;contains
o2397;i35822;contains
o2397;i35823;contains
o2397;i35824;contains
o2397;i35825;contains
o2397;i35826;contains
o2397;i35827;contains
o2397;i35828;contains
o2397;i35829;contains
o2397;i35830;contains
o2397;i35831;contains
o2397;i35832;contains
o2397;i35833;contains
o2397;i35834;contains
o2397;i35835;contains
o2397;i35836;contains
o2397;i35837;contains
o2397;i35838;contains
o2397;i35839;contains
o2397;i35840;contains
o2397;i35841;contains
o2397;i35842;contains
o2397;i35843;contains
o2397;i35844;contains
o2397;i35845;contains
o2397;i35846;contains
o2397;i35847;contains
o2398;i35848;contains
o2398;i35849;contains
o2398;i35850;contains
o2398;i35851;contains
o2398;i35852;contains
o2398;i35853;contains
o2398;i35854;contains
o2398;i35855;contains
o2398;i35856;contains
o2398;i35857;contains
o2398;i35858;contains
o2398;i35859;contains
o2398;i35860;contains
o2398;i35861;contains
o2398;i35862;contains
o2398;i35863;contains
o2398;i35864;contains
o2398;i35865;contains
o2398;i35866;contains
o2398;i35867;contains
o2398;i35868;contains
o2398;i35869;contains
o2399;i35870;contains
o2399;i35871;contains
o2399;i35872;contains
o2399;i35873;contains
o2399;i35874;contains
o2399;i35875;contains
o2399;i35876;contains
o2399;i35877;contains
o2399;i35878;contains
o2399;i35879;contains
o2399;i35880;contains
o2399;i35881;contains
o2399;i35882;contains
o2399;i35883;contains
o2399;i35884;contains
o2399;i35885;contains
o2399;i35886;contains
o2399;i35887;contains
o2399;i35888;contains
o2399;i35889;contains
o2399;i35890;contains
o2399;i35891;contains
o2399;i35892;contains
o2399;i35893;contains
o2399;i35894;contains
o2399;i35895;contains
o2399;i35896;contains
o2399;i35897;contains
o2399;i35898;contains
o2399;i35899;contains
o2399;i35900;contains
o2400;i35901;contains
o2400;i35902;contains
o2400;i35903;contains
o2400;i35904;contains
o2400;i35905;contains
o2400;i35906;contains
o2400;i35907;contains
o2400;i35908;contains
o2400;i35909;contains
o2400;i35910;contains
o2400;i35911;contains
o2400;i35912;contains
o2400;i35913;contains
o2400;i35914;contains
o2400;i35915;contains
o2400;i35916;contains
o2400;i35917;contains
o2400;i35918;contains
o2400;i35919;contains
o2400;i35920;contains
o2400;i35921;contains
o2400;i35922;contains
o2400;i35923;contains
o2400;i35924;contains
o2400;i35925;contains
o2400;i35926;contains
o2400;i35927;contains
o2400;i35928;contains
o2400;i35929;contains
o2400;i35930;contains
o2401;i35931;contains
o2401;i35932;contains
o2401;i35933;contains
o2401;i35934;contains
o2401;i35935;contains
o2401;i35936;contains
o2401;i35937;contains
o2401;i35938;contains
o2401;i35939;contains
o2401;i35940;contains
o2401;i35941;contains
o2401;i35942;contains
o2401;i35943;contains
o2401;i35944;contains
o2401;i35945;contains
o2401;i35946;contains
o2401;i35947;contains
o2401;i35948;contains
o2401;i35949;contains
o2401;i35950;contains
o2402;i35951;contains
o2402;i35952;contains
o2402;i35953;contains
o2402;i35954;contains
o2402;i35955;contains
o2402;i35956;contains
o2402;i35957;contains
o2402;i35958;contains
o2402;i35959;contains
o2402;i35960;contains
o2402;i35961;contains
o2402;i35962;contains
o2402;i35963;contains
o2402;i35964;contains
o2402;i35965;contains
o2402;i35966;contains
o2402;i35967;contains
o2402;i35968;contains
o2402;i35969;contains
o2402;i35970;contains
o2402;i35971;contains
o2402;i35972;contains
o2403;i35973;contains
o2403;i35974;contains
o2403;i35975;contains
o2403;i35976;contains
o2403;i35977;contains
o2403;i35978;contains
o2403;i35979;contains
o2403;i35980;contains
o2403;i35981;contains
o2403;i35982;contains
o2403;i35983;contains
o2403;i35984;contains
o2403;i35985;contains
o2403;i35986;contains
o2403;i35987;contains
o2403;i35988;contains
o2403;i35989;contains
o2403;i35990;contains
o2403;i35991;contains
o2403;i35992;contains
o2403;i35993;contains
o2403;i35994;contains
o2403;i35995;contains
o2403;i35996;contains
o2403;i35997;contains
o2403;i35998;contains
o2403;i35999;contains
o2403;i36000;contains
o2403;i36001;contains
o2403;i36002;contains
o2404;i36003;contains
o2404;i36004;contains
o2404;i36005;contains
o2404;i36006;contains
o2404;i36007;contains
o2404;i36008;contains
o2404;i36009;contains
o2404;i36010;contains
o2404;i36011;contains
o2404;i36012;contains
o2404;i36013;contains
o2404;i36014;contains
o2404;i36015;contains
o2404;i36016;contains
o2404;i36017;contains
o2404;i36018;contains
o2404;i36019;contains
o2404;i36020;contains
o2404;i36021;contains
o2404;i36022;contains
o2404;i36023;contains
o2404;i36024;contains
o2404;i36025;contains
o2404;i36026;contains
o2404;i36027;contains
o2404;i36028;contains
o2404;i36029;contains
o2404;i36030;contains
o2404;i36031;contains
o2404;i36032;contains
o2404;i36033;contains
o2404;i36034;contains
o2404;i36035;contains
o2404;i36036;contains
o2404;i36037;contains
o2404;i36038;contains
o2404;i36039;contains
o2404;i36040;contains
o2404;i36041;contains
o2404;i36042;contains
o2404;i36043;contains
o2405;i36044;contains
o2405;i36045;contains
o2405;i36046;contains
o2405;i36047;contains
o2405;i36048;contains
o2405;i36049;contains
o2405;i36050;contains
o2405;i36051;contains
o2405;i36052;contains
o2405;i36053;contains
o2405;i36054;contains
o2405;i36055;contains
o2405;i36056;contains
o2405;i36057;contains
o2405;i36058;contains
o2405;i36059;contains
o2405;i36060;contains
o2405;i36061;contains
o2405;i36062;contains
o2405;i36063;contains
o2405;i36064;contains
o2405;i36065;contains
o2405;i36066;contains
o2405;i36067;contains
o2405;i36068;contains
o2405;i36069;contains
o2405;i36070;contains
o2405;i36071;contains
o2405;i36072;contains
o2405;i36073;contains
o2405;i36074;contains
o2406;i36075;contains
o2406;i36076;contains
o2406;i36077;contains
o2406;i36078;contains
o2406;i36079;contains
o2406;i36080;contains
o2406;i36081;contains
o2406;i36082;contains
o2406;i36083;contains
o2406;i36084;contains
o2406;i36085;contains
o2406;i36086;contains
o2406;i36087;contains
o2406;i36088;contains
o2406;i36089;contains
o2406;i36090;contains
o2406;i36091;contains
o2406;i36092;contains
o2406;i36093;contains
o2406;i36094;contains
o2406;i36095;contains
o2406;i36096;contains
o2406;i36097;contains
o2406;i36098;contains
o2406;i36099;contains
o2406;i36100;contains
o2406;i36101;contains
o2407;i36102;contains
o2407;i36103;contains
o2407;i36104;contains
o2407;i36105;contains
o2407;i36106;contains
o2407;i36107;contains
o2407;i36108;contains
o2407;i36109;contains
o2407;i36110;contains
o2407;i36111;contains
o2407;i36112;contains
o2407;i36113;contains
o2407;i36114;contains
o2407;i36115;contains
o2407;i36116;contains
o2407;i36117;contains
o2407;i36118;contains
o2407;i36119;contains
o2407;i36120;contains
o2407;i36121;contains
o2407;i36122;contains
o2407;i36123;contains
o2407;i36124;contains
o2407;i36125;contains
o2407;i36126;contains
o2407;i36127;contains
o2407;i36128;contains
o2408;i36129;contains
o2408;i36130;contains
o2408;i36131;contains
o2408;i36132;contains
o2408;i36133;contains
o2408;i36134;contains
o2408;i36135;contains
o2408;i36136;contains
o2408;i36137;contains
o2408;i36138;contains
o2408;i36139;contains
o2408;i36140;contains
o2408;i36141;contains
o2408;i36142;contains
o2408;i36143;contains
o2408;i36144;contains
o2408;i36145;contains
o2408;i36146;contains
o2408;i36147;contains
o2408;i36148;contains
o2408;i36149;contains
o2408;i36150;contains
o2408;i36151;contains
o2408;i36152;contains
o2408;i36153;contains
o2408;i36154;contains
o2408;i36155;contains
o2408;i36156;contains
o2409;i36157;contains
o2409;i36158;contains
o2409;i36159;contains
o2409;i36160;contains
o2409;i36161;contains
o2409;i36162;contains
o2409;i36163;contains
o2409;i36164;contains
o2409;i36165;contains
o2409;i36166;contains
o2409;i36167;contains
o2409;i36168;contains
o2409;i36169;contains
o2409;i36170;contains
o2409;i36171;contains
o2409;i36172;contains
o2409;i36173;contains
o2409;i36174;contains
o2409;i36175;contains
o2409;i36176;contains
o2409;i36177;contains
o2410;i36178;contains
o2410;i36179;contains
o2410;i36180;contains
o2410;i36181;contains
o2410;i36182;contains
o2410;i36183;contains
o2410;i36184;contains
o2410;i36185;contains
o2410;i36186;contains
o2410;i36187;contains
o2410;i36188;contains
o2410;i36189;contains
o2410;i36190;contains
o2410;i36191;contains
o2410;i36192;contains
o2410;i36193;contains
o2410;i36194;contains
o2410;i36195;contains
o2410;i36196;contains
o2410;i36197;contains
o2410;i36198;contains
o2410;i36199;contains
o2410;i36200;contains
o2410;i36201;contains
o2410;i36202;contains
o2410;i36203;contains
o2410;i36204;contains
o2410;i36205;contains
o2410;i36206;contains
o2410;i36207;contains
o2410;i36208;contains
o2410;i36209;contains
o2410;i36210;contains
o2410;i36211;contains
o2410;i36212;contains
o2410;i36213;contains
o2410;i36214;contains
o2410;i36215;contains
o2410;i36216;contains
o2411;i36217;contains
o2411;i36218;contains
o2411;i36219;contains
o2411;i36220;contains
o2411;i36221;contains
o2411;i36222;contains
o2411;i36223;contains
o2411;i36224;contains
o2411;i36225;contains
o2411;i36226;contains
o2411;i36227;contains
o2411;i36228;contains
o2411;i36229;contains
o2411;i36230;contains
o2411;i36231;contains
o2411;i36232;contains
o2411;i36233;contains
o2411;i36234;contains
o2411;i36235;contains
o2411;i36236;contains
o2411;i36237;contains
o2411;i36238;contains
o2411;i36239;contains
o2411;i36240;contains
o2411;i36241;contains
o2411;i36242;contains
o2411;i36243;contains
o2411;i36244;contains
o2411;i36245;contains
o2411;i36246;contains
o2411;i36247;contains
o2411;i36248;contains
o2411;i36249;contains
o2411;i36250;contains
o2412;i36251;contains
o2412;i36252;contains
o2412;i36253;contains
o2412;i36254;contains
o2412;i36255;contains
o2412;i36256;contains
o2412;i36257;contains
o2412;i36258;contains
o2412;i36259;contains
o2412;i36260;contains
o2412;i36261;contains
o2412;i36262;contains
o2412;i36263;contains
o2412;i36264;contains
o2412;i36265;contains
o2412;i36266;contains
o2412;i36267;contains
o2412;i36268;contains
o2412;i36269;contains
o2412;i36270;contains
o2412;i36271;contains
o2412;i36272;contains
o2412;i36273;contains
o2412;i36274;contains
o2412;i36275;contains
o2412;i36276;contains
o2412;i36277;contains
o2412;i36278;contains
o2412;i36279;contains
o2412;i36280;contains
o2412;i36281;contains
o2412;i36282;contains
o2412;i36283;contains
o2412;i36284;contains
o2412;i36285;contains
o2412;i36286;contains
o2413;i36287;contains
o2413;i36288;contains
o2413;i36289;contains
o2413;i36290;contains
o2413;i36291;contains
o2413;i36292;contains
o2413;i36293;contains
o2413;i36294;contains
o2413;i36295;contains
o2413;i36296;contains
o2413;i36297;contains
o2413;i36298;contains
o2413;i36299;contains
o2413;i36300;contains
o2413;i36301;contains
o2413;i36302;contains
o2413;i36303;contains
o2413;i36304;contains
o2413;i36305;contains
o2413;i36306;contains
o2413;i36307;contains
o2413;i36308;contains
o2413;i36309;contains
o2413;i36310;contains
o2413;i36311;contains
o2414;i36312;contains
o2414;i36313;contains
o2414;i36314;contains
o2414;i36315;contains
o2414;i36316;contains
o2414;i36317;contains
o2414;i36318;contains
o2414;i36319;contains
o2414;i36320;contains
o2414;i36321;contains
o2414;i36322;contains
o2414;i36323;contains
o2414;i36324;contains
o2414;i36325;contains
o2414;i36326;contains
o2414;i36327;contains
o2414;i36328;contains
o2414;i36329;contains
o2414;i36330;contains
o2414;i36331;contains
o2414;i36332;contains
o2414;i36333;contains
o2414;i36334;contains
o2414;i36335;contains
o2414;i36336;contains
o2414;i36337;contains
o2414;i36338;contains
o2415;i36339;contains
o2415;i36340;contains
o2415;i36341;contains
o2415;i36342;contains
o2415;i36343;contains
o2415;i36344;contains
o2415;i36345;contains
o2415;i36346;contains
o2415;i36347;contains
o2415;i36348;contains
o2415;i36349;contains
o2415;i36350;contains
o2415;i36351;contains
o2415;i36352;contains
o2415;i36353;contains
o2415;i36354;contains
o2415;i36355;contains
o2415;i36356;contains
o2415;i36357;contains
o2415;i36358;contains
o2415;i36359;contains
o2415;i36360;contains
o2415;i36361;contains
o2415;i36362;contains
o2415;i36363;contains
o2415;i36364;contains
o2415;i36365;contains
o2415;i36366;contains
o2415;i36367;contains
o2416;i36368;contains
o2416;i36369;contains
o2416;i36370;contains
o2416;i36371;contains
o2416;i36372;contains
o2416;i36373;contains
o2416;i36374;contains
o2416;i36375;contains
o2416;i36376;contains
o2416;i36377;contains
o2416;i36378;contains
o2416;i36379;contains
o2416;i36380;contains
o2416;i36381;contains
o2416;i36382;contains
o2416;i36383;contains
o2416;i36384;contains
o2416;i36385;contains
o2416;i36386;contains
o2416;i36387;contains
o2416;i36388;contains
o2417;i36389;contains
o2417;i36390;contains
o2417;i36391;contains
o2417;i36392;contains
o2417;i36393;contains
o2417;i36394;contains
o2417;i36395;contains
o2417;i36396;contains
o2417;i36397;contains
o2417;i36398;contains
o2417;i36399;contains
o2417;i36400;contains
o2417;i36401;contains
o2417;i36402;contains
o2417;i36403;contains
o2417;i36404;contains
o2417;i36405;contains
o2417;i36406;contains
o2417;i36407;contains
o2417;i36408;contains
o2417;i36409;contains
o2417;i36410;contains
o2417;i36411;contains
o2417;i36412;contains
o2417;i36413;contains
o2417;i36414;contains
o2417;i36415;contains
o2417;i36416;contains
o2417;i36417;contains
o2417;i36418;contains
o2418;i36419;contains
o2418;i36420;contains
o2418;i36421;contains
o2418;i36422;contains
o2418;i36423;contains
o2418;i36424;contains
o2418;i36425;contains
o2418;i36426;contains
o2418;i36427;contains
o2418;i36428;contains
o2418;i36429;contains
o2418;i36430;contains
o2418;i36431;contains
o2418;i36432;contains
o2418;i36433;contains
o2418;i36434;contains
o2418;i36435;contains
o2418;i36436;contains
o2418;i36437;contains
o2418;i36438;contains
o2418;i36439;contains
o2418;i36440;contains
o2418;i36441;contains
o2418;i36442;contains
o2418;i36443;contains
o2418;i36444;contains
o2418;i36445;contains
o2418;i36446;contains
o2419;i36447;contains
o2419;i36448;contains
o2419;i36449;contains
o2419;i36450;contains
o2419;i36451;contains
o2419;i36452;contains
o2419;i36453;contains
o2419;i36454;contains
o2419;i36455;contains
o2419;i36456;contains
o2419;i36457;contains
o2419;i36458;contains
o2419;i36459;contains
o2419;i36460;contains
o2419;i36461;contains
o2419;i36462;contains
o2419;i36463;contains
o2419;i36464;contains
o2419;i36465;contains
o2419;i36466;contains
o2419;i36467;contains
o2419;i36468;contains
o2419;i36469;contains
o2420;i36470;contains
o2420;i36471;contains
o2420;i36472;contains
o2420;i36473;contains
o2420;i36474;contains
o2420;i36475;contains
o2420;i36476;contains
o2420;i36477;contains
o2420;i36478;contains
o2420;i36479;contains
o2420;i36480;contains
o2420;i36481;contains
o2420;i36482;contains
o2420;i36483;contains
o2420;i36484;contains
o2420;i36485;contains
o2420;i36486;contains
o2420;i36487;contains
o2420;i36488;contains
o2420;i36489;contains
o2420;i36490;contains
o2420;i36491;contains
o2420;i36492;contains
o2420;i36493;contains
o2420;i36494;contains
o2420;i36495;contains
o2420;i36496;contains
o2420;i36497;contains
o2420;i36498;contains
o2420;i36499;contains
o2421;i36500;contains
o2421;i36501;contains
o2421;i36502;contains
o2421;i36503;contains
o2421;i36504;contains
o2421;i36505;contains
o2421;i36506;contains
o2421;i36507;contains
o2421;i36508;contains
o2421;i36509;contains
o2421;i36510;contains
o2421;i36511;contains
o2421;i36512;contains
o2421;i36513;contains
o2421;i36514;contains
o2421;i36515;contains
o2421;i36516;contains
o2421;i36517;contains
o2421;i36518;contains
o2421;i36519;contains
o2421;i36520;contains
o2421;i36521;contains
o2421;i36522;contains
o2421;i36523;contains
o2421;i36524;contains
o2421;i36525;contains
o2421;i36526;contains
o2421;i36527;contains
o2421;i36528;contains
o2421;i36529;contains
o2421;i36530;contains
o2421;i36531;contains
o2421;i36532;contains
o2421;i36533;contains
o2421;i36534;contains
o2422;i36535;contains
o2422;i36536;contains
o2422;i36537;contains
o2422;i36538;contains
o2422;i36539;contains
o2422;i36540;contains
o2422;i36541;contains
o2422;i36542;contains
o2422;i36543;contains
o2422;i36544;contains
o2422;i36545;contains
o2422;i36546;contains
o2422;i36547;contains
o2422;i36548;contains
o2422;i36549;contains
o2422;i36550;contains
o2422;i36551;contains
o2422;i36552;contains
o2422;i36553;contains
o2422;i36554;contains
o2422;i36555;contains
o2422;i36556;contains
o2422;i36557;contains
o2422;i36558;contains
o2422;i36559;contains
o2423;i36560;contains
o2423;i36561;contains
o2423;i36562;contains
o2423;i36563;contains
o2423;i36564;contains
o2423;i36565;contains
o2423;i36566;contains
o2423;i36567;contains
o2423;i36568;contains
o2423;i36569;contains
o2423;i36570;contains
o2423;i36571;contains
o2423;i36572;contains
o2423;i36573;contains
o2423;i36574;contains
o2423;i36575;contains
o2423;i36576;contains
o2423;i36577;contains
o2423;i36578;contains
o2423;i36579;contains
o2423;i36580;contains
o2423;i36581;contains
o2423;i36582;contains
o2423;i36583;contains
o2423;i36584;contains
o2423;i36585;contains
o2424;i36586;contains
o2424;i36587;contains
o2424;i36588;contains
o2424;i36589;contains
o2424;i36590;contains
o2424;i36591;contains
o2424;i36592;contains
o2424;i36593;contains
o2424;i36594;contains
o2424;i36595;contains
o2424;i36596;contains
o2424;i36597;contains
o2424;i36598;contains
o2424;i36599;contains
o2424;i36600;contains
o2424;i36601;contains
o2424;i36602;contains
o2424;i36603;contains
o2424;i36604;contains
o2424;i36605;contains
o2424;i36606;contains
o2424;i36607;contains
o2425;i36608;contains
o2425;i36609;contains
o2425;i36610;contains
o2425;i36611;contains
o2425;i36612;contains
o2425;i36613;contains
o2425;i36614;contains
o2425;i36615;contains
o2425;i36616;contains
o2425;i36617;contains
o2425;i36618;contains
o2425;i36619;contains
o2425;i36620;contains
o2425;i36621;contains
o2425;i36622;contains
o2425;i36623;contains
o2425;i36624;contains
o2425;i36625;contains
o2425;i36626;contains
o2425;i36627;contains
o2425;i36628;contains
o2425;i36629;contains
o2425;i36630;contains
o2425;i36631;contains
o2425;i36632;contains
o2425;i36633;contains
o2425;i36634;contains
o2425;i36635;contains
o2425;i36636;contains
o2426;i36637;contains
o2426;i36638;contains
o2426;i36639;contains
o2426;i36640;contains
o2426;i36641;contains
o2426;i36642;contains
o2426;i36643;contains
o2426;i36644;contains
o2426;i36645;contains
o2426;i36646;contains
o2426;i36647;contains
o2426;i36648;contains
o2426;i36649;contains
o2426;i36650;contains
o2426;i36651;contains
o2426;i36652;contains
o2426;i36653;contains
o2426;i36654;contains
o2426;i36655;contains
o2426;i36656;contains
o2426;i36657;contains
o2426;i36658;contains
o2426;i36659;contains
o2426;i36660;contains
o2426;i36661;contains
o2426;i36662;contains
o2426;i36663;contains
o2426;i36664;contains
o2426;i36665;contains
o2426;i36666;contains
o2426;i36667;contains
o2426;i36668;contains
o2426;i36669;contains
o2426;i36670;contains
o2426;i36671;contains
o2426;i36672;contains
o2426;i36673;contains
o2426;i36674;contains
o2426;i36675;contains
o2426;i36676;contains
o2426;i36677;contains
o2427;i36678;contains
o2427;i36679;contains
o2427;i36680;contains
o2427;i36681;contains
o2427;i36682;contains
o2427;i36683;contains
o2427;i36684;contains
o2427;i36685;contains
o2427;i36686;contains
o2427;i36687;contains
o2427;i36688;contains
o2427;i36689;contains
o2427;i36690;contains
o2427;i36691;contains
o2427;i36692;contains
o2427;i36693;contains
o2427;i36694;contains
o2427;i36695;contains
o2427;i36696;contains
o2427;i36697;contains
o2427;i36698;contains
o2427;i36699;contains
o2427;i36700;contains
o2427;i36701;contains
o2427;i36702;contains
o2427;i36703;contains
o2427;i36704;contains
o2427;i36705;contains
o2427;i36706;contains
o2427;i36707;contains
o2427;i36708;contains
o2428;i36709;contains
o2428;i36710;contains
o2428;i36711;contains
o2428;i36712;contains
o2428;i36713;contains
o2428;i36714;contains
o2428;i36715;contains
o2428;i36716;contains
o2428;i36717;contains
o2428;i36718;contains
o2428;i36719;contains
o2428;i36720;contains
o2428;i36721;contains
o2428;i36722;contains
o2428;i36723;contains
o2428;i36724;contains
o2428;i36725;contains
o2428;i36726;contains
o2428;i36727;contains
o2428;i36728;contains
o2428;i36729;contains
o2428;i36730;contains
o2428;i36731;contains
o2428;i36732;contains
o2429;i36733;contains
o2429;i36734;contains
o2429;i36735;contains
o2429;i36736;contains
o2429;i36737;contains
o2429;i36738;contains
o2429;i36739;contains
o2429;i36740;contains
o2429;i36741;contains
o2429;i36742;contains
o2429;i36743;contains
o2429;i36744;contains
o2429;i36745;contains
o2429;i36746;contains
o2429;i36747;contains
o2429;i36748;contains
o2429;i36749;contains
o2429;i36750;contains
o2429;i36751;contains
o2429;i36752;contains
o2429;i36753;contains
o2429;i36754;contains
o2429;i36755;contains
o2429;i36756;contains
o2429;i36757;contains
o2429;i36758;contains
o2429;i36759;contains
o2429;i36760;contains
o2429;i36761;contains
o2430;i36762;contains
o2430;i36763;contains
o2430;i36764;contains
o2430;i36765;contains
o2430;i36766;contains
o2430;i36767;contains
o2430;i36768;contains
o2430;i36769;contains
o2430;i36770;contains
o2430;i36771;contains
o2430;i36772;contains
o2430;i36773;contains
o2430;i36774;contains
o2430;i36775;contains
o2430;i36776;contains
o2430;i36777;contains
o2430;i36778;contains
o2430;i36779;contains
o2430;i36780;contains
o2430;i36781;contains
o2430;i36782;contains
o2430;i36783;contains
o2430;i36784;contains
o2430;i36785;contains
o2430;i36786;contains
o2430;i36787;contains
o2430;i36788;contains
o2430;i36789;contains
o2431;i36790;contains
o2431;i36791;contains
o2431;i36792;contains
o2431;i36793;contains
o2431;i36794;contains
o2431;i36795;contains
o2431;i36796;contains
o2431;i36797;contains
o2431;i36798;contains
o2431;i36799;contains
o2431;i36800;contains
o2431;i36801;contains
o2431;i36802;contains
o2431;i36803;contains
o2431;i36804;contains
o2431;i36805;contains
o2431;i36806;contains
o2431;i36807;contains
o2431;i36808;contains
o2431;i36809;contains
o2431;i36810;contains
o2431;i36811;contains
o2431;i36812;contains
o2431;i36813;contains
o2432;i36814;contains
o2432;i36815;contains
o2432;i36816;contains
o2432;i36817;contains
o2432;i36818;contains
o2432;i36819;contains
o2432;i36820;contains
o2432;i36821;contains
o2432;i36822;contains
o2432;i36823;contains
o2432;i36824;contains
o2432;i36825;contains
o2432;i36826;contains
o2432;i36827;contains
o2432;i36828;contains
o2432;i36829;contains
o2432;i36830;contains
o2432;i36831;contains
o2432;i36832;contains
o2432;i36833;contains
o2432;i36834;contains
o2432;i36835;contains
o2432;i36836;contains
o2432;i36837;contains
o2432;i36838;contains
o2432;i36839;contains
o2432;i36840;contains
o2432;i36841;contains
o2432;i36842;contains
o2432;i36843;contains
o2432;i36844;contains
o2433;i36845;contains
o2433;i36846;contains
o2433;i36847;contains
o2433;i36848;contains
o2433;i36849;contains
o2433;i36850;contains
o2433;i36851;contains
o2433;i36852;contains
o2433;i36853;contains
o2433;i36854;contains
o2433;i36855;contains
o2433;i36856;contains
o2433;i36857;contains
o2433;i36858;contains
o2433;i36859;contains
o2433;i36860;contains
o2433;i36861;contains
o2433;i36862;contains
o2433;i36863;contains
o2433;i36864;contains
o2433;i36865;contains
o2433;i36866;contains
o2433;i36867;contains
o2433;i36868;contains
o2433;i36869;contains
o2433;i36870;contains
o2433;i36871;contains
o2433;i36872;contains
o2433;i36873;contains
o2434;i36874;contains
o2434;i36875;contains
o2434;i36876;contains
o2434;i36877;contains
o2434;i36878;contains
o2434;i36879;contains
o2434;i36880;contains
o2434;i36881;contains
o2434;i36882;contains
o2434;i36883;contains
o2434;i36884;contains
o2434;i36885;contains
o2434;i36886;contains
o2434;i36887;contains
o2434;i36888;contains
o2434;i36889;contains
o2434;i36890;contains
o2434;i36891;contains
o2434;i36892;contains
o2434;i36893;contains
o2434;i36894;contains
o2435;i36895;contains
o2435;i36896;contains
o2435;i36897;contains
o2435;i36898;contains
o2435;i36899;contains
o2435;i36900;contains
o2435;i36901;contains
o2435;i36902;contains
o2435;i36903;contains
o2435;i36904;contains
o2435;i36905;contains
o2435;i36906;contains
o2435;i36907;contains
o2435;i36908;contains
o2435;i36909;contains
o2435;i36910;contains
o2435;i36911;contains
o2435;i36912;contains
o2435;i36913;contains
o2435;i36914;contains
o2435;i36915;contains
o2435;i36916;contains
o2435;i36917;contains
o2435;i36918;contains
o2435;i36919;contains
o2435;i36920;contains
o2435;i36921;contains
o2435;i36922;contains
o2435;i36923;contains
o2435;i36924;contains
o2435;i36925;contains
o2435;i36926;contains
o2435;i36927;contains
o2435;i36928;contains
o2435;i36929;contains
o2435;i36930;contains
o2435;i36931;contains
o2436;i36932;contains
o2436;i36933;contains
o2436;i36934;contains
o2436;i36935;contains
o2436;i36936;contains
o2436;i36937;contains
o2436;i36938;contains
o2436;i36939;contains
o2436;i36940;contains
o2436;i36941;contains
o2436;i36942;contains
o2436;i36943;contains
o2436;i36944;contains
o2436;i36945;contains
o2436;i36946;contains
o2436;i36947;contains
o2436;i36948;contains
o2436;i36949;contains
o2436;i36950;contains
o2436;i36951;contains
o2436;i36952;contains
o2436;i36953;contains
o2436;i36954;contains
o2436;i36955;contains
o2436;i36956;contains
o2436;i36957;contains
o2436;i36958;contains
o2436;i36959;contains
o2436;i36960;contains
o2436;i36961;contains
o2436;i36962;contains
o2436;i36963;contains
o2436;i36964;contains
o2436;i36965;contains
o2436;i36966;contains
o2437;i36967;contains
o2437;i36968;contains
o2437;i36969;contains
o2437;i36970;contains
o2437;i36971;contains
o2437;i36972;contains
o2437;i36973;contains
o2437;i36974;contains
o2437;i36975;contains
o2437;i36976;contains
o2437;i36977;contains
o2437;i36978;contains
o2437;i36979;contains
o2437;i36980;contains
o2437;i36981;contains
o2437;i36982;contains
o2437;i36983;contains
o2437;i36984;contains
o2437;i36985;contains
o2437;i36986;contains
o2437;i36987;contains
o2437;i36988;contains
o2437;i36989;contains
o2438;i36990;contains
o2438;i36991;contains
o2438;i36992;contains
o2438;i36993;contains
o2438;i36994;contains
o2438;i36995;contains
o2438;i36996;contains
o2438;i36997;contains
o2438;i36998;contains
o2438;i36999;contains
o2438;i37000;contains
o2438;i37001;contains
o2438;i37002;contains
o2438;i37003;contains
o2438;i37004;contains
o2438;i37005;contains
o2438;i37006;contains
o2438;i37007;contains
o2438;i37008;contains
o2438;i37009;contains
o2438;i37010;contains
o2438;i37011;contains
o2438;i37012;contains
o2438;i37013;contains
o2438;i37014;contains
o2438;i37015;contains
o2438;i37016;contains
o2438;i37017;contains
o2438;i37018;contains
o2438;i37019;contains
o2438;i37020;contains
o2438;i37021;contains
o2438;i37022;contains
o2438;i37023;contains
o2438;i37024;contains
o2438;i37025;contains
o2438;i37026;contains
o2438;i37027;contains
o2439;i37028;contains
o2439;i37029;contains
o2439;i37030;contains
o2439;i37031;contains
o2439;i37032;contains
o2439;i37033;contains
o2439;i37034;contains
o2439;i37035;contains
o2439;i37036;contains
o2439;i37037;contains
o2439;i37038;contains
o2439;i37039;contains
o2439;i37040;contains
o2439;i37041;contains
o2439;i37042;contains
o2439;i37043;contains
o2439;i37044;contains
o2439;i37045;contains
o2439;i37046;contains
o2439;i37047;contains
o2440;i37048;contains
o2440;i37049;contains
o2440;i37050;contains
o2440;i37051;contains
o2440;i37052;contains
o2440;i37053;contains
o2440;i37054;contains
o2440;i37055;contains
o2440;i37056;contains
o2440;i37057;contains
o2440;i37058;contains
o2440;i37059;contains
o2440;i37060;contains
o2440;i37061;contains
o2440;i37062;contains
o2440;i37063;contains
o2440;i37064;contains
o2440;i37065;contains
o2440;i37066;contains
o2440;i37067;contains
o2440;i37068;contains
o2440;i37069;contains
o2441;i37070;contains
o2441;i37071;contains
o2441;i37072;contains
o2441;i37073;contains
o2441;i37074;contains
o2441;i37075;contains
o2441;i37076;contains
o2441;i37077;contains
o2441;i37078;contains
o2441;i37079;contains
o2441;i37080;contains
o2441;i37081;contains
o2441;i37082;contains
o2441;i37083;contains
o2441;i37084;contains
o2441;i37085;contains
o2441;i37086;contains
o2441;i37087;contains
o2441;i37088;contains
o2441;i37089;contains
o2441;i37090;contains
o2441;i37091;contains
o2441;i37092;contains
o2442;i37093;contains
o2442;i37094;contains
o2442;i37095;contains
o2442;i37096;contains
o2442;i37097;contains
o2442;i37098;contains
o2442;i37099;contains
o2442;i37100;contains
o2442;i37101;contains
o2442;i37102;contains
o2442;i37103;contains
o2442;i37104;contains
o2442;i37105;contains
o2442;i37106;contains
o2442;i37107;contains
o2442;i37108;contains
o2442;i37109;contains
o2442;i37110;contains
o2442;i37111;contains
o2442;i37112;contains
o2442;i37113;contains
o2442;i37114;contains
o2442;i37115;contains
o2443;i37116;contains
o2443;i37117;contains
o2443;i37118;contains
o2443;i37119;contains
o2443;i37120;contains
o2443;i37121;contains
o2443;i37122;contains
o2443;i37123;contains
o2443;i37124;contains
o2443;i37125;contains
o2443;i37126;contains
o2443;i37127;contains
o2443;i37128;contains
o2443;i37129;contains
o2443;i37130;contains
o2443;i37131;contains
o2443;i37132;contains
o2443;i37133;contains
o2443;i37134;contains
o2444;i37135;contains
o2444;i37136;contains
o2444;i37137;contains
o2444;i37138;contains
o2444;i37139;contains
o2444;i37140;contains
o2444;i37141;contains
o2444;i37142;contains
o2444;i37143;contains
o2444;i37144;contains
o2444;i37145;contains
o2444;i37146;contains
o2444;i37147;contains
o2444;i37148;contains
o2444;i37149;contains
o2444;i37150;contains
o2444;i37151;contains
o2444;i37152;contains
o2444;i37153;contains
o2445;i37154;contains
o2445;i37155;contains
o2445;i37156;contains
o2445;i37157;contains
o2445;i37158;contains
o2445;i37159;contains
o2445;i37160;contains
o2445;i37161;contains
o2445;i37162;contains
o2445;i37163;contains
o2445;i37164;contains
o2445;i37165;contains
o2445;i37166;contains
o2445;i37167;contains
o2445;i37168;contains
o2445;i37169;contains
o2445;i37170;contains
o2445;i37171;contains
o2445;i37172;contains
o2445;i37173;contains
o2445;i37174;contains
o2445;i37175;contains
o2445;i37176;contains
o2445;i37177;contains
o2445;i37178;contains
o2445;i37179;contains
o2445;i37180;contains
o2446;i37181;contains
o2446;i37182;contains
o2446;i37183;contains
o2446;i37184;contains
o2446;i37185;contains
o2446;i37186;contains
o2446;i37187;contains
o2446;i37188;contains
o2446;i37189;contains
o2446;i37190;contains
o2446;i37191;contains
o2446;i37192;contains
o2446;i37193;contains
o2446;i37194;contains
o2446;i37195;contains
o2446;i37196;contains
o2446;i37197;contains
o2446;i37198;contains
o2446;i37199;contains
o2446;i37200;contains
o2447;i37201;contains
o2447;i37202;contains
o2447;i37203;contains
o2447;i37204;contains
o2447;i37205;contains
o2447;i37206;contains
o2447;i37207;contains
o2447;i37208;contains
o2447;i37209;contains
o2447;i37210;contains
o2447;i37211;contains
o2447;i37212;contains
o2447;i37213;contains
o2447;i37214;contains
o2447;i37215;contains
o2447;i37216;contains
o2447;i37217;contains
o2447;i37218;contains
o2447;i37219;contains
o2447;i37220;contains
o2447;i37221;contains
o2447;i37222;contains
o2447;i37223;contains
o2447;i37224;contains
o2447;i37225;contains
o2447;i37226;contains
o2447;i37227;contains
o2447;i37228;contains
o2447;i37229;contains
o2448;i37230;contains
o2448;i37231;contains
o2448;i37232;contains
o2448;i37233;contains
o2448;i37234;contains
o2448;i37235;contains
o2448;i37236;contains
o2448;i37237;contains
o2448;i37238;contains
o2448;i37239;contains
o2448;i37240;contains
o2448;i37241;contains
o2448;i37242;contains
o2448;i37243;contains
o2448;i37244;contains
o2448;i37245;contains
o2448;i37246;contains
o2448;i37247;contains
o2448;i37248;contains
o2448;i37249;contains
o2448;i37250;contains
o2448;i37251;contains
o2448;i37252;contains
o2448;i37253;contains
o2448;i37254;contains
o2448;i37255;contains
o2448;i37256;contains
o2448;i37257;contains
o2449;i37258;contains
o2449;i37259;contains
o2449;i37260;contains
o2449;i37261;contains
o2449;i37262;contains
o2449;i37263;contains
o2449;i37264;contains
o2449;i37265;contains
o2449;i37266;contains
o2449;i37267;contains
o2449;i37268;contains
o2449;i37269;contains
o2449;i37270;contains
o2449;i37271;contains
o2449;i37272;contains
o2450;i37273;contains
o2450;i37274;contains
o2450;i37275;contains
o2450;i37276;contains
o2450;i37277;contains
o2450;i37278;contains
o2450;i37279;contains
o2450;i37280;contains
o2450;i37281;contains
o2450;i37282;contains
o2450;i37283;contains
o2450;i37284;contains
o2450;i37285;contains
o2450;i37286;contains
o2450;i37287;contains
o2450;i37288;contains
o2450;i37289;contains
o2450;i37290;contains
o2450;i37291;contains
o2450;i37292;contains
o2450;i37293;contains
o2450;i37294;contains
o2450;i37295;contains
o2450;i37296;contains
o2450;i37297;contains
o2450;i37298;contains
o2450;i37299;contains
o2450;i37300;contains
o2450;i37301;contains
o2450;i37302;contains
o2451;i37303;contains
o2451;i37304;contains
o2451;i37305;contains
o2451;i37306;contains
o2451;i37307;contains
o2451;i37308;contains
o2451;i37309;contains
o2451;i37310;contains
o2451;i37311;contains
o2451;i37312;contains
o2451;i37313;contains
o2451;i37314;contains
o2451;i37315;contains
o2451;i37316;contains
o2451;i37317;contains
o2451;i37318;contains
o2451;i37319;contains
o2451;i37320;contains
o2451;i37321;contains
o2451;i37322;contains
o2451;i37323;contains
o2451;i37324;contains
o2451;i37325;contains
o2452;i37326;contains
o2452;i37327;contains
o2452;i37328;contains
o2452;i37329;contains
o2452;i37330;contains
o2452;i37331;contains
o2452;i37332;contains
o2452;i37333;contains
o2452;i37334;contains
o2452;i37335;contains
o2452;i37336;contains
o2452;i37337;contains
o2452;i37338;contains
o2452;i37339;contains
o2452;i37340;contains
o2452;i37341;contains
o2452;i37342;contains
o2452;i37343;contains
o2452;i37344;contains
o2452;i37345;contains
o2452;i37346;contains
o2453;i37347;contains
o2453;i37348;contains
o2453;i37349;contains
o2453;i37350;contains
o2453;i37351;contains
o2453;i37352;contains
o2453;i37353;contains
o2453;i37354;contains
o2453;i37355;contains
o2453;i37356;contains
o2453;i37357;contains
o2453;i37358;contains
o2453;i37359;contains
o2453;i37360;contains
o2453;i37361;contains
o2453;i37362;contains
o2453;i37363;contains
o2453;i37364;contains
o2453;i37365;contains
o2453;i37366;contains
o2453;i37367;contains
o2453;i37368;contains
o2453;i37369;contains
o2453;i37370;contains
o2453;i37371;contains
o2453;i37372;contains
o2453;i37373;contains
o2453;i37374;contains
o2453;i37375;contains
o2454;i37376;contains
o2454;i37377;contains
o2454;i37378;contains
o2454;i37379;contains
o2454;i37380;contains
o2454;i37381;contains
o2454;i37382;contains
o2454;i37383;contains
o2454;i37384;contains
o2454;i37385;contains
o2454;i37386;contains
o2454;i37387;contains
o2454;i37388;contains
o2454;i37389;contains
o2454;i37390;contains
o2454;i37391;contains
o2454;i37392;contains
o2454;i37393;contains
o2454;i37394;contains
o2454;i37395;contains
o2454;i37396;contains
o2454;i37397;contains
o2454;i37398;contains
o2454;i37399;contains
o2454;i37400;contains
o2454;i37401;contains
o2454;i37402;contains
o2454;i37403;contains
o2454;i37404;contains
o2454;i37405;contains
o2455;i37406;contains
o2455;i37407;contains
o2455;i37408;contains
o2455;i37409;contains
o2455;i37410;contains
o2455;i37411;contains
o2455;i37412;contains
o2455;i37413;contains
o2455;i37414;contains
o2455;i37415;contains
o2455;i37416;contains
o2455;i37417;contains
o2455;i37418;contains
o2455;i37419;contains
o2455;i37420;contains
o2455;i37421;contains
o2455;i37422;contains
o2455;i37423;contains
o2455;i37424;contains
o2455;i37425;contains
o2455;i37426;contains
o2455;i37427;contains
o2455;i37428;contains
o2455;i37429;contains
o2455;i37430;contains
o2456;i37431;contains
o2456;i37432;contains
o2456;i37433;contains
o2456;i37434;contains
o2456;i37435;contains
o2456;i37436;contains
o2456;i37437;contains
o2456;i37438;contains
o2456;i37439;contains
o2456;i37440;contains
o2456;i37441;contains
o2456;i37442;contains
o2456;i37443;contains
o2456;i37444;contains
o2456;i37445;contains
o2456;i37446;contains
o2456;i37447;contains
o2456;i37448;contains
o2456;i37449;contains
o2456;i37450;contains
o2456;i37451;contains
o2457;i37452;contains
o2457;i37453;contains
o2457;i37454;contains
o2457;i37455;contains
o2457;i37456;contains
o2457;i37457;contains
o2457;i37458;contains
o2457;i37459;contains
o2457;i37460;contains
o2457;i37461;contains
o2457;i37462;contains
o2457;i37463;contains
o2457;i37464;contains
o2457;i37465;contains
o2457;i37466;contains
o2457;i37467;contains
o2457;i37468;contains
o2457;i37469;contains
o2457;i37470;contains
o2457;i37471;contains
o2457;i37472;contains
o2457;i37473;contains
o2457;i37474;contains
o2457;i37475;contains
o2457;i37476;contains
o2457;i37477;contains
o2457;i37478;contains
o2457;i37479;contains
o2457;i37480;contains
o2458;i37481;contains
o2458;i37482;contains
o2458;i37483;contains
o2458;i37484;contains
o2458;i37485;contains
o2458;i37486;contains
o2458;i37487;contains
o2458;i37488;contains
o2458;i37489;contains
o2458;i37490;contains
o2458;i37491;contains
o2458;i37492;contains
o2458;i37493;contains
o2458;i37494;contains
o2458;i37495;contains
o2458;i37496;contains
o2458;i37497;contains
o2458;i37498;contains
o2458;i37499;contains
o2458;i37500;contains
o2458;i37501;contains
o2458;i37502;contains
o2458;i37503;contains
o2458;i37504;contains
o2458;i37505;contains
o2458;i37506;contains
o2458;i37507;contains
o2458;i37508;contains
o2458;i37509;contains
o2458;i37510;contains
o2458;i37511;contains
o2458;i37512;contains
o2458;i37513;contains
o2458;i37514;contains
o2458;i37515;contains
o2458;i37516;contains
o2458;i37517;contains
o2459;i37518;contains
o2459;i37519;contains
o2459;i37520;contains
o2459;i37521;contains
o2459;i37522;contains
o2459;i37523;contains
o2459;i37524;contains
o2459;i37525;contains
o2459;i37526;contains
o2459;i37527;contains
o2459;i37528;contains
o2459;i37529;contains
o2459;i37530;contains
o2459;i37531;contains
o2459;i37532;contains
o2459;i37533;contains
o2459;i37534;contains
o2459;i37535;contains
o2459;i37536;contains
o2459;i37537;contains
o2459;i37538;contains
o2459;i37539;contains
o2459;i37540;contains
o2459;i37541;contains
o2459;i37542;contains
o2459;i37543;contains
o2459;i37544;contains
o2459;i37545;contains
o2459;i37546;contains
o2459;i37547;contains
o2459;i37548;contains
o2460;i37549;contains
o2460;i37550;contains
o2460;i37551;contains
o2460;i37552;contains
o2460;i37553;contains
o2460;i37554;contains
o2460;i37555;contains
o2460;i37556;contains
o2460;i37557;contains
o2460;i37558;contains
o2460;i37559;contains
o2460;i37560;contains
o2460;i37561;contains
o2460;i37562;contains
o2460;i37563;contains
o2460;i37564;contains
o2460;i37565;contains
o2460;i37566;contains
o2460;i37567;contains
o2460;i37568;contains
o2460;i37569;contains
o2460;i37570;contains
o2460;i37571;contains
o2460;i37572;contains
o2460;i37573;contains
o2460;i37574;contains
o2460;i37575;contains
o2460;i37576;contains
o2460;i37577;contains
o2460;i37578;contains
o2461;i37579;contains
o2461;i37580;contains
o2461;i37581;contains
o2461;i37582;contains
o2461;i37583;contains
o2461;i37584;contains
o2461;i37585;contains
o2461;i37586;contains
o2461;i37587;contains
o2461;i37588;contains
o2461;i37589;contains
o2461;i37590;contains
o2461;i37591;contains
o2461;i37592;contains
o2461;i37593;contains
o2461;i37594;contains
o2461;i37595;contains
o2461;i37596;contains
o2461;i37597;contains
o2461;i37598;contains
o2461;i37599;contains
o2461;i37600;contains
o2461;i37601;contains
o2461;i37602;contains
o2461;i37603;contains
o2461;i37604;contains
o2462;i37605;contains
o2462;i37606;contains
o2462;i37607;contains
o2462;i37608;contains
o2462;i37609;contains
o2462;i37610;contains
o2462;i37611;contains
o2462;i37612;contains
o2462;i37613;contains
o2462;i37614;contains
o2462;i37615;contains
o2462;i37616;contains
o2462;i37617;contains
o2462;i37618;contains
o2462;i37619;contains
o2462;i37620;contains
o2462;i37621;contains
o2462;i37622;contains
o2462;i37623;contains
o2462;i37624;contains
o2462;i37625;contains
o2462;i37626;contains
o2462;i37627;contains
o2462;i37628;contains
o2462;i37629;contains
o2463;i37630;contains
o2463;i37631;contains
o2463;i37632;contains
o2463;i37633;contains
o2463;i37634;contains
o2463;i37635;contains
o2463;i37636;contains
o2463;i37637;contains
o2463;i37638;contains
o2463;i37639;contains
o2463;i37640;contains
o2463;i37641;contains
o2463;i37642;contains
o2463;i37643;contains
o2463;i37644;contains
o2463;i37645;contains
o2463;i37646;contains
o2463;i37647;contains
o2463;i37648;contains
o2463;i37649;contains
o2464;i37650;contains
o2464;i37651;contains
o2464;i37652;contains
o2464;i37653;contains
o2464;i37654;contains
o2464;i37655;contains
o2464;i37656;contains
o2464;i37657;contains
o2464;i37658;contains
o2464;i37659;contains
o2464;i37660;contains
o2464;i37661;contains
o2464;i37662;contains
o2464;i37663;contains
o2464;i37664;contains
o2464;i37665;contains
o2464;i37666;contains
o2464;i37667;contains
o2464;i37668;contains
o2464;i37669;contains
o2464;i37670;contains
o2464;i37671;contains
o2464;i37672;contains
o2464;i37673;contains
o2465;i37674;contains
o2465;i37675;contains
o2465;i37676;contains
o2465;i37677;contains
o2465;i37678;contains
o2465;i37679;contains
o2465;i37680;contains
o2465;i37681;contains
o2465;i37682;contains
o2465;i37683;contains
o2465;i37684;contains
o2465;i37685;contains
o2465;i37686;contains
o2465;i37687;contains
o2465;i37688;contains
o2465;i37689;contains
o2465;i37690;contains
o2465;i37691;contains
o2465;i37692;contains
o2465;i37693;contains
o2465;i37694;contains
o2465;i37695;contains
o2465;i37696;contains
o2465;i37697;contains
o2465;i37698;contains
o2465;i37699;contains
o2466;i37700;contains
o2466;i37701;contains
o2466;i37702;contains
o2466;i37703;contains
o2466;i37704;contains
o2466;i37705;contains
o2466;i37706;contains
o2466;i37707;contains
o2466;i37708;contains
o2466;i37709;contains
o2466;i37710;contains
o2466;i37711;contains
o2466;i37712;contains
o2466;i37713;contains
o2466;i37714;contains
o2466;i37715;contains
o2466;i37716;contains
o2466;i37717;contains
o2466;i37718;contains
o2466;i37719;contains
o2466;i37720;contains
o2466;i37721;contains
o2466;i37722;contains
o2466;i37723;contains
o2466;i37724;contains
o2466;i37725;contains
o2466;i37726;contains
o2466;i37727;contains
o2466;i37728;contains
o2467;i37729;contains
o2467;i37730;contains
o2467;i37731;contains
o2467;i37732;contains
o2467;i37733;contains
o2467;i37734;contains
o2467;i37735;contains
o2467;i37736;contains
o2467;i37737;contains
o2467;i37738;contains
o2467;i37739;contains
o2467;i37740;contains
o2467;i37741;contains
o2467;i37742;contains
o2467;i37743;contains
o2467;i37744;contains
o2467;i37745;contains
o2467;i37746;contains
o2467;i37747;contains
o2467;i37748;contains
o2467;i37749;contains
o2467;i37750;contains
o2467;i37751;contains
o2467;i37752;contains
o2467;i37753;contains
o2468;i37754;contains
o2468;i37755;contains
o2468;i37756;contains
o2468;i37757;contains
o2468;i37758;contains
o2468;i37759;contains
o2468;i37760;contains
o2468;i37761;contains
o2468;i37762;contains
o2468;i37763;contains
o2468;i37764;contains
o2468;i37765;contains
o2468;i37766;contains
o2468;i37767;contains
o2468;i37768;contains
o2468;i37769;contains
o2468;i37770;contains
o2468;i37771;contains
o2468;i37772;contains
o2468;i37773;contains
o2468;i37774;contains
o2468;i37775;contains
o2468;i37776;contains
o2468;i37777;contains
o2468;i37778;contains
o2468;i37779;contains
o2468;i37780;contains
o2468;i37781;contains
o2469;i37782;contains
o2469;i37783;contains
o2469;i37784;contains
o2469;i37785;contains
o2469;i37786;contains
o2469;i37787;contains
o2469;i37788;contains
o2469;i37789;contains
o2469;i37790;contains
o2469;i37791;contains
o2469;i37792;contains
o2469;i37793;contains
o2469;i37794;contains
o2469;i37795;contains
o2469;i37796;contains
o2469;i37797;contains
o2469;i37798;contains
o2469;i37799;contains
o2469;i37800;contains
o2469;i37801;contains
o2469;i37802;contains
o2469;i37803;contains
o2469;i37804;contains
o2469;i37805;contains
o2470;i37806;contains
o2470;i37807;contains
o2470;i37808;contains
o2470;i37809;contains
o2470;i37810;contains
o2470;i37811;contains
o2470;i37812;contains
o2470;i37813;contains
o2470;i37814;contains
o2470;i37815;contains
o2470;i37816;contains
o2470;i37817;contains
o2470;i37818;contains
o2470;i37819;contains
o2470;i37820;contains
o2470;i37821;contains
o2470;i37822;contains
o2470;i37823;contains
o2470;i37824;contains
o2470;i37825;contains
o2470;i37826;contains
o2470;i37827;contains
o2470;i37828;contains
o2471;i37829;contains
o2471;i37830;contains
o2471;i37831;contains
o2471;i37832;contains
o2471;i37833;contains
o2471;i37834;contains
o2471;i37835;contains
o2471;i37836;contains
o2471;i37837;contains
o2471;i37838;contains
o2471;i37839;contains
o2471;i37840;contains
o2471;i37841;contains
o2471;i37842;contains
o2471;i37843;contains
o2471;i37844;contains
o2471;i37845;contains
o2471;i37846;contains
o2471;i37847;contains
o2471;i37848;contains
o2471;i37849;contains
o2471;i37850;contains
o2471;i37851;contains
o2471;i37852;contains
o2471;i37853;contains
o2471;i37854;contains
o2471;i37855;contains
o2471;i37856;contains
o2472;i37857;contains
o2472;i37858;contains
o2472;i37859;contains
o2472;i37860;contains
o2472;i37861;contains
o2472;i37862;contains
o2472;i37863;contains
o2472;i37864;contains
o2472;i37865;contains
o2472;i37866;contains
o2472;i37867;contains
o2472;i37868;contains
o2472;i37869;contains
o2472;i37870;contains
o2472;i37871;contains
o2472;i37872;contains
o2472;i37873;contains
o2472;i37874;contains
o2472;i37875;contains
o2472;i37876;contains
o2472;i37877;contains
o2472;i37878;contains
o2472;i37879;contains
o2472;i37880;contains
o2472;i37881;contains
o2472;i37882;contains
o2472;i37883;contains
o2472;i37884;contains
o2472;i37885;contains
o2473;i37886;contains
o2473;i37887;contains
o2473;i37888;contains
o2473;i37889;contains
o2473;i37890;contains
o2473;i37891;contains
o2473;i37892;contains
o2473;i37893;contains
o2473;i37894;contains
o2473;i37895;contains
o2473;i37896;contains
o2473;i37897;contains
o2473;i37898;contains
o2473;i37899;contains
o2473;i37900;contains
o2473;i37901;contains
o2473;i37902;contains
o2473;i37903;contains
o2473;i37904;contains
o2473;i37905;contains
o2473;i37906;contains
o2473;i37907;contains
o2473;i37908;contains
o2473;i37909;contains
o2473;i37910;contains
o2473;i37911;contains
o2473;i37912;contains
o2473;i37913;contains
o2473;i37914;contains
o2474;i37915;contains
o2474;i37916;contains
o2474;i37917;contains
o2474;i37918;contains
o2474;i37919;contains
o2474;i37920;contains
o2474;i37921;contains
o2474;i37922;contains
o2474;i37923;contains
o2474;i37924;contains
o2474;i37925;contains
o2474;i37926;contains
o2474;i37927;contains
o2474;i37928;contains
o2474;i37929;contains
o2474;i37930;contains
o2474;i37931;contains
o2474;i37932;contains
o2474;i37933;contains
o2474;i37934;contains
o2474;i37935;contains
o2474;i37936;contains
o2474;i37937;contains
o2474;i37938;contains
o2474;i37939;contains
o2474;i37940;contains
o2474;i37941;contains
o2474;i37942;contains
o2474;i37943;contains
o2474;i37944;contains
o2475;i37945;contains
o2475;i37946;contains
o2475;i37947;contains
o2475;i37948;contains
o2475;i37949;contains
o2475;i37950;contains
o2475;i37951;contains
o2475;i37952;contains
o2475;i37953;contains
o2475;i37954;contains
o2475;i37955;contains
o2475;i37956;contains
o2475;i37957;contains
o2475;i37958;contains
o2475;i37959;contains
o2475;i37960;contains
o2475;i37961;contains
o2475;i37962;contains
o2475;i37963;contains
o2475;i37964;contains
o2475;i37965;contains
o2475;i37966;contains
o2475;i37967;contains
o2475;i37968;contains
o2475;i37969;contains
o2475;i37970;contains
o2475;i37971;contains
o2475;i37972;contains
o2475;i37973;contains
o2475;i37974;contains
o2475;i37975;contains
o2475;i37976;contains
o2476;i37977;contains
o2476;i37978;contains
o2476;i37979;contains
o2476;i37980;contains
o2476;i37981;contains
o2476;i37982;contains
o2476;i37983;contains
o2476;i37984;contains
o2476;i37985;contains
o2476;i37986;contains
o2476;i37987;contains
o2476;i37988;contains
o2476;i37989;contains
o2476;i37990;contains
o2476;i37991;contains
o2476;i37992;contains
o2476;i37993;contains
o2476;i37994;contains
o2476;i37995;contains
o2476;i37996;contains
o2476;i37997;contains
o2476;i37998;contains
o2476;i37999;contains
o2476;i38000;contains
o2476;i38001;contains
o2477;i38002;contains
o2477;i38003;contains
o2477;i38004;contains
o2477;i38005;contains
o2477;i38006;contains
o2477;i38007;contains
o2477;i38008;contains
o2477;i38009;contains
o2477;i38010;contains
o2477;i38011;contains
o2477;i38012;contains
o2477;i38013;contains
o2477;i38014;contains
o2477;i38015;contains
o2477;i38016;contains
o2477;i38017;contains
o2477;i38018;contains
o2477;i38019;contains
o2477;i38020;contains
o2477;i38021;contains
o2477;i38022;contains
o2477;i38023;contains
o2477;i38024;contains
o2477;i38025;contains
o2477;i38026;contains
o2477;i38027;contains
o2477;i38028;contains
o2477;i38029;contains
o2477;i38030;contains
o2477;i38031;contains
o2477;i38032;contains
o2477;i38033;contains
o2477;i38034;contains
o2478;i38035;contains
o2478;i38036;contains
o2478;i38037;contains
o2478;i38038;contains
o2478;i38039;contains
o2478;i38040;contains
o2478;i38041;contains
o2478;i38042;contains
o2478;i38043;contains
o2478;i38044;contains
o2478;i38045;contains
o2478;i38046;contains
o2478;i38047;contains
o2478;i38048;contains
o2478;i38049;contains
o2478;i38050;contains
o2478;i38051;contains
o2478;i38052;contains
o2478;i38053;contains
o2478;i38054;contains
o2478;i38055;contains
o2478;i38056;contains
o2478;i38057;contains
o2478;i38058;contains
o2478;i38059;contains
o2478;i38060;contains
o2478;i38061;contains
o2478;i38062;contains
o2479;i38063;contains
o2479;i38064;contains
o2479;i38065;contains
o2479;i38066;contains
o2479;i38067;contains
o2479;i38068;contains
o2479;i38069;contains
o2479;i38070;contains
o2479;i38071;contains
o2479;i38072;contains
o2479;i38073;contains
o2479;i38074;contains
o2479;i38075;contains
o2479;i38076;contains
o2479;i38077;contains
o2479;i38078;contains
o2479;i38079;contains
o2479;i38080;contains
o2479;i38081;contains
o2479;i38082;contains
o2479;i38083;contains
o2479;i38084;contains
o2479;i38085;contains
o2479;i38086;contains
o2479;i38087;contains
o2479;i38088;contains
o2480;i38089;contains
o2480;i38090;contains
o2480;i38091;contains
o2480;i38092;contains
o2480;i38093;contains
o2480;i38094;contains
o2480;i38095;contains
o2480;i38096;contains
o2480;i38097;contains
o2480;i38098;contains
o2480;i38099;contains
o2480;i38100;contains
o2480;i38101;contains
o2480;i38102;contains
o2480;i38103;contains
o2480;i38104;contains
o2480;i38105;contains
o2480;i38106;contains
o2480;i38107;contains
o2480;i38108;contains
o2480;i38109;contains
o2480;i38110;contains
o2480;i38111;contains
o2480;i38112;contains
o2480;i38113;contains
o2480;i38114;contains
o2480;i38115;contains
o2480;i38116;contains
o2481;i38117;contains
o2481;i38118;contains
o2481;i38119;contains
o2481;i38120;contains
o2481;i38121;contains
o2481;i38122;contains
o2481;i38123;contains
o2481;i38124;contains
o2481;i38125;contains
o2481;i38126;contains
o2481;i38127;contains
o2481;i38128;contains
o2481;i38129;contains
o2481;i38130;contains
o2481;i38131;contains
o2481;i38132;contains
o2481;i38133;contains
o2481;i38134;contains
o2481;i38135;contains
o2481;i38136;contains
o2481;i38137;contains
o2481;i38138;contains
o2481;i38139;contains
o2481;i38140;contains
o2481;i38141;contains
o2481;i38142;contains
o2481;i38143;contains
o2481;i38144;contains
o2481;i38145;contains
o2481;i38146;contains
o2481;i38147;contains
o2481;i38148;contains
o2481;i38149;contains
o2481;i38150;contains
o2481;i38151;contains
o2481;i38152;contains
o2481;i38153;contains
o2482;i38154;contains
o2482;i38155;contains
o2482;i38156;contains
o2482;i38157;contains
o2482;i38158;contains
o2482;i38159;contains
o2482;i38160;contains
o2482;i38161;contains
o2482;i38162;contains
o2482;i38163;contains
o2482;i38164;contains
o2482;i38165;contains
o2482;i38166;contains
o2482;i38167;contains
o2482;i38168;contains
o2482;i38169;contains
o2482;i38170;contains
o2482;i38171;contains
o2482;i38172;contains
o2482;i38173;contains
o2482;i38174;contains
o2482;i38175;contains
o2482;i38176;contains
o2482;i38177;contains
o2482;i38178;contains
o2482;i38179;contains
o2482;i38180;contains
o2482;i38181;contains
o2482;i38182;contains
o2482;i38183;contains
o2482;i38184;contains
o2483;i38185;contains
o2483;i38186;contains
o2483;i38187;contains
o2483;i38188;contains
o2483;i38189;contains
o2483;i38190;contains
o2483;i38191;contains
o2483;i38192;contains
o2483;i38193;contains
o2483;i38194;contains
o2483;i38195;contains
o2483;i38196;contains
o2483;i38197;contains
o2483;i38198;contains
o2483;i38199;contains
o2483;i38200;contains
o2483;i38201;contains
o2483;i38202;contains
o2483;i38203;contains
o2483;i38204;contains
o2483;i38205;contains
o2483;i38206;contains
o2483;i38207;contains
o2483;i38208;contains
o2483;i38209;contains
o2483;i38210;contains
o2483;i38211;contains
o2483;i38212;contains
o2483;i38213;contains
o2483;i38214;contains
o2483;i38215;contains
o2483;i38216;contains
o2484;i38217;contains
o2484;i38218;contains
o2484;i38219;contains
o2484;i38220;contains
o2484;i38221;contains
o2484;i38222;contains
o2484;i38223;contains
o2484;i38224;contains
o2484;i38225;contains
o2484;i38226;contains
o2484;i38227;contains
o2484;i38228;contains
o2484;i38229;contains
o2484;i38230;contains
o2484;i38231;contains
o2484;i38232;contains
o2484;i38233;contains
o2484;i38234;contains
o2484;i38235;contains
o2484;i38236;contains
o2484;i38237;contains
o2484;i38238;contains
o2484;i38239;contains
o2484;i38240;contains
o2484;i38241;contains
o2484;i38242;contains
o2484;i38243;contains
o2484;i38244;contains
o2484;i38245;contains
o2484;i38246;contains
o2484;i38247;contains
o2484;i38248;contains
o2484;i38249;contains
o2484;i38250;contains
o2485;i38251;contains
o2485;i38252;contains
o2485;i38253;contains
o2485;i38254;contains
o2485;i38255;contains
o2485;i38256;contains
o2485;i38257;contains
o2485;i38258;contains
o2485;i38259;contains
o2485;i38260;contains
o2485;i38261;contains
o2485;i38262;contains
o2485;i38263;contains
o2485;i38264;contains
o2485;i38265;contains
o2485;i38266;contains
o2485;i38267;contains
o2485;i38268;contains
o2485;i38269;contains
o2485;i38270;contains
o2485;i38271;contains
o2485;i38272;contains
o2485;i38273;contains
o2485;i38274;contains
o2485;i38275;contains
o2485;i38276;contains
o2485;i38277;contains
o2485;i38278;contains
o2485;i38279;contains
o2486;i38280;contains
o2486;i38281;contains
o2486;i38282;contains
o2486;i38283;contains
o2486;i38284;contains
o2486;i38285;contains
o2486;i38286;contains
o2486;i38287;contains
o2486;i38288;contains
o2486;i38289;contains
o2486;i38290;contains
o2486;i38291;contains
o2486;i38292;contains
o2486;i38293;contains
o2486;i38294;contains
o2486;i38295;contains
o2486;i38296;contains
o2486;i38297;contains
o2486;i38298;contains
o2486;i38299;contains
o2487;i38300;contains
o2487;i38301;contains
o2487;i38302;contains
o2487;i38303;contains
o2487;i38304;contains
o2487;i38305;contains
o2487;i38306;contains
o2487;i38307;contains
o2487;i38308;contains
o2487;i38309;contains
o2487;i38310;contains
o2487;i38311;contains
o2487;i38312;contains
o2487;i38313;contains
o2487;i38314;contains
o2487;i38315;contains
o2487;i38316;contains
o2487;i38317;contains
o2487;i38318;contains
o2487;i38319;contains
o2487;i38320;contains
o2487;i38321;contains
o2487;i38322;contains
o2487;i38323;contains
o2487;i38324;contains
o2487;i38325;contains
o2487;i38326;contains
o2487;i38327;contains
o2487;i38328;contains
o2487;i38329;contains
o2487;i38330;contains
o2488;i38331;contains
o2488;i38332;contains
o2488;i38333;contains
o2488;i38334;contains
o2488;i38335;contains
o2488;i38336;contains
o2488;i38337;contains
o2488;i38338;contains
o2488;i38339;contains
o2488;i38340;contains
o2488;i38341;contains
o2488;i38342;contains
o2488;i38343;contains
o2488;i38344;contains
o2488;i38345;contains
o2488;i38346;contains
o2488;i38347;contains
o2488;i38348;contains
o2488;i38349;contains
o2488;i38350;contains
o2488;i38351;contains
o2488;i38352;contains
o2488;i38353;contains
o2488;i38354;contains
o2488;i38355;contains
o2488;i38356;contains
o2488;i38357;contains
o2488;i38358;contains
o2488;i38359;contains
o2489;i38360;contains
o2489;i38361;contains
o2489;i38362;contains
o2489;i38363;contains
o2489;i38364;contains
o2489;i38365;contains
o2489;i38366;contains
o2489;i38367;contains
o2489;i38368;contains
o2489;i38369;contains
o2489;i38370;contains
o2489;i38371;contains
o2489;i38372;contains
o2489;i38373;contains
o2489;i38374;contains
o2489;i38375;contains
o2489;i38376;contains
o2489;i38377;contains
o2489;i38378;contains
o2489;i38379;contains
o2489;i38380;contains
o2489;i38381;contains
o2490;i38382;contains
o2490;i38383;contains
o2490;i38384;contains
o2490;i38385;contains
o2490;i38386;contains
o2490;i38387;contains
o2490;i38388;contains
o2490;i38389;contains
o2490;i38390;contains
o2490;i38391;contains
o2490;i38392;contains
o2490;i38393;contains
o2490;i38394;contains
o2490;i38395;contains
o2490;i38396;contains
o2490;i38397;contains
o2490;i38398;contains
o2490;i38399;contains
o2490;i38400;contains
o2490;i38401;contains
o2490;i38402;contains
o2490;i38403;contains
o2490;i38404;contains
o2490;i38405;contains
o2490;i38406;contains
o2490;i38407;contains
o2490;i38408;contains
o2490;i38409;contains
o2491;i38410;contains
o2491;i38411;contains
o2491;i38412;contains
o2491;i38413;contains
o2491;i38414;contains
o2491;i38415;contains
o2491;i38416;contains
o2491;i38417;contains
o2491;i38418;contains
o2491;i38419;contains
o2491;i38420;contains
o2491;i38421;contains
o2491;i38422;contains
o2491;i38423;contains
o2491;i38424;contains
o2491;i38425;contains
o2491;i38426;contains
o2491;i38427;contains
o2491;i38428;contains
o2491;i38429;contains
o2491;i38430;contains
o2491;i38431;contains
o2491;i38432;contains
o2491;i38433;contains
o2491;i38434;contains
o2491;i38435;contains
o2491;i38436;contains
o2491;i38437;contains
o2491;i38438;contains
o2491;i38439;contains
o2492;i38440;contains
o2492;i38441;contains
o2492;i38442;contains
o2492;i38443;contains
o2492;i38444;contains
o2492;i38445;contains
o2492;i38446;contains
o2492;i38447;contains
o2492;i38448;contains
o2492;i38449;contains
o2492;i38450;contains
o2492;i38451;contains
o2492;i38452;contains
o2492;i38453;contains
o2492;i38454;contains
o2492;i38455;contains
o2492;i38456;contains
o2492;i38457;contains
o2492;i38458;contains
o2492;i38459;contains
o2492;i38460;contains
o2492;i38461;contains
o2493;i38462;contains
o2493;i38463;contains
o2493;i38464;contains
o2493;i38465;contains
o2493;i38466;contains
o2493;i38467;contains
o2493;i38468;contains
o2493;i38469;contains
o2493;i38470;contains
o2493;i38471;contains
o2493;i38472;contains
o2493;i38473;contains
o2493;i38474;contains
o2493;i38475;contains
o2493;i38476;contains
o2493;i38477;contains
o2493;i38478;contains
o2493;i38479;contains
o2493;i38480;contains
o2493;i38481;contains
o2493;i38482;contains
o2493;i38483;contains
o2493;i38484;contains
o2493;i38485;contains
o2493;i38486;contains
o2493;i38487;contains
o2493;i38488;contains
o2493;i38489;contains
o2493;i38490;contains
o2493;i38491;contains
o2493;i38492;contains
o2493;i38493;contains
o2493;i38494;contains
o2493;i38495;contains
o2493;i38496;contains
o2493;i38497;contains
o2494;i38498;contains
o2494;i38499;contains
o2494;i38500;contains
o2494;i38501;contains
o2494;i38502;contains
o2494;i38503;contains
o2494;i38504;contains
o2494;i38505;contains
o2494;i38506;contains
o2494;i38507;contains
o2494;i38508;contains
o2494;i38509;contains
o2494;i38510;contains
o2494;i38511;contains
o2494;i38512;contains
o2494;i38513;contains
o2494;i38514;contains
o2494;i38515;contains
o2494;i38516;contains
o2494;i38517;contains
o2494;i38518;contains
o2495;i38519;contains
o2495;i38520;contains
o2495;i38521;contains
o2495;i38522;contains
o2495;i38523;contains
o2495;i38524;contains
o2495;i38525;contains
o2495;i38526;contains
o2495;i38527;contains
o2495;i38528;contains
o2495;i38529;contains
o2495;i38530;contains
o2495;i38531;contains
o2495;i38532;contains
o2495;i38533;contains
o2495;i38534;contains
o2495;i38535;contains
o2495;i38536;contains
o2495;i38537;contains
o2495;i38538;contains
o2495;i38539;contains
o2495;i38540;contains
o2495;i38541;contains
o2495;i38542;contains
o2495;i38543;contains
o2495;i38544;contains
o2495;i38545;contains
o2495;i38546;contains
o2495;i38547;contains
o2496;i38548;contains
o2496;i38549;contains
o2496;i38550;contains
o2496;i38551;contains
o2496;i38552;contains
o2496;i38553;contains
o2496;i38554;contains
o2496;i38555;contains
o2496;i38556;contains
o2496;i38557;contains
o2496;i38558;contains
o2496;i38559;contains
o2496;i38560;contains
o2496;i38561;contains
o2496;i38562;contains
o2496;i38563;contains
o2496;i38564;contains
o2496;i38565;contains
o2496;i38566;contains
o2496;i38567;contains
o2496;i38568;contains
o2496;i38569;contains
o2496;i38570;contains
o2496;i38571;contains
o2496;i38572;contains
o2496;i38573;contains
o2496;i38574;contains
o2496;i38575;contains
o2496;i38576;contains
o2496;i38577;contains
o2496;i38578;contains
o2496;i38579;contains
o2496;i38580;contains
o2496;i38581;contains
o2497;i38582;contains
o2497;i38583;contains
o2497;i38584;contains
o2497;i38585;contains
o2497;i38586;contains
o2497;i38587;contains
o2497;i38588;contains
o2497;i38589;contains
o2497;i38590;contains
o2497;i38591;contains
o2497;i38592;contains
o2497;i38593;contains
o2497;i38594;contains
o2497;i38595;contains
o2497;i38596;contains
o2497;i38597;contains
o2497;i38598;contains
o2497;i38599;contains
o2497;i38600;contains
o2497;i38601;contains
o2497;i38602;contains
o2497;i38603;contains
o2497;i38604;contains
o2498;i38605;contains
o2498;i38606;contains
o2498;i38607;contains
o2498;i38608;contains
o2498;i38609;contains
o2498;i38610;contains
o2498;i38611;contains
o2498;i38612;contains
o2498;i38613;contains
o2498;i38614;contains
o2498;i38615;contains
o2498;i38616;contains
o2498;i38617;contains
o2498;i38618;contains
o2498;i38619;contains
o2498;i38620;contains
o2498;i38621;contains
o2498;i38622;contains
o2498;i38623;contains
o2498;i38624;contains
o2498;i38625;contains
o2498;i38626;contains
o2498;i38627;contains
o2498;i38628;contains
o2498;i38629;contains
o2498;i38630;contains
o2498;i38631;contains
o2499;i38632;contains
o2499;i38633;contains
o2499;i38634;contains
o2499;i38635;contains
o2499;i38636;contains
o2499;i38637;contains
o2499;i38638;contains
o2499;i38639;contains
o2499;i38640;contains
o2499;i38641;contains
o2499;i38642;contains
o2499;i38643;contains
o2499;i38644;contains
o2499;i38645;contains
o2499;i38646;contains
o2499;i38647;contains
o2499;i38648;contains
o2499;i38649;contains
o2499;i38650;contains
o2499;i38651;contains
o2499;i38652;contains
o2499;i38653;contains
o2499;i38654;contains
o2499;i38655;contains
o2499;i38656;contains
o2499;i38657;contains
o2499;i38658;contains
o2499;i38659;contains
o2499;i38660;contains
o2499;i38661;contains
o2499;i38662;contains
o2499;i38663;contains
o2499;i38664;contains
o2500;i38665;contains
o2500;i38666;contains
o2500;i38667;contains
o2500;i38668;contains
o2500;i38669;contains
o2500;i38670;contains
o2500;i38671;contains
o2500;i38672;contains
o2500;i38673;contains
o2500;i38674;contains
o2500;i38675;contains
o2500;i38676;contains
o2500;i38677;contains
o2500;i38678;contains
o2500;i38679;contains
o2500;i38680;contains
o2500;i38681;contains
o2500;i38682;contains
o2500;i38683;contains
o2500;i38684;contains
o2500;i38685;contains
o2500;i38686;contains
o2500;i38687;contains
o2500;i38688;contains
o2500;i38689;contains
o2500;i38690;contains
o2500;i38691;contains
